# wavelength(nm), strehl
9.000000000000000000e+02,5.327478011645347955e-01
9.001000000000000227e+02,5.328091220319649546e-01
9.002000000000000455e+02,5.328704311400196403e-01
9.003000000000000682e+02,5.329317284910162211e-01
9.004000000000000909e+02,5.329930140872723987e-01
9.005000000000001137e+02,5.330542879311053195e-01
9.006000000000001364e+02,5.331155500248329071e-01
9.007000000000001592e+02,5.331768003707723080e-01
9.008000000000001819e+02,5.332380389712408908e-01
9.009000000000002046e+02,5.332992658285559129e-01
9.010000000000002274e+02,5.333604809450346318e-01
9.011000000000002501e+02,5.334216843229940830e-01
9.012000000000002728e+02,5.334828759647515239e-01
9.013000000000002956e+02,5.335440558726239901e-01
9.014000000000003183e+02,5.336052240489287390e-01
9.015000000000003411e+02,5.336663804959823620e-01
9.016000000000003638e+02,5.337275252161017836e-01
9.017000000000003865e+02,5.337886582116039280e-01
9.018000000000004093e+02,5.338497794848054978e-01
9.019000000000004320e+02,5.339108890380234174e-01
9.020000000000004547e+02,5.339719868735741670e-01
9.021000000000004775e+02,5.340330729937745602e-01
9.022000000000005002e+02,5.340941474009408552e-01
9.023000000000005230e+02,5.341552100973896433e-01
9.024000000000005457e+02,5.342162610854374050e-01
9.025000000000005684e+02,5.342773003674003984e-01
9.026000000000005912e+02,5.343383279455952151e-01
9.027000000000006139e+02,5.343993438223376691e-01
9.028000000000006366e+02,5.344603479999442408e-01
9.029000000000006594e+02,5.345213404807306334e-01
9.030000000000006821e+02,5.345823212670132163e-01
9.031000000000007049e+02,5.346432903611081366e-01
9.032000000000007276e+02,5.347042477653308756e-01
9.033000000000007503e+02,5.347651934819976915e-01
9.034000000000007731e+02,5.348261275134239545e-01
9.035000000000007958e+02,5.348870498619257008e-01
9.036000000000008185e+02,5.349479605298183005e-01
9.037000000000008413e+02,5.350088595194176788e-01
9.038000000000008640e+02,5.350697468330387618e-01
9.039000000000008868e+02,5.351306224729975858e-01
9.040000000000009095e+02,5.351914864416094098e-01
9.041000000000009322e+02,5.352523387411891598e-01
9.042000000000009550e+02,5.353131793740524280e-01
9.043000000000009777e+02,5.353740083425142515e-01
9.044000000000010004e+02,5.354348256488896673e-01
9.045000000000010232e+02,5.354956312954938236e-01
9.046000000000010459e+02,5.355564252846414242e-01
9.047000000000010687e+02,5.356172076186475062e-01
9.048000000000010914e+02,5.356779782998267736e-01
9.049000000000011141e+02,5.357387373304940414e-01
9.050000000000011369e+02,5.357994847129639027e-01
9.051000000000011596e+02,5.358602204495509502e-01
9.052000000000011823e+02,5.359209445425695550e-01
9.053000000000012051e+02,5.359816569943341991e-01
9.054000000000012278e+02,5.360423578071592532e-01
9.055000000000012506e+02,5.361030469833588663e-01
9.056000000000012733e+02,5.361637245252474093e-01
9.057000000000012960e+02,5.362243904351386981e-01
9.058000000000013188e+02,5.362850447153469924e-01
9.059000000000013415e+02,5.363456873681861081e-01
9.060000000000013642e+02,5.364063183959699721e-01
9.061000000000013870e+02,5.364669378010124001e-01
9.062000000000014097e+02,5.365275455856268749e-01
9.063000000000014325e+02,5.365881417521273233e-01
9.064000000000014552e+02,5.366487263028268950e-01
9.065000000000014779e+02,5.367092992400395168e-01
9.066000000000015007e+02,5.367698605660782274e-01
9.067000000000015234e+02,5.368304102832563984e-01
9.068000000000015461e+02,5.368909483938872906e-01
9.069000000000015689e+02,5.369514749002836096e-01
9.070000000000015916e+02,5.370119898047590601e-01
9.071000000000016144e+02,5.370724931096260146e-01
9.072000000000016371e+02,5.371329848171977339e-01
9.073000000000016598e+02,5.371934649297865905e-01
9.074000000000016826e+02,5.372539334497057339e-01
9.075000000000017053e+02,5.373143903792674259e-01
9.076000000000017280e+02,5.373748357207841497e-01
9.077000000000017508e+02,5.374352694765685001e-01
9.078000000000017735e+02,5.374956916489327385e-01
9.079000000000017963e+02,5.375561022401891265e-01
9.080000000000018190e+02,5.376165012526497033e-01
9.081000000000018417e+02,5.376768886886265086e-01
9.082000000000018645e+02,5.377372645504316928e-01
9.083000000000018872e+02,5.377976288403770733e-01
9.084000000000019099e+02,5.378579815607744674e-01
9.085000000000019327e+02,5.379183227139351375e-01
9.086000000000019554e+02,5.379786523021712341e-01
9.087000000000019782e+02,5.380389703277942415e-01
9.088000000000020009e+02,5.380992767931150889e-01
9.089000000000020236e+02,5.381595717004454826e-01
9.090000000000020464e+02,5.382198550520965741e-01
9.091000000000020691e+02,5.382801268503792924e-01
9.092000000000020918e+02,5.383403870976048999e-01
9.093000000000021146e+02,5.384006357960841038e-01
9.094000000000021373e+02,5.384608729481280553e-01
9.095000000000021600e+02,5.385210985560470176e-01
9.096000000000021828e+02,5.385813126221520308e-01
9.097000000000022055e+02,5.386415151487534692e-01
9.098000000000022283e+02,5.387017061381619287e-01
9.099000000000022510e+02,5.387618855926873396e-01
9.100000000000022737e+02,5.388220535146402979e-01
9.101000000000022965e+02,5.388822099063307336e-01
9.102000000000023192e+02,5.389423547700686878e-01
9.103000000000023419e+02,5.390024881081644237e-01
9.104000000000023647e+02,5.390626099229274271e-01
9.105000000000023874e+02,5.391227202166672949e-01
9.106000000000024102e+02,5.391828189916940683e-01
9.107000000000024329e+02,5.392429062503171222e-01
9.108000000000024556e+02,5.393029819948457204e-01
9.109000000000024784e+02,5.393630462275890158e-01
9.110000000000025011e+02,5.394230989508568275e-01
9.111000000000025238e+02,5.394831401669577531e-01
9.112000000000025466e+02,5.395431698782008345e-01
9.113000000000025693e+02,5.396031880868951136e-01
9.114000000000025921e+02,5.396631947953492991e-01
9.115000000000026148e+02,5.397231900058719889e-01
9.116000000000026375e+02,5.397831737207717806e-01
9.117000000000026603e+02,5.398431459423571610e-01
9.118000000000026830e+02,5.399031066729366168e-01
9.119000000000027057e+02,5.399630559148179687e-01
9.120000000000027285e+02,5.400229936703097033e-01
9.121000000000027512e+02,5.400829199417197524e-01
9.122000000000027740e+02,5.401428347313559364e-01
9.123000000000027967e+02,5.402027380415261870e-01
9.124000000000028194e+02,5.402626298745382138e-01
9.125000000000028422e+02,5.403225102326991713e-01
9.126000000000028649e+02,5.403823791183171021e-01
9.127000000000028876e+02,5.404422365336991607e-01
9.128000000000029104e+02,5.405020824811520574e-01
9.129000000000029331e+02,5.405619169629837240e-01
9.130000000000029559e+02,5.406217399815005376e-01
9.131000000000029786e+02,5.406815515390097637e-01
9.132000000000030013e+02,5.407413516378177798e-01
9.133000000000030241e+02,5.408011402802316292e-01
9.134000000000030468e+02,5.408609174685576892e-01
9.135000000000030695e+02,5.409206832051024483e-01
9.136000000000030923e+02,5.409804374921719505e-01
9.137000000000031150e+02,5.410401803320725733e-01
9.138000000000031378e+02,5.410999117271105829e-01
9.139000000000031605e+02,5.411596316795915795e-01
9.140000000000031832e+02,5.412193401918216074e-01
9.141000000000032060e+02,5.412790372661061555e-01
9.142000000000032287e+02,5.413387229047510463e-01
9.143000000000032514e+02,5.413983971100615467e-01
9.144000000000032742e+02,5.414580598843431458e-01
9.145000000000032969e+02,5.415177112299009998e-01
9.146000000000033197e+02,5.415773511490402647e-01
9.147000000000033424e+02,5.416369796440659856e-01
9.148000000000033651e+02,5.416965967172826524e-01
9.149000000000033879e+02,5.417562023709953101e-01
9.150000000000034106e+02,5.418157966075085596e-01
9.151000000000034333e+02,5.418753794291268910e-01
9.152000000000034561e+02,5.419349508381544611e-01
9.153000000000034788e+02,5.419945108368957598e-01
9.154000000000035016e+02,5.420540594276547219e-01
9.155000000000035243e+02,5.421135966127352823e-01
9.156000000000035470e+02,5.421731223944415978e-01
9.157000000000035698e+02,5.422326367750771592e-01
9.158000000000035925e+02,5.422921397569453461e-01
9.159000000000036152e+02,5.423516313423499824e-01
9.160000000000036380e+02,5.424111115335944477e-01
9.161000000000036607e+02,5.424705803329816778e-01
9.162000000000036835e+02,5.425300377428146081e-01
9.163000000000037062e+02,5.425894837653968406e-01
9.164000000000037289e+02,5.426489184030307555e-01
9.165000000000037517e+02,5.427083416580191777e-01
9.166000000000037744e+02,5.427677535326643765e-01
9.167000000000037971e+02,5.428271540292691766e-01
9.168000000000038199e+02,5.428865431501356253e-01
9.169000000000038426e+02,5.429459208975659923e-01
9.170000000000038654e+02,5.430052872738623249e-01
9.171000000000038881e+02,5.430646422813264484e-01
9.172000000000039108e+02,5.431239859222600774e-01
9.173000000000039336e+02,5.431833181989650372e-01
9.174000000000039563e+02,5.432426391137425981e-01
9.175000000000039790e+02,5.433019486688943633e-01
9.176000000000040018e+02,5.433612468667212703e-01
9.177000000000040245e+02,5.434205337095245891e-01
9.178000000000040473e+02,5.434798091996053682e-01
9.179000000000040700e+02,5.435390733392639895e-01
9.180000000000040927e+02,5.435983261308016123e-01
9.181000000000041155e+02,5.436575675765186189e-01
9.182000000000041382e+02,5.437167976787153911e-01
9.183000000000041609e+02,5.437760164396920892e-01
9.184000000000041837e+02,5.438352238617490952e-01
9.185000000000042064e+02,5.438944199471861252e-01
9.186000000000042292e+02,5.439536046983030060e-01
9.187000000000042519e+02,5.440127781173996757e-01
9.188000000000042746e+02,5.440719402067755173e-01
9.189000000000042974e+02,5.441310909687301356e-01
9.190000000000043201e+02,5.441902304055625805e-01
9.191000000000043428e+02,5.442493585195720129e-01
9.192000000000043656e+02,5.443084753130575937e-01
9.193000000000043883e+02,5.443675807883180395e-01
9.194000000000044110e+02,5.444266749476522893e-01
9.195000000000044338e+02,5.444857577933583936e-01
9.196000000000044565e+02,5.445448293277350693e-01
9.197000000000044793e+02,5.446038895530809221e-01
9.198000000000045020e+02,5.446629384716935585e-01
9.199000000000045247e+02,5.447219760858711401e-01
9.200000000000045475e+02,5.447810023979114957e-01
9.201000000000045702e+02,5.448400174101125648e-01
9.202000000000045929e+02,5.448990211247713988e-01
9.203000000000046157e+02,5.449580135441859374e-01
9.204000000000046384e+02,5.450169946706528989e-01
9.205000000000046612e+02,5.450759645064698899e-01
9.206000000000046839e+02,5.451349230539332957e-01
9.207000000000047066e+02,5.451938703153405008e-01
9.208000000000047294e+02,5.452528062929877795e-01
9.209000000000047521e+02,5.453117309891717390e-01
9.210000000000047748e+02,5.453706444061887648e-01
9.211000000000047976e+02,5.454295465463347981e-01
9.212000000000048203e+02,5.454884374119063351e-01
9.213000000000048431e+02,5.455473170051990950e-01
9.214000000000048658e+02,5.456061853285085750e-01
9.215000000000048885e+02,5.456650423841306052e-01
9.216000000000049113e+02,5.457238881743606829e-01
9.217000000000049340e+02,5.457827227014939719e-01
9.218000000000049567e+02,5.458415459678255255e-01
9.219000000000049795e+02,5.459003579756506186e-01
9.220000000000050022e+02,5.459591587272636382e-01
9.221000000000050250e+02,5.460179482249597482e-01
9.222000000000050477e+02,5.460767264710331137e-01
9.223000000000050704e+02,5.461354934677781214e-01
9.224000000000050932e+02,5.461942492174891584e-01
9.225000000000051159e+02,5.462529937224600562e-01
9.226000000000051386e+02,5.463117269849848689e-01
9.227000000000051614e+02,5.463704490073570952e-01
9.228000000000051841e+02,5.464291597918705667e-01
9.229000000000052069e+02,5.464878593408186713e-01
9.230000000000052296e+02,5.465465476564945746e-01
9.231000000000052523e+02,5.466052247411912202e-01
9.232000000000052751e+02,5.466638905972018847e-01
9.233000000000052978e+02,5.467225452268191788e-01
9.234000000000053205e+02,5.467811886323356019e-01
9.235000000000053433e+02,5.468398208160437646e-01
9.236000000000053660e+02,5.468984417802359443e-01
9.237000000000053888e+02,5.469570515272040856e-01
9.238000000000054115e+02,5.470156500592404658e-01
9.239000000000054342e+02,5.470742373786366963e-01
9.240000000000054570e+02,5.471328134876844995e-01
9.241000000000054797e+02,5.471913783886752647e-01
9.242000000000055024e+02,5.472499320839003811e-01
9.243000000000055252e+02,5.473084745756512381e-01
9.244000000000055479e+02,5.473670058662182258e-01
9.245000000000055707e+02,5.474255259578926225e-01
9.246000000000055934e+02,5.474840348529650402e-01
9.247000000000056161e+02,5.475425325537258692e-01
9.248000000000056389e+02,5.476010190624654994e-01
9.249000000000056616e+02,5.476594943814742100e-01
9.250000000000056843e+02,5.477179585130418360e-01
9.251000000000057071e+02,5.477764114594581013e-01
9.252000000000057298e+02,5.478348532230128409e-01
9.253000000000057526e+02,5.478932838059956678e-01
9.254000000000057753e+02,5.479517032106956398e-01
9.255000000000057980e+02,5.480101114394019257e-01
9.256000000000058208e+02,5.480685084944038055e-01
9.257000000000058435e+02,5.481268943779896707e-01
9.258000000000058662e+02,5.481852690924485794e-01
9.259000000000058890e+02,5.482436326400687010e-01
9.260000000000059117e+02,5.483019850231384273e-01
9.261000000000059345e+02,5.483603262439461501e-01
9.262000000000059572e+02,5.484186563047793728e-01
9.263000000000059799e+02,5.484769752079260430e-01
9.264000000000060027e+02,5.485352829556739973e-01
9.265000000000060254e+02,5.485935795503106283e-01
9.266000000000060481e+02,5.486518649941228842e-01
9.267000000000060709e+02,5.487101392893983798e-01
9.268000000000060936e+02,5.487684024384233972e-01
9.269000000000061164e+02,5.488266544434851069e-01
9.270000000000061391e+02,5.488848953068702352e-01
9.271000000000061618e+02,5.489431250308648425e-01
9.272000000000061846e+02,5.490013436177553219e-01
9.273000000000062073e+02,5.490595510698275117e-01
9.274000000000062300e+02,5.491177473893675831e-01
9.275000000000062528e+02,5.491759325786610413e-01
9.276000000000062755e+02,5.492341066399936134e-01
9.277000000000062983e+02,5.492922695756502494e-01
9.278000000000063210e+02,5.493504213879163434e-01
9.279000000000063437e+02,5.494085620790769564e-01
9.280000000000063665e+02,5.494666916514169275e-01
9.281000000000063892e+02,5.495248101072207625e-01
9.282000000000064119e+02,5.495829174487727453e-01
9.283000000000064347e+02,5.496410136783572709e-01
9.284000000000064574e+02,5.496990987982586230e-01
9.285000000000064801e+02,5.497571728107605304e-01
9.286000000000065029e+02,5.498152357181468330e-01
9.287000000000065256e+02,5.498732875227010375e-01
9.288000000000065484e+02,5.499313282267064285e-01
9.289000000000065711e+02,5.499893578324459575e-01
9.290000000000065938e+02,5.500473763422031315e-01
9.291000000000066166e+02,5.501053837582604578e-01
9.292000000000066393e+02,5.501633800829006660e-01
9.293000000000066620e+02,5.502213653184062636e-01
9.294000000000066848e+02,5.502793394670593141e-01
9.295000000000067075e+02,5.503373025311419919e-01
9.296000000000067303e+02,5.503952545129362495e-01
9.297000000000067530e+02,5.504531954147238171e-01
9.298000000000067757e+02,5.505111252387860921e-01
9.299000000000067985e+02,5.505690439874045827e-01
9.300000000000068212e+02,5.506269516628602423e-01
9.301000000000068439e+02,5.506848482674341350e-01
9.302000000000068667e+02,5.507427338034072140e-01
9.303000000000068894e+02,5.508006082730597663e-01
9.304000000000069122e+02,5.508584716786723012e-01
9.305000000000069349e+02,5.509163240225252167e-01
9.306000000000069576e+02,5.509741653068984668e-01
9.307000000000069804e+02,5.510319955340716724e-01
9.308000000000070031e+02,5.510898147063246766e-01
9.309000000000070258e+02,5.511476228259369892e-01
9.310000000000070486e+02,5.512054198951877870e-01
9.311000000000070713e+02,5.512632059163560250e-01
9.312000000000070941e+02,5.513209808917208798e-01
9.313000000000071168e+02,5.513787448235608624e-01
9.314000000000071395e+02,5.514364977141544832e-01
9.315000000000071623e+02,5.514942395657802532e-01
9.316000000000071850e+02,5.515519703807159058e-01
9.317000000000072077e+02,5.516096901612399517e-01
9.318000000000072305e+02,5.516673989096294584e-01
9.319000000000072532e+02,5.517250966281624924e-01
9.320000000000072760e+02,5.517827833191161213e-01
9.321000000000072987e+02,5.518404589847677455e-01
9.322000000000073214e+02,5.518981236273942104e-01
9.323000000000073442e+02,5.519557772492721393e-01
9.324000000000073669e+02,5.520134198526782665e-01
9.325000000000073896e+02,5.520710514398888824e-01
9.326000000000074124e+02,5.521286720131802772e-01
9.327000000000074351e+02,5.521862815748285191e-01
9.328000000000074579e+02,5.522438801271091213e-01
9.329000000000074806e+02,5.523014676722978189e-01
9.330000000000075033e+02,5.523590442126701250e-01
9.331000000000075261e+02,5.524166097505011086e-01
9.332000000000075488e+02,5.524741642880658388e-01
9.333000000000075715e+02,5.525317078276389404e-01
9.334000000000075943e+02,5.525892403714953716e-01
9.335000000000076170e+02,5.526467619219090910e-01
9.336000000000076398e+02,5.527042724811547236e-01
9.337000000000076625e+02,5.527617720515058952e-01
9.338000000000076852e+02,5.528192606352368976e-01
9.339000000000077080e+02,5.528767382346209125e-01
9.340000000000077307e+02,5.529342048519315655e-01
9.341000000000077534e+02,5.529916604894419274e-01
9.342000000000077762e+02,5.530491051494249577e-01
9.343000000000077989e+02,5.531065388341536160e-01
9.344000000000078217e+02,5.531639615459005288e-01
9.345000000000078444e+02,5.532213732869379896e-01
9.346000000000078671e+02,5.532787740595382919e-01
9.347000000000078899e+02,5.533361638659732851e-01
9.348000000000079126e+02,5.533935427085148184e-01
9.349000000000079353e+02,5.534509105894345193e-01
9.350000000000079581e+02,5.535082675110035710e-01
9.351000000000079808e+02,5.535656134754934898e-01
9.352000000000080036e+02,5.536229484851751259e-01
9.353000000000080263e+02,5.536802725423192184e-01
9.354000000000080490e+02,5.537375856491961734e-01
9.355000000000080718e+02,5.537948878080763970e-01
9.356000000000080945e+02,5.538521790212302953e-01
9.357000000000081172e+02,5.539094592909274972e-01
9.358000000000081400e+02,5.539667286194380758e-01
9.359000000000081627e+02,5.540239870090311047e-01
9.360000000000081855e+02,5.540812344619762131e-01
9.361000000000082082e+02,5.541384709805425857e-01
9.362000000000082309e+02,5.541956965669988522e-01
9.363000000000082537e+02,5.542529112236139754e-01
9.364000000000082764e+02,5.543101149526560301e-01
9.365000000000082991e+02,5.543673077563938678e-01
9.366000000000083219e+02,5.544244896370951192e-01
9.367000000000083446e+02,5.544816605970278589e-01
9.368000000000083674e+02,5.545388206384596064e-01
9.369000000000083901e+02,5.545959697636579921e-01
9.370000000000084128e+02,5.546531079748898696e-01
9.371000000000084356e+02,5.547102352744226472e-01
9.372000000000084583e+02,5.547673516645227343e-01
9.373000000000084810e+02,5.548244571474572062e-01
9.374000000000085038e+02,5.548815517254919172e-01
9.375000000000085265e+02,5.549386354008933875e-01
9.376000000000085493e+02,5.549957081759276933e-01
9.377000000000085720e+02,5.550527700528600228e-01
9.378000000000085947e+02,5.551098210339564520e-01
9.379000000000086175e+02,5.551668611214819471e-01
9.380000000000086402e+02,5.552238903177018070e-01
9.381000000000086629e+02,5.552809086248806647e-01
9.382000000000086857e+02,5.553379160452834862e-01
9.383000000000087084e+02,5.553949125811744603e-01
9.384000000000087311e+02,5.554518982348181089e-01
9.385000000000087539e+02,5.555088730084781767e-01
9.386000000000087766e+02,5.555658369044185196e-01
9.387000000000087994e+02,5.556227899249027713e-01
9.388000000000088221e+02,5.556797320721943434e-01
9.389000000000088448e+02,5.557366633485563145e-01
9.390000000000088676e+02,5.557935837562517634e-01
9.391000000000088903e+02,5.558504932975432133e-01
9.392000000000089130e+02,5.559073919746931880e-01
9.393000000000089358e+02,5.559642797899640998e-01
9.394000000000089585e+02,5.560211567456178061e-01
9.395000000000089813e+02,5.560780228439162753e-01
9.396000000000090040e+02,5.561348780871213648e-01
9.397000000000090267e+02,5.561917224774939328e-01
9.398000000000090495e+02,5.562485560172955035e-01
9.399000000000090722e+02,5.563053787087869351e-01
9.400000000000090949e+02,5.563621905542290857e-01
9.401000000000091177e+02,5.564189915558823696e-01
9.402000000000091404e+02,5.564757817160072007e-01
9.403000000000091632e+02,5.565325610368633269e-01
9.404000000000091859e+02,5.565893295207109404e-01
9.405000000000092086e+02,5.566460871698095669e-01
9.406000000000092314e+02,5.567028339864185105e-01
9.407000000000092541e+02,5.567595699727971859e-01
9.408000000000092768e+02,5.568162951312043418e-01
9.409000000000092996e+02,5.568730094638986161e-01
9.410000000000093223e+02,5.569297129731388685e-01
9.411000000000093451e+02,5.569864056611830705e-01
9.412000000000093678e+02,5.570430875302894158e-01
9.413000000000093905e+02,5.570997585827158760e-01
9.414000000000094133e+02,5.571564188207197565e-01
9.415000000000094360e+02,5.572130682465585849e-01
9.416000000000094587e+02,5.572697068624897776e-01
9.417000000000094815e+02,5.573263346707696408e-01
9.418000000000095042e+02,5.573829516736555911e-01
9.419000000000095270e+02,5.574395578734036016e-01
9.420000000000095497e+02,5.574961532722698676e-01
9.421000000000095724e+02,5.575527378725109173e-01
9.422000000000095952e+02,5.576093116763821689e-01
9.423000000000096179e+02,5.576658746861393734e-01
9.424000000000096406e+02,5.577224269040377269e-01
9.425000000000096634e+02,5.577789683323323144e-01
9.426000000000096861e+02,5.578354989732781100e-01
9.427000000000097089e+02,5.578920188291297544e-01
9.428000000000097316e+02,5.579485279021415556e-01
9.429000000000097543e+02,5.580050261945678214e-01
9.430000000000097771e+02,5.580615137086625266e-01
9.431000000000097998e+02,5.581179904466794239e-01
9.432000000000098225e+02,5.581744564108719331e-01
9.433000000000098453e+02,5.582309116034931407e-01
9.434000000000098680e+02,5.582873560267964663e-01
9.435000000000098908e+02,5.583437896830345526e-01
9.436000000000099135e+02,5.584002125744597089e-01
9.437000000000099362e+02,5.584566247033247999e-01
9.438000000000099590e+02,5.585130260718812467e-01
9.439000000000099817e+02,5.585694166823816920e-01
9.440000000000100044e+02,5.586257965370770018e-01
9.441000000000100272e+02,5.586821656382191525e-01
9.442000000000100499e+02,5.587385239880590104e-01
9.443000000000100727e+02,5.587948715888476636e-01
9.444000000000100954e+02,5.588512084428359783e-01
9.445000000000101181e+02,5.589075345522739324e-01
9.446000000000101409e+02,5.589638499194120591e-01
9.447000000000101636e+02,5.590201545465003363e-01
9.448000000000101863e+02,5.590764484357884090e-01
9.449000000000102091e+02,5.591327315895259220e-01
9.450000000000102318e+02,5.591890040099622983e-01
9.451000000000102546e+02,5.592452656993460725e-01
9.452000000000102773e+02,5.593015166599267785e-01
9.453000000000103000e+02,5.593577568939522848e-01
9.454000000000103228e+02,5.594139864036713483e-01
9.455000000000103455e+02,5.594702051913320595e-01
9.456000000000103682e+02,5.595264132591820649e-01
9.457000000000103910e+02,5.595826106094691221e-01
9.458000000000104137e+02,5.596387972444405445e-01
9.459000000000104365e+02,5.596949731663435346e-01
9.460000000000104592e+02,5.597511383774250726e-01
9.461000000000104819e+02,5.598072928799315839e-01
9.462000000000105047e+02,5.598634366761096048e-01
9.463000000000105274e+02,5.599195697682053385e-01
9.464000000000105501e+02,5.599756921584648772e-01
9.465000000000105729e+02,5.600318038491335360e-01
9.466000000000105956e+02,5.600879048424571849e-01
9.467000000000106184e+02,5.601439951406806950e-01
9.468000000000106411e+02,5.602000747460493812e-01
9.469000000000106638e+02,5.602561436608075596e-01
9.470000000000106866e+02,5.603122018872001009e-01
9.471000000000107093e+02,5.603682494274710990e-01
9.472000000000107320e+02,5.604242862838644257e-01
9.473000000000107548e+02,5.604803124586240637e-01
9.474000000000107775e+02,5.605363279539935517e-01
9.475000000000108002e+02,5.605923327722158733e-01
9.476000000000108230e+02,5.606483269155342342e-01
9.477000000000108457e+02,5.607043103861913957e-01
9.478000000000108685e+02,5.607602831864301196e-01
9.479000000000108912e+02,5.608162453184921681e-01
9.480000000000109139e+02,5.608721967846201917e-01
9.481000000000109367e+02,5.609281375870555086e-01
9.482000000000109594e+02,5.609840677280399923e-01
9.483000000000109821e+02,5.610399872098148499e-01
9.484000000000110049e+02,5.610958960346210667e-01
9.485000000000110276e+02,5.611517942046994056e-01
9.486000000000110504e+02,5.612076817222907410e-01
9.487000000000110731e+02,5.612635585896349477e-01
9.488000000000110958e+02,5.613194248089724558e-01
9.489000000000111186e+02,5.613752803825431403e-01
9.490000000000111413e+02,5.614311253125863210e-01
9.491000000000111640e+02,5.614869596013413178e-01
9.492000000000111868e+02,5.615427832510475614e-01
9.493000000000112095e+02,5.615985962639433726e-01
9.494000000000112323e+02,5.616543986422677381e-01
9.495000000000112550e+02,5.617101903882588676e-01
9.496000000000112777e+02,5.617659715041548596e-01
9.497000000000113005e+02,5.618217419921932576e-01
9.498000000000113232e+02,5.618775018546121602e-01
9.499000000000113459e+02,5.619332510936484448e-01
9.500000000000113687e+02,5.619889897115393218e-01
9.501000000000113914e+02,5.620447177105217795e-01
9.502000000000114142e+02,5.621004350928323623e-01
9.503000000000114369e+02,5.621561418607071703e-01
9.504000000000114596e+02,5.622118380163824147e-01
9.505000000000114824e+02,5.622675235620938627e-01
9.506000000000115051e+02,5.623231985000772815e-01
9.507000000000115278e+02,5.623788628325677719e-01
9.508000000000115506e+02,5.624345165618003239e-01
9.509000000000115733e+02,5.624901596900099277e-01
9.510000000000115961e+02,5.625457922194311289e-01
9.511000000000116188e+02,5.626014141522981404e-01
9.512000000000116415e+02,5.626570254908450641e-01
9.513000000000116643e+02,5.627126262373054466e-01
9.514000000000116870e+02,5.627682163939132787e-01
9.515000000000117097e+02,5.628237959629015519e-01
9.516000000000117325e+02,5.628793649465032578e-01
9.517000000000117552e+02,5.629349233469511660e-01
9.518000000000117780e+02,5.629904711664779349e-01
9.519000000000118007e+02,5.630460084073156679e-01
9.520000000000118234e+02,5.631015350716964685e-01
9.521000000000118462e+02,5.631570511618519959e-01
9.522000000000118689e+02,5.632125566800139094e-01
9.523000000000118916e+02,5.632680516284130912e-01
9.524000000000119144e+02,5.633235360092808675e-01
9.525000000000119371e+02,5.633790098248476763e-01
9.526000000000119599e+02,5.634344730773440668e-01
9.527000000000119826e+02,5.634899257690002550e-01
9.528000000000120053e+02,5.635453679020461237e-01
9.529000000000120281e+02,5.636007994787115560e-01
9.530000000000120508e+02,5.636562205012257687e-01
9.531000000000120735e+02,5.637116309718176455e-01
9.532000000000120963e+02,5.637670308927167362e-01
9.533000000000121190e+02,5.638224202661511475e-01
9.534000000000121418e+02,5.638777990943495411e-01
9.535000000000121645e+02,5.639331673795396904e-01
9.536000000000121872e+02,5.639885251239499242e-01
9.537000000000122100e+02,5.640438723298074608e-01
9.538000000000122327e+02,5.640992089993398517e-01
9.539000000000122554e+02,5.641545351347740933e-01
9.540000000000122782e+02,5.642098507383367378e-01
9.541000000000123009e+02,5.642651558122545596e-01
9.542000000000123237e+02,5.643204503587541110e-01
9.543000000000123464e+02,5.643757343800610560e-01
9.544000000000123691e+02,5.644310078784012807e-01
9.545000000000123919e+02,5.644862708560001163e-01
9.546000000000124146e+02,5.645415233150830048e-01
9.547000000000124373e+02,5.645967652578747220e-01
9.548000000000124601e+02,5.646519966866001550e-01
9.549000000000124828e+02,5.647072176034835245e-01
9.550000000000125056e+02,5.647624280107491623e-01
9.551000000000125283e+02,5.648176279106210673e-01
9.552000000000125510e+02,5.648728173053226831e-01
9.553000000000125738e+02,5.649279961970775643e-01
9.554000000000125965e+02,5.649831645881085995e-01
9.555000000000126192e+02,5.650383224806387883e-01
9.556000000000126420e+02,5.650934698768906861e-01
9.557000000000126647e+02,5.651486067790866263e-01
9.558000000000126875e+02,5.652037331894486094e-01
9.559000000000127102e+02,5.652588491101984136e-01
9.560000000000127329e+02,5.653139545435574842e-01
9.561000000000127557e+02,5.653690494917471554e-01
9.562000000000127784e+02,5.654241339569885394e-01
9.563000000000128011e+02,5.654792079415019712e-01
9.564000000000128239e+02,5.655342714475083410e-01
9.565000000000128466e+02,5.655893244772275397e-01
9.566000000000128694e+02,5.656443670328794582e-01
9.567000000000128921e+02,5.656993991166838764e-01
9.568000000000129148e+02,5.657544207308601303e-01
9.569000000000129376e+02,5.658094318776273335e-01
9.570000000000129603e+02,5.658644325592041557e-01
9.571000000000129830e+02,5.659194227778092667e-01
9.572000000000130058e+02,5.659744025356608921e-01
9.573000000000130285e+02,5.660293718349771463e-01
9.574000000000130512e+02,5.660843306779755890e-01
9.575000000000130740e+02,5.661392790668741126e-01
9.576000000000130967e+02,5.661942170038893885e-01
9.577000000000131195e+02,5.662491444912387539e-01
9.578000000000131422e+02,5.663040615311386583e-01
9.579000000000131649e+02,5.663589681258055508e-01
9.580000000000131877e+02,5.664138642774553256e-01
9.581000000000132104e+02,5.664687499883042099e-01
9.582000000000132331e+02,5.665236252605677647e-01
9.583000000000132559e+02,5.665784900964608850e-01
9.584000000000132786e+02,5.666333444981989098e-01
9.585000000000133014e+02,5.666881884679965120e-01
9.586000000000133241e+02,5.667430220080681424e-01
9.587000000000133468e+02,5.667978451206280299e-01
9.588000000000133696e+02,5.668526578078901812e-01
9.589000000000133923e+02,5.669074600720680479e-01
9.590000000000134150e+02,5.669622519153753037e-01
9.591000000000134378e+02,5.670170333400248452e-01
9.592000000000134605e+02,5.670718043482293469e-01
9.593000000000134833e+02,5.671265649422015942e-01
9.594000000000135060e+02,5.671813151241540396e-01
9.595000000000135287e+02,5.672360548962984694e-01
9.596000000000135515e+02,5.672907842608463369e-01
9.597000000000135742e+02,5.673455032200095394e-01
9.598000000000135969e+02,5.674002117759990860e-01
9.599000000000136197e+02,5.674549099310258748e-01
9.600000000000136424e+02,5.675095976873004711e-01
9.601000000000136652e+02,5.675642750470333286e-01
9.602000000000136879e+02,5.676189420124344576e-01
9.603000000000137106e+02,5.676735985857135347e-01
9.604000000000137334e+02,5.677282447690802369e-01
9.605000000000137561e+02,5.677828805647436861e-01
9.606000000000137788e+02,5.678375059749130038e-01
9.607000000000138016e+02,5.678921210017966459e-01
9.608000000000138243e+02,5.679467256476030679e-01
9.609000000000138471e+02,5.680013199145405034e-01
9.610000000000138698e+02,5.680559038048165199e-01
9.611000000000138925e+02,5.681104773206391290e-01
9.612000000000139153e+02,5.681650404642150098e-01
9.613000000000139380e+02,5.682195932377517300e-01
9.614000000000139607e+02,5.682741356434556357e-01
9.615000000000139835e+02,5.683286676835334061e-01
9.616000000000140062e+02,5.683831893601908325e-01
9.617000000000140290e+02,5.684377006756342610e-01
9.618000000000140517e+02,5.684922016320689275e-01
9.619000000000140744e+02,5.685466922317004013e-01
9.620000000000140972e+02,5.686011724767333630e-01
9.621000000000141199e+02,5.686556423693728268e-01
9.622000000000141426e+02,5.687101019118233625e-01
9.623000000000141654e+02,5.687645511062887627e-01
9.624000000000141881e+02,5.688189899549731532e-01
9.625000000000142109e+02,5.688734184600804378e-01
9.626000000000142336e+02,5.689278366238134099e-01
9.627000000000142563e+02,5.689822444483753072e-01
9.628000000000142791e+02,5.690366419359691452e-01
9.629000000000143018e+02,5.690910290887970513e-01
9.630000000000143245e+02,5.691454059090613748e-01
9.631000000000143473e+02,5.691997723989642433e-01
9.632000000000143700e+02,5.692541285607068957e-01
9.633000000000143928e+02,5.693084743964910155e-01
9.634000000000144155e+02,5.693628099085173977e-01
9.635000000000144382e+02,5.694171350989870595e-01
9.636000000000144610e+02,5.694714499701000188e-01
9.637000000000144837e+02,5.695257545240571817e-01
9.638000000000145064e+02,5.695800487630579001e-01
9.639000000000145292e+02,5.696343326893020809e-01
9.640000000000145519e+02,5.696886063049888538e-01
9.641000000000145747e+02,5.697428696123175706e-01
9.642000000000145974e+02,5.697971226134868061e-01
9.643000000000146201e+02,5.698513653106950239e-01
9.644000000000146429e+02,5.699055977061405764e-01
9.645000000000146656e+02,5.699598198020212614e-01
9.646000000000146883e+02,5.700140316005345431e-01
9.647000000000147111e+02,5.700682331038779971e-01
9.648000000000147338e+02,5.701224243142487547e-01
9.649000000000147566e+02,5.701766052338433921e-01
9.650000000000147793e+02,5.702307758648581526e-01
9.651000000000148020e+02,5.702849362094896124e-01
9.652000000000148248e+02,5.703390862699334596e-01
9.653000000000148475e+02,5.703932260483853822e-01
9.654000000000148702e+02,5.704473555470406243e-01
9.655000000000148930e+02,5.705014747680942078e-01
9.656000000000149157e+02,5.705555837137410435e-01
9.657000000000149385e+02,5.706096823861752654e-01
9.658000000000149612e+02,5.706637707875912291e-01
9.659000000000149839e+02,5.707178489201828464e-01
9.660000000000150067e+02,5.707719167861434739e-01
9.661000000000150294e+02,5.708259743876664682e-01
9.662000000000150521e+02,5.708800217269449639e-01
9.663000000000150749e+02,5.709340588061714294e-01
9.664000000000150976e+02,5.709880856275384442e-01
9.665000000000151203e+02,5.710421021932380325e-01
9.666000000000151431e+02,5.710961085054619968e-01
9.667000000000151658e+02,5.711501045664020282e-01
9.668000000000151886e+02,5.712040903782492629e-01
9.669000000000152113e+02,5.712580659431945040e-01
9.670000000000152340e+02,5.713120312634285547e-01
9.671000000000152568e+02,5.713659863411418849e-01
9.672000000000152795e+02,5.714199311785242985e-01
9.673000000000153022e+02,5.714738657777657105e-01
9.674000000000153250e+02,5.715277901410554806e-01
9.675000000000153477e+02,5.715817042705829687e-01
9.676000000000153705e+02,5.716356081685368684e-01
9.677000000000153932e+02,5.716895018371059844e-01
9.678000000000154159e+02,5.717433852784784554e-01
9.679000000000154387e+02,5.717972584948424197e-01
9.680000000000154614e+02,5.718511214883854610e-01
9.681000000000154841e+02,5.719049742612949405e-01
9.682000000000155069e+02,5.719588168157581087e-01
9.683000000000155296e+02,5.720126491539617719e-01
9.684000000000155524e+02,5.720664712780925143e-01
9.685000000000155751e+02,5.721202831903363650e-01
9.686000000000155978e+02,5.721740848928794643e-01
9.687000000000156206e+02,5.722278763879071750e-01
9.688000000000156433e+02,5.722816576776051933e-01
9.689000000000156660e+02,5.723354287641584381e-01
9.690000000000156888e+02,5.723891896497514953e-01
9.691000000000157115e+02,5.724429403365689506e-01
9.692000000000157343e+02,5.724966808267948348e-01
9.693000000000157570e+02,5.725504111226132897e-01
9.694000000000157797e+02,5.726041312262076799e-01
9.695000000000158025e+02,5.726578411397611479e-01
9.696000000000158252e+02,5.727115408654567252e-01
9.697000000000158479e+02,5.727652304054773325e-01
9.698000000000158707e+02,5.728189097620050019e-01
9.699000000000158934e+02,5.728725789372217658e-01
9.700000000000159162e+02,5.729262379333096566e-01
9.701000000000159389e+02,5.729798867524500405e-01
9.702000000000159616e+02,5.730335253968239506e-01
9.703000000000159844e+02,5.730871538686124200e-01
9.704000000000160071e+02,5.731407721699958158e-01
9.705000000000160298e+02,5.731943803031547269e-01
9.706000000000160526e+02,5.732479782702688542e-01
9.707000000000160753e+02,5.733015660735180097e-01
9.708000000000160981e+02,5.733551437150813390e-01
9.709000000000161208e+02,5.734087111971380990e-01
9.710000000000161435e+02,5.734622685218668803e-01
9.711000000000161663e+02,5.735158156914463845e-01
9.712000000000161890e+02,5.735693527080545362e-01
9.713000000000162117e+02,5.736228795738694819e-01
9.714000000000162345e+02,5.736763962910683690e-01
9.715000000000162572e+02,5.737299028618287888e-01
9.716000000000162800e+02,5.737833992883273337e-01
9.717000000000163027e+02,5.738368855727412621e-01
9.718000000000163254e+02,5.738903617172461669e-01
9.719000000000163482e+02,5.739438277240186403e-01
9.720000000000163709e+02,5.739972835952340535e-01
9.721000000000163936e+02,5.740507293330679994e-01
9.722000000000164164e+02,5.741041649396958491e-01
9.723000000000164391e+02,5.741575904172920852e-01
9.724000000000164619e+02,5.742110057680314128e-01
9.725000000000164846e+02,5.742644109940878705e-01
9.726000000000165073e+02,5.743178060976354971e-01
9.727000000000165301e+02,5.743711910808479981e-01
9.728000000000165528e+02,5.744245659458983022e-01
9.729000000000165755e+02,5.744779306949598929e-01
9.730000000000165983e+02,5.745312853302051437e-01
9.731000000000166210e+02,5.745846298538065389e-01
9.732000000000166438e+02,5.746379642679362298e-01
9.733000000000166665e+02,5.746912885747659239e-01
9.734000000000166892e+02,5.747446027764669951e-01
9.735000000000167120e+02,5.747979068752108178e-01
9.736000000000167347e+02,5.748512008731678780e-01
9.737000000000167574e+02,5.749044847725092167e-01
9.738000000000167802e+02,5.749577585754048759e-01
9.739000000000168029e+02,5.750110222840246754e-01
9.740000000000168257e+02,5.750642759005383242e-01
9.741000000000168484e+02,5.751175194271151980e-01
9.742000000000168711e+02,5.751707528659242286e-01
9.743000000000168939e+02,5.752239762191340144e-01
9.744000000000169166e+02,5.752771894889133764e-01
9.745000000000169393e+02,5.753303926774300248e-01
9.746000000000169621e+02,5.753835857868518922e-01
9.747000000000169848e+02,5.754367688193463559e-01
9.748000000000170076e+02,5.754899417770806824e-01
9.749000000000170303e+02,5.755431046622216940e-01
9.750000000000170530e+02,5.755962574769357687e-01
9.751000000000170758e+02,5.756494002233895069e-01
9.752000000000170985e+02,5.757025329037485095e-01
9.753000000000171212e+02,5.757556555201785997e-01
9.754000000000171440e+02,5.758087680748451564e-01
9.755000000000171667e+02,5.758618705699127815e-01
9.756000000000171894e+02,5.759149630075465209e-01
9.757000000000172122e+02,5.759680453899107544e-01
9.758000000000172349e+02,5.760211177191694176e-01
9.759000000000172577e+02,5.760741799974864463e-01
9.760000000000172804e+02,5.761272322270249990e-01
9.761000000000173031e+02,5.761802744099482343e-01
9.762000000000173259e+02,5.762333065484191996e-01
9.763000000000173486e+02,5.762863286446004984e-01
9.764000000000173713e+02,5.763393407006540681e-01
9.765000000000173941e+02,5.763923427187419568e-01
9.766000000000174168e+02,5.764453347010255468e-01
9.767000000000174396e+02,5.764983166496663314e-01
9.768000000000174623e+02,5.765512885668251375e-01
9.769000000000174850e+02,5.766042504546627923e-01
9.770000000000175078e+02,5.766572023153392346e-01
9.771000000000175305e+02,5.767101441510148474e-01
9.772000000000175532e+02,5.767630759638491256e-01
9.773000000000175760e+02,5.768159977560017859e-01
9.774000000000175987e+02,5.768689095296315461e-01
9.775000000000176215e+02,5.769218112868973458e-01
9.776000000000176442e+02,5.769747030299574586e-01
9.777000000000176669e+02,5.770275847609700470e-01
9.778000000000176897e+02,5.770804564820931626e-01
9.779000000000177124e+02,5.771333181954841907e-01
9.780000000000177351e+02,5.771861699033002946e-01
9.781000000000177579e+02,5.772390116076985267e-01
9.782000000000177806e+02,5.772918433108351621e-01
9.783000000000178034e+02,5.773446650148664760e-01
9.784000000000178261e+02,5.773974767219487436e-01
9.785000000000178488e+02,5.774502784342371298e-01
9.786000000000178716e+02,5.775030701538872435e-01
9.787000000000178943e+02,5.775558518830541388e-01
9.788000000000179170e+02,5.776086236238920923e-01
9.789000000000179398e+02,5.776613853785559360e-01
9.790000000000179625e+02,5.777141371491992805e-01
9.791000000000179853e+02,5.777668789379760694e-01
9.792000000000180080e+02,5.778196107470396914e-01
9.793000000000180307e+02,5.778723325785432019e-01
9.794000000000180535e+02,5.779250444346394344e-01
9.795000000000180762e+02,5.779777463174808894e-01
9.796000000000180989e+02,5.780304382292195120e-01
9.797000000000181217e+02,5.780831201720073587e-01
9.798000000000181444e+02,5.781357921479957085e-01
9.799000000000181672e+02,5.781884541593357296e-01
9.800000000000181899e+02,5.782411062081784792e-01
9.801000000000182126e+02,5.782937482966745701e-01
9.802000000000182354e+02,5.783463804269740605e-01
9.803000000000182581e+02,5.783990026012266750e-01
9.804000000000182808e+02,5.784516148215823605e-01
9.805000000000183036e+02,5.785042170901902869e-01
9.806000000000183263e+02,5.785568094091994018e-01
9.807000000000183491e+02,5.786093917807583198e-01
9.808000000000183718e+02,5.786619642070153224e-01
9.809000000000183945e+02,5.787145266901183582e-01
9.810000000000184173e+02,5.787670792322152646e-01
9.811000000000184400e+02,5.788196218354533240e-01
9.812000000000184627e+02,5.788721545019794856e-01
9.813000000000184855e+02,5.789246772339405878e-01
9.814000000000185082e+02,5.789771900334831356e-01
9.815000000000185310e+02,5.790296929027529682e-01
9.816000000000185537e+02,5.790821858438958136e-01
9.817000000000185764e+02,5.791346688590575109e-01
9.818000000000185992e+02,5.791871419503826779e-01
9.819000000000186219e+02,5.792396051200163765e-01
9.820000000000186446e+02,5.792920583701031134e-01
9.821000000000186674e+02,5.793445017027868404e-01
9.822000000000186901e+02,5.793969351202116203e-01
9.823000000000187129e+02,5.794493586245207384e-01
9.824000000000187356e+02,5.795017722178574804e-01
9.825000000000187583e+02,5.795541759023646877e-01
9.826000000000187811e+02,5.796065696801850908e-01
9.827000000000188038e+02,5.796589535534606430e-01
9.828000000000188265e+02,5.797113275243330754e-01
9.829000000000188493e+02,5.797636915949445635e-01
9.830000000000188720e+02,5.798160457674360613e-01
9.831000000000188948e+02,5.798683900439480787e-01
9.832000000000189175e+02,5.799207244266219030e-01
9.833000000000189402e+02,5.799730489175972670e-01
9.834000000000189630e+02,5.800253635190145696e-01
9.835000000000189857e+02,5.800776682330132106e-01
9.836000000000190084e+02,5.801299630617323677e-01
9.837000000000190312e+02,5.801822480073112187e-01
9.838000000000190539e+02,5.802345230718884972e-01
9.839000000000190767e+02,5.802867882576021596e-01
9.840000000000190994e+02,5.803390435665907177e-01
9.841000000000191221e+02,5.803912890009915726e-01
9.842000000000191449e+02,5.804435245629421258e-01
9.843000000000191676e+02,5.804957502545793346e-01
9.844000000000191903e+02,5.805479660780400453e-01
9.845000000000192131e+02,5.806001720354605489e-01
9.846000000000192358e+02,5.806523681289770256e-01
9.847000000000192586e+02,5.807045543607251004e-01
9.848000000000192813e+02,5.807567307328402872e-01
9.849000000000193040e+02,5.808088972474575451e-01
9.850000000000193268e+02,5.808610539067116108e-01
9.851000000000193495e+02,5.809132007127369990e-01
9.852000000000193722e+02,5.809653376676677805e-01
9.853000000000193950e+02,5.810174647736376929e-01
9.854000000000194177e+02,5.810695820327804739e-01
9.855000000000194404e+02,5.811216894472287509e-01
9.856000000000194632e+02,5.811737870191155952e-01
9.857000000000194859e+02,5.812258747505736345e-01
9.858000000000195087e+02,5.812779526437347188e-01
9.859000000000195314e+02,5.813300207007308096e-01
9.860000000000195541e+02,5.813820789236932018e-01
9.861000000000195769e+02,5.814341273147534128e-01
9.862000000000195996e+02,5.814861658760420715e-01
9.863000000000196223e+02,5.815381946096895849e-01
9.864000000000196451e+02,5.815902135178262489e-01
9.865000000000196678e+02,5.816422226025818043e-01
9.866000000000196906e+02,5.816942218660859920e-01
9.867000000000197133e+02,5.817462113104678867e-01
9.868000000000197360e+02,5.817981909378561189e-01
9.869000000000197588e+02,5.818501607503793194e-01
9.870000000000197815e+02,5.819021207501658965e-01
9.871000000000198042e+02,5.819540709393437039e-01
9.872000000000198270e+02,5.820060113200401508e-01
9.873000000000198497e+02,5.820579418943824246e-01
9.874000000000198725e+02,5.821098626644973795e-01
9.875000000000198952e+02,5.821617736325117587e-01
9.876000000000199179e+02,5.822136748005517504e-01
9.877000000000199407e+02,5.822655661707428765e-01
9.878000000000199634e+02,5.823174477452112141e-01
9.879000000000199861e+02,5.823693195260817301e-01
9.880000000000200089e+02,5.824211815154793914e-01
9.881000000000200316e+02,5.824730337155287208e-01
9.882000000000200544e+02,5.825248761283537968e-01
9.883000000000200771e+02,5.825767087560789204e-01
9.884000000000200998e+02,5.826285316008271709e-01
9.885000000000201226e+02,5.826803446647224050e-01
9.886000000000201453e+02,5.827321479498869250e-01
9.887000000000201680e+02,5.827839414584436994e-01
9.888000000000201908e+02,5.828357251925146976e-01
9.889000000000202135e+02,5.828874991542222217e-01
9.890000000000202363e+02,5.829392633456874639e-01
9.891000000000202590e+02,5.829910177690318385e-01
9.892000000000202817e+02,5.830427624263763153e-01
9.893000000000203045e+02,5.830944973198415315e-01
9.894000000000203272e+02,5.831462224515474579e-01
9.895000000000203499e+02,5.831979378236141764e-01
9.896000000000203727e+02,5.832496434381614359e-01
9.897000000000203954e+02,5.833013392973082079e-01
9.898000000000204182e+02,5.833530254031735751e-01
9.899000000000204409e+02,5.834047017578761762e-01
9.900000000000204636e+02,5.834563683635340947e-01
9.901000000000204864e+02,5.835080252222651920e-01
9.902000000000205091e+02,5.835596723361875515e-01
9.903000000000205318e+02,5.836113097074179246e-01
9.904000000000205546e+02,5.836629373380732844e-01
9.905000000000205773e+02,5.837145552302704932e-01
9.906000000000206001e+02,5.837661633861254140e-01
9.907000000000206228e+02,5.838177618077542430e-01
9.908000000000206455e+02,5.838693504972723991e-01
9.909000000000206683e+02,5.839209294567953012e-01
9.910000000000206910e+02,5.839724986884377023e-01
9.911000000000207137e+02,5.840240581943142439e-01
9.912000000000207365e+02,5.840756079765391240e-01
9.913000000000207592e+02,5.841271480372264291e-01
9.914000000000207820e+02,5.841786783784894688e-01
9.915000000000208047e+02,5.842301990024414415e-01
9.916000000000208274e+02,5.842817099111955459e-01
9.917000000000208502e+02,5.843332111068642032e-01
9.918000000000208729e+02,5.843847025915596127e-01
9.919000000000208956e+02,5.844361843673934187e-01
9.920000000000209184e+02,5.844876564364775984e-01
9.921000000000209411e+02,5.845391188009230188e-01
9.922000000000209639e+02,5.845905714628408800e-01
9.923000000000209866e+02,5.846420144243416051e-01
9.924000000000210093e+02,5.846934476875352837e-01
9.925000000000210321e+02,5.847448712545318950e-01
9.926000000000210548e+02,5.847962851274407514e-01
9.927000000000210775e+02,5.848476893083713879e-01
9.928000000000211003e+02,5.848990837994323400e-01
9.929000000000211230e+02,5.849504686027323652e-01
9.930000000000211458e+02,5.850018437203793331e-01
9.931000000000211685e+02,5.850532091544814461e-01
9.932000000000211912e+02,5.851045649071461296e-01
9.933000000000212140e+02,5.851559109804803649e-01
9.934000000000212367e+02,5.852072473765911331e-01
9.935000000000212594e+02,5.852585740975849715e-01
9.936000000000212822e+02,5.853098911455676401e-01
9.937000000000213049e+02,5.853611985226454539e-01
9.938000000000213277e+02,5.854124962309236180e-01
9.939000000000213504e+02,5.854637842725073371e-01
9.940000000000213731e+02,5.855150626495013721e-01
9.941000000000213959e+02,5.855663313640101508e-01
9.942000000000214186e+02,5.856175904181377678e-01
9.943000000000214413e+02,5.856688398139882068e-01
9.944000000000214641e+02,5.857200795536646742e-01
9.945000000000214868e+02,5.857713096392701546e-01
9.946000000000215095e+02,5.858225300729077434e-01
9.947000000000215323e+02,5.858737408566797589e-01
9.948000000000215550e+02,5.859249419926881863e-01
9.949000000000215778e+02,5.859761334830346780e-01
9.950000000000216005e+02,5.860273153298208859e-01
9.951000000000216232e+02,5.860784875351475742e-01
9.952000000000216460e+02,5.861296501011155069e-01
9.953000000000216687e+02,5.861808030298253369e-01
9.954000000000216914e+02,5.862319463233768291e-01
9.955000000000217142e+02,5.862830799838698592e-01
9.956000000000217369e+02,5.863342040134035260e-01
9.957000000000217597e+02,5.863853184140769281e-01
9.958000000000217824e+02,5.864364231879888312e-01
9.959000000000218051e+02,5.864875183372375567e-01
9.960000000000218279e+02,5.865386038639210931e-01
9.961000000000218506e+02,5.865896797701368737e-01
9.962000000000218733e+02,5.866407460579823319e-01
9.963000000000218961e+02,5.866918027295545679e-01
9.964000000000219188e+02,5.867428497869499049e-01
9.965000000000219416e+02,5.867938872322648880e-01
9.966000000000219643e+02,5.868449150675951742e-01
9.967000000000219870e+02,5.868959332950367536e-01
9.968000000000220098e+02,5.869469419166843949e-01
9.969000000000220325e+02,5.869979409346333110e-01
9.970000000000220552e+02,5.870489303509779377e-01
9.971000000000220780e+02,5.870999101678125998e-01
9.972000000000221007e+02,5.871508803872309556e-01
9.973000000000221235e+02,5.872018410113267750e-01
9.974000000000221462e+02,5.872527920421930503e-01
9.975000000000221689e+02,5.873037334819228850e-01
9.976000000000221917e+02,5.873546653326083833e-01
9.977000000000222144e+02,5.874055875963422046e-01
9.978000000000222371e+02,5.874565002752155651e-01
9.979000000000222599e+02,5.875074033713205690e-01
9.980000000000222826e+02,5.875582968867477662e-01
9.981000000000223054e+02,5.876091808235880398e-01
9.982000000000223281e+02,5.876600551839320508e-01
9.983000000000223508e+02,5.877109199698699049e-01
9.984000000000223736e+02,5.877617751834912641e-01
9.985000000000223963e+02,5.878126208268854569e-01
9.986000000000224190e+02,5.878634569021413681e-01
9.987000000000224418e+02,5.879142834113479932e-01
9.988000000000224645e+02,5.879651003565938838e-01
9.989000000000224873e+02,5.880159077399663703e-01
9.990000000000225100e+02,5.880667055635537821e-01
9.991000000000225327e+02,5.881174938294432275e-01
9.992000000000225555e+02,5.881682725397214817e-01
9.993000000000225782e+02,5.882190416964754309e-01
9.994000000000226009e+02,5.882698013017912952e-01
9.995000000000226237e+02,5.883205513577550727e-01
9.996000000000226464e+02,5.883712918664522062e-01
9.997000000000226692e+02,5.884220228299680278e-01
9.998000000000226919e+02,5.884727442503873140e-01
9.999000000000227146e+02,5.885234561297949529e-01
1.000000000000022737e+03,5.885741584702750551e-01
1.000100000000022760e+03,5.886248512739112870e-01
1.000200000000022783e+03,5.886755345427870934e-01
1.000300000000022806e+03,5.887262082789861406e-01
1.000400000000022828e+03,5.887768724845907631e-01
1.000500000000022851e+03,5.888275271616837392e-01
1.000600000000022874e+03,5.888781723123468481e-01
1.000700000000022897e+03,5.889288079386620911e-01
1.000800000000022919e+03,5.889794340427109143e-01
1.000900000000022942e+03,5.890300506265746527e-01
1.001000000000022965e+03,5.890806576923336424e-01
1.001100000000022987e+03,5.891312552420682191e-01
1.001200000000023010e+03,5.891818432778586079e-01
1.001300000000023033e+03,5.892324218017848114e-01
1.001400000000023056e+03,5.892829908159257224e-01
1.001500000000023078e+03,5.893335503223604555e-01
1.001600000000023101e+03,5.893841003231677922e-01
1.001700000000023124e+03,5.894346408204258481e-01
1.001800000000023147e+03,5.894851718162125165e-01
1.001900000000023169e+03,5.895356933126059129e-01
1.002000000000023192e+03,5.895862053116827095e-01
1.002100000000023215e+03,5.896367078155201336e-01
1.002200000000023238e+03,5.896872008261945242e-01
1.002300000000023260e+03,5.897376843457823314e-01
1.002400000000023283e+03,5.897881583763591173e-01
1.002500000000023306e+03,5.898386229200006659e-01
1.002600000000023329e+03,5.898890779787819838e-01
1.002700000000023351e+03,5.899395235547779670e-01
1.002800000000023374e+03,5.899899596500629562e-01
1.002900000000023397e+03,5.900403862667111810e-01
1.003000000000023419e+03,5.900908034067963159e-01
1.003100000000023442e+03,5.901412110723917026e-01
1.003200000000023465e+03,5.901916092655707935e-01
1.003300000000023488e+03,5.902419979884057089e-01
1.003400000000023510e+03,5.902923772429692351e-01
1.003500000000023533e+03,5.903427470313332703e-01
1.003600000000023556e+03,5.903931073555693798e-01
1.003700000000023579e+03,5.904434582177490176e-01
1.003800000000023601e+03,5.904937996199430827e-01
1.003900000000023624e+03,5.905441315642220301e-01
1.004000000000023647e+03,5.905944540526563147e-01
1.004100000000023670e+03,5.906447670873157252e-01
1.004200000000023692e+03,5.906950706702698284e-01
1.004300000000023715e+03,5.907453648035878579e-01
1.004400000000023738e+03,5.907956494893387145e-01
1.004500000000023761e+03,5.908459247295907435e-01
1.004600000000023783e+03,5.908961905264122905e-01
1.004700000000023806e+03,5.909464468818709237e-01
1.004800000000023829e+03,5.909966937980341006e-01
1.004900000000023851e+03,5.910469312769691674e-01
1.005000000000023874e+03,5.910971593207426933e-01
1.005100000000023897e+03,5.911473779314208032e-01
1.005200000000023920e+03,5.911975871110700664e-01
1.005300000000023942e+03,5.912477868617558308e-01
1.005400000000023965e+03,5.912979771855433331e-01
1.005500000000023988e+03,5.913481580844978103e-01
1.005600000000024011e+03,5.913983295606836110e-01
1.005700000000024033e+03,5.914484916161654171e-01
1.005800000000024056e+03,5.914986442530065780e-01
1.005900000000024079e+03,5.915487874732711093e-01
1.006000000000024102e+03,5.915989212790219165e-01
1.006100000000024124e+03,5.916490456723222380e-01
1.006200000000024147e+03,5.916991606552340910e-01
1.006300000000024170e+03,5.917492662298200479e-01
1.006400000000024193e+03,5.917993623981415707e-01
1.006500000000024215e+03,5.918494491622604547e-01
1.006600000000024238e+03,5.918995265242374959e-01
1.006700000000024261e+03,5.919495944861334902e-01
1.006800000000024284e+03,5.919996530500087895e-01
1.006900000000024306e+03,5.920497022179236346e-01
1.007000000000024329e+03,5.920997419919373783e-01
1.007100000000024352e+03,5.921497723741095953e-01
1.007200000000024374e+03,5.921997933664990832e-01
1.007300000000024397e+03,5.922498049711646395e-01
1.007400000000024420e+03,5.922998071901641737e-01
1.007500000000024443e+03,5.923498000255559282e-01
1.007600000000024465e+03,5.923997834793973682e-01
1.007700000000024488e+03,5.924497575537455152e-01
1.007800000000024511e+03,5.924997222506573902e-01
1.007900000000024534e+03,5.925496775721894593e-01
1.008000000000024556e+03,5.925996235203976337e-01
1.008100000000024579e+03,5.926495600973379352e-01
1.008200000000024602e+03,5.926994873050656087e-01
1.008300000000024625e+03,5.927494051456358992e-01
1.008400000000024647e+03,5.927993136211033853e-01
1.008500000000024670e+03,5.928492127335224238e-01
1.008600000000024693e+03,5.928991024849467051e-01
1.008700000000024716e+03,5.929489828774305860e-01
1.008800000000024738e+03,5.929988539130266467e-01
1.008900000000024761e+03,5.930487155937882449e-01
1.009000000000024784e+03,5.930985679217675166e-01
1.009100000000024806e+03,5.931484108990170423e-01
1.009200000000024829e+03,5.931982445275886251e-01
1.009300000000024852e+03,5.932480688095337351e-01
1.009400000000024875e+03,5.932978837469033984e-01
1.009500000000024897e+03,5.933476893417484188e-01
1.009600000000024920e+03,5.933974855961194894e-01
1.009700000000024943e+03,5.934472725120663039e-01
1.009800000000024966e+03,5.934970500916386671e-01
1.009900000000024988e+03,5.935468183368861617e-01
1.010000000000025011e+03,5.935965772498575932e-01
1.010100000000025034e+03,5.936463268326016562e-01
1.010200000000025057e+03,5.936960670871664902e-01
1.010300000000025079e+03,5.937457980156004567e-01
1.010400000000025102e+03,5.937955196199504737e-01
1.010500000000025125e+03,5.938452319022644588e-01
1.010600000000025148e+03,5.938949348645885529e-01
1.010700000000025170e+03,5.939446285089697852e-01
1.010800000000025193e+03,5.939943128374540748e-01
1.010900000000025216e+03,5.940439878520873407e-01
1.011000000000025238e+03,5.940936535549149466e-01
1.011100000000025261e+03,5.941433099479817015e-01
1.011200000000025284e+03,5.941929570333326360e-01
1.011300000000025307e+03,5.942425948130118929e-01
1.011400000000025329e+03,5.942922232890637257e-01
1.011500000000025352e+03,5.943418424635315001e-01
1.011600000000025375e+03,5.943914523384586923e-01
1.011700000000025398e+03,5.944410529158880019e-01
1.011800000000025420e+03,5.944906441978619061e-01
1.011900000000025443e+03,5.945402261864229931e-01
1.012000000000025466e+03,5.945897988836129633e-01
1.012100000000025489e+03,5.946393622914730726e-01
1.012200000000025511e+03,5.946889164120446880e-01
1.012300000000025534e+03,5.947384612473683996e-01
1.012400000000025557e+03,5.947879967994845751e-01
1.012500000000025580e+03,5.948375230704334715e-01
1.012600000000025602e+03,5.948870400622546795e-01
1.012700000000025625e+03,5.949365477769875676e-01
1.012800000000025648e+03,5.949860462166708386e-01
1.012900000000025670e+03,5.950355353833433059e-01
1.013000000000025693e+03,5.950850152790431169e-01
1.013100000000025716e+03,5.951344859058085301e-01
1.013200000000025739e+03,5.951839472656763608e-01
1.013300000000025761e+03,5.952333993606843121e-01
1.013400000000025784e+03,5.952828421928691993e-01
1.013500000000025807e+03,5.953322757642672824e-01
1.013600000000025830e+03,5.953817000769143775e-01
1.013700000000025852e+03,5.954311151328467444e-01
1.013800000000025875e+03,5.954805209340995331e-01
1.013900000000025898e+03,5.955299174827074493e-01
1.014000000000025921e+03,5.955793047807057539e-01
1.014100000000025943e+03,5.956286828301280423e-01
1.014200000000025966e+03,5.956780516330085762e-01
1.014300000000025989e+03,5.957274111913809511e-01
1.014400000000026012e+03,5.957767615072782075e-01
1.014500000000026034e+03,5.958261025827333857e-01
1.014600000000026057e+03,5.958754344197787489e-01
1.014700000000026080e+03,5.959247570204464495e-01
1.014800000000026102e+03,5.959740703867684175e-01
1.014900000000026125e+03,5.960233745207758060e-01
1.015000000000026148e+03,5.960726694244997681e-01
1.015100000000026171e+03,5.961219550999710126e-01
1.015200000000026193e+03,5.961712315492196934e-01
1.015300000000026216e+03,5.962204987742758533e-01
1.015400000000026239e+03,5.962697567771688689e-01
1.015500000000026262e+03,5.963190055599284500e-01
1.015600000000026284e+03,5.963682451245829741e-01
1.015700000000026307e+03,5.964174754731610406e-01
1.015800000000026330e+03,5.964666966076910271e-01
1.015900000000026353e+03,5.965159085302004227e-01
1.016000000000026375e+03,5.965651112427166058e-01
1.016100000000026398e+03,5.966143047472669547e-01
1.016200000000026421e+03,5.966634890458778484e-01
1.016300000000026444e+03,5.967126641405755549e-01
1.016400000000026466e+03,5.967618300333862313e-01
1.016500000000026489e+03,5.968109867263357016e-01
1.016600000000026512e+03,5.968601342214484573e-01
1.016700000000026535e+03,5.969092725207503225e-01
1.016800000000026557e+03,5.969584016262649007e-01
1.016900000000026580e+03,5.970075215400169055e-01
1.017000000000026603e+03,5.970566322640299406e-01
1.017100000000026625e+03,5.971057338003272763e-01
1.017200000000026648e+03,5.971548261509322941e-01
1.017300000000026671e+03,5.972039093178672653e-01
1.017400000000026694e+03,5.972529833031550162e-01
1.017500000000026716e+03,5.973020481088170408e-01
1.017600000000026739e+03,5.973511037368752774e-01
1.017700000000026762e+03,5.974001501893507760e-01
1.017800000000026785e+03,5.974491874682644754e-01
1.017900000000026807e+03,5.974982155756368707e-01
1.018000000000026830e+03,5.975472345134877905e-01
1.018100000000026853e+03,5.975962442838377298e-01
1.018200000000026876e+03,5.976452448887054070e-01
1.018300000000026898e+03,5.976942363301102068e-01
1.018400000000026921e+03,5.977432186100708478e-01
1.018500000000026944e+03,5.977921917306054933e-01
1.018600000000026967e+03,5.978411556937321958e-01
1.018700000000026989e+03,5.978901105014685635e-01
1.018800000000027012e+03,5.979390561558316497e-01
1.018900000000027035e+03,5.979879926588385075e-01
1.019000000000027057e+03,5.980369200125055240e-01
1.019100000000027080e+03,5.980858382188491973e-01
1.019200000000027103e+03,5.981347472798846931e-01
1.019300000000027126e+03,5.981836471976277325e-01
1.019400000000027148e+03,5.982325379740933702e-01
1.019500000000027171e+03,5.982814196112961058e-01
1.019600000000027194e+03,5.983302921112505501e-01
1.019700000000027217e+03,5.983791554759706477e-01
1.019800000000027239e+03,5.984280097074695659e-01
1.019900000000027262e+03,5.984768548077606942e-01
1.020000000000027285e+03,5.985256907788570890e-01
1.020100000000027308e+03,5.985745176227711406e-01
1.020200000000027330e+03,5.986233353415147951e-01
1.020300000000027353e+03,5.986721439370999986e-01
1.020400000000027376e+03,5.987209434115379203e-01
1.020500000000027399e+03,5.987697337668399511e-01
1.020600000000027421e+03,5.988185150050162608e-01
1.020700000000027444e+03,5.988672871280775745e-01
1.020800000000027467e+03,5.989160501380336177e-01
1.020900000000027489e+03,5.989648040368938942e-01
1.021000000000027512e+03,5.990135488266674635e-01
1.021100000000027535e+03,5.990622845093636073e-01
1.021200000000027558e+03,5.991110110869906080e-01
1.021300000000027580e+03,5.991597285615563040e-01
1.021400000000027603e+03,5.992084369350684225e-01
1.021500000000027626e+03,5.992571362095346910e-01
1.021600000000027649e+03,5.993058263869616153e-01
1.021700000000027671e+03,5.993545074693563679e-01
1.021800000000027694e+03,5.994031794587246775e-01
1.021900000000027717e+03,5.994518423570728283e-01
1.022000000000027740e+03,5.995004961664063270e-01
1.022100000000027762e+03,5.995491408887299034e-01
1.022200000000027785e+03,5.995977765260487313e-01
1.022300000000027808e+03,5.996464030803674294e-01
1.022400000000027831e+03,5.996950205536895062e-01
1.022500000000027853e+03,5.997436289480189142e-01
1.022600000000027876e+03,5.997922282653588288e-01
1.022700000000027899e+03,5.998408185077125365e-01
1.022800000000027921e+03,5.998893996770824355e-01
1.022900000000027944e+03,5.999379717754707020e-01
1.023000000000027967e+03,5.999865348048791791e-01
1.023100000000027990e+03,6.000350887673093769e-01
1.023200000000028012e+03,6.000836336647624725e-01
1.023300000000028035e+03,6.001321694992390876e-01
1.023400000000028058e+03,6.001806962727397332e-01
1.023500000000028081e+03,6.002292139872643650e-01
1.023600000000028103e+03,6.002777226448127168e-01
1.023700000000028126e+03,6.003262222473839671e-01
1.023800000000028149e+03,6.003747127969768504e-01
1.023900000000028172e+03,6.004231942955901014e-01
1.024000000000028194e+03,6.004716667452221213e-01
1.024100000000028103e+03,6.005201301478703124e-01
1.024200000000028240e+03,6.005685845055321881e-01
1.024300000000028376e+03,6.006170298202051505e-01
1.024400000000028285e+03,6.006654660938852697e-01
1.024500000000028194e+03,6.007138933285695037e-01
1.024600000000028331e+03,6.007623115262533675e-01
1.024700000000028467e+03,6.008107206889328200e-01
1.024800000000028376e+03,6.008591208186029320e-01
1.024900000000028285e+03,6.009075119172583301e-01
1.025000000000028422e+03,6.009558939868938632e-01
1.025100000000028558e+03,6.010042670295033806e-01
1.025200000000028467e+03,6.010526310470808431e-01
1.025300000000028376e+03,6.011009860416192119e-01
1.025400000000028513e+03,6.011493320151121145e-01
1.025500000000028649e+03,6.011976689695518461e-01
1.025600000000028558e+03,6.012459969069307020e-01
1.025700000000028467e+03,6.012943158292405332e-01
1.025800000000028604e+03,6.013426257384729690e-01
1.025900000000028740e+03,6.013909266366189721e-01
1.026000000000028649e+03,6.014392185256696166e-01
1.026100000000028558e+03,6.014875014076151993e-01
1.026200000000028695e+03,6.015357752844459061e-01
1.026300000000028831e+03,6.015840401581512564e-01
1.026400000000028740e+03,6.016322960307204371e-01
1.026500000000028649e+03,6.016805429041424125e-01
1.026600000000028786e+03,6.017287807804061472e-01
1.026700000000028922e+03,6.017770096614997177e-01
1.026800000000028831e+03,6.018252295494106452e-01
1.026900000000028740e+03,6.018734404461265619e-01
1.027000000000028876e+03,6.019216423536346561e-01
1.027100000000029013e+03,6.019698352739217828e-01
1.027200000000028922e+03,6.020180192089736870e-01
1.027300000000028831e+03,6.020661941607770018e-01
1.027400000000028967e+03,6.021143601313171390e-01
1.027500000000029104e+03,6.021625171225792883e-01
1.027600000000029013e+03,6.022106651365483065e-01
1.027700000000028922e+03,6.022588041752086063e-01
1.027800000000029058e+03,6.023069342405447113e-01
1.027900000000029195e+03,6.023550553345400349e-01
1.028000000000029104e+03,6.024031674591778796e-01
1.028100000000029013e+03,6.024512706164413256e-01
1.028200000000029149e+03,6.024993648083134534e-01
1.028300000000029286e+03,6.025474500367762332e-01
1.028400000000029195e+03,6.025955263038111909e-01
1.028500000000029104e+03,6.026435936114005187e-01
1.028600000000029240e+03,6.026916519615250767e-01
1.028700000000029377e+03,6.027397013561655026e-01
1.028800000000029286e+03,6.027877417973024343e-01
1.028900000000029195e+03,6.028357732869158436e-01
1.029000000000029331e+03,6.028837958269857022e-01
1.029100000000029468e+03,6.029318094194907607e-01
1.029200000000029377e+03,6.029798140664103245e-01
1.029300000000029286e+03,6.030278097697227002e-01
1.029400000000029422e+03,6.030757965314066382e-01
1.029500000000029559e+03,6.031237743534394458e-01
1.029600000000029468e+03,6.031717432377987631e-01
1.029700000000029377e+03,6.032197031864614534e-01
1.029800000000029513e+03,6.032676542014046017e-01
1.029900000000029650e+03,6.033155962846041831e-01
1.030000000000029559e+03,6.033635294380363945e-01
1.030100000000029468e+03,6.034114536636765447e-01
1.030200000000029604e+03,6.034593689635002756e-01
1.030300000000029740e+03,6.035072753394824518e-01
1.030400000000029650e+03,6.035551727935967170e-01
1.030500000000029559e+03,6.036030613278181578e-01
1.030600000000029695e+03,6.036509409441200846e-01
1.030700000000029831e+03,6.036988116444759189e-01
1.030800000000029740e+03,6.037466734308585270e-01
1.030900000000029650e+03,6.037945263052406641e-01
1.031000000000029786e+03,6.038423702695945305e-01
1.031100000000029922e+03,6.038902053258919933e-01
1.031200000000029831e+03,6.039380314761044755e-01
1.031300000000029740e+03,6.039858487222031780e-01
1.031400000000029877e+03,6.040336570661590798e-01
1.031500000000030013e+03,6.040814565099420497e-01
1.031600000000029922e+03,6.041292470555224003e-01
1.031700000000029831e+03,6.041770287048698895e-01
1.031800000000029968e+03,6.042248014599536088e-01
1.031900000000030104e+03,6.042725653227425386e-01
1.032000000000030013e+03,6.043203202952048825e-01
1.032100000000029922e+03,6.043680663793091767e-01
1.032200000000030059e+03,6.044158035770230697e-01
1.032300000000030195e+03,6.044635318903139876e-01
1.032400000000030104e+03,6.045112513211488015e-01
1.032500000000030013e+03,6.045589618714942715e-01
1.032600000000030150e+03,6.046066635433167136e-01
1.032700000000030286e+03,6.046543563385819997e-01
1.032800000000030195e+03,6.047020402592554467e-01
1.032900000000030104e+03,6.047497153073024823e-01
1.033000000000030241e+03,6.047973814846878682e-01
1.033100000000030377e+03,6.048450387933760330e-01
1.033200000000030286e+03,6.048926872353308504e-01
1.033300000000030195e+03,6.049403268125159716e-01
1.033400000000030332e+03,6.049879575268951593e-01
1.033500000000030468e+03,6.050355793804307325e-01
1.033600000000030377e+03,6.050831923750854546e-01
1.033700000000030286e+03,6.051307965128215338e-01
1.033800000000030423e+03,6.051783917956007341e-01
1.033900000000030559e+03,6.052259782253843756e-01
1.034000000000030468e+03,6.052735558041336672e-01
1.034100000000030377e+03,6.053211245338091517e-01
1.034200000000030514e+03,6.053686844163713721e-01
1.034300000000030650e+03,6.054162354537799828e-01
1.034400000000030559e+03,6.054637776479947497e-01
1.034500000000030468e+03,6.055113110009744393e-01
1.034600000000030604e+03,6.055588355146784840e-01
1.034700000000030741e+03,6.056063511910648733e-01
1.034800000000030650e+03,6.056538580320917076e-01
1.034900000000030559e+03,6.057013560397167540e-01
1.035000000000030695e+03,6.057488452158973358e-01
1.035100000000030832e+03,6.057963255625903320e-01
1.035200000000030741e+03,6.058437970817521778e-01
1.035300000000030650e+03,6.058912597753391971e-01
1.035400000000030786e+03,6.059387136453073808e-01
1.035500000000030923e+03,6.059861586936118316e-01
1.035600000000030832e+03,6.060335949222076524e-01
1.035700000000030741e+03,6.060810223330496127e-01
1.035800000000030877e+03,6.061284409280921492e-01
1.035900000000031014e+03,6.061758507092891435e-01
1.036000000000030923e+03,6.062232516785941439e-01
1.036100000000030832e+03,6.062706438379600327e-01
1.036200000000030968e+03,6.063180271893399143e-01
1.036300000000031105e+03,6.063654017346864489e-01
1.036400000000031014e+03,6.064127674759510755e-01
1.036500000000030923e+03,6.064601244150858994e-01
1.036600000000031059e+03,6.065074725540422484e-01
1.036700000000031196e+03,6.065548118947710066e-01
1.036800000000031105e+03,6.066021424392226136e-01
1.036900000000031014e+03,6.066494641893470652e-01
1.037000000000031150e+03,6.066967771470946902e-01
1.037100000000031287e+03,6.067440813144148182e-01
1.037200000000031196e+03,6.067913766932562236e-01
1.037300000000031105e+03,6.068386632855676810e-01
1.037400000000031241e+03,6.068859410932975207e-01
1.037500000000031378e+03,6.069332101183938510e-01
1.037600000000031287e+03,6.069804703628040032e-01
1.037700000000031196e+03,6.070277218284750864e-01
1.037800000000031332e+03,6.070749645173540987e-01
1.037900000000031469e+03,6.071221984313877051e-01
1.038000000000031378e+03,6.071694235725213495e-01
1.038100000000031287e+03,6.072166399427011418e-01
1.038200000000031423e+03,6.072638475438721928e-01
1.038300000000031559e+03,6.073110463779797241e-01
1.038400000000031469e+03,6.073582364469678474e-01
1.038500000000031378e+03,6.074054177527810072e-01
1.038600000000031514e+03,6.074525902973630931e-01
1.038700000000031650e+03,6.074997540826575504e-01
1.038800000000031559e+03,6.075469091106070474e-01
1.038900000000031469e+03,6.075940553831543633e-01
1.039000000000031605e+03,6.076411929022420555e-01
1.039100000000031741e+03,6.076883216698117929e-01
1.039200000000031650e+03,6.077354416878053556e-01
1.039300000000031559e+03,6.077825529581636355e-01
1.039400000000031696e+03,6.078296554828277465e-01
1.039500000000031832e+03,6.078767492637379144e-01
1.039600000000031741e+03,6.079238343028340319e-01
1.039700000000031650e+03,6.079709106020559917e-01
1.039800000000031787e+03,6.080179781633429092e-01
1.039900000000031923e+03,6.080650369886340112e-01
1.040000000000031832e+03,6.081120870798675249e-01
1.040100000000031741e+03,6.081591284389814556e-01
1.040200000000031878e+03,6.082061610679141417e-01
1.040300000000032014e+03,6.082531849686024783e-01
1.040400000000031923e+03,6.083002001429836936e-01
1.040500000000031832e+03,6.083472065929943495e-01
1.040600000000031969e+03,6.083942043205708972e-01
1.040700000000032105e+03,6.084411933276490103e-01
1.040800000000032014e+03,6.084881736161643628e-01
1.040900000000031923e+03,6.085351451880519624e-01
1.041000000000032060e+03,6.085821080452469278e-01
1.041100000000032196e+03,6.086290621896830455e-01
1.041200000000032105e+03,6.086760076232948791e-01
1.041300000000032014e+03,6.087229443480155489e-01
1.041400000000032151e+03,6.087698723657789524e-01
1.041500000000032287e+03,6.088167916785174327e-01
1.041600000000032196e+03,6.088637022881636662e-01
1.041700000000032105e+03,6.089106041966498850e-01
1.041800000000032242e+03,6.089574974059078771e-01
1.041900000000032378e+03,6.090043819178687645e-01
1.042000000000032287e+03,6.090512577344636691e-01
1.042100000000032196e+03,6.090981248576229357e-01
1.042200000000032333e+03,6.091449832892774641e-01
1.042300000000032469e+03,6.091918330313565999e-01
1.042400000000032378e+03,6.092386740857899108e-01
1.042500000000032287e+03,6.092855064545065202e-01
1.042600000000032423e+03,6.093323301394352187e-01
1.042700000000032560e+03,6.093791451425044636e-01
1.042800000000032469e+03,6.094259514656418242e-01
1.042900000000032378e+03,6.094727491107753137e-01
1.043000000000032514e+03,6.095195380798320572e-01
1.043100000000032651e+03,6.095663183747387359e-01
1.043200000000032560e+03,6.096130899974220307e-01
1.043300000000032469e+03,6.096598529498077346e-01
1.043400000000032605e+03,6.097066072338220843e-01
1.043500000000032742e+03,6.097533528513898737e-01
1.043600000000032651e+03,6.098000898044362295e-01
1.043700000000032560e+03,6.098468180948857231e-01
1.043800000000032696e+03,6.098935377246628153e-01
1.043900000000032833e+03,6.099402486956909675e-01
1.044000000000032742e+03,6.099869510098937520e-01
1.044100000000032651e+03,6.100336446691940750e-01
1.044200000000032787e+03,6.100803296755150651e-01
1.044300000000032924e+03,6.101270060307785181e-01
1.044400000000032833e+03,6.101736737369067853e-01
1.044500000000032742e+03,6.102203327958209966e-01
1.044600000000032878e+03,6.102669832094428370e-01
1.044700000000033015e+03,6.103136249796927704e-01
1.044800000000032924e+03,6.103602581084910383e-01
1.044900000000032833e+03,6.104068825977581048e-01
1.045000000000032969e+03,6.104534984494136562e-01
1.045100000000033106e+03,6.105001056653764913e-01
1.045200000000033015e+03,6.105467042475657413e-01
1.045300000000032924e+03,6.105932941979000939e-01
1.045400000000033060e+03,6.106398755182976812e-01
1.045500000000033197e+03,6.106864482106761916e-01
1.045600000000033106e+03,6.107330122769527581e-01
1.045700000000033015e+03,6.107795677190447359e-01
1.045800000000033151e+03,6.108261145388687030e-01
1.045900000000033288e+03,6.108726527383412375e-01
1.046000000000033197e+03,6.109191823193773629e-01
1.046100000000033106e+03,6.109657032838932134e-01
1.046200000000033242e+03,6.110122156338038124e-01
1.046300000000033378e+03,6.110587193710239617e-01
1.046400000000033288e+03,6.111052144974676859e-01
1.046500000000033197e+03,6.111517010150492313e-01
1.046600000000033333e+03,6.111981789256824005e-01
1.046700000000033469e+03,6.112446482312802187e-01
1.046800000000033378e+03,6.112911089337554893e-01
1.046900000000033288e+03,6.113375610350206824e-01
1.047000000000033424e+03,6.113840045369878240e-01
1.047100000000033560e+03,6.114304394415688293e-01
1.047200000000033469e+03,6.114768657506748362e-01
1.047300000000033378e+03,6.115232834662169825e-01
1.047400000000033515e+03,6.115696925901058512e-01
1.047500000000033651e+03,6.116160931242514698e-01
1.047600000000033560e+03,6.116624850705636440e-01
1.047700000000033469e+03,6.117088684309520685e-01
1.047800000000033606e+03,6.117552432073255497e-01
1.047900000000033742e+03,6.118016094015930051e-01
1.048000000000033651e+03,6.118479670156623529e-01
1.048100000000033560e+03,6.118943160514417334e-01
1.048200000000033697e+03,6.119406565108389540e-01
1.048300000000033833e+03,6.119869883957608225e-01
1.048400000000033742e+03,6.120333117081143692e-01
1.048500000000033651e+03,6.120796264498056249e-01
1.048600000000033788e+03,6.121259326227409536e-01
1.048700000000033924e+03,6.121722302288258311e-01
1.048800000000033833e+03,6.122185192699658440e-01
1.048900000000033742e+03,6.122647997480653581e-01
1.049000000000033879e+03,6.123110716650294050e-01
1.049100000000034015e+03,6.123573350227620171e-01
1.049200000000033924e+03,6.124035898231663388e-01
1.049300000000033833e+03,6.124498360681465137e-01
1.049400000000033970e+03,6.124960737596053528e-01
1.049500000000034106e+03,6.125423028994452235e-01
1.049600000000034015e+03,6.125885234895684928e-01
1.049700000000033924e+03,6.126347355318767507e-01
1.049800000000034061e+03,6.126809390282720313e-01
1.049900000000034197e+03,6.127271339806552586e-01
1.050000000000034106e+03,6.127733203909268012e-01
1.050100000000034015e+03,6.128194982609869168e-01
1.050200000000034152e+03,6.128656675927363073e-01
1.050300000000034288e+03,6.129118283880741203e-01
1.050400000000034197e+03,6.129579806488991700e-01
1.050500000000034106e+03,6.130041243771109372e-01
1.050600000000034242e+03,6.130502595746075700e-01
1.050700000000034379e+03,6.130963862432869949e-01
1.050800000000034288e+03,6.131425043850469159e-01
1.050900000000034197e+03,6.131886140017849263e-01
1.051000000000034333e+03,6.132347150953976200e-01
1.051100000000034470e+03,6.132808076677818132e-01
1.051200000000034379e+03,6.133268917208331006e-01
1.051300000000034288e+03,6.133729672564480762e-01
1.051400000000034424e+03,6.134190342765215576e-01
1.051500000000034561e+03,6.134650927829490286e-01
1.051600000000034470e+03,6.135111427776245296e-01
1.051700000000034379e+03,6.135571842624427674e-01
1.051800000000034515e+03,6.136032172392973383e-01
1.051900000000034652e+03,6.136492417100819496e-01
1.052000000000034561e+03,6.136952576766896428e-01
1.052100000000034470e+03,6.137412651410132369e-01
1.052200000000034606e+03,6.137872641049449962e-01
1.052300000000034743e+03,6.138332545703770737e-01
1.052400000000034652e+03,6.138792365392006234e-01
1.052500000000034561e+03,6.139252100133072432e-01
1.052600000000034697e+03,6.139711749945878649e-01
1.052700000000034834e+03,6.140171314849327544e-01
1.052800000000034743e+03,6.140630794862317332e-01
1.052900000000034652e+03,6.141090190003751781e-01
1.053000000000034788e+03,6.141549500292516894e-01
1.053100000000034925e+03,6.142008725747506448e-01
1.053200000000034834e+03,6.142467866387605335e-01
1.053300000000034743e+03,6.142926922231692899e-01
1.053400000000034879e+03,6.143385893298651812e-01
1.053500000000035016e+03,6.143844779607352535e-01
1.053600000000034925e+03,6.144303581176663309e-01
1.053700000000034834e+03,6.144762298025456815e-01
1.053800000000034970e+03,6.145220930172591300e-01
1.053900000000035106e+03,6.145679477636928345e-01
1.054000000000035016e+03,6.146137940437319536e-01
1.054100000000034925e+03,6.146596318592619790e-01
1.054200000000035061e+03,6.147054612121676254e-01
1.054300000000035197e+03,6.147512821043331632e-01
1.054400000000035106e+03,6.147970945376423080e-01
1.054500000000035016e+03,6.148428985139792191e-01
1.054600000000035152e+03,6.148886940352269459e-01
1.054700000000035288e+03,6.149344811032680935e-01
1.054800000000035197e+03,6.149802597199853782e-01
1.054900000000035106e+03,6.150260298872607390e-01
1.055000000000035243e+03,6.150717916069760038e-01
1.055100000000035379e+03,6.151175448810125568e-01
1.055200000000035288e+03,6.151632897112511156e-01
1.055300000000035197e+03,6.152090260995722870e-01
1.055400000000035334e+03,6.152547540478564558e-01
1.055500000000035470e+03,6.153004735579834517e-01
1.055600000000035379e+03,6.153461846318324380e-01
1.055700000000035288e+03,6.153918872712823562e-01
1.055800000000035425e+03,6.154375814782125920e-01
1.055900000000035561e+03,6.154832672545006433e-01
1.056000000000035470e+03,6.155289446020247857e-01
1.056100000000035379e+03,6.155746135226622950e-01
1.056200000000035516e+03,6.156202740182905586e-01
1.056300000000035652e+03,6.156659260907865194e-01
1.056400000000035561e+03,6.157115697420258993e-01
1.056500000000035470e+03,6.157572049738851971e-01
1.056600000000035607e+03,6.158028317882400238e-01
1.056700000000035743e+03,6.158484501869655459e-01
1.056800000000035652e+03,6.158940601719363750e-01
1.056900000000035561e+03,6.159396617450274558e-01
1.057000000000035698e+03,6.159852549081126227e-01
1.057100000000035834e+03,6.160308396630653771e-01
1.057200000000035743e+03,6.160764160117593313e-01
1.057300000000035652e+03,6.161219839560675426e-01
1.057400000000035789e+03,6.161675434978621801e-01
1.057500000000035925e+03,6.162130946390158570e-01
1.057600000000035834e+03,6.162586373813999652e-01
1.057700000000035743e+03,6.163041717268862296e-01
1.057800000000035880e+03,6.163496976773455982e-01
1.057900000000036016e+03,6.163952152346489077e-01
1.058000000000035925e+03,6.164407244006661069e-01
1.058100000000035834e+03,6.164862251772674773e-01
1.058200000000035971e+03,6.165317175663220794e-01
1.058300000000036107e+03,6.165772015696994179e-01
1.058400000000036016e+03,6.166226771892681091e-01
1.058500000000035925e+03,6.166681444268967693e-01
1.058600000000036061e+03,6.167136032844531268e-01
1.058700000000036198e+03,6.167590537638049097e-01
1.058800000000036107e+03,6.168044958668190691e-01
1.058900000000036016e+03,6.168499295953627781e-01
1.059000000000036152e+03,6.168953549513025436e-01
1.059100000000036289e+03,6.169407719365043175e-01
1.059200000000036198e+03,6.169861805528337184e-01
1.059300000000036107e+03,6.170315808021562543e-01
1.059400000000036243e+03,6.170769726863369886e-01
1.059500000000036380e+03,6.171223562072403190e-01
1.059600000000036289e+03,6.171677313667300879e-01
1.059700000000036198e+03,6.172130981666705818e-01
1.059800000000036334e+03,6.172584566089251989e-01
1.059900000000036471e+03,6.173038066953568936e-01
1.060000000000036380e+03,6.173491484278279540e-01
1.060100000000036289e+03,6.173944818082011121e-01
1.060200000000036425e+03,6.174398068383382121e-01
1.060300000000036562e+03,6.174851235201008759e-01
1.060400000000036471e+03,6.175304318553499483e-01
1.060500000000036380e+03,6.175757318459461631e-01
1.060600000000036516e+03,6.176210234937502541e-01
1.060700000000036653e+03,6.176663068006217339e-01
1.060800000000036562e+03,6.177115817684206700e-01
1.060900000000036471e+03,6.177568483990057979e-01
1.061000000000036607e+03,6.178021066942365191e-01
1.061100000000036744e+03,6.178473566559709029e-01
1.061200000000036653e+03,6.178925982860672406e-01
1.061300000000036562e+03,6.179378315863830462e-01
1.061400000000036698e+03,6.179830565587758340e-01
1.061500000000036835e+03,6.180282732051023409e-01
1.061600000000036744e+03,6.180734815272194149e-01
1.061700000000036653e+03,6.181186815269827939e-01
1.061800000000036789e+03,6.181638732062487707e-01
1.061900000000036925e+03,6.182090565668725279e-01
1.062000000000036835e+03,6.182542316107088043e-01
1.062100000000036744e+03,6.182993983396127824e-01
1.062200000000036880e+03,6.183445567554384237e-01
1.062300000000037016e+03,6.183897068600398006e-01
1.062400000000036925e+03,6.184348486552699864e-01
1.062500000000036835e+03,6.184799821429824984e-01
1.062600000000036971e+03,6.185251073250300768e-01
1.062700000000037107e+03,6.185702242032650178e-01
1.062800000000037016e+03,6.186153327795393952e-01
1.062900000000036925e+03,6.186604330557043951e-01
1.063000000000037062e+03,6.187055250336116474e-01
1.063100000000037198e+03,6.187506087151118939e-01
1.063200000000037107e+03,6.187956841020555432e-01
1.063300000000037016e+03,6.188407511962926710e-01
1.063400000000037153e+03,6.188858099996729090e-01
1.063500000000037289e+03,6.189308605140458885e-01
1.063600000000037198e+03,6.189759027412599091e-01
1.063700000000037107e+03,6.190209366831641580e-01
1.063800000000037244e+03,6.190659623416063795e-01
1.063900000000037380e+03,6.191109797184346508e-01
1.064000000000037289e+03,6.191559888154961611e-01
1.064100000000037198e+03,6.192009896346378772e-01
1.064200000000037335e+03,6.192459821777066553e-01
1.064300000000037471e+03,6.192909664465487962e-01
1.064400000000037380e+03,6.193359424430097127e-01
1.064500000000037289e+03,6.193809101689353724e-01
1.064600000000037426e+03,6.194258696261706332e-01
1.064700000000037562e+03,6.194708208165604635e-01
1.064800000000037471e+03,6.195157637419488328e-01
1.064900000000037380e+03,6.195606984041801546e-01
1.065000000000037517e+03,6.196056248050976212e-01
1.065100000000037653e+03,6.196505429465447579e-01
1.065200000000037562e+03,6.196954528303640908e-01
1.065300000000037471e+03,6.197403544583980350e-01
1.065400000000037608e+03,6.197852478324890058e-01
1.065500000000037744e+03,6.198301329544785299e-01
1.065600000000037653e+03,6.198750098262075792e-01
1.065700000000037562e+03,6.199198784495175696e-01
1.065800000000037699e+03,6.199647388262486958e-01
1.065900000000037835e+03,6.200095909582413745e-01
1.066000000000037744e+03,6.200544348473349121e-01
1.066100000000037653e+03,6.200992704953690593e-01
1.066200000000037790e+03,6.201440979041827894e-01
1.066300000000037926e+03,6.201889170756147429e-01
1.066400000000037835e+03,6.202337280115028939e-01
1.066500000000037744e+03,6.202785307136853277e-01
1.066600000000037880e+03,6.203233251839995743e-01
1.066700000000038017e+03,6.203681114242826089e-01
1.066800000000037926e+03,6.204128894363711844e-01
1.066900000000037835e+03,6.204576592221012765e-01
1.067000000000037971e+03,6.205024207833097494e-01
1.067100000000038108e+03,6.205471741218311355e-01
1.067200000000038017e+03,6.205919192395011885e-01
1.067300000000037926e+03,6.206366561381546632e-01
1.067400000000038062e+03,6.206813848196257588e-01
1.067500000000038199e+03,6.207261052857488970e-01
1.067600000000038108e+03,6.207708175383572780e-01
1.067700000000038017e+03,6.208155215792844350e-01
1.067800000000038153e+03,6.208602174103633464e-01
1.067900000000038290e+03,6.209049050334265463e-01
1.068000000000038199e+03,6.209495844503056805e-01
1.068100000000038108e+03,6.209942556628329502e-01
1.068200000000038244e+03,6.210389186728396682e-01
1.068300000000038381e+03,6.210835734821567033e-01
1.068400000000038290e+03,6.211282200926147024e-01
1.068500000000038199e+03,6.211728585060438679e-01
1.068600000000038335e+03,6.212174887242741805e-01
1.068700000000038472e+03,6.212621107491350658e-01
1.068800000000038381e+03,6.213067245824552831e-01
1.068900000000038290e+03,6.213513302260637028e-01
1.069000000000038426e+03,6.213959276817889732e-01
1.069100000000038563e+03,6.214405169514587435e-01
1.069200000000038472e+03,6.214850980369004407e-01
1.069300000000038381e+03,6.215296709399413810e-01
1.069400000000038517e+03,6.215742356624082143e-01
1.069500000000038654e+03,6.216187922061275906e-01
1.069600000000038563e+03,6.216633405729252715e-01
1.069700000000038472e+03,6.217078807646270189e-01
1.069800000000038608e+03,6.217524127830584835e-01
1.069900000000038744e+03,6.217969366300438727e-01
1.070000000000038654e+03,6.218414523074077271e-01
1.070100000000038563e+03,6.218859598169744762e-01
1.070200000000038699e+03,6.219304591605678834e-01
1.070300000000038835e+03,6.219749503400111568e-01
1.070400000000038744e+03,6.220194333571271716e-01
1.070500000000038654e+03,6.220639082137386922e-01
1.070600000000038790e+03,6.221083749116678163e-01
1.070700000000038926e+03,6.221528334527365312e-01
1.070800000000038835e+03,6.221972838387658244e-01
1.070900000000038744e+03,6.222417260715773502e-01
1.071000000000038881e+03,6.222861601529913189e-01
1.071100000000039017e+03,6.223305860848284965e-01
1.071200000000038926e+03,6.223750038689080943e-01
1.071300000000038835e+03,6.224194135070501011e-01
1.071400000000038972e+03,6.224638150010738391e-01
1.071500000000039108e+03,6.225082083527978538e-01
1.071600000000039017e+03,6.225525935640402464e-01
1.071700000000038926e+03,6.225969706366195622e-01
1.071800000000039063e+03,6.226413395723531252e-01
1.071900000000039199e+03,6.226857003730581486e-01
1.072000000000039108e+03,6.227300530405516232e-01
1.072100000000039017e+03,6.227743975766496520e-01
1.072200000000039154e+03,6.228187339831690039e-01
1.072300000000039290e+03,6.228630622619248935e-01
1.072400000000039199e+03,6.229073824147325356e-01
1.072500000000039108e+03,6.229516944434072556e-01
1.072600000000039245e+03,6.229959983497636022e-01
1.072700000000039381e+03,6.230402941356154578e-01
1.072800000000039290e+03,6.230845818027768157e-01
1.072900000000039199e+03,6.231288613530611142e-01
1.073000000000039336e+03,6.231731327882813476e-01
1.073100000000039472e+03,6.232173961102502879e-01
1.073200000000039381e+03,6.232616513207799303e-01
1.073300000000039290e+03,6.233058984216822696e-01
1.073400000000039427e+03,6.233501374147691898e-01
1.073500000000039563e+03,6.233943683018514648e-01
1.073600000000039472e+03,6.234385910847397572e-01
1.073700000000039381e+03,6.234828057652445077e-01
1.073800000000039518e+03,6.235270123451759350e-01
1.073900000000039654e+03,6.235712108263435915e-01
1.074000000000039563e+03,6.236154012105564748e-01
1.074100000000039472e+03,6.236595834996233600e-01
1.074200000000039608e+03,6.237037576953531337e-01
1.074300000000039745e+03,6.237479237995535719e-01
1.074400000000039654e+03,6.237920818140323398e-01
1.074500000000039563e+03,6.238362317405967694e-01
1.074600000000039699e+03,6.238803735810539708e-01
1.074700000000039836e+03,6.239245073372104988e-01
1.074800000000039745e+03,6.239686330108721313e-01
1.074900000000039654e+03,6.240127506038449789e-01
1.075000000000039790e+03,6.240568601179344865e-01
1.075100000000039927e+03,6.241009615549456546e-01
1.075200000000039836e+03,6.241450549166827066e-01
1.075300000000039745e+03,6.241891402049506432e-01
1.075400000000039881e+03,6.242332174215527996e-01
1.075500000000040018e+03,6.242772865682929551e-01
1.075600000000039927e+03,6.243213476469737788e-01
1.075700000000039836e+03,6.243654006593984951e-01
1.075800000000039972e+03,6.244094456073693289e-01
1.075900000000040109e+03,6.244534824926879502e-01
1.076000000000040018e+03,6.244975113171563619e-01
1.076100000000039927e+03,6.245415320825755678e-01
1.076200000000040063e+03,6.245855447907465718e-01
1.076300000000040200e+03,6.246295494434696005e-01
1.076400000000040109e+03,6.246735460425445474e-01
1.076500000000040018e+03,6.247175345897715282e-01
1.076600000000040154e+03,6.247615150869497702e-01
1.076700000000040291e+03,6.248054875358778348e-01
1.076800000000040200e+03,6.248494519383546164e-01
1.076900000000040109e+03,6.248934082961781211e-01
1.077000000000040245e+03,6.249373566111462441e-01
1.077100000000040382e+03,6.249812968850561035e-01
1.077200000000040291e+03,6.250252291197049281e-01
1.077300000000040200e+03,6.250691533168891700e-01
1.077400000000040336e+03,6.251130694784055031e-01
1.077500000000040473e+03,6.251569776060493799e-01
1.077600000000040382e+03,6.252008777016162533e-01
1.077700000000040291e+03,6.252447697669014648e-01
1.077800000000040427e+03,6.252886538036996900e-01
1.077900000000040563e+03,6.253325298138051602e-01
1.078000000000040473e+03,6.253763977990117739e-01
1.078100000000040382e+03,6.254202577611134295e-01
1.078200000000040518e+03,6.254641097019030260e-01
1.078300000000040654e+03,6.255079536231734627e-01
1.078400000000040563e+03,6.255517895267169726e-01
1.078500000000040473e+03,6.255956174143260107e-01
1.078600000000040609e+03,6.256394372877921439e-01
1.078700000000040745e+03,6.256832491489064951e-01
1.078800000000040654e+03,6.257270529994599650e-01
1.078900000000040563e+03,6.257708488412431214e-01
1.079000000000040700e+03,6.258146366760461987e-01
1.079100000000040836e+03,6.258584165056587656e-01
1.079200000000040745e+03,6.259021883318706125e-01
1.079300000000040654e+03,6.259459521564700868e-01
1.079400000000040791e+03,6.259897079812464238e-01
1.079500000000040927e+03,6.260334558079876377e-01
1.079600000000040836e+03,6.260771956384814096e-01
1.079700000000040745e+03,6.261209274745154207e-01
1.079800000000040882e+03,6.261646513178767970e-01
1.079900000000041018e+03,6.262083671703522203e-01
1.080000000000040927e+03,6.262520750337275954e-01
1.080100000000040836e+03,6.262957749097894933e-01
1.080200000000040973e+03,6.263394668003231525e-01
1.080300000000041109e+03,6.263831507071140337e-01
1.080400000000041018e+03,6.264268266319463763e-01
1.080500000000040927e+03,6.264704945766051969e-01
1.080600000000041064e+03,6.265141545428742909e-01
1.080700000000041200e+03,6.265578065325374535e-01
1.080800000000041109e+03,6.266014505473775920e-01
1.080900000000041018e+03,6.266450865891779465e-01
1.081000000000041155e+03,6.266887146597208691e-01
1.081100000000041291e+03,6.267323347607888229e-01
1.081200000000041200e+03,6.267759468941631606e-01
1.081300000000041109e+03,6.268195510616254573e-01
1.081400000000041246e+03,6.268631472649567327e-01
1.081500000000041382e+03,6.269067355059373403e-01
1.081600000000041291e+03,6.269503157863478560e-01
1.081700000000041200e+03,6.269938881079678561e-01
1.081800000000041337e+03,6.270374524725770282e-01
1.081900000000041473e+03,6.270810088819543937e-01
1.082000000000041382e+03,6.271245573378785299e-01
1.082100000000041291e+03,6.271680978421279029e-01
1.082200000000041427e+03,6.272116303964804240e-01
1.082300000000041564e+03,6.272551550027136713e-01
1.082400000000041473e+03,6.272986716626047787e-01
1.082500000000041382e+03,6.273421803779303252e-01
1.082600000000041518e+03,6.273856811504674447e-01
1.082700000000041655e+03,6.274291739819913838e-01
1.082800000000041564e+03,6.274726588742782774e-01
1.082900000000041473e+03,6.275161358291032609e-01
1.083000000000041609e+03,6.275596048482411371e-01
1.083100000000041746e+03,6.276030659334665973e-01
1.083200000000041655e+03,6.276465190865536670e-01
1.083300000000041564e+03,6.276899643092760384e-01
1.083400000000041700e+03,6.277334016034071817e-01
1.083500000000041837e+03,6.277768309707203453e-01
1.083600000000041746e+03,6.278202524129875561e-01
1.083700000000041655e+03,6.278636659319813962e-01
1.083800000000041791e+03,6.279070715294738925e-01
1.083900000000041928e+03,6.279504692072361838e-01
1.084000000000041837e+03,6.279938589670394089e-01
1.084100000000041746e+03,6.280372408106543736e-01
1.084200000000041882e+03,6.280806147398515504e-01
1.084300000000042019e+03,6.281239807564006350e-01
1.084400000000041928e+03,6.281673388620711007e-01
1.084500000000041837e+03,6.282106890586325321e-01
1.084600000000041973e+03,6.282540313478534033e-01
1.084700000000042110e+03,6.282973657315022997e-01
1.084800000000042019e+03,6.283406922113470294e-01
1.084900000000041928e+03,6.283840107891556226e-01
1.085000000000042064e+03,6.284273214666952212e-01
1.085100000000042201e+03,6.284706242457326342e-01
1.085200000000042110e+03,6.285139191280342263e-01
1.085300000000042019e+03,6.285572061153663626e-01
1.085400000000042155e+03,6.286004852094949635e-01
1.085500000000042292e+03,6.286437564121851729e-01
1.085600000000042201e+03,6.286870197252020231e-01
1.085700000000042110e+03,6.287302751503099918e-01
1.085800000000042246e+03,6.287735226892735563e-01
1.085900000000042382e+03,6.288167623438567500e-01
1.086000000000042292e+03,6.288599941158223849e-01
1.086100000000042201e+03,6.289032180069340505e-01
1.086200000000042337e+03,6.289464340189545588e-01
1.086300000000042473e+03,6.289896421536460558e-01
1.086400000000042382e+03,6.290328424127702434e-01
1.086500000000042292e+03,6.290760347980891565e-01
1.086600000000042428e+03,6.291192193113636089e-01
1.086700000000042564e+03,6.291623959543547473e-01
1.086800000000042473e+03,6.292055647288227194e-01
1.086900000000042382e+03,6.292487256365276727e-01
1.087000000000042519e+03,6.292918786792295327e-01
1.087100000000042655e+03,6.293350238586870038e-01
1.087200000000042564e+03,6.293781611766596784e-01
1.087300000000042473e+03,6.294212906349055947e-01
1.087400000000042610e+03,6.294644122351831239e-01
1.087500000000042746e+03,6.295075259792500821e-01
1.087600000000042655e+03,6.295506318688636194e-01
1.087700000000042564e+03,6.295937299057809966e-01
1.087800000000042701e+03,6.296368200917586977e-01
1.087900000000042837e+03,6.296799024285528734e-01
1.088000000000042746e+03,6.297229769179196746e-01
1.088100000000042655e+03,6.297660435616144747e-01
1.088200000000042792e+03,6.298091023613923145e-01
1.088300000000042928e+03,6.298521533190080124e-01
1.088400000000042837e+03,6.298951964362159428e-01
1.088500000000042746e+03,6.299382317147698140e-01
1.088600000000042883e+03,6.299812591564235564e-01
1.088700000000043019e+03,6.300242787629302121e-01
1.088800000000042928e+03,6.300672905360426013e-01
1.088900000000042837e+03,6.301102944775129888e-01
1.089000000000042974e+03,6.301532905890939729e-01
1.089100000000043110e+03,6.301962788725369302e-01
1.089200000000043019e+03,6.302392593295929046e-01
1.089300000000042928e+03,6.302822319620131619e-01
1.089400000000043065e+03,6.303251967715484128e-01
1.089500000000043201e+03,6.303681537599485907e-01
1.089600000000043110e+03,6.304111029289631851e-01
1.089700000000043019e+03,6.304540442803419076e-01
1.089800000000043156e+03,6.304969778158340254e-01
1.089900000000043292e+03,6.305399035371878069e-01
1.090000000000043201e+03,6.305828214461517423e-01
1.090100000000043110e+03,6.306257315444736555e-01
1.090200000000043246e+03,6.306686338339011488e-01
1.090300000000043383e+03,6.307115283161810471e-01
1.090400000000043292e+03,6.307544149930603972e-01
1.090500000000043201e+03,6.307972938662854689e-01
1.090600000000043337e+03,6.308401649376023101e-01
1.090700000000043474e+03,6.308830282087564134e-01
1.090800000000043383e+03,6.309258836814931604e-01
1.090900000000043292e+03,6.309687313575573775e-01
1.091000000000043428e+03,6.310115712386933362e-01
1.091100000000043565e+03,6.310544033266455299e-01
1.091200000000043474e+03,6.310972276231571199e-01
1.091300000000043383e+03,6.311400441299719333e-01
1.091400000000043519e+03,6.311828528488327983e-01
1.091500000000043656e+03,6.312256537814823210e-01
1.091600000000043565e+03,6.312684469296623302e-01
1.091700000000043474e+03,6.313112322951150990e-01
1.091800000000043610e+03,6.313540098795820121e-01
1.091900000000043747e+03,6.313967796848037883e-01
1.092000000000043656e+03,6.314395417125213683e-01
1.092100000000043565e+03,6.314822959644751377e-01
1.092200000000043701e+03,6.315250424424049269e-01
1.092300000000043838e+03,6.315677811480502335e-01
1.092400000000043747e+03,6.316105120831499997e-01
1.092500000000043656e+03,6.316532352494433900e-01
1.092600000000043792e+03,6.316959506486687914e-01
1.092700000000043929e+03,6.317386582825639252e-01
1.092800000000043838e+03,6.317813581528666234e-01
1.092900000000043747e+03,6.318240502613142739e-01
1.093000000000043883e+03,6.318667346096435988e-01
1.093100000000044020e+03,6.319094111995908758e-01
1.093200000000043929e+03,6.319520800328926047e-01
1.093300000000043838e+03,6.319947411112843971e-01
1.093400000000043974e+03,6.320373944365017538e-01
1.093500000000044110e+03,6.320800400102796202e-01
1.093600000000044020e+03,6.321226778343523867e-01
1.093700000000043929e+03,6.321653079104544437e-01
1.093800000000044065e+03,6.322079302403197376e-01
1.093900000000044201e+03,6.322505448256815486e-01
1.094000000000044110e+03,6.322931516682731568e-01
1.094100000000044020e+03,6.323357507698270652e-01
1.094200000000044156e+03,6.323783421320759990e-01
1.094300000000044292e+03,6.324209257567515730e-01
1.094400000000044201e+03,6.324635016455852909e-01
1.094500000000044110e+03,6.325060698003085458e-01
1.094600000000044247e+03,6.325486302226522861e-01
1.094700000000044383e+03,6.325911829143467946e-01
1.094800000000044292e+03,6.326337278771220207e-01
1.094900000000044201e+03,6.326762651127076920e-01
1.095000000000044338e+03,6.327187946228335358e-01
1.095100000000044474e+03,6.327613164092279474e-01
1.095200000000044383e+03,6.328038304736194331e-01
1.095300000000044292e+03,6.328463368177366100e-01
1.095400000000044429e+03,6.328888354433073182e-01
1.095500000000044565e+03,6.329313263520583988e-01
1.095600000000044474e+03,6.329738095457173586e-01
1.095700000000044383e+03,6.330162850260107055e-01
1.095800000000044520e+03,6.330587527946646142e-01
1.095900000000044656e+03,6.331012128534052597e-01
1.096000000000044565e+03,6.331436652039577062e-01
1.096100000000044474e+03,6.331861098480474626e-01
1.096200000000044611e+03,6.332285467873994822e-01
1.096300000000044747e+03,6.332709760237377195e-01
1.096400000000044656e+03,6.333133975587863507e-01
1.096500000000044565e+03,6.333558113942688861e-01
1.096600000000044702e+03,6.333982175319088359e-01
1.096700000000044838e+03,6.334406159734290442e-01
1.096800000000044747e+03,6.334830067205516890e-01
1.096900000000044656e+03,6.335253897749990593e-01
1.097000000000044793e+03,6.335677651384931108e-01
1.097100000000044929e+03,6.336101328127550225e-01
1.097200000000044838e+03,6.336524927995055290e-01
1.097300000000044747e+03,6.336948451004655869e-01
1.097400000000044884e+03,6.337371897173554869e-01
1.097500000000045020e+03,6.337795266518947424e-01
1.097600000000044929e+03,6.338218559058028667e-01
1.097700000000044838e+03,6.338641774807992624e-01
1.097800000000044975e+03,6.339064913786025546e-01
1.097900000000045111e+03,6.339487976009307024e-01
1.098000000000045020e+03,6.339910961495018871e-01
1.098100000000044929e+03,6.340333870260339566e-01
1.098200000000045065e+03,6.340756702322437599e-01
1.098300000000045202e+03,6.341179457698483679e-01
1.098400000000045111e+03,6.341602136405640744e-01
1.098500000000045020e+03,6.342024738461067290e-01
1.098600000000045156e+03,6.342447263881926256e-01
1.098700000000045293e+03,6.342869712685366146e-01
1.098800000000045202e+03,6.343292084888536575e-01
1.098900000000045111e+03,6.343714380508583828e-01
1.099000000000045247e+03,6.344136599562650858e-01
1.099100000000045384e+03,6.344558742067875068e-01
1.099200000000045293e+03,6.344980808041387199e-01
1.099300000000045202e+03,6.345402797500323544e-01
1.099400000000045338e+03,6.345824710461805962e-01
1.099500000000045475e+03,6.346246546942960753e-01
1.099600000000045384e+03,6.346668306960905337e-01
1.099700000000045293e+03,6.347089990532756021e-01
1.099800000000045429e+03,6.347511597675622452e-01
1.099900000000045566e+03,6.347933128406614278e-01
1.100000000000045475e+03,6.348354582742836705e-01
1.100100000000045384e+03,6.348775960701383836e-01
1.100200000000045520e+03,6.349197262299360878e-01
1.100300000000045657e+03,6.349618487553855273e-01
1.100400000000045566e+03,6.350039636481954464e-01
1.100500000000045475e+03,6.350460709100749224e-01
1.100600000000045611e+03,6.350881705427315893e-01
1.100700000000045748e+03,6.351302625478734143e-01
1.100800000000045657e+03,6.351723469272079203e-01
1.100900000000045566e+03,6.352144236824417423e-01
1.101000000000045702e+03,6.352564928152817370e-01
1.101100000000045839e+03,6.352985543274344282e-01
1.101200000000045748e+03,6.353406082206052297e-01
1.101300000000045657e+03,6.353826544964996659e-01
1.101400000000045793e+03,6.354246931568231505e-01
1.101500000000045929e+03,6.354667242032803198e-01
1.101600000000045839e+03,6.355087476375751443e-01
1.101700000000045748e+03,6.355507634614124823e-01
1.101800000000045884e+03,6.355927716764951940e-01
1.101900000000046020e+03,6.356347722845270276e-01
1.102000000000045929e+03,6.356767652872102881e-01
1.102100000000045839e+03,6.357187506862477244e-01
1.102200000000045975e+03,6.357607284833416417e-01
1.102300000000046111e+03,6.358026986801935676e-01
1.102400000000046020e+03,6.358446612785048080e-01
1.102500000000045929e+03,6.358866162799763355e-01
1.102600000000046066e+03,6.359285636863090119e-01
1.102700000000046202e+03,6.359705034992028105e-01
1.102800000000046111e+03,6.360124357203575940e-01
1.102900000000046020e+03,6.360543603514727806e-01
1.103000000000046157e+03,6.360962773942477888e-01
1.103100000000046293e+03,6.361381868503810377e-01
1.103200000000046202e+03,6.361800887215708356e-01
1.103300000000046111e+03,6.362219830095152684e-01
1.103400000000046248e+03,6.362638697159118673e-01
1.103500000000046384e+03,6.363057488424579411e-01
1.103600000000046293e+03,6.363476203908500217e-01
1.103700000000046202e+03,6.363894843627849740e-01
1.103800000000046339e+03,6.364313407599587746e-01
1.103900000000046475e+03,6.364731895840669562e-01
1.104000000000046384e+03,6.365150308368048293e-01
1.104100000000046293e+03,6.365568645198674824e-01
1.104200000000046430e+03,6.365986906349495600e-01
1.104300000000046566e+03,6.366405091837450403e-01
1.104400000000046475e+03,6.366823201679480126e-01
1.104500000000046384e+03,6.367241235892515672e-01
1.104600000000046521e+03,6.367659194493491270e-01
1.104700000000046657e+03,6.368077077499331162e-01
1.104800000000046566e+03,6.368494884926961808e-01
1.104900000000046475e+03,6.368912616793299675e-01
1.105000000000046612e+03,6.369330273115260121e-01
1.105100000000046748e+03,6.369747853909757396e-01
1.105200000000046657e+03,6.370165359193697974e-01
1.105300000000046566e+03,6.370582788983987221e-01
1.105400000000046703e+03,6.371000143297523843e-01
1.105500000000046839e+03,6.371417422151208765e-01
1.105600000000046748e+03,6.371834625561928478e-01
1.105700000000046657e+03,6.372251753546578357e-01
1.105800000000046794e+03,6.372668806122042673e-01
1.105900000000046930e+03,6.373085783305202368e-01
1.106000000000046839e+03,6.373502685112933941e-01
1.106100000000046748e+03,6.373919511562115003e-01
1.106200000000046884e+03,6.374336262669613173e-01
1.106300000000047021e+03,6.374752938452298290e-01
1.106400000000046930e+03,6.375169538927027979e-01
1.106500000000046839e+03,6.375586064110667639e-01
1.106600000000046975e+03,6.376002514020071565e-01
1.106700000000047112e+03,6.376418888672089613e-01
1.106800000000047021e+03,6.376835188083570527e-01
1.106900000000046930e+03,6.377251412271356390e-01
1.107000000000047066e+03,6.377667561252292616e-01
1.107100000000047203e+03,6.378083635043212407e-01
1.107200000000047112e+03,6.378499633660948964e-01
1.107300000000047021e+03,6.378915557122329938e-01
1.107400000000047157e+03,6.379331405444188530e-01
1.107500000000047294e+03,6.379747178643337957e-01
1.107600000000047203e+03,6.380162876736598099e-01
1.107700000000047112e+03,6.380578499740785503e-01
1.107800000000047248e+03,6.380994047672710057e-01
1.107900000000047385e+03,6.381409520549178316e-01
1.108000000000047294e+03,6.381824918386991286e-01
1.108100000000047203e+03,6.382240241202951081e-01
1.108200000000047339e+03,6.382655489013850936e-01
1.108300000000047476e+03,6.383070661836484083e-01
1.108400000000047385e+03,6.383485759687637096e-01
1.108500000000047294e+03,6.383900782584096545e-01
1.108600000000047430e+03,6.384315730542640122e-01
1.108700000000047567e+03,6.384730603580047736e-01
1.108800000000047476e+03,6.385145401713090418e-01
1.108900000000047385e+03,6.385560124958535866e-01
1.109000000000047521e+03,6.385974773333153998e-01
1.109100000000047658e+03,6.386389346853701410e-01
1.109200000000047567e+03,6.386803845536939139e-01
1.109300000000047476e+03,6.387218269399620452e-01
1.109400000000047612e+03,6.387632618458497502e-01
1.109500000000047748e+03,6.388046892730315784e-01
1.109600000000047658e+03,6.388461092231816352e-01
1.109700000000047567e+03,6.388875216979742477e-01
1.109800000000047703e+03,6.389289266990827443e-01
1.109900000000047839e+03,6.389703242281803419e-01
1.110000000000047748e+03,6.390117142869397027e-01
1.110100000000047658e+03,6.390530968770333775e-01
1.110200000000047794e+03,6.390944720001334733e-01
1.110300000000047930e+03,6.391358396579118750e-01
1.110400000000047839e+03,6.391771998520393572e-01
1.110500000000047748e+03,6.392185525841871385e-01
1.110600000000047885e+03,6.392598978560259937e-01
1.110700000000048021e+03,6.393012356692258091e-01
1.110800000000047930e+03,6.393425660254562493e-01
1.110900000000047839e+03,6.393838889263869785e-01
1.111000000000047976e+03,6.394252043736873281e-01
1.111100000000048112e+03,6.394665123690256303e-01
1.111200000000048021e+03,6.395078129140702172e-01
1.111300000000047930e+03,6.395491060104889769e-01
1.111400000000048067e+03,6.395903916599497974e-01
1.111500000000048203e+03,6.396316698641196785e-01
1.111600000000048112e+03,6.396729406246651761e-01
1.111700000000048021e+03,6.397142039432530680e-01
1.111800000000048158e+03,6.397554598215493549e-01
1.111900000000048294e+03,6.397967082612198153e-01
1.112000000000048203e+03,6.398379492639295618e-01
1.112100000000048112e+03,6.398791828313435959e-01
1.112200000000048249e+03,6.399204089651266969e-01
1.112300000000048385e+03,6.399616276669429782e-01
1.112400000000048294e+03,6.400028389384558869e-01
1.112500000000048203e+03,6.400440427813293143e-01
1.112600000000048340e+03,6.400852391972262634e-01
1.112700000000048476e+03,6.401264281878096263e-01
1.112800000000048385e+03,6.401676097547411848e-01
1.112900000000048294e+03,6.402087838996832758e-01
1.113000000000048431e+03,6.402499506242975702e-01
1.113100000000048567e+03,6.402911099302450726e-01
1.113200000000048476e+03,6.403322618191866766e-01
1.113300000000048385e+03,6.403734062927827209e-01
1.113400000000048522e+03,6.404145433526937659e-01
1.113500000000048658e+03,6.404556730005790399e-01
1.113600000000048567e+03,6.404967952380981044e-01
1.113700000000048476e+03,6.405379100669098547e-01
1.113800000000048612e+03,6.405790174886730748e-01
1.113900000000048749e+03,6.406201175050456609e-01
1.114000000000048658e+03,6.406612101176857310e-01
1.114100000000048567e+03,6.407022953282506261e-01
1.114200000000048703e+03,6.407433731383976871e-01
1.114300000000048840e+03,6.407844435497834779e-01
1.114400000000048749e+03,6.408255065640641179e-01
1.114500000000048658e+03,6.408665621828959491e-01
1.114600000000048794e+03,6.409076104079345360e-01
1.114700000000048931e+03,6.409486512408352210e-01
1.114800000000048840e+03,6.409896846832524586e-01
1.114900000000048749e+03,6.410307107368411472e-01
1.115000000000048885e+03,6.410717294032554081e-01
1.115100000000049022e+03,6.411127406841486964e-01
1.115200000000048931e+03,6.411537445811744673e-01
1.115300000000048840e+03,6.411947410959861759e-01
1.115400000000048976e+03,6.412357302302359452e-01
1.115500000000049113e+03,6.412767119855763420e-01
1.115600000000049022e+03,6.413176863636588232e-01
1.115700000000048931e+03,6.413586533661352895e-01
1.115800000000049067e+03,6.413996129946569758e-01
1.115900000000049204e+03,6.414405652508744504e-01
1.116000000000049113e+03,6.414815101364380601e-01
1.116100000000049022e+03,6.415224476529979292e-01
1.116200000000049158e+03,6.415633778022037381e-01
1.116300000000049295e+03,6.416043005857048342e-01
1.116400000000049204e+03,6.416452160051498987e-01
1.116500000000049113e+03,6.416861240621877238e-01
1.116600000000049249e+03,6.417270247584663245e-01
1.116700000000049386e+03,6.417679180956336049e-01
1.116800000000049295e+03,6.418088040753369139e-01
1.116900000000049204e+03,6.418496826992230453e-01
1.117000000000049340e+03,6.418905539689394590e-01
1.117100000000049477e+03,6.419314178861316167e-01
1.117200000000049386e+03,6.419722744524457569e-01
1.117300000000049295e+03,6.420131236695276744e-01
1.117400000000049431e+03,6.420539655390223865e-01
1.117500000000049567e+03,6.420948000625746888e-01
1.117600000000049477e+03,6.421356272418289324e-01
1.117700000000049386e+03,6.421764470784293577e-01
1.117800000000049522e+03,6.422172595740196499e-01
1.117900000000049658e+03,6.422580647302431611e-01
1.118000000000049567e+03,6.422988625487427994e-01
1.118100000000049477e+03,6.423396530311611397e-01
1.118200000000049613e+03,6.423804361791404238e-01
1.118300000000049749e+03,6.424212119943225607e-01
1.118400000000049658e+03,6.424619804783489041e-01
1.118500000000049567e+03,6.425027416328605856e-01
1.118600000000049704e+03,6.425434954594986259e-01
1.118700000000049840e+03,6.425842419599030464e-01
1.118800000000049749e+03,6.426249811357138686e-01
1.118900000000049658e+03,6.426657129885708919e-01
1.119000000000049795e+03,6.427064375201131385e-01
1.119100000000049931e+03,6.427471547319798528e-01
1.119200000000049840e+03,6.427878646258090578e-01
1.119300000000049749e+03,6.428285672032392206e-01
1.119400000000049886e+03,6.428692624659081423e-01
1.119500000000050022e+03,6.429099504154530687e-01
1.119600000000049931e+03,6.429506310535109126e-01
1.119700000000049840e+03,6.429913043817186979e-01
1.119800000000049977e+03,6.430319704017122273e-01
1.119900000000050113e+03,6.430726291151279694e-01
1.120000000000050022e+03,6.431132805236009498e-01
1.120100000000049931e+03,6.431539246287665268e-01
1.120200000000050068e+03,6.431945614322597260e-01
1.120300000000050204e+03,6.432351909357146846e-01
1.120400000000050113e+03,6.432758131407654290e-01
1.120500000000050022e+03,6.433164280490457632e-01
1.120600000000050159e+03,6.433570356621892694e-01
1.120700000000050295e+03,6.433976359818285307e-01
1.120800000000050204e+03,6.434382290095962409e-01
1.120900000000050113e+03,6.434788147471245390e-01
1.121000000000050250e+03,6.435193931960454528e-01
1.121100000000050386e+03,6.435599643579902329e-01
1.121200000000050295e+03,6.436005282345897971e-01
1.121300000000050204e+03,6.436410848274755070e-01
1.121400000000050341e+03,6.436816341382770590e-01
1.121500000000050477e+03,6.437221761686249266e-01
1.121600000000050386e+03,6.437627109201484732e-01
1.121700000000050295e+03,6.438032383944769510e-01
1.121800000000050431e+03,6.438437585932392793e-01
1.121900000000050568e+03,6.438842715180639331e-01
1.122000000000050477e+03,6.439247771705790546e-01
1.122100000000050386e+03,6.439652755524123418e-01
1.122200000000050522e+03,6.440057666651913815e-01
1.122300000000050659e+03,6.440462505105432056e-01
1.122400000000050568e+03,6.440867270900940689e-01
1.122500000000050477e+03,6.441271964054707810e-01
1.122600000000050613e+03,6.441676584582989307e-01
1.122700000000050750e+03,6.442081132502039953e-01
1.122800000000050659e+03,6.442485607828114524e-01
1.122900000000050568e+03,6.442890010577457804e-01
1.123000000000050704e+03,6.443294340766316797e-01
1.123100000000050841e+03,6.443698598410932954e-01
1.123200000000050750e+03,6.444102783527539957e-01
1.123300000000050659e+03,6.444506896132372598e-01
1.123400000000050795e+03,6.444910936241661226e-01
1.123500000000050932e+03,6.445314903871631751e-01
1.123600000000050841e+03,6.445718799038504532e-01
1.123700000000050750e+03,6.446122621758497706e-01
1.123800000000050886e+03,6.446526372047830522e-01
1.123900000000051023e+03,6.446930049922710015e-01
1.124000000000050932e+03,6.447333655399345442e-01
1.124100000000050841e+03,6.447737188493939398e-01
1.124200000000050977e+03,6.448140649222692256e-01
1.124300000000051114e+03,6.448544037601801060e-01
1.124400000000051023e+03,6.448947353647457303e-01
1.124500000000050932e+03,6.449350597375851368e-01
1.124600000000051068e+03,6.449753768803166976e-01
1.124700000000051205e+03,6.450156867945587846e-01
1.124800000000051114e+03,6.450559894819288820e-01
1.124900000000051023e+03,6.450962849440446956e-01
1.125000000000051159e+03,6.451365731825233762e-01
1.125100000000051296e+03,6.451768541989810757e-01
1.125200000000051205e+03,6.452171279950347227e-01
1.125300000000051114e+03,6.452573945722998028e-01
1.125400000000051250e+03,6.452976539323923566e-01
1.125500000000051386e+03,6.453379060769269815e-01
1.125600000000051296e+03,6.453781510075189409e-01
1.125700000000051205e+03,6.454183887257828323e-01
1.125800000000051341e+03,6.454586192333323647e-01
1.125900000000051477e+03,6.454988425317815803e-01
1.126000000000051386e+03,6.455390586227437444e-01
1.126100000000051296e+03,6.455792675078317888e-01
1.126200000000051432e+03,6.456194691886585346e-01
1.126300000000051568e+03,6.456596636668360256e-01
1.126400000000051477e+03,6.456998509439761946e-01
1.126500000000051386e+03,6.457400310216907524e-01
1.126600000000051523e+03,6.457802039015906326e-01
1.126700000000051659e+03,6.458203695852867687e-01
1.126800000000051568e+03,6.458605280743895394e-01
1.126900000000051477e+03,6.459006793705089899e-01
1.127000000000051614e+03,6.459408234752548328e-01
1.127100000000051750e+03,6.459809603902366693e-01
1.127200000000051659e+03,6.460210901170628794e-01
1.127300000000051568e+03,6.460612126573423986e-01
1.127400000000051705e+03,6.461013280126833846e-01
1.127500000000051841e+03,6.461414361846937737e-01
1.127600000000051750e+03,6.461815371749807246e-01
1.127700000000051659e+03,6.462216309851518403e-01
1.127800000000051796e+03,6.462617176168136135e-01
1.127900000000051932e+03,6.463017970715724259e-01
1.128000000000051841e+03,6.463418693510339930e-01
1.128100000000051750e+03,6.463819344568045855e-01
1.128200000000051887e+03,6.464219923904890308e-01
1.128300000000052023e+03,6.464620431536923784e-01
1.128400000000051932e+03,6.465020867480192335e-01
1.128500000000051841e+03,6.465421231750735354e-01
1.128600000000051978e+03,6.465821524364593342e-01
1.128700000000052114e+03,6.466221745337801252e-01
1.128800000000052023e+03,6.466621894686387373e-01
1.128900000000051932e+03,6.467021972426378884e-01
1.129000000000052069e+03,6.467421978573800745e-01
1.129100000000052205e+03,6.467821913144674584e-01
1.129200000000052114e+03,6.468221776155010927e-01
1.129300000000052023e+03,6.468621567620825852e-01
1.129400000000052160e+03,6.469021287558127664e-01
1.129500000000052296e+03,6.469420935982922449e-01
1.129600000000052205e+03,6.469820512911208521e-01
1.129700000000052114e+03,6.470220018358986414e-01
1.129800000000052250e+03,6.470619452342250000e-01
1.129900000000052387e+03,6.471018814876988712e-01
1.130000000000052296e+03,6.471418105979188651e-01
1.130100000000052205e+03,6.471817325664832588e-01
1.130200000000052341e+03,6.472216473949904403e-01
1.130300000000052478e+03,6.472615550850375765e-01
1.130400000000052387e+03,6.473014556382217233e-01
1.130500000000052296e+03,6.473413490561400474e-01
1.130600000000052432e+03,6.473812353403888276e-01
1.130700000000052569e+03,6.474211144925644534e-01
1.130800000000052478e+03,6.474609865142623155e-01
1.130900000000052387e+03,6.475008514070781374e-01
1.131000000000052523e+03,6.475407091726065323e-01
1.131100000000052660e+03,6.475805598124424467e-01
1.131200000000052569e+03,6.476204033281801609e-01
1.131300000000052478e+03,6.476602397214133999e-01
1.131400000000052614e+03,6.477000689937357780e-01
1.131500000000052751e+03,6.477398911467406872e-01
1.131600000000052660e+03,6.477797061820206315e-01
1.131700000000052569e+03,6.478195141011680036e-01
1.131800000000052705e+03,6.478593149057754186e-01
1.131900000000052842e+03,6.478991085974340480e-01
1.132000000000052751e+03,6.479388951777353967e-01
1.132100000000052660e+03,6.479786746482704141e-01
1.132200000000052796e+03,6.480184470106299388e-01
1.132300000000052933e+03,6.480582122664041433e-01
1.132400000000052842e+03,6.480979704171826450e-01
1.132500000000052751e+03,6.481377214645551721e-01
1.132600000000052887e+03,6.481774654101111199e-01
1.132700000000053024e+03,6.482172022554389956e-01
1.132800000000052933e+03,6.482569320021269732e-01
1.132900000000052842e+03,6.482966546517636708e-01
1.133000000000052978e+03,6.483363702059365963e-01
1.133100000000053114e+03,6.483760786662330355e-01
1.133200000000053024e+03,6.484157800342398303e-01
1.133300000000052933e+03,6.484554743115437114e-01
1.133400000000053069e+03,6.484951614997307434e-01
1.133500000000053205e+03,6.485348416003871019e-01
1.133600000000053114e+03,6.485745146150980744e-01
1.133700000000053024e+03,6.486141805454488374e-01
1.133800000000053160e+03,6.486538393930243451e-01
1.133900000000053296e+03,6.486934911594088859e-01
1.134000000000053205e+03,6.487331358461863040e-01
1.134100000000053114e+03,6.487727734549405545e-01
1.134200000000053251e+03,6.488124039872549265e-01
1.134300000000053387e+03,6.488520274447121539e-01
1.134400000000053296e+03,6.488916438288950816e-01
1.134500000000053205e+03,6.489312531413857776e-01
1.134600000000053342e+03,6.489708553837663096e-01
1.134700000000053478e+03,6.490104505576179683e-01
1.134800000000053387e+03,6.490500386645218223e-01
1.134900000000053296e+03,6.490896197060588291e-01
1.135000000000053433e+03,6.491291936838092802e-01
1.135100000000053569e+03,6.491687605993533561e-01
1.135200000000053478e+03,6.492083204542705710e-01
1.135300000000053387e+03,6.492478732501402172e-01
1.135400000000053524e+03,6.492874189885414760e-01
1.135500000000053660e+03,6.493269576710527513e-01
1.135600000000053569e+03,6.493664892992521143e-01
1.135700000000053478e+03,6.494060138747176358e-01
1.135800000000053615e+03,6.494455313990267209e-01
1.135900000000053751e+03,6.494850418737566633e-01
1.136000000000053660e+03,6.495245453004839797e-01
1.136100000000053569e+03,6.495640416807851869e-01
1.136200000000053706e+03,6.496035310162364684e-01
1.136300000000053842e+03,6.496430133084131198e-01
1.136400000000053751e+03,6.496824885588906584e-01
1.136500000000053660e+03,6.497219567692442688e-01
1.136600000000053797e+03,6.497614179410481361e-01
1.136700000000053933e+03,6.498008720758767787e-01
1.136800000000053842e+03,6.498403191753036046e-01
1.136900000000053751e+03,6.498797592409026880e-01
1.137000000000053888e+03,6.499191922742468819e-01
1.137100000000054024e+03,6.499586182769089282e-01
1.137200000000053933e+03,6.499980372504611248e-01
1.137300000000053842e+03,6.500374491964755475e-01
1.137400000000053979e+03,6.500768541165242720e-01
1.137500000000054115e+03,6.501162520121782640e-01
1.137600000000054024e+03,6.501556428850083780e-01
1.137700000000053933e+03,6.501950267365851355e-01
1.137800000000054069e+03,6.502344035684791690e-01
1.137900000000054206e+03,6.502737733822601118e-01
1.138000000000054115e+03,6.503131361794972642e-01
1.138100000000054024e+03,6.503524919617600375e-01
1.138200000000054160e+03,6.503918407306172877e-01
1.138300000000054297e+03,6.504311824876370940e-01
1.138400000000054206e+03,6.504705172343878683e-01
1.138500000000054115e+03,6.505098449724368015e-01
1.138600000000054251e+03,6.505491657033517505e-01
1.138700000000054388e+03,6.505884794286992401e-01
1.138800000000054297e+03,6.506277861500461279e-01
1.138900000000054206e+03,6.506670858689586057e-01
1.139000000000054342e+03,6.507063785870024208e-01
1.139100000000054479e+03,6.507456643057433210e-01
1.139200000000054388e+03,6.507849430267460544e-01
1.139300000000054297e+03,6.508242147515758136e-01
1.139400000000054433e+03,6.508634794817967917e-01
1.139500000000054570e+03,6.509027372189731819e-01
1.139600000000054479e+03,6.509419879646685114e-01
1.139700000000054388e+03,6.509812317204461962e-01
1.139800000000054524e+03,6.510204684878694303e-01
1.139900000000054661e+03,6.510596982685004086e-01
1.140000000000054570e+03,6.510989210639016589e-01
1.140100000000054479e+03,6.511381368756350430e-01
1.140200000000054615e+03,6.511773457052620895e-01
1.140300000000054752e+03,6.512165475543438831e-01
1.140400000000054661e+03,6.512557424244412863e-01
1.140500000000054570e+03,6.512949303171146065e-01
1.140600000000054706e+03,6.513341112339241512e-01
1.140700000000054843e+03,6.513732851764293397e-01
1.140800000000054752e+03,6.514124521461899242e-01
1.140900000000054661e+03,6.514516121447645469e-01
1.141000000000054797e+03,6.514907651737120720e-01
1.141100000000054933e+03,6.515299112345904753e-01
1.141200000000054843e+03,6.515690503289579549e-01
1.141300000000054752e+03,6.516081824583720428e-01
1.141400000000054888e+03,6.516473076243899376e-01
1.141500000000055024e+03,6.516864258285682832e-01
1.141600000000054933e+03,6.517255370724636121e-01
1.141700000000054843e+03,6.517646413576321240e-01
1.141800000000054979e+03,6.518037386856294635e-01
1.141900000000055115e+03,6.518428290580111639e-01
1.142000000000055024e+03,6.518819124763320927e-01
1.142100000000054933e+03,6.519209889421466730e-01
1.142200000000055070e+03,6.519600584570098833e-01
1.142300000000055206e+03,6.519991210224751477e-01
1.142400000000055115e+03,6.520381766400961121e-01
1.142500000000055024e+03,6.520772253114259787e-01
1.142600000000055161e+03,6.521162670380177273e-01
1.142700000000055297e+03,6.521553018214240049e-01
1.142800000000055206e+03,6.521943296631965703e-01
1.142900000000055115e+03,6.522333505648870711e-01
1.143000000000055252e+03,6.522723645280477101e-01
1.143100000000055388e+03,6.523113715542288027e-01
1.143200000000055297e+03,6.523503716449815526e-01
1.143300000000055206e+03,6.523893648018556091e-01
1.143400000000055343e+03,6.524283510264018426e-01
1.143500000000055479e+03,6.524673303201691255e-01
1.143600000000055388e+03,6.525063026847068848e-01
1.143700000000055297e+03,6.525452681215644368e-01
1.143800000000055434e+03,6.525842266322898766e-01
1.143900000000055570e+03,6.526231782184315211e-01
1.144000000000055479e+03,6.526621228815370213e-01
1.144100000000055388e+03,6.527010606231540280e-01
1.144200000000055525e+03,6.527399914448297480e-01
1.144300000000055661e+03,6.527789153481106110e-01
1.144400000000055570e+03,6.528178323345431577e-01
1.144500000000055479e+03,6.528567424056733737e-01
1.144600000000055616e+03,6.528956455630469113e-01
1.144700000000055752e+03,6.529345418082090902e-01
1.144800000000055661e+03,6.529734311427048965e-01
1.144900000000055570e+03,6.530123135680787616e-01
1.145000000000055707e+03,6.530511890858750057e-01
1.145100000000055843e+03,6.530900576976373939e-01
1.145200000000055752e+03,6.531289194049094693e-01
1.145300000000055661e+03,6.531677742092344419e-01
1.145400000000055797e+03,6.532066221121552996e-01
1.145500000000055934e+03,6.532454631152140312e-01
1.145600000000055843e+03,6.532842972199528475e-01
1.145700000000055752e+03,6.533231244279135153e-01
1.145800000000055888e+03,6.533619447406373570e-01
1.145900000000056025e+03,6.534007581596652514e-01
1.146000000000055934e+03,6.534395646865380769e-01
1.146100000000055843e+03,6.534783643227960459e-01
1.146200000000055979e+03,6.535171570699787047e-01
1.146300000000056116e+03,6.535559429296262657e-01
1.146400000000056025e+03,6.535947219032771649e-01
1.146500000000055934e+03,6.536334939924708376e-01
1.146600000000056070e+03,6.536722591987452757e-01
1.146700000000056207e+03,6.537110175236391374e-01
1.146800000000056116e+03,6.537497689686898594e-01
1.146900000000056025e+03,6.537885135354346566e-01
1.147000000000056161e+03,6.538272512254107438e-01
1.147100000000056298e+03,6.538659820401550027e-01
1.147200000000056207e+03,6.539047059812037599e-01
1.147300000000056116e+03,6.539434230500923428e-01
1.147400000000056252e+03,6.539821332483573002e-01
1.147500000000056389e+03,6.540208365775331822e-01
1.147600000000056298e+03,6.540595330391552054e-01
1.147700000000056207e+03,6.540982226347578088e-01
1.147800000000056343e+03,6.541369053658750987e-01
1.147900000000056480e+03,6.541755812340410703e-01
1.148000000000056389e+03,6.542142502407890525e-01
1.148100000000056298e+03,6.542529123876521524e-01
1.148200000000056434e+03,6.542915676761630328e-01
1.148300000000056571e+03,6.543302161078543566e-01
1.148400000000056480e+03,6.543688576842578986e-01
1.148500000000056389e+03,6.544074924069053223e-01
1.148600000000056525e+03,6.544461202773281805e-01
1.148700000000056662e+03,6.544847412970573597e-01
1.148800000000056571e+03,6.545233554676231913e-01
1.148900000000056480e+03,6.545619627905562288e-01
1.149000000000056616e+03,6.546005632673861374e-01
1.149100000000056752e+03,6.546391568996426935e-01
1.149200000000056662e+03,6.546777436888546742e-01
1.149300000000056571e+03,6.547163236365513006e-01
1.149400000000056707e+03,6.547548967442607948e-01
1.149500000000056843e+03,6.547934630135113787e-01
1.149600000000056752e+03,6.548320224458308303e-01
1.149700000000056662e+03,6.548705750427462613e-01
1.149800000000056798e+03,6.549091208057848945e-01
1.149900000000056934e+03,6.549476597364735087e-01
1.150000000000056843e+03,6.549861918363382163e-01
1.150100000000056752e+03,6.550247171069049079e-01
1.150200000000056889e+03,6.550632355496994741e-01
1.150300000000057025e+03,6.551017471662472502e-01
1.150400000000056934e+03,6.551402519580724615e-01
1.150500000000056843e+03,6.551787499267002213e-01
1.150600000000056980e+03,6.552172410736545327e-01
1.150700000000057116e+03,6.552557254004593990e-01
1.150800000000057025e+03,6.552942029086378239e-01
1.150900000000056934e+03,6.553326735997133667e-01
1.151000000000057071e+03,6.553711374752085872e-01
1.151100000000057207e+03,6.554095945366460452e-01
1.151200000000057116e+03,6.554480447855474123e-01
1.151300000000057025e+03,6.554864882234345824e-01
1.151400000000057162e+03,6.555249248518290051e-01
1.151500000000057298e+03,6.555633546722513527e-01
1.151600000000057207e+03,6.556017776862226309e-01
1.151700000000057116e+03,6.556401938952626240e-01
1.151800000000057253e+03,6.556786033008917824e-01
1.151900000000057389e+03,6.557170059046291133e-01
1.152000000000057298e+03,6.557554017079941788e-01
1.152100000000057207e+03,6.557937907125055421e-01
1.152200000000057344e+03,6.558321729196818772e-01
1.152300000000057480e+03,6.558705483310413031e-01
1.152400000000057389e+03,6.559089169481014947e-01
1.152500000000057298e+03,6.559472787723796827e-01
1.152600000000057435e+03,6.559856338053934310e-01
1.152700000000057571e+03,6.560239820486591933e-01
1.152800000000057480e+03,6.560623235036929790e-01
1.152900000000057389e+03,6.561006581720111308e-01
1.153000000000057526e+03,6.561389860551293252e-01
1.153100000000057662e+03,6.561773071545626834e-01
1.153200000000057571e+03,6.562156214718262159e-01
1.153300000000057480e+03,6.562539290084343779e-01
1.153400000000057616e+03,6.562922297659015136e-01
1.153500000000057753e+03,6.563305237457414121e-01
1.153600000000057662e+03,6.563688109494674183e-01
1.153700000000057571e+03,6.564070913785929884e-01
1.153800000000057707e+03,6.564453650346309121e-01
1.153900000000057844e+03,6.564836319190933134e-01
1.154000000000057753e+03,6.565218920334925379e-01
1.154100000000057662e+03,6.565601453793400433e-01
1.154200000000057798e+03,6.565983919581476203e-01
1.154300000000057935e+03,6.566366317714261713e-01
1.154400000000057844e+03,6.566748648206859329e-01
1.154500000000057753e+03,6.567130911074376964e-01
1.154600000000057889e+03,6.567513106331913653e-01
1.154700000000058026e+03,6.567895233994562876e-01
1.154800000000057935e+03,6.568277294077420336e-01
1.154900000000057844e+03,6.568659286595571745e-01
1.155000000000057980e+03,6.569041211564106142e-01
1.155100000000058117e+03,6.569423068998102577e-01
1.155200000000058026e+03,6.569804858912640100e-01
1.155300000000057935e+03,6.570186581322792208e-01
1.155400000000058071e+03,6.570568236243632398e-01
1.155500000000058208e+03,6.570949823690227509e-01
1.155600000000058117e+03,6.571331343677641046e-01
1.155700000000058026e+03,6.571712796220936514e-01
1.155800000000058162e+03,6.572094181335166319e-01
1.155900000000058299e+03,6.572475499035387303e-01
1.156000000000058208e+03,6.572856749336648541e-01
1.156100000000058117e+03,6.573237932253996885e-01
1.156200000000058253e+03,6.573619047802475857e-01
1.156300000000058390e+03,6.574000095997124538e-01
1.156400000000058299e+03,6.574381076852976458e-01
1.156500000000058208e+03,6.574761990385066257e-01
1.156600000000058344e+03,6.575142836608423025e-01
1.156700000000058481e+03,6.575523615538071409e-01
1.156800000000058390e+03,6.575904327189032728e-01
1.156900000000058299e+03,6.576284971576323857e-01
1.157000000000058435e+03,6.576665548714963894e-01
1.157100000000058571e+03,6.577046058619960833e-01
1.157200000000058481e+03,6.577426501306321560e-01
1.157300000000058390e+03,6.577806876789051849e-01
1.157400000000058526e+03,6.578187185083153032e-01
1.157500000000058662e+03,6.578567426203622004e-01
1.157600000000058571e+03,6.578947600165448995e-01
1.157700000000058481e+03,6.579327706983627566e-01
1.157800000000058617e+03,6.579707746673141289e-01
1.157900000000058753e+03,6.580087719248977063e-01
1.158000000000058662e+03,6.580467624726110687e-01
1.158100000000058571e+03,6.580847463119519070e-01
1.158200000000058708e+03,6.581227234444175789e-01
1.158300000000058844e+03,6.581606938715047761e-01
1.158400000000058753e+03,6.581986575947099682e-01
1.158500000000058662e+03,6.582366146155297359e-01
1.158600000000058799e+03,6.582745649354596607e-01
1.158700000000058935e+03,6.583125085559953238e-01
1.158800000000058844e+03,6.583504454786314186e-01
1.158900000000058753e+03,6.583883757048633045e-01
1.159000000000058890e+03,6.584262992361851197e-01
1.159100000000059026e+03,6.584642160740908912e-01
1.159200000000058935e+03,6.585021262200744241e-01
1.159300000000058844e+03,6.585400296756289684e-01
1.159400000000058981e+03,6.585779264422477741e-01
1.159500000000059117e+03,6.586158165214234250e-01
1.159600000000059026e+03,6.586536999146480609e-01
1.159700000000058935e+03,6.586915766234135994e-01
1.159800000000059072e+03,6.587294466492119582e-01
1.159900000000059208e+03,6.587673099935342780e-01
1.160000000000059117e+03,6.588051666578711441e-01
1.160100000000059026e+03,6.588430166437134750e-01
1.160200000000059163e+03,6.588808599525515231e-01
1.160300000000059299e+03,6.589186965858748746e-01
1.160400000000059208e+03,6.589565265451731157e-01
1.160500000000059117e+03,6.589943498319353887e-01
1.160600000000059254e+03,6.590321664476505026e-01
1.160700000000059390e+03,6.590699763938069333e-01
1.160800000000059299e+03,6.591077796718928239e-01
1.160900000000059208e+03,6.591455762833956511e-01
1.161000000000059345e+03,6.591833662298031138e-01
1.161100000000059481e+03,6.592211495126022447e-01
1.161200000000059390e+03,6.592589261332794104e-01
1.161300000000059299e+03,6.592966960933211995e-01
1.161400000000059435e+03,6.593344593942138676e-01
1.161500000000059572e+03,6.593722160374424490e-01
1.161600000000059481e+03,6.594099660244927552e-01
1.161700000000059390e+03,6.594477093568493764e-01
1.161800000000059526e+03,6.594854460359970139e-01
1.161900000000059663e+03,6.595231760634201468e-01
1.162000000000059572e+03,6.595608994406021441e-01
1.162100000000059481e+03,6.595986161690268190e-01
1.162200000000059617e+03,6.596363262501775404e-01
1.162300000000059754e+03,6.596740296855372332e-01
1.162400000000059663e+03,6.597117264765876010e-01
1.162500000000059572e+03,6.597494166248116798e-01
1.162600000000059708e+03,6.597871001316907291e-01
1.162700000000059845e+03,6.598247769987063416e-01
1.162800000000059754e+03,6.598624472273397767e-01
1.162900000000059663e+03,6.599001108190712950e-01
1.163000000000059799e+03,6.599377677753817117e-01
1.163100000000059936e+03,6.599754180977510654e-01
1.163200000000059845e+03,6.600130617876587280e-01
1.163300000000059754e+03,6.600506988465844049e-01
1.163400000000059890e+03,6.600883292760068022e-01
1.163500000000060027e+03,6.601259530774047368e-01
1.163600000000059936e+03,6.601635702522563598e-01
1.163700000000059845e+03,6.602011808020397110e-01
1.163800000000059981e+03,6.602387847282324973e-01
1.163900000000060118e+03,6.602763820323115374e-01
1.164000000000060027e+03,6.603139727157540939e-01
1.164100000000059936e+03,6.603515567800366526e-01
1.164200000000060072e+03,6.603891342266353659e-01
1.164300000000060209e+03,6.604267050570261643e-01
1.164400000000060118e+03,6.604642692726843123e-01
1.164500000000060027e+03,6.605018268750849630e-01
1.164600000000060163e+03,6.605393778657033810e-01
1.164700000000060299e+03,6.605769222460137202e-01
1.164800000000060209e+03,6.606144600174898018e-01
1.164900000000060118e+03,6.606519911816056689e-01
1.165000000000060254e+03,6.606895157398348095e-01
1.165100000000060390e+03,6.607270336936502675e-01
1.165200000000060299e+03,6.607645450445245316e-01
1.165300000000060209e+03,6.608020497939299798e-01
1.165400000000060345e+03,6.608395479433387676e-01
1.165500000000060481e+03,6.608770394942227178e-01
1.165600000000060390e+03,6.609145244480526538e-01
1.165700000000060299e+03,6.609520028062997321e-01
1.165800000000060436e+03,6.609894745704348873e-01
1.165900000000060572e+03,6.610269397419281656e-01
1.166000000000060481e+03,6.610643983222495024e-01
1.166100000000060390e+03,6.611018503128683887e-01
1.166200000000060527e+03,6.611392957152542049e-01
1.166300000000060663e+03,6.611767345308755539e-01
1.166400000000060572e+03,6.612141667612013718e-01
1.166500000000060481e+03,6.612515924076994844e-01
1.166600000000060618e+03,6.612890114718378287e-01
1.166700000000060754e+03,6.613264239550840085e-01
1.166800000000060663e+03,6.613638298589050724e-01
1.166900000000060572e+03,6.614012291847678471e-01
1.167000000000060709e+03,6.614386219341388262e-01
1.167100000000060845e+03,6.614760081084839483e-01
1.167200000000060754e+03,6.615133877092688186e-01
1.167300000000060663e+03,6.615507607379592647e-01
1.167400000000060800e+03,6.615881271960202259e-01
1.167500000000060936e+03,6.616254870849163083e-01
1.167600000000060845e+03,6.616628404061116742e-01
1.167700000000060754e+03,6.617001871610709296e-01
1.167800000000060891e+03,6.617375273512570155e-01
1.167900000000061027e+03,6.617748609781338720e-01
1.168000000000060936e+03,6.618121880431641069e-01
1.168100000000060845e+03,6.618495085478103279e-01
1.168200000000060982e+03,6.618868224935350320e-01
1.168300000000061118e+03,6.619241298818001606e-01
1.168400000000061027e+03,6.619614307140668785e-01
1.168500000000060936e+03,6.619987249917970162e-01
1.168600000000061073e+03,6.620360127164511832e-01
1.168700000000061209e+03,6.620732938894897668e-01
1.168800000000061118e+03,6.621105685123734874e-01
1.168900000000061027e+03,6.621478365865614002e-01
1.169000000000061164e+03,6.621850981135137815e-01
1.169100000000061300e+03,6.622223530946893533e-01
1.169200000000061209e+03,6.622596015315470597e-01
1.169300000000061118e+03,6.622968434255452896e-01
1.169400000000061254e+03,6.623340787781423211e-01
1.169500000000061391e+03,6.623713075907957659e-01
1.169600000000061300e+03,6.624085298649632358e-01
1.169700000000061209e+03,6.624457456021016766e-01
1.169800000000061345e+03,6.624829548036679228e-01
1.169900000000061482e+03,6.625201574711182539e-01
1.170000000000061391e+03,6.625573536059086166e-01
1.170100000000061300e+03,6.625945432094950682e-01
1.170200000000061436e+03,6.626317262833326671e-01
1.170300000000061573e+03,6.626689028288765826e-01
1.170400000000061482e+03,6.627060728475814289e-01
1.170500000000061391e+03,6.627432363409014870e-01
1.170600000000061527e+03,6.627803933102907052e-01
1.170700000000061664e+03,6.628175437572030315e-01
1.170800000000061573e+03,6.628546876830911927e-01
1.170900000000061482e+03,6.628918250894085817e-01
1.171000000000061618e+03,6.629289559776077034e-01
1.171100000000061755e+03,6.629660803491406185e-01
1.171200000000061664e+03,6.630031982054593875e-01
1.171300000000061573e+03,6.630403095480154052e-01
1.171400000000061709e+03,6.630774143782602881e-01
1.171500000000061846e+03,6.631145126976444315e-01
1.171600000000061755e+03,6.631516045076186749e-01
1.171700000000061664e+03,6.631886898096329697e-01
1.171800000000061800e+03,6.632257686051372669e-01
1.171900000000061937e+03,6.632628408955811850e-01
1.172000000000061846e+03,6.632999066824136758e-01
1.172100000000061755e+03,6.633369659670835805e-01
1.172200000000061891e+03,6.633740187510395181e-01
1.172300000000062028e+03,6.634110650357294414e-01
1.172400000000061937e+03,6.634481048226009703e-01
1.172500000000061846e+03,6.634851381131018355e-01
1.172600000000061982e+03,6.635221649086789908e-01
1.172700000000062118e+03,6.635591852107790567e-01
1.172800000000062028e+03,6.635961990208485428e-01
1.172900000000061937e+03,6.636332063403336257e-01
1.173000000000062073e+03,6.636702071706797046e-01
1.173100000000062209e+03,6.637072015133325120e-01
1.173200000000062118e+03,6.637441893697367812e-01
1.173300000000062028e+03,6.637811707413371343e-01
1.173400000000062164e+03,6.638181456295781935e-01
1.173500000000062300e+03,6.638551140359036928e-01
1.173600000000062209e+03,6.638920759617573664e-01
1.173700000000062118e+03,6.639290314085825040e-01
1.173800000000062255e+03,6.639659803778220626e-01
1.173900000000062391e+03,6.640029228709187770e-01
1.174000000000062300e+03,6.640398588893146048e-01
1.174100000000062209e+03,6.640767884344516148e-01
1.174200000000062346e+03,6.641137115077715425e-01
1.174300000000062482e+03,6.641506281107154575e-01
1.174400000000062391e+03,6.641875382447244291e-01
1.174500000000062300e+03,6.642244419112386389e-01
1.174600000000062437e+03,6.642613391116988231e-01
1.174700000000062573e+03,6.642982298475444969e-01
1.174800000000062482e+03,6.643351141202151755e-01
1.174900000000062391e+03,6.643719919311500410e-01
1.175000000000062528e+03,6.644088632817881646e-01
1.175100000000062664e+03,6.644457281735677290e-01
1.175200000000062573e+03,6.644825866079270282e-01
1.175300000000062482e+03,6.645194385863039122e-01
1.175400000000062619e+03,6.645562841101361196e-01
1.175500000000062755e+03,6.645931231808600570e-01
1.175600000000062664e+03,6.646299557999131302e-01
1.175700000000062573e+03,6.646667819687314127e-01
1.175800000000062710e+03,6.647036016887514220e-01
1.175900000000062846e+03,6.647404149614085656e-01
1.176000000000062755e+03,6.647772217881381396e-01
1.176100000000062664e+03,6.648140221703754404e-01
1.176200000000062801e+03,6.648508161095554314e-01
1.176300000000062937e+03,6.648876036071120765e-01
1.176400000000062846e+03,6.649243846644796729e-01
1.176500000000062755e+03,6.649611592830914075e-01
1.176600000000062892e+03,6.649979274643815774e-01
1.176700000000063028e+03,6.650346892097825924e-01
1.176800000000062937e+03,6.650714445207269732e-01
1.176900000000062846e+03,6.651081933986473516e-01
1.177000000000062983e+03,6.651449358449759153e-01
1.177100000000063119e+03,6.651816718611440749e-01
1.177200000000063028e+03,6.652184014485829078e-01
1.177300000000062937e+03,6.652551246087237136e-01
1.177400000000063073e+03,6.652918413429970146e-01
1.177500000000063210e+03,6.653285516528333332e-01
1.177600000000063119e+03,6.653652555396620816e-01
1.177700000000063028e+03,6.654019530049133380e-01
1.177800000000063164e+03,6.654386440500160704e-01
1.177900000000063301e+03,6.654753286763994691e-01
1.178000000000063210e+03,6.655120068854920579e-01
1.178100000000063119e+03,6.655486786787216946e-01
1.178200000000063255e+03,6.655853440575169033e-01
1.178300000000063392e+03,6.656220030233047646e-01
1.178400000000063301e+03,6.656586555775126923e-01
1.178500000000063210e+03,6.656953017215674340e-01
1.178600000000063346e+03,6.657319414568957372e-01
1.178700000000063483e+03,6.657685747849236835e-01
1.178800000000063392e+03,6.658052017070770212e-01
1.178900000000063301e+03,6.658418222247814988e-01
1.179000000000063437e+03,6.658784363394621986e-01
1.179100000000063574e+03,6.659150440525438697e-01
1.179200000000063483e+03,6.659516453654508172e-01
1.179300000000063392e+03,6.659882402796075684e-01
1.179400000000063528e+03,6.660248287964379843e-01
1.179500000000063665e+03,6.660614109173650377e-01
1.179600000000063574e+03,6.660979866438123675e-01
1.179700000000063483e+03,6.661345559772026137e-01
1.179800000000063619e+03,6.661711189189580828e-01
1.179900000000063756e+03,6.662076754705013037e-01
1.180000000000063665e+03,6.662442256332535839e-01
1.180100000000063574e+03,6.662807694086362309e-01
1.180200000000063710e+03,6.663173067980708852e-01
1.180300000000063847e+03,6.663538378029780773e-01
1.180400000000063756e+03,6.663903624247781154e-01
1.180500000000063665e+03,6.664268806648910859e-01
1.180600000000063801e+03,6.664633925247370749e-01
1.180700000000063937e+03,6.664998980057350586e-01
1.180800000000063847e+03,6.665363971093041240e-01
1.180900000000063756e+03,6.665728898368631361e-01
1.181000000000063892e+03,6.666093761898305159e-01
1.181100000000064028e+03,6.666458561696243512e-01
1.181200000000063937e+03,6.666823297776618418e-01
1.181300000000063847e+03,6.667187970153609644e-01
1.181400000000063983e+03,6.667552578841385857e-01
1.181500000000064119e+03,6.667917123854111283e-01
1.181600000000064028e+03,6.668281605205952367e-01
1.181700000000063937e+03,6.668646022911067783e-01
1.181800000000064074e+03,6.669010376983615096e-01
1.181900000000064210e+03,6.669374667437745208e-01
1.182000000000064119e+03,6.669738894287611242e-01
1.182100000000064028e+03,6.670103057547357439e-01
1.182200000000064165e+03,6.670467157231128041e-01
1.182300000000064301e+03,6.670831193353063959e-01
1.182400000000064210e+03,6.671195165927297221e-01
1.182500000000064119e+03,6.671559074967965408e-01
1.182600000000064256e+03,6.671922920489198328e-01
1.182700000000064392e+03,6.672286702505118017e-01
1.182800000000064301e+03,6.672650421029850953e-01
1.182900000000064210e+03,6.673014076077512513e-01
1.183000000000064347e+03,6.673377667662224733e-01
1.183100000000064483e+03,6.673741195798096326e-01
1.183200000000064392e+03,6.674104660499236008e-01
1.183300000000064301e+03,6.674468061779752492e-01
1.183400000000064438e+03,6.674831399653746722e-01
1.183500000000064574e+03,6.675194674135318529e-01
1.183600000000064483e+03,6.675557885238563305e-01
1.183700000000064392e+03,6.675921032977573111e-01
1.183800000000064529e+03,6.676284117366438897e-01
1.183900000000064665e+03,6.676647138419244953e-01
1.184000000000064574e+03,6.677010096150070018e-01
1.184100000000064483e+03,6.677372990572999489e-01
1.184200000000064620e+03,6.677735821702107666e-01
1.184300000000064756e+03,6.678098589551462183e-01
1.184400000000064665e+03,6.678461294135136228e-01
1.184500000000064574e+03,6.678823935467195216e-01
1.184600000000064711e+03,6.679186513561696792e-01
1.184700000000064847e+03,6.679549028432706370e-01
1.184800000000064756e+03,6.679911480094272713e-01
1.184900000000064665e+03,6.680273868560453465e-01
1.185000000000064801e+03,6.680636193845292947e-01
1.185100000000064938e+03,6.680998455962838811e-01
1.185200000000064847e+03,6.681360654927132048e-01
1.185300000000064756e+03,6.681722790752211427e-01
1.185400000000064892e+03,6.682084863452111279e-01
1.185500000000065029e+03,6.682446873040864821e-01
1.185600000000064938e+03,6.682808819532499722e-01
1.185700000000064847e+03,6.683170702941041430e-01
1.185800000000064983e+03,6.683532523280512061e-01
1.185900000000065120e+03,6.683894280564929291e-01
1.186000000000065029e+03,6.684255974808306355e-01
1.186100000000064938e+03,6.684617606024656489e-01
1.186200000000065074e+03,6.684979174227991816e-01
1.186300000000065211e+03,6.685340679432311140e-01
1.186400000000065120e+03,6.685702121651615482e-01
1.186500000000065029e+03,6.686063500899908085e-01
1.186600000000065165e+03,6.686424817191183312e-01
1.186700000000065302e+03,6.686786070539429971e-01
1.186800000000065211e+03,6.687147260958635764e-01
1.186900000000065120e+03,6.687508388462786169e-01
1.187000000000065256e+03,6.687869453065866665e-01
1.187100000000065393e+03,6.688230454781850520e-01
1.187200000000065302e+03,6.688591393624711001e-01
1.187300000000065211e+03,6.688952269608424706e-01
1.187400000000065347e+03,6.689313082746957129e-01
1.187500000000065484e+03,6.689673833054272656e-01
1.187600000000065393e+03,6.690034520544332342e-01
1.187700000000065302e+03,6.690395145231095020e-01
1.187800000000065438e+03,6.690755707128512864e-01
1.187900000000065575e+03,6.691116206250541376e-01
1.188000000000065484e+03,6.691476642611126069e-01
1.188100000000065393e+03,6.691837016224209123e-01
1.188200000000065529e+03,6.692197327103737159e-01
1.188300000000065666e+03,6.692557575263643477e-01
1.188400000000065575e+03,6.692917760717863596e-01
1.188500000000065484e+03,6.693277883480329704e-01
1.188600000000065620e+03,6.693637943564968440e-01
1.188700000000065756e+03,6.693997940985705331e-01
1.188800000000065666e+03,6.694357875756461462e-01
1.188900000000065575e+03,6.694717747891153481e-01
1.189000000000065711e+03,6.695077557403696922e-01
1.189100000000065847e+03,6.695437304308002879e-01
1.189200000000065756e+03,6.695796988617976897e-01
1.189300000000065666e+03,6.696156610347525628e-01
1.189400000000065802e+03,6.696516169510550176e-01
1.189500000000065938e+03,6.696875666120947201e-01
1.189600000000065847e+03,6.697235100192612256e-01
1.189700000000065756e+03,6.697594471739435340e-01
1.189800000000065893e+03,6.697953780775304233e-01
1.189900000000066029e+03,6.698313027314104495e-01
1.190000000000065938e+03,6.698672211369713914e-01
1.190100000000065847e+03,6.699031332956013607e-01
1.190200000000065984e+03,6.699390392086876922e-01
1.190300000000066120e+03,6.699749388776177206e-01
1.190400000000066029e+03,6.700108323037776703e-01
1.190500000000065938e+03,6.700467194885544320e-01
1.190600000000066075e+03,6.700826004333337860e-01
1.190700000000066211e+03,6.701184751395017347e-01
1.190800000000066120e+03,6.701543436084436145e-01
1.190900000000066029e+03,6.701902058415446506e-01
1.191000000000066166e+03,6.702260618401896242e-01
1.191100000000066302e+03,6.702619116057627613e-01
1.191200000000066211e+03,6.702977551396481770e-01
1.191300000000066120e+03,6.703335924432297643e-01
1.191400000000066257e+03,6.703694235178910832e-01
1.191500000000066393e+03,6.704052483650149163e-01
1.191600000000066302e+03,6.704410669859842686e-01
1.191700000000066211e+03,6.704768793821815898e-01
1.191800000000066348e+03,6.705126855549889964e-01
1.191900000000066484e+03,6.705484855057879390e-01
1.192000000000066393e+03,6.705842792359602011e-01
1.192100000000066302e+03,6.706200667468869003e-01
1.192200000000066439e+03,6.706558480399487099e-01
1.192300000000066575e+03,6.706916231165260811e-01
1.192400000000066484e+03,6.707273919779990212e-01
1.192500000000066393e+03,6.707631546257474264e-01
1.192600000000066530e+03,6.707989110611507488e-01
1.192700000000066666e+03,6.708346612855881075e-01
1.192800000000066575e+03,6.708704053004383994e-01
1.192900000000066484e+03,6.709061431070798553e-01
1.193000000000066620e+03,6.709418747068904842e-01
1.193100000000066757e+03,6.709776001012486280e-01
1.193200000000066666e+03,6.710133192915311851e-01
1.193300000000066575e+03,6.710490322791156093e-01
1.193400000000066711e+03,6.710847390653785771e-01
1.193500000000066848e+03,6.711204396516965431e-01
1.193600000000066757e+03,6.711561340394456288e-01
1.193700000000066666e+03,6.711918222300015113e-01
1.193800000000066802e+03,6.712275042247402013e-01
1.193900000000066939e+03,6.712631800250360437e-01
1.194000000000066848e+03,6.712988496322643828e-01
1.194100000000066757e+03,6.713345130477995637e-01
1.194200000000066893e+03,6.713701702730158205e-01
1.194300000000067030e+03,6.714058213092869432e-01
1.194400000000066939e+03,6.714414661579860555e-01
1.194500000000066848e+03,6.714771048204868364e-01
1.194600000000066984e+03,6.715127372981617437e-01
1.194700000000067121e+03,6.715483635923833461e-01
1.194800000000067030e+03,6.715839837045239902e-01
1.194900000000066939e+03,6.716195976359552455e-01
1.195000000000067075e+03,6.716552053880487927e-01
1.195100000000067212e+03,6.716908069621758681e-01
1.195200000000067121e+03,6.717264023597069311e-01
1.195300000000067030e+03,6.717619915820128851e-01
1.195400000000067166e+03,6.717975746304636342e-01
1.195500000000067303e+03,6.718331515064293047e-01
1.195600000000067212e+03,6.718687222112792456e-01
1.195700000000067121e+03,6.719042867463825841e-01
1.195800000000067257e+03,6.719398451131081140e-01
1.195900000000067394e+03,6.719753973128247404e-01
1.196000000000067303e+03,6.720109433469002580e-01
1.196100000000067212e+03,6.720464832167026836e-01
1.196200000000067348e+03,6.720820169235998121e-01
1.196300000000067485e+03,6.721175444689584388e-01
1.196400000000067394e+03,6.721530658541453596e-01
1.196500000000067303e+03,6.721885810805275918e-01
1.196600000000067439e+03,6.722240901494711540e-01
1.196700000000067575e+03,6.722595930623420646e-01
1.196800000000067485e+03,6.722950898205054537e-01
1.196900000000067394e+03,6.723305804253266738e-01
1.197000000000067530e+03,6.723660648781711879e-01
1.197100000000067666e+03,6.724015431804029053e-01
1.197200000000067575e+03,6.724370153333862898e-01
1.197300000000067485e+03,6.724724813384853617e-01
1.197400000000067621e+03,6.725079411970635856e-01
1.197500000000067757e+03,6.725433949104843157e-01
1.197600000000067666e+03,6.725788424801103504e-01
1.197700000000067575e+03,6.726142839073043778e-01
1.197800000000067712e+03,6.726497191934286413e-01
1.197900000000067848e+03,6.726851483398451625e-01
1.198000000000067757e+03,6.727205713479152971e-01
1.198100000000067666e+03,6.727559882190005114e-01
1.198200000000067803e+03,6.727913989544619389e-01
1.198300000000067939e+03,6.728268035556598248e-01
1.198400000000067848e+03,6.728622020239547474e-01
1.198500000000067757e+03,6.728975943607066190e-01
1.198600000000067894e+03,6.729329805672749076e-01
1.198700000000068030e+03,6.729683606450193034e-01
1.198800000000067939e+03,6.730037345952982752e-01
1.198900000000067848e+03,6.730391024194707361e-01
1.199000000000067985e+03,6.730744641188954880e-01
1.199100000000068121e+03,6.731098196949296675e-01
1.199200000000068030e+03,6.731451691489315214e-01
1.199300000000067939e+03,6.731805124822580755e-01
1.199400000000068076e+03,6.732158496962664662e-01
1.199500000000068212e+03,6.732511807923136082e-01
1.199600000000068121e+03,6.732865057717556390e-01
1.199700000000068030e+03,6.733218246359482517e-01
1.199800000000068167e+03,6.733571373862480280e-01
1.199900000000068303e+03,6.733924440240095510e-01
1.200000000000068212e+03,6.734277445505881809e-01
1.200100000000068121e+03,6.734630389673387230e-01
1.200200000000068258e+03,6.734983272756153161e-01
1.200300000000068394e+03,6.735336094767723214e-01
1.200400000000068303e+03,6.735688855721634338e-01
1.200500000000068212e+03,6.736041555631416822e-01
1.200600000000068349e+03,6.736394194510605393e-01
1.200700000000068485e+03,6.736746772372727010e-01
1.200800000000068394e+03,6.737099289231306409e-01
1.200900000000068303e+03,6.737451745099863887e-01
1.201000000000068439e+03,6.737804139991916408e-01
1.201100000000068576e+03,6.738156473920979828e-01
1.201200000000068485e+03,6.738508746900564450e-01
1.201300000000068394e+03,6.738860958944179469e-01
1.201400000000068530e+03,6.739213110065329637e-01
1.201500000000068667e+03,6.739565200277517487e-01
1.201600000000068576e+03,6.739917229594236669e-01
1.201700000000068485e+03,6.740269198028984166e-01
1.201800000000068621e+03,6.740621105595254736e-01
1.201900000000068758e+03,6.740972952306533150e-01
1.202000000000068667e+03,6.741324738176307507e-01
1.202100000000068576e+03,6.741676463218055915e-01
1.202200000000068712e+03,6.742028127445262031e-01
1.202300000000068849e+03,6.742379730871397303e-01
1.202400000000068758e+03,6.742731273509935397e-01
1.202500000000068667e+03,6.743082755374343318e-01
1.202600000000068803e+03,6.743434176478088071e-01
1.202700000000068940e+03,6.743785536834635552e-01
1.202800000000068849e+03,6.744136836457438333e-01
1.202900000000068758e+03,6.744488075359953427e-01
1.203000000000068894e+03,6.744839253555638958e-01
1.203100000000069031e+03,6.745190371057939727e-01
1.203200000000068940e+03,6.745541427880302754e-01
1.203300000000068849e+03,6.745892424036169510e-01
1.203400000000068985e+03,6.746243359538981466e-01
1.203500000000069122e+03,6.746594234402175649e-01
1.203600000000069031e+03,6.746945048639181319e-01
1.203700000000068940e+03,6.747295802263433284e-01
1.203800000000069076e+03,6.747646495288351920e-01
1.203900000000069213e+03,6.747997127727367594e-01
1.204000000000069122e+03,6.748347699593896243e-01
1.204100000000069031e+03,6.748698210901353800e-01
1.204200000000069167e+03,6.749048661663158422e-01
1.204300000000069303e+03,6.749399051892714940e-01
1.204400000000069213e+03,6.749749381603434850e-01
1.204500000000069122e+03,6.750099650808717433e-01
1.204600000000069258e+03,6.750449859521968632e-01
1.204700000000069394e+03,6.750800007756582177e-01
1.204800000000069303e+03,6.751150095525951800e-01
1.204900000000069213e+03,6.751500122843469009e-01
1.205000000000069349e+03,6.751850089722525317e-01
1.205100000000069485e+03,6.752199996176500019e-01
1.205200000000069394e+03,6.752549842218775744e-01
1.205300000000069303e+03,6.752899627862729570e-01
1.205400000000069440e+03,6.753249353121739684e-01
1.205500000000069576e+03,6.753599018009174282e-01
1.205600000000069485e+03,6.753948622538401558e-01
1.205700000000069394e+03,6.754298166722786378e-01
1.205800000000069531e+03,6.754647650575692497e-01
1.205900000000069667e+03,6.754997074110479227e-01
1.206000000000069576e+03,6.755346437340495891e-01
1.206100000000069485e+03,6.755695740279099581e-01
1.206200000000069622e+03,6.756044982939639620e-01
1.206300000000069758e+03,6.756394165335458668e-01
1.206400000000069667e+03,6.756743287479899385e-01
1.206500000000069576e+03,6.757092349386299990e-01
1.206600000000069713e+03,6.757441351067999813e-01
1.206700000000069849e+03,6.757790292538329302e-01
1.206800000000069758e+03,6.758139173810617795e-01
1.206900000000069667e+03,6.758487994898191298e-01
1.207000000000069804e+03,6.758836755814372488e-01
1.207100000000069940e+03,6.759185456572482931e-01
1.207200000000069849e+03,6.759534097185836421e-01
1.207300000000069758e+03,6.759882677667747863e-01
1.207400000000069895e+03,6.760231198031526612e-01
1.207500000000070031e+03,6.760579658290479799e-01
1.207600000000069940e+03,6.760928058457911227e-01
1.207700000000069849e+03,6.761276398547120259e-01
1.207800000000069986e+03,6.761624678571404035e-01
1.207900000000070122e+03,6.761972898544057475e-01
1.208000000000070031e+03,6.762321058478369951e-01
1.208100000000069940e+03,6.762669158387629720e-01
1.208200000000070077e+03,6.763017198285121712e-01
1.208300000000070213e+03,6.763365178184126414e-01
1.208400000000070122e+03,6.763713098097918763e-01
1.208500000000070031e+03,6.764060958039778138e-01
1.208600000000070168e+03,6.764408758022971702e-01
1.208700000000070304e+03,6.764756498060769951e-01
1.208800000000070213e+03,6.765104178166437832e-01
1.208900000000070122e+03,6.765451798353233626e-01
1.209000000000070258e+03,6.765799358634421168e-01
1.209100000000070395e+03,6.766146859023252080e-01
1.209200000000070304e+03,6.766494299532980206e-01
1.209300000000070213e+03,6.766841680176850504e-01
1.209400000000070349e+03,6.767189000968113488e-01
1.209500000000070486e+03,6.767536261920009677e-01
1.209600000000070395e+03,6.767883463045777370e-01
1.209700000000070304e+03,6.768230604358653757e-01
1.209800000000070440e+03,6.768577685871869365e-01
1.209900000000070577e+03,6.768924707598656942e-01
1.210000000000070486e+03,6.769271669552240356e-01
1.210100000000070395e+03,6.769618571745843472e-01
1.210200000000070531e+03,6.769965414192686826e-01
1.210300000000070668e+03,6.770312196905986513e-01
1.210400000000070577e+03,6.770658919898955297e-01
1.210500000000070486e+03,6.771005583184805943e-01
1.210600000000070622e+03,6.771352186776742332e-01
1.210700000000070759e+03,6.771698730687969459e-01
1.210800000000070668e+03,6.772045214931687873e-01
1.210900000000070577e+03,6.772391639521095907e-01
1.211000000000070713e+03,6.772738004469388562e-01
1.211100000000070850e+03,6.773084309789754176e-01
1.211200000000070759e+03,6.773430555495383310e-01
1.211300000000070668e+03,6.773776741599457640e-01
1.211400000000070804e+03,6.774122868115162177e-01
1.211500000000070941e+03,6.774468935055671936e-01
1.211600000000070850e+03,6.774814942434163045e-01
1.211700000000070759e+03,6.775160890263808300e-01
1.211800000000070895e+03,6.775506778557774945e-01
1.211900000000071032e+03,6.775852607329231336e-01
1.212000000000070941e+03,6.776198376591335837e-01
1.212100000000070850e+03,6.776544086357247920e-01
1.212200000000070986e+03,6.776889736640127060e-01
1.212300000000071122e+03,6.777235327453122737e-01
1.212400000000071032e+03,6.777580858809383324e-01
1.212500000000070941e+03,6.777926330722058301e-01
1.212600000000071077e+03,6.778271743204290489e-01
1.212700000000071213e+03,6.778617096269218267e-01
1.212800000000071122e+03,6.778962389929976684e-01
1.212900000000071032e+03,6.779307624199703008e-01
1.213000000000071168e+03,6.779652799091524518e-01
1.213100000000071304e+03,6.779997914618572930e-01
1.213200000000071213e+03,6.780342970793965529e-01
1.213300000000071122e+03,6.780687967630827373e-01
1.213400000000071259e+03,6.781032905142274636e-01
1.213500000000071395e+03,6.781377783341424603e-01
1.213600000000071304e+03,6.781722602241381237e-01
1.213700000000071213e+03,6.782067361855260712e-01
1.213800000000071350e+03,6.782412062196163660e-01
1.213900000000071486e+03,6.782756703277191823e-01
1.214000000000071395e+03,6.783101285111444723e-01
1.214100000000071304e+03,6.783445807712015219e-01
1.214200000000071441e+03,6.783790271091998392e-01
1.214300000000071577e+03,6.784134675264483771e-01
1.214400000000071486e+03,6.784479020242553116e-01
1.214500000000071395e+03,6.784823306039290403e-01
1.214600000000071532e+03,6.785167532667777390e-01
1.214700000000071668e+03,6.785511700141088065e-01
1.214800000000071577e+03,6.785855808472295303e-01
1.214900000000071486e+03,6.786199857674468650e-01
1.215000000000071623e+03,6.786543847760677650e-01
1.215100000000071759e+03,6.786887778743980748e-01
1.215200000000071668e+03,6.787231650637441938e-01
1.215300000000071577e+03,6.787575463454117441e-01
1.215400000000071714e+03,6.787919217207062372e-01
1.215500000000071850e+03,6.788262911909326291e-01
1.215600000000071759e+03,6.788606547573956540e-01
1.215700000000071668e+03,6.788950124213993798e-01
1.215800000000071805e+03,6.789293641842487625e-01
1.215900000000071941e+03,6.789637100472470932e-01
1.216000000000071850e+03,6.789980500116977735e-01
1.216100000000071759e+03,6.790323840789042054e-01
1.216200000000071896e+03,6.790667122501692354e-01
1.216300000000072032e+03,6.791010345267952664e-01
1.216400000000071941e+03,6.791353509100845898e-01
1.216500000000071850e+03,6.791696614013389421e-01
1.216600000000071987e+03,6.792039660018602820e-01
1.216700000000072123e+03,6.792382647129495687e-01
1.216800000000072032e+03,6.792725575359077617e-01
1.216900000000071941e+03,6.793068444720355981e-01
1.217000000000072077e+03,6.793411255226335932e-01
1.217100000000072214e+03,6.793754006890013741e-01
1.217200000000072123e+03,6.794096699724387900e-01
1.217300000000072032e+03,6.794439333742452458e-01
1.217400000000072168e+03,6.794781908957198135e-01
1.217500000000072305e+03,6.795124425381612321e-01
1.217600000000072214e+03,6.795466883028675742e-01
1.217700000000072123e+03,6.795809281911374677e-01
1.217800000000072259e+03,6.796151622042685414e-01
1.217900000000072396e+03,6.796493903435582018e-01
1.218000000000072305e+03,6.796836126103034115e-01
1.218100000000072214e+03,6.797178290058013550e-01
1.218200000000072350e+03,6.797520395313484398e-01
1.218300000000072487e+03,6.797862441882407403e-01
1.218400000000072396e+03,6.798204429777743307e-01
1.218500000000072305e+03,6.798546359012446194e-01
1.218600000000072441e+03,6.798888229599472366e-01
1.218700000000072578e+03,6.799230041551767023e-01
1.218800000000072487e+03,6.799571794882276476e-01
1.218900000000072396e+03,6.799913489603947037e-01
1.219000000000072532e+03,6.800255125729719463e-01
1.219100000000072669e+03,6.800596703272525634e-01
1.219200000000072578e+03,6.800938222245304088e-01
1.219300000000072487e+03,6.801279682660981152e-01
1.219400000000072623e+03,6.801621084532488704e-01
1.219500000000072760e+03,6.801962427872747519e-01
1.219600000000072669e+03,6.802303712694681703e-01
1.219700000000072578e+03,6.802644939011204261e-01
1.219800000000072714e+03,6.802986106835238189e-01
1.219900000000072851e+03,6.803327216179686499e-01
1.220000000000072760e+03,6.803668267057463304e-01
1.220100000000072669e+03,6.804009259481470506e-01
1.220200000000072805e+03,6.804350193464614449e-01
1.220300000000072941e+03,6.804691069019791483e-01
1.220400000000072851e+03,6.805031886159896848e-01
1.220500000000072760e+03,6.805372644897824674e-01
1.220600000000072896e+03,6.805713345246466872e-01
1.220700000000073032e+03,6.806053987218706469e-01
1.220800000000072941e+03,6.806394570827426493e-01
1.220900000000072851e+03,6.806735096085508863e-01
1.221000000000072987e+03,6.807075563005831054e-01
1.221100000000073123e+03,6.807415971601267213e-01
1.221200000000073032e+03,6.807756321884688155e-01
1.221300000000072941e+03,6.808096613868960256e-01
1.221400000000073078e+03,6.808436847566947669e-01
1.221500000000073214e+03,6.808777022991515659e-01
1.221600000000073123e+03,6.809117140155517278e-01
1.221700000000073032e+03,6.809457199071811129e-01
1.221800000000073169e+03,6.809797199753249153e-01
1.221900000000073305e+03,6.810137142212678851e-01
1.222000000000073214e+03,6.810477026462945505e-01
1.222100000000073123e+03,6.810816852516893283e-01
1.222200000000073260e+03,6.811156620387361915e-01
1.222300000000073396e+03,6.811496330087188911e-01
1.222400000000073305e+03,6.811835981629202896e-01
1.222500000000073214e+03,6.812175575026238050e-01
1.222600000000073351e+03,6.812515110291119669e-01
1.222700000000073487e+03,6.812854587436673048e-01
1.222800000000073396e+03,6.813194006475717934e-01
1.222900000000073305e+03,6.813533367421069631e-01
1.223000000000073442e+03,6.813872670285547883e-01
1.223100000000073578e+03,6.814211915081960225e-01
1.223200000000073487e+03,6.814551101823115298e-01
1.223300000000073396e+03,6.814890230521818415e-01
1.223400000000073533e+03,6.815229301190871558e-01
1.223500000000073669e+03,6.815568313843075599e-01
1.223600000000073578e+03,6.815907268491221416e-01
1.223700000000073487e+03,6.816246165148107661e-01
1.223800000000073624e+03,6.816585003826519662e-01
1.223900000000073760e+03,6.816923784539244968e-01
1.224000000000073669e+03,6.817262507299066687e-01
1.224100000000073578e+03,6.817601172118764596e-01
1.224200000000073715e+03,6.817939779011118473e-01
1.224300000000073851e+03,6.818278327988898102e-01
1.224400000000073760e+03,6.818616819064876600e-01
1.224500000000073669e+03,6.818955252251821531e-01
1.224600000000073805e+03,6.819293627562494908e-01
1.224700000000073942e+03,6.819631945009664298e-01
1.224800000000073851e+03,6.819970204606080610e-01
1.224900000000073760e+03,6.820308406364503639e-01
1.225000000000073896e+03,6.820646550297684296e-01
1.225100000000074033e+03,6.820984636418372382e-01
1.225200000000073942e+03,6.821322664739312147e-01
1.225300000000073851e+03,6.821660635273247841e-01
1.225400000000073987e+03,6.821998548032917054e-01
1.225500000000074124e+03,6.822336403031059593e-01
1.225600000000074033e+03,6.822674200280405277e-01
1.225700000000073942e+03,6.823011939793685032e-01
1.225800000000074078e+03,6.823349621583630897e-01
1.225900000000074215e+03,6.823687245662961587e-01
1.226000000000074124e+03,6.824024812044399146e-01
1.226100000000074033e+03,6.824362320740661181e-01
1.226200000000074169e+03,6.824699771764466405e-01
1.226300000000074306e+03,6.825037165128521321e-01
1.226400000000074215e+03,6.825374500845536874e-01
1.226500000000074124e+03,6.825711778928218454e-01
1.226600000000074260e+03,6.826048999389269234e-01
1.226700000000074397e+03,6.826386162241386835e-01
1.226800000000074306e+03,6.826723267497267766e-01
1.226900000000074215e+03,6.827060315169604099e-01
1.227000000000074351e+03,6.827397305271090122e-01
1.227100000000074488e+03,6.827734237814410134e-01
1.227200000000074397e+03,6.828071112812243992e-01
1.227300000000074306e+03,6.828407930277278215e-01
1.227400000000074442e+03,6.828744690222187108e-01
1.227500000000074579e+03,6.829081392659647198e-01
1.227600000000074488e+03,6.829418037602326130e-01
1.227700000000074397e+03,6.829754625062897100e-01
1.227800000000074533e+03,6.830091155054023311e-01
1.227900000000074670e+03,6.830427627588366857e-01
1.228000000000074579e+03,6.830764042678585390e-01
1.228100000000074488e+03,6.831100400337334344e-01
1.228200000000074624e+03,6.831436700577270260e-01
1.228300000000074760e+03,6.831772943411041910e-01
1.228400000000074670e+03,6.832109128851291402e-01
1.228500000000074579e+03,6.832445256910668618e-01
1.228600000000074715e+03,6.832781327601807897e-01
1.228700000000074851e+03,6.833117340937351347e-01
1.228800000000074760e+03,6.833453296929931087e-01
1.228900000000074670e+03,6.833789195592180343e-01
1.229000000000074806e+03,6.834125036936725683e-01
1.229100000000074942e+03,6.834460820976189233e-01
1.229200000000074851e+03,6.834796547723196447e-01
1.229300000000074760e+03,6.835132217190367232e-01
1.229400000000074897e+03,6.835467829390315941e-01
1.229500000000075033e+03,6.835803384335653599e-01
1.229600000000074942e+03,6.836138882038990117e-01
1.229700000000074851e+03,6.836474322512935409e-01
1.229800000000074988e+03,6.836809705770089396e-01
1.229900000000075124e+03,6.837145031823053110e-01
1.230000000000075033e+03,6.837480300684425361e-01
1.230100000000074942e+03,6.837815512366798298e-01
1.230200000000075079e+03,6.838150666882765183e-01
1.230300000000075215e+03,6.838485764244911502e-01
1.230400000000075124e+03,6.838820804465824965e-01
1.230500000000075033e+03,6.839155787558084398e-01
1.230600000000075170e+03,6.839490713534271960e-01
1.230700000000075306e+03,6.839825582406960924e-01
1.230800000000075215e+03,6.840160394188723458e-01
1.230900000000075124e+03,6.840495148892131727e-01
1.231000000000075261e+03,6.840829846529751235e-01
1.231100000000075397e+03,6.841164487114144155e-01
1.231200000000075306e+03,6.841499070657872661e-01
1.231300000000075215e+03,6.841833597173488934e-01
1.231400000000075352e+03,6.842168066673556259e-01
1.231500000000075488e+03,6.842502479170620155e-01
1.231600000000075397e+03,6.842836834677228364e-01
1.231700000000075306e+03,6.843171133205926404e-01
1.231800000000075443e+03,6.843505374769257577e-01
1.231900000000075579e+03,6.843839559379759629e-01
1.232000000000075488e+03,6.844173687049969201e-01
1.232100000000075397e+03,6.844507757792417380e-01
1.232200000000075534e+03,6.844841771619636361e-01
1.232300000000075670e+03,6.845175728544150573e-01
1.232400000000075579e+03,6.845509628578483330e-01
1.232500000000075488e+03,6.845843471735156838e-01
1.232600000000075624e+03,6.846177258026687751e-01
1.232700000000075761e+03,6.846510987465590503e-01
1.232800000000075670e+03,6.846844660064376198e-01
1.232900000000075579e+03,6.847178275835552608e-01
1.233000000000075715e+03,6.847511834791626395e-01
1.233100000000075852e+03,6.847845336945098671e-01
1.233200000000075761e+03,6.848178782308464996e-01
1.233300000000075670e+03,6.848512170894228701e-01
1.233400000000075806e+03,6.848845502714878686e-01
1.233500000000075943e+03,6.849178777782902738e-01
1.233600000000075852e+03,6.849511996110791978e-01
1.233700000000075761e+03,6.849845157711025312e-01
1.233800000000075897e+03,6.850178262596089418e-01
1.233900000000076034e+03,6.850511310778456542e-01
1.234000000000075943e+03,6.850844302270603370e-01
1.234100000000075852e+03,6.851177237085002147e-01
1.234200000000075988e+03,6.851510115234121789e-01
1.234300000000076125e+03,6.851842936730425659e-01
1.234400000000076034e+03,6.852175701586377121e-01
1.234500000000075943e+03,6.852508409814435097e-01
1.234600000000076079e+03,6.852841061427056291e-01
1.234700000000076216e+03,6.853173656436692962e-01
1.234800000000076125e+03,6.853506194855797373e-01
1.234900000000076034e+03,6.853838676696816234e-01
1.235000000000076170e+03,6.854171101972192925e-01
1.235100000000076307e+03,6.854503470694368605e-01
1.235200000000076216e+03,6.854835782875778882e-01
1.235300000000076125e+03,6.855168038528861585e-01
1.235400000000076261e+03,6.855500237666050101e-01
1.235500000000076398e+03,6.855832380299768936e-01
1.235600000000076307e+03,6.856164466442447036e-01
1.235700000000076216e+03,6.856496496106504468e-01
1.235800000000076352e+03,6.856828469304364626e-01
1.235900000000076489e+03,6.857160386048443135e-01
1.236000000000076398e+03,6.857492246351152287e-01
1.236100000000076307e+03,6.857824050224899937e-01
1.236200000000076443e+03,6.858155797682100596e-01
1.236300000000076579e+03,6.858487488735153237e-01
1.236400000000076489e+03,6.858819123396463491e-01
1.236500000000076398e+03,6.859150701678424777e-01
1.236600000000076534e+03,6.859482223593437178e-01
1.236700000000076670e+03,6.859813689153888561e-01
1.236800000000076579e+03,6.860145098372173456e-01
1.236900000000076489e+03,6.860476451260673070e-01
1.237000000000076625e+03,6.860807747831775272e-01
1.237100000000076761e+03,6.861138988097856828e-01
1.237200000000076670e+03,6.861470172071298945e-01
1.237300000000076579e+03,6.861801299764468398e-01
1.237400000000076716e+03,6.862132371189745284e-01
1.237500000000076852e+03,6.862463386359490825e-01
1.237600000000076761e+03,6.862794345286074016e-01
1.237700000000076670e+03,6.863125247981852750e-01
1.237800000000076807e+03,6.863456094459191581e-01
1.237900000000076943e+03,6.863786884730443960e-01
1.238000000000076852e+03,6.864117618807961119e-01
1.238100000000076761e+03,6.864448296704096508e-01
1.238200000000076898e+03,6.864778918431192478e-01
1.238300000000077034e+03,6.865109484001596929e-01
1.238400000000076943e+03,6.865439993427648879e-01
1.238500000000076852e+03,6.865770446721687348e-01
1.238600000000076989e+03,6.866100843896045802e-01
1.238700000000077125e+03,6.866431184963057710e-01
1.238800000000077034e+03,6.866761469935048767e-01
1.238900000000076943e+03,6.867091698824346890e-01
1.239000000000077080e+03,6.867421871643275555e-01
1.239100000000077216e+03,6.867751988404151575e-01
1.239200000000077125e+03,6.868082049119296206e-01
1.239300000000077034e+03,6.868412053801017381e-01
1.239400000000077171e+03,6.868742002461629692e-01
1.239500000000077307e+03,6.869071895113439963e-01
1.239600000000077216e+03,6.869401731768752795e-01
1.239700000000077125e+03,6.869731512439868348e-01
1.239800000000077262e+03,6.870061237139087895e-01
1.239900000000077398e+03,6.870390905878706045e-01
1.240000000000077307e+03,6.870720518671012966e-01
1.240100000000077216e+03,6.871050075528299939e-01
1.240200000000077353e+03,6.871379576462853800e-01
1.240300000000077489e+03,6.871709021486958058e-01
1.240400000000077398e+03,6.872038410612892889e-01
1.240500000000077307e+03,6.872367743852936250e-01
1.240600000000077443e+03,6.872697021219359437e-01
1.240700000000077580e+03,6.873026242724440404e-01
1.240800000000077489e+03,6.873355408380440457e-01
1.240900000000077398e+03,6.873684518199629778e-01
1.241000000000077534e+03,6.874013572194268562e-01
1.241100000000077671e+03,6.874342570376618111e-01
1.241200000000077580e+03,6.874671512758933067e-01
1.241300000000077489e+03,6.875000399353468072e-01
1.241400000000077625e+03,6.875329230172469996e-01
1.241500000000077762e+03,6.875658005228192371e-01
1.241600000000077671e+03,6.875986724532875405e-01
1.241700000000077580e+03,6.876315388098760417e-01
1.241800000000077716e+03,6.876643995938086507e-01
1.241900000000077853e+03,6.876972548063092772e-01
1.242000000000077762e+03,6.877301044486006099e-01
1.242100000000077671e+03,6.877629485219054484e-01
1.242200000000077807e+03,6.877957870274471475e-01
1.242300000000077944e+03,6.878286199664477296e-01
1.242400000000077853e+03,6.878614473401287732e-01
1.242500000000077762e+03,6.878942691497126338e-01
1.242600000000077898e+03,6.879270853964206678e-01
1.242700000000078035e+03,6.879598960814737874e-01
1.242800000000077944e+03,6.879927012060929048e-01
1.242900000000077853e+03,6.880255007714984883e-01
1.243000000000077989e+03,6.880582947789107839e-01
1.243100000000078126e+03,6.880910832295499269e-01
1.243200000000078035e+03,6.881238661246353860e-01
1.243300000000077944e+03,6.881566434653866304e-01
1.243400000000078080e+03,6.881894152530225739e-01
1.243500000000078217e+03,6.882221814887620193e-01
1.243600000000078126e+03,6.882549421738232143e-01
1.243700000000078035e+03,6.882876973094247397e-01
1.243800000000078171e+03,6.883204468967840661e-01
1.243900000000078307e+03,6.883531909371188862e-01
1.244000000000078217e+03,6.883859294316463373e-01
1.244100000000078126e+03,6.884186623815835571e-01
1.244200000000078262e+03,6.884513897881470168e-01
1.244300000000078398e+03,6.884841116525532989e-01
1.244400000000078307e+03,6.885168279760179866e-01
1.244500000000078217e+03,6.885495387597573291e-01
1.244600000000078353e+03,6.885822440049866877e-01
1.244700000000078489e+03,6.886149437129210904e-01
1.244800000000078398e+03,6.886476378847753432e-01
1.244900000000078307e+03,6.886803265217640302e-01
1.245000000000078444e+03,6.887130096251016242e-01
1.245100000000078580e+03,6.887456871960020433e-01
1.245200000000078489e+03,6.887783592356785389e-01
1.245300000000078398e+03,6.888110257453449181e-01
1.245400000000078535e+03,6.888436867262143215e-01
1.245500000000078671e+03,6.888763421794991126e-01
1.245600000000078580e+03,6.889089921064122102e-01
1.245700000000078489e+03,6.889416365081653115e-01
1.245800000000078626e+03,6.889742753859706692e-01
1.245900000000078762e+03,6.890069087410397586e-01
1.246000000000078671e+03,6.890395365745837220e-01
1.246100000000078580e+03,6.890721588878138126e-01
1.246200000000078717e+03,6.891047756819406178e-01
1.246300000000078853e+03,6.891373869581742806e-01
1.246400000000078762e+03,6.891699927177252771e-01
1.246500000000078671e+03,6.892025929618031954e-01
1.246600000000078808e+03,6.892351876916176234e-01
1.246700000000078944e+03,6.892677769083777051e-01
1.246800000000078853e+03,6.893003606132921401e-01
1.246900000000078762e+03,6.893329388075699615e-01
1.247000000000078899e+03,6.893655114924190919e-01
1.247100000000079035e+03,6.893980786690480089e-01
1.247200000000078944e+03,6.894306403386638582e-01
1.247300000000078853e+03,6.894631965024745623e-01
1.247400000000078990e+03,6.894957471616868228e-01
1.247500000000079126e+03,6.895282923175080070e-01
1.247600000000079035e+03,6.895608319711439282e-01
1.247700000000078944e+03,6.895933661238015100e-01
1.247800000000079081e+03,6.896258947766863434e-01
1.247900000000079217e+03,6.896584179310039087e-01
1.248000000000079126e+03,6.896909355879600190e-01
1.248100000000079035e+03,6.897234477487593773e-01
1.248200000000079172e+03,6.897559544146066868e-01
1.248300000000079308e+03,6.897884555867066503e-01
1.248400000000079217e+03,6.898209512662635268e-01
1.248500000000079126e+03,6.898534414544806870e-01
1.248600000000079262e+03,6.898859261525621678e-01
1.248700000000079399e+03,6.899184053617111179e-01
1.248800000000079308e+03,6.899508790831303529e-01
1.248900000000079217e+03,6.899833473180227994e-01
1.249000000000079353e+03,6.900158100675906070e-01
1.249100000000079490e+03,6.900482673330360361e-01
1.249200000000079399e+03,6.900807191155607923e-01
1.249300000000079308e+03,6.901131654163664697e-01
1.249400000000079444e+03,6.901456062366541078e-01
1.249500000000079581e+03,6.901780415776248567e-01
1.249600000000079490e+03,6.902104714404792007e-01
1.249700000000079399e+03,6.902428958264174019e-01
1.249800000000079535e+03,6.902753147366395003e-01
1.249900000000079672e+03,6.903077281723455361e-01
1.250000000000079581e+03,6.903401361347342169e-01
1.250100000000079490e+03,6.903725386250055829e-01
1.250200000000079626e+03,6.904049356443578978e-01
1.250300000000079763e+03,6.904373271939898693e-01
1.250400000000079672e+03,6.904697132750997612e-01
1.250500000000079581e+03,6.905020938888853932e-01
1.250600000000079717e+03,6.905344690365448068e-01
1.250700000000079854e+03,6.905668387192749336e-01
1.250800000000079763e+03,6.905992029382731490e-01
1.250900000000079672e+03,6.906315616947360514e-01
1.251000000000079808e+03,6.906639149898603502e-01
1.251100000000079945e+03,6.906962628248419778e-01
1.251200000000079854e+03,6.907286052008769772e-01
1.251300000000079763e+03,6.907609421191608368e-01
1.251400000000079899e+03,6.907932735808891556e-01
1.251500000000080036e+03,6.908255995872567556e-01
1.251600000000079945e+03,6.908579201394583480e-01
1.251700000000079854e+03,6.908902352386884216e-01
1.251800000000079990e+03,6.909225448861410213e-01
1.251900000000080126e+03,6.909548490830099698e-01
1.252000000000080036e+03,6.909871478304890902e-01
1.252100000000079945e+03,6.910194411297712058e-01
1.252200000000080081e+03,6.910517289820498066e-01
1.252300000000080217e+03,6.910840113885172720e-01
1.252400000000080126e+03,6.911162883503658705e-01
1.252500000000080036e+03,6.911485598687876486e-01
1.252600000000080172e+03,6.911808259449748748e-01
1.252700000000080308e+03,6.912130865801188184e-01
1.252800000000080217e+03,6.912453417754101936e-01
1.252900000000080126e+03,6.912775915320404918e-01
1.253000000000080263e+03,6.913098358512002051e-01
1.253100000000080399e+03,6.913420747340796035e-01
1.253200000000080308e+03,6.913743081818687353e-01
1.253300000000080217e+03,6.914065361957570932e-01
1.253400000000080354e+03,6.914387587769345034e-01
1.253500000000080490e+03,6.914709759265900146e-01
1.253600000000080399e+03,6.915031876459125648e-01
1.253700000000080308e+03,6.915353939360902036e-01
1.253800000000080445e+03,6.915675947983120908e-01
1.253900000000080581e+03,6.915997902337652770e-01
1.254000000000080490e+03,6.916319802436381448e-01
1.254100000000080399e+03,6.916641648291179667e-01
1.254200000000080536e+03,6.916963439913915712e-01
1.254300000000080672e+03,6.917285177316458977e-01
1.254400000000080581e+03,6.917606860510677746e-01
1.254500000000080490e+03,6.917928489508428092e-01
1.254600000000080627e+03,6.918250064321576076e-01
1.254700000000080763e+03,6.918571584961973331e-01
1.254800000000080672e+03,6.918893051441475928e-01
1.254900000000080581e+03,6.919214463771933277e-01
1.255000000000080718e+03,6.919535821965193678e-01
1.255100000000080854e+03,6.919857126033103212e-01
1.255200000000080763e+03,6.920178375987501296e-01
1.255300000000080672e+03,6.920499571840228459e-01
1.255400000000080809e+03,6.920820713603119678e-01
1.255500000000080945e+03,6.921141801288009932e-01
1.255600000000080854e+03,6.921462834906728645e-01
1.255700000000080763e+03,6.921783814471103025e-01
1.255800000000080900e+03,6.922104739992954725e-01
1.255900000000081036e+03,6.922425611484109842e-01
1.256000000000080945e+03,6.922746428956384479e-01
1.256100000000080854e+03,6.923067192421594740e-01
1.256200000000080991e+03,6.923387901891554508e-01
1.256300000000081127e+03,6.923708557378071005e-01
1.256400000000081036e+03,6.924029158892953673e-01
1.256500000000080945e+03,6.924349706448005293e-01
1.256600000000081081e+03,6.924670200055027536e-01
1.256700000000081218e+03,6.924990639725819852e-01
1.256800000000081127e+03,6.925311025472173920e-01
1.256900000000081036e+03,6.925631357305885860e-01
1.257000000000081172e+03,6.925951635238745130e-01
1.257100000000081309e+03,6.926271859282536747e-01
1.257200000000081218e+03,6.926592029449043508e-01
1.257300000000081127e+03,6.926912145750047101e-01
1.257400000000081263e+03,6.927232208197326990e-01
1.257500000000081400e+03,6.927552216802657092e-01
1.257600000000081309e+03,6.927872171577807991e-01
1.257700000000081218e+03,6.928192072534551382e-01
1.257800000000081354e+03,6.928511919684655629e-01
1.257900000000081491e+03,6.928831713039879103e-01
1.258000000000081400e+03,6.929151452611982398e-01
1.258100000000081309e+03,6.929471138412727216e-01
1.258200000000081445e+03,6.929790770453866378e-01
1.258300000000081582e+03,6.930110348747151594e-01
1.258400000000081491e+03,6.930429873304330135e-01
1.258500000000081400e+03,6.930749344137151491e-01
1.258600000000081536e+03,6.931068761257357380e-01
1.258700000000081673e+03,6.931388124676688411e-01
1.258800000000081582e+03,6.931707434406880752e-01
1.258900000000081491e+03,6.932026690459668350e-01
1.259000000000081627e+03,6.932345892846785151e-01
1.259100000000081764e+03,6.932665041579958443e-01
1.259200000000081673e+03,6.932984136670913289e-01
1.259300000000081582e+03,6.933303178131375866e-01
1.259400000000081718e+03,6.933622165973063467e-01
1.259500000000081855e+03,6.933941100207692276e-01
1.259600000000081764e+03,6.934259980846979587e-01
1.259700000000081673e+03,6.934578807902633812e-01
1.259800000000081809e+03,6.934897581386366694e-01
1.259900000000081945e+03,6.935216301309881093e-01
1.260000000000081855e+03,6.935534967684882091e-01
1.260100000000081764e+03,6.935853580523065887e-01
1.260200000000081900e+03,6.936172139836135342e-01
1.260300000000082036e+03,6.936490645635777774e-01
1.260400000000081945e+03,6.936809097933689383e-01
1.260500000000081855e+03,6.937127496741555266e-01
1.260600000000081991e+03,6.937445842071062740e-01
1.260700000000082127e+03,6.937764133933894684e-01
1.260800000000082036e+03,6.938082372341729531e-01
1.260900000000081945e+03,6.938400557306244609e-01
1.261000000000082082e+03,6.938718688839113913e-01
1.261100000000082218e+03,6.939036766952009216e-01
1.261200000000082127e+03,6.939354791656595633e-01
1.261300000000082036e+03,6.939672762964543828e-01
1.261400000000082173e+03,6.939990680887511143e-01
1.261500000000082309e+03,6.940308545437161580e-01
1.261600000000082218e+03,6.940626356625145821e-01
1.261700000000082127e+03,6.940944114463123427e-01
1.261800000000082264e+03,6.941261818962742858e-01
1.261900000000082400e+03,6.941579470135653684e-01
1.262000000000082309e+03,6.941897067993497705e-01
1.262100000000082218e+03,6.942214612547921160e-01
1.262200000000082355e+03,6.942532103810561406e-01
1.262300000000082491e+03,6.942849541793055801e-01
1.262400000000082400e+03,6.943166926507037262e-01
1.262500000000082309e+03,6.943484257964136486e-01
1.262600000000082446e+03,6.943801536175983058e-01
1.262700000000082582e+03,6.944118761154201014e-01
1.262800000000082491e+03,6.944435932910413278e-01
1.262900000000082400e+03,6.944753051456236115e-01
1.263000000000082537e+03,6.945070116803292448e-01
1.263100000000082673e+03,6.945387128963190770e-01
1.263200000000082582e+03,6.945704087947541794e-01
1.263300000000082491e+03,6.946020993767955121e-01
1.263400000000082628e+03,6.946337846436035912e-01
1.263500000000082764e+03,6.946654645963388219e-01
1.263600000000082673e+03,6.946971392361607212e-01
1.263700000000082582e+03,6.947288085642290278e-01
1.263800000000082719e+03,6.947604725817034810e-01
1.263900000000082855e+03,6.947921312897428203e-01
1.264000000000082764e+03,6.948237846895057856e-01
1.264100000000082673e+03,6.948554327821511167e-01
1.264200000000082809e+03,6.948870755688369982e-01
1.264300000000082946e+03,6.949187130507213928e-01
1.264400000000082855e+03,6.949503452289615968e-01
1.264500000000082764e+03,6.949819721047152399e-01
1.264600000000082900e+03,6.950135936791396185e-01
1.264700000000083037e+03,6.950452099533911410e-01
1.264800000000082946e+03,6.950768209286264376e-01
1.264900000000082855e+03,6.951084266060019168e-01
1.265000000000082991e+03,6.951400269866734316e-01
1.265100000000083128e+03,6.951716220717963912e-01
1.265200000000083037e+03,6.952032118625264268e-01
1.265300000000082946e+03,6.952347963600186143e-01
1.265400000000083082e+03,6.952663755654274746e-01
1.265500000000083219e+03,6.952979494799080840e-01
1.265600000000083128e+03,6.953295181046139639e-01
1.265700000000083037e+03,6.953610814406995244e-01
1.265800000000083173e+03,6.953926394893185092e-01
1.265900000000083310e+03,6.954241922516238850e-01
1.266000000000083219e+03,6.954557397287689513e-01
1.266100000000083128e+03,6.954872819219064528e-01
1.266200000000083264e+03,6.955188188321892451e-01
1.266300000000083401e+03,6.955503504607690735e-01
1.266400000000083310e+03,6.955818768087982384e-01
1.266500000000083219e+03,6.956133978774282633e-01
1.266600000000083355e+03,6.956449136678105605e-01
1.266700000000083492e+03,6.956764241810962091e-01
1.266800000000083401e+03,6.957079294184359552e-01
1.266900000000083310e+03,6.957394293809805452e-01
1.267000000000083446e+03,6.957709240698800590e-01
1.267100000000083583e+03,6.958024134862845766e-01
1.267200000000083492e+03,6.958338976313435120e-01
1.267300000000083401e+03,6.958653765062066121e-01
1.267400000000083537e+03,6.958968501120229577e-01
1.267500000000083674e+03,6.959283184499412966e-01
1.267600000000083583e+03,6.959597815211098215e-01
1.267700000000083492e+03,6.959912393266772801e-01
1.267800000000083628e+03,6.960226918677916430e-01
1.267900000000083764e+03,6.960541391456003257e-01
1.268000000000083674e+03,6.960855811612509658e-01
1.268100000000083583e+03,6.961170179158904237e-01
1.268200000000083719e+03,6.961484494106660037e-01
1.268300000000083855e+03,6.961798756467239002e-01
1.268400000000083764e+03,6.962112966252105295e-01
1.268500000000083674e+03,6.962427123472718637e-01
1.268600000000083810e+03,6.962741228140536531e-01
1.268700000000083946e+03,6.963055280267012037e-01
1.268800000000083855e+03,6.963369279863598216e-01
1.268900000000083764e+03,6.963683226941740356e-01
1.269000000000083901e+03,6.963997121512891519e-01
1.269100000000084037e+03,6.964310963588489223e-01
1.269200000000083946e+03,6.964624753179974315e-01
1.269300000000083855e+03,6.964938490298784313e-01
1.269400000000083992e+03,6.965252174956355624e-01
1.269500000000084128e+03,6.965565807164119105e-01
1.269600000000084037e+03,6.965879386933501172e-01
1.269700000000083946e+03,6.966192914275930459e-01
1.269800000000084083e+03,6.966506389202831162e-01
1.269900000000084219e+03,6.966819811725620815e-01
1.270000000000084128e+03,6.967133181855718060e-01
1.270100000000084037e+03,6.967446499604539323e-01
1.270200000000084174e+03,6.967759764983497695e-01
1.270300000000084310e+03,6.968072978003998497e-01
1.270400000000084219e+03,6.968386138677450381e-01
1.270500000000084128e+03,6.968699247015254228e-01
1.270600000000084265e+03,6.969012303028817579e-01
1.270700000000084401e+03,6.969325306729530212e-01
1.270800000000084310e+03,6.969638258128793007e-01
1.270900000000084219e+03,6.969951157237994632e-01
1.271000000000084356e+03,6.970264004068527086e-01
1.271100000000084492e+03,6.970576798631777926e-01
1.271200000000084401e+03,6.970889540939126938e-01
1.271300000000084310e+03,6.971202231001958349e-01
1.271400000000084447e+03,6.971514868831649725e-01
1.271500000000084583e+03,6.971827454439575300e-01
1.271600000000084492e+03,6.972139987837111530e-01
1.271700000000084401e+03,6.972452469035622658e-01
1.271800000000084538e+03,6.972764898046479587e-01
1.271900000000084674e+03,6.973077274881046561e-01
1.272000000000084583e+03,6.973389599550683382e-01
1.272100000000084492e+03,6.973701872066749852e-01
1.272200000000084628e+03,6.974014092440600221e-01
1.272300000000084765e+03,6.974326260683589851e-01
1.272400000000084674e+03,6.974638376807066331e-01
1.272500000000084583e+03,6.974950440822379472e-01
1.272600000000084719e+03,6.975262452740872421e-01
1.272700000000084856e+03,6.975574412573889438e-01
1.272800000000084765e+03,6.975886320332763679e-01
1.272900000000084674e+03,6.976198176028837183e-01
1.273000000000084810e+03,6.976509979673440887e-01
1.273100000000084947e+03,6.976821731277907945e-01
1.273200000000084856e+03,6.977133430853561524e-01
1.273300000000084765e+03,6.977445078411730339e-01
1.273400000000084901e+03,6.977756673963734224e-01
1.273500000000085038e+03,6.978068217520897454e-01
1.273600000000084947e+03,6.978379709094528760e-01
1.273700000000084856e+03,6.978691148695946866e-01
1.273800000000084992e+03,6.979002536336464946e-01
1.273900000000085129e+03,6.979313872027387289e-01
1.274000000000085038e+03,6.979625155780018186e-01
1.274100000000084947e+03,6.979936387605667480e-01
1.274200000000085083e+03,6.980247567515627249e-01
1.274300000000085220e+03,6.980558695521198453e-01
1.274400000000085129e+03,6.980869771633673171e-01
1.274500000000085038e+03,6.981180795864343480e-01
1.274600000000085174e+03,6.981491768224500349e-01
1.274700000000085311e+03,6.981802688725430306e-01
1.274800000000085220e+03,6.982113557378412105e-01
1.274900000000085129e+03,6.982424374194727834e-01
1.275000000000085265e+03,6.982735139185656248e-01
1.275100000000085402e+03,6.983045852362472772e-01
1.275200000000085311e+03,6.983356513736446169e-01
1.275300000000085220e+03,6.983667123318848535e-01
1.275400000000085356e+03,6.983977681120945302e-01
1.275500000000085493e+03,6.984288187154000793e-01
1.275600000000085402e+03,6.984598641429273780e-01
1.275700000000085311e+03,6.984909043958024144e-01
1.275800000000085447e+03,6.985219394751507327e-01
1.275900000000085583e+03,6.985529693820977659e-01
1.276000000000085493e+03,6.985839941177679480e-01
1.276100000000085402e+03,6.986150136832863788e-01
1.276200000000085538e+03,6.986460280797774924e-01
1.276300000000085674e+03,6.986770373083651675e-01
1.276400000000085583e+03,6.987080413701735049e-01
1.276500000000085493e+03,6.987390402663259392e-01
1.276600000000085629e+03,6.987700339979459052e-01
1.276700000000085765e+03,6.988010225661565045e-01
1.276800000000085674e+03,6.988320059720801725e-01
1.276900000000085583e+03,6.988629842168395667e-01
1.277000000000085720e+03,6.988939573015570117e-01
1.277100000000085856e+03,6.989249252273541657e-01
1.277200000000085765e+03,6.989558879953527981e-01
1.277300000000085674e+03,6.989868456066744562e-01
1.277400000000085811e+03,6.990177980624399101e-01
1.277500000000085947e+03,6.990487453637702631e-01
1.277600000000085856e+03,6.990796875117859521e-01
1.277700000000085765e+03,6.991106245076070813e-01
1.277800000000085902e+03,6.991415563523537546e-01
1.277900000000086038e+03,6.991724830471458541e-01
1.278000000000085947e+03,6.992034045931023734e-01
1.278100000000085856e+03,6.992343209913427504e-01
1.278200000000085993e+03,6.992652322429859790e-01
1.278300000000086129e+03,6.992961383491504979e-01
1.278400000000086038e+03,6.993270393109546346e-01
1.278500000000085947e+03,6.993579351295163837e-01
1.278600000000086084e+03,6.993888258059535179e-01
1.278700000000086220e+03,6.994197113413836986e-01
1.278800000000086129e+03,6.994505917369240322e-01
1.278900000000086038e+03,6.994814669936912921e-01
1.279000000000086175e+03,6.995123371128025846e-01
1.279100000000086311e+03,6.995432020953739061e-01
1.279200000000086220e+03,6.995740619425213636e-01
1.279300000000086129e+03,6.996049166553609533e-01
1.279400000000086266e+03,6.996357662350084494e-01
1.279500000000086402e+03,6.996666106825787379e-01
1.279600000000086311e+03,6.996974499991869267e-01
1.279700000000086220e+03,6.997282841859477909e-01
1.279800000000086357e+03,6.997591132439758832e-01
1.279900000000086493e+03,6.997899371743854235e-01
1.280000000000086402e+03,6.998207559782901876e-01
1.280100000000086311e+03,6.998515696568036182e-01
1.280200000000086447e+03,6.998823782110396019e-01
1.280300000000086584e+03,6.999131816421108043e-01
1.280400000000086493e+03,6.999439799511300020e-01
1.280500000000086402e+03,6.999747731392099714e-01
1.280600000000086538e+03,7.000055612074630451e-01
1.280700000000086675e+03,7.000363441570006673e-01
1.280800000000086584e+03,7.000671219889351704e-01
1.280900000000086493e+03,7.000978947043776657e-01
1.281000000000086629e+03,7.001286623044394863e-01
1.281100000000086766e+03,7.001594247902311885e-01
1.281200000000086675e+03,7.001901821628637723e-01
1.281300000000086584e+03,7.002209344234471278e-01
1.281400000000086720e+03,7.002516815730919220e-01
1.281500000000086857e+03,7.002824236129074897e-01
1.281600000000086766e+03,7.003131605440033880e-01
1.281700000000086675e+03,7.003438923674889516e-01
1.281800000000086811e+03,7.003746190844731823e-01
1.281900000000086948e+03,7.004053406960648598e-01
1.282000000000086857e+03,7.004360572033719867e-01
1.282100000000086766e+03,7.004667686075030097e-01
1.282200000000086902e+03,7.004974749095658204e-01
1.282300000000087039e+03,7.005281761106680882e-01
1.282400000000086948e+03,7.005588722119167056e-01
1.282500000000086857e+03,7.005895632144190088e-01
1.282600000000086993e+03,7.006202491192820014e-01
1.282700000000087130e+03,7.006509299276119096e-01
1.282800000000087039e+03,7.006816056405148485e-01
1.282900000000086948e+03,7.007122762590969334e-01
1.283000000000087084e+03,7.007429417844638353e-01
1.283100000000087221e+03,7.007736022177212254e-01
1.283200000000087130e+03,7.008042575599735535e-01
1.283300000000087039e+03,7.008349078123261577e-01
1.283400000000087175e+03,7.008655529758837099e-01
1.283500000000087311e+03,7.008961930517503269e-01
1.283600000000087221e+03,7.009268280410299035e-01
1.283700000000087130e+03,7.009574579448266674e-01
1.283800000000087266e+03,7.009880827642437362e-01
1.283900000000087402e+03,7.010187025003843386e-01
1.284000000000087311e+03,7.010493171543515922e-01
1.284100000000087221e+03,7.010799267272480595e-01
1.284200000000087357e+03,7.011105312201761919e-01
1.284300000000087493e+03,7.011411306342381078e-01
1.284400000000087402e+03,7.011717249705355925e-01
1.284500000000087311e+03,7.012023142301704315e-01
1.284600000000087448e+03,7.012328984142436328e-01
1.284700000000087584e+03,7.012634775238565377e-01
1.284800000000087493e+03,7.012940515601097102e-01
1.284900000000087402e+03,7.013246205241036035e-01
1.285000000000087539e+03,7.013551844169386706e-01
1.285100000000087675e+03,7.013857432397148095e-01
1.285200000000087584e+03,7.014162969935315850e-01
1.285300000000087493e+03,7.014468456794883400e-01
1.285400000000087630e+03,7.014773892986845283e-01
1.285500000000087766e+03,7.015079278522187156e-01
1.285600000000087675e+03,7.015384613411894676e-01
1.285700000000087584e+03,7.015689897666953501e-01
1.285800000000087721e+03,7.015995131298342624e-01
1.285900000000087857e+03,7.016300314317041043e-01
1.286000000000087766e+03,7.016605446734019980e-01
1.286100000000087675e+03,7.016910528560258431e-01
1.286200000000087812e+03,7.017215559806719849e-01
1.286300000000087948e+03,7.017520540484375458e-01
1.286400000000087857e+03,7.017825470604185378e-01
1.286500000000087766e+03,7.018130350177114174e-01
1.286600000000087903e+03,7.018435179214120856e-01
1.286700000000088039e+03,7.018739957726158885e-01
1.286800000000087948e+03,7.019044685724182830e-01
1.286900000000087857e+03,7.019349363219143934e-01
1.287000000000087994e+03,7.019653990221988993e-01
1.287100000000088130e+03,7.019958566743664807e-01
1.287200000000088039e+03,7.020263092795114845e-01
1.287300000000087948e+03,7.020567568387273694e-01
1.287400000000088085e+03,7.020871993531085931e-01
1.287500000000088221e+03,7.021176368237480592e-01
1.287600000000088130e+03,7.021480692517390043e-01
1.287700000000088039e+03,7.021784966381742210e-01
1.287800000000088176e+03,7.022089189841469459e-01
1.287900000000088312e+03,7.022393362907488612e-01
1.288000000000088221e+03,7.022697485590724265e-01
1.288100000000088130e+03,7.023001557902093239e-01
1.288200000000088266e+03,7.023305579852510139e-01
1.288300000000088403e+03,7.023609551452889566e-01
1.288400000000088312e+03,7.023913472714141681e-01
1.288500000000088221e+03,7.024217343647172207e-01
1.288600000000088357e+03,7.024521164262886863e-01
1.288700000000088494e+03,7.024824934572188040e-01
1.288800000000088403e+03,7.025128654585974797e-01
1.288900000000088312e+03,7.025432324315141752e-01
1.289000000000088448e+03,7.025735943770584635e-01
1.289100000000088585e+03,7.026039512963196954e-01
1.289200000000088494e+03,7.026343031903863334e-01
1.289300000000088403e+03,7.026646500603469514e-01
1.289400000000088539e+03,7.026949919072902340e-01
1.289500000000088676e+03,7.027253287323039777e-01
1.289600000000088585e+03,7.027556605364759790e-01
1.289700000000088494e+03,7.027859873208938124e-01
1.289800000000088630e+03,7.028163090866443863e-01
1.289900000000088767e+03,7.028466258348153861e-01
1.290000000000088676e+03,7.028769375664927210e-01
1.290100000000088585e+03,7.029072442827632994e-01
1.290200000000088721e+03,7.029375459847130303e-01
1.290300000000088858e+03,7.029678426734281560e-01
1.290400000000088767e+03,7.029981343499935864e-01
1.290500000000088676e+03,7.030284210154955638e-01
1.290600000000088812e+03,7.030587026710186649e-01
1.290700000000088949e+03,7.030889793176477998e-01
1.290800000000088858e+03,7.031192509564676563e-01
1.290900000000088767e+03,7.031495175885621451e-01
1.291000000000088903e+03,7.031797792150157322e-01
1.291100000000089040e+03,7.032100358369117732e-01
1.291200000000088949e+03,7.032402874553341787e-01
1.291300000000088858e+03,7.032705340713655273e-01
1.291400000000088994e+03,7.033007756860893966e-01
1.291500000000089130e+03,7.033310123005881431e-01
1.291600000000089040e+03,7.033612439159441232e-01
1.291700000000088949e+03,7.033914705332395823e-01
1.291800000000089085e+03,7.034216921535564326e-01
1.291900000000089221e+03,7.034519087779762536e-01
1.292000000000089130e+03,7.034821204075802914e-01
1.292100000000089040e+03,7.035123270434496812e-01
1.292200000000089176e+03,7.035425286866653360e-01
1.292300000000089312e+03,7.035727253383075031e-01
1.292400000000089221e+03,7.036029169994566512e-01
1.292500000000089130e+03,7.036331036711926945e-01
1.292600000000089267e+03,7.036632853545954358e-01
1.292700000000089403e+03,7.036934620507443450e-01
1.292800000000089312e+03,7.037236337607183367e-01
1.292900000000089221e+03,7.037538004855966589e-01
1.293000000000089358e+03,7.037839622264580042e-01
1.293100000000089494e+03,7.038141189843806211e-01
1.293200000000089403e+03,7.038442707604425363e-01
1.293300000000089312e+03,7.038744175557218874e-01
1.293400000000089449e+03,7.039045593712960347e-01
1.293500000000089585e+03,7.039346962082423387e-01
1.293600000000089494e+03,7.039648280676378267e-01
1.293700000000089403e+03,7.039949549505595261e-01
1.293800000000089540e+03,7.040250768580836871e-01
1.293900000000089676e+03,7.040551937912868929e-01
1.294000000000089585e+03,7.040853057512446167e-01
1.294100000000089494e+03,7.041154127390331086e-01
1.294200000000089631e+03,7.041455147557275085e-01
1.294300000000089767e+03,7.041756118024032896e-01
1.294400000000089676e+03,7.042057038801350366e-01
1.294500000000089585e+03,7.042357909899976676e-01
1.294600000000089722e+03,7.042658731330654343e-01
1.294700000000089858e+03,7.042959503104129215e-01
1.294800000000089767e+03,7.043260225231130489e-01
1.294900000000089676e+03,7.043560897722402903e-01
1.295000000000089813e+03,7.043861520588676761e-01
1.295100000000089949e+03,7.044162093840681260e-01
1.295200000000089858e+03,7.044462617489146705e-01
1.295300000000089767e+03,7.044763091544796740e-01
1.295400000000089904e+03,7.045063516018355010e-01
1.295500000000090040e+03,7.045363890920542937e-01
1.295600000000089949e+03,7.045664216262074175e-01
1.295700000000089858e+03,7.045964492053666817e-01
1.295800000000089995e+03,7.046264718306031183e-01
1.295900000000090131e+03,7.046564895029880926e-01
1.296000000000090040e+03,7.046865022235916376e-01
1.296100000000089949e+03,7.047165099934844523e-01
1.296200000000090085e+03,7.047465128137366808e-01
1.296300000000090222e+03,7.047765106854183559e-01
1.296400000000090131e+03,7.048065036095989555e-01
1.296500000000090040e+03,7.048364915873478465e-01
1.296600000000090176e+03,7.048664746197339515e-01
1.296700000000090313e+03,7.048964527078265263e-01
1.296800000000090222e+03,7.049264258526938276e-01
1.296900000000090131e+03,7.049563940554040009e-01
1.297000000000090267e+03,7.049863573170255249e-01
1.297100000000090404e+03,7.050163156386256569e-01
1.297200000000090313e+03,7.050462690212722094e-01
1.297300000000090222e+03,7.050762174660325510e-01
1.297400000000090358e+03,7.051061609739733838e-01
1.297500000000090495e+03,7.051360995461615211e-01
1.297600000000090404e+03,7.051660331836633322e-01
1.297700000000090313e+03,7.051959618875451863e-01
1.297800000000090449e+03,7.052258856588728975e-01
1.297900000000090586e+03,7.052558044987120578e-01
1.298000000000090495e+03,7.052857184081279263e-01
1.298100000000090404e+03,7.053156273881859839e-01
1.298200000000090540e+03,7.053455314399510456e-01
1.298300000000090677e+03,7.053754305644874822e-01
1.298400000000090586e+03,7.054053247628596646e-01
1.298500000000090495e+03,7.054352140361318524e-01
1.298600000000090631e+03,7.054650983853678614e-01
1.298700000000090768e+03,7.054949778116308412e-01
1.298800000000090677e+03,7.055248523159844964e-01
1.298900000000090586e+03,7.055547218994916436e-01
1.299000000000090722e+03,7.055845865632150993e-01
1.299100000000090859e+03,7.056144463082174578e-01
1.299200000000090768e+03,7.056443011355607586e-01
1.299300000000090677e+03,7.056741510463071521e-01
1.299400000000090813e+03,7.057039960415182334e-01
1.299500000000090949e+03,7.057338361222553758e-01
1.299600000000090859e+03,7.057636712895798414e-01
1.299700000000090768e+03,7.057935015445525595e-01
1.299800000000090904e+03,7.058233268882341260e-01
1.299900000000091040e+03,7.058531473216852481e-01
1.300000000000090949e+03,7.058829628459655225e-01
1.300100000000090859e+03,7.059127734621351014e-01
1.300200000000090995e+03,7.059425791712535814e-01
1.300300000000091131e+03,7.059723799743802264e-01
1.300400000000091040e+03,7.060021758725744112e-01
1.300500000000090949e+03,7.060319668668942894e-01
1.300600000000091086e+03,7.060617529583992358e-01
1.300700000000091222e+03,7.060915341481470708e-01
1.300800000000091131e+03,7.061213104371957261e-01
1.300900000000091040e+03,7.061510818266031331e-01
1.301000000000091177e+03,7.061808483174270012e-01
1.301100000000091313e+03,7.062106099107242629e-01
1.301200000000091222e+03,7.062403666075519615e-01
1.301300000000091131e+03,7.062701184089669182e-01
1.301400000000091268e+03,7.062998653160257323e-01
1.301500000000091404e+03,7.063296073297842259e-01
1.301600000000091313e+03,7.063593444512985542e-01
1.301700000000091222e+03,7.063890766816243172e-01
1.301800000000091359e+03,7.064188040218170039e-01
1.301900000000091495e+03,7.064485264729316594e-01
1.302000000000091404e+03,7.064782440360232174e-01
1.302100000000091313e+03,7.065079567121466120e-01
1.302200000000091450e+03,7.065376645023557778e-01
1.302300000000091586e+03,7.065673674077048716e-01
1.302400000000091495e+03,7.065970654292479392e-01
1.302500000000091404e+03,7.066267585680384711e-01
1.302600000000091541e+03,7.066564468251298470e-01
1.302700000000091677e+03,7.066861302015748914e-01
1.302800000000091586e+03,7.067158086984268728e-01
1.302900000000091495e+03,7.067454823167378386e-01
1.303000000000091632e+03,7.067751510575603913e-01
1.303100000000091768e+03,7.068048149219463561e-01
1.303200000000091677e+03,7.068344739109475583e-01
1.303300000000091586e+03,7.068641280256154902e-01
1.303400000000091723e+03,7.068937772670014219e-01
1.303500000000091859e+03,7.069234216361566236e-01
1.303600000000091768e+03,7.069530611341311443e-01
1.303700000000091677e+03,7.069826957619758101e-01
1.303800000000091813e+03,7.070123255207411139e-01
1.303900000000091950e+03,7.070419504114765497e-01
1.304000000000091859e+03,7.070715704352318332e-01
1.304100000000091768e+03,7.071011855930566803e-01
1.304200000000091904e+03,7.071307958859999188e-01
1.304300000000092041e+03,7.071604013151105983e-01
1.304400000000091950e+03,7.071900018814374356e-01
1.304500000000091859e+03,7.072195975860287032e-01
1.304600000000091995e+03,7.072491884299325626e-01
1.304700000000092132e+03,7.072787744141967314e-01
1.304800000000092041e+03,7.073083555398690381e-01
1.304900000000091950e+03,7.073379318079966449e-01
1.305000000000092086e+03,7.073675032196267143e-01
1.305100000000092223e+03,7.073970697758060755e-01
1.305200000000092132e+03,7.074266314775811137e-01
1.305300000000092041e+03,7.074561883259985473e-01
1.305400000000092177e+03,7.074857403221039842e-01
1.305500000000092314e+03,7.075152874669433656e-01
1.305600000000092223e+03,7.075448297615624105e-01
1.305700000000092132e+03,7.075743672070060608e-01
1.305800000000092268e+03,7.076038998043194805e-01
1.305900000000092405e+03,7.076334275545475005e-01
1.306000000000092314e+03,7.076629504587345076e-01
1.306100000000092223e+03,7.076924685179245555e-01
1.306200000000092359e+03,7.077219817331620311e-01
1.306300000000092496e+03,7.077514901054904328e-01
1.306400000000092405e+03,7.077809936359530374e-01
1.306500000000092314e+03,7.078104923255931213e-01
1.306600000000092450e+03,7.078399861754539613e-01
1.306700000000092587e+03,7.078694751865780566e-01
1.306800000000092496e+03,7.078989593600074626e-01
1.306900000000092405e+03,7.079284386967847897e-01
1.307000000000092541e+03,7.079579131979517603e-01
1.307100000000092678e+03,7.079873828645502076e-01
1.307200000000092587e+03,7.080168476976212988e-01
1.307300000000092496e+03,7.080463076982062010e-01
1.307400000000092632e+03,7.080757628673458592e-01
1.307500000000092768e+03,7.081052132060808857e-01
1.307600000000092678e+03,7.081346587154514483e-01
1.307700000000092587e+03,7.081640993964979369e-01
1.307800000000092723e+03,7.081935352502601866e-01
1.307900000000092859e+03,7.082229662777774770e-01
1.308000000000092768e+03,7.082523924800893100e-01
1.308100000000092678e+03,7.082818138582348544e-01
1.308200000000092814e+03,7.083112304132528347e-01
1.308300000000092950e+03,7.083406421461819757e-01
1.308400000000092859e+03,7.083700490580601139e-01
1.308500000000092768e+03,7.083994511499256408e-01
1.308600000000092905e+03,7.084288484228163929e-01
1.308700000000093041e+03,7.084582408777698737e-01
1.308800000000092950e+03,7.084876285158231424e-01
1.308900000000092859e+03,7.085170113380132584e-01
1.309000000000092996e+03,7.085463893453771700e-01
1.309100000000093132e+03,7.085757625389512704e-01
1.309200000000093041e+03,7.086051309197716197e-01
1.309300000000092950e+03,7.086344944888746111e-01
1.309400000000093087e+03,7.086638532472957497e-01
1.309500000000093223e+03,7.086932071960704294e-01
1.309600000000093132e+03,7.087225563362338221e-01
1.309700000000093041e+03,7.087519006688210998e-01
1.309800000000093178e+03,7.087812401948669905e-01
1.309900000000093314e+03,7.088105749154056667e-01
1.310000000000093223e+03,7.088399048314715234e-01
1.310100000000093132e+03,7.088692299440982891e-01
1.310200000000093269e+03,7.088985502543200257e-01
1.310300000000093405e+03,7.089278657631700176e-01
1.310400000000093314e+03,7.089571764716811053e-01
1.310500000000093223e+03,7.089864823808864625e-01
1.310600000000093360e+03,7.090157834918187074e-01
1.310700000000093496e+03,7.090450798055103476e-01
1.310800000000093405e+03,7.090743713229934464e-01
1.310900000000093314e+03,7.091036580452997340e-01
1.311000000000093451e+03,7.091329399734608296e-01
1.311100000000093587e+03,7.091622171085086856e-01
1.311200000000093496e+03,7.091914894514738110e-01
1.311300000000093405e+03,7.092207570033871589e-01
1.311400000000093542e+03,7.092500197652795713e-01
1.311500000000093678e+03,7.092792777381811131e-01
1.311600000000093587e+03,7.093085309231219604e-01
1.311700000000093496e+03,7.093377793211322890e-01
1.311800000000093632e+03,7.093670229332412758e-01
1.311900000000093769e+03,7.093962617604784304e-01
1.312000000000093678e+03,7.094254958038728187e-01
1.312100000000093587e+03,7.094547250644532843e-01
1.312200000000093723e+03,7.094839495432482268e-01
1.312300000000093860e+03,7.095131692412864899e-01
1.312400000000093769e+03,7.095423841595952519e-01
1.312500000000093678e+03,7.095715942992031344e-01
1.312600000000093814e+03,7.096007996611372048e-01
1.312700000000093951e+03,7.096300002464250856e-01
1.312800000000093860e+03,7.096591960560933998e-01
1.312900000000093769e+03,7.096883870911692149e-01
1.313000000000093905e+03,7.097175733526791541e-01
1.313100000000094042e+03,7.097467548416493965e-01
1.313200000000093951e+03,7.097759315591058993e-01
1.313300000000093860e+03,7.098051035060743974e-01
1.313400000000093996e+03,7.098342706835804039e-01
1.313500000000094133e+03,7.098634330926494318e-01
1.313600000000094042e+03,7.098925907343063280e-01
1.313700000000093951e+03,7.099217436095757172e-01
1.313800000000094087e+03,7.099508917194821134e-01
1.313900000000094224e+03,7.099800350650500302e-01
1.314000000000094133e+03,7.100091736473032045e-01
1.314100000000094042e+03,7.100383074672654837e-01
1.314200000000094178e+03,7.100674365259601606e-01
1.314300000000094315e+03,7.100965608244108607e-01
1.314400000000094224e+03,7.101256803636403214e-01
1.314500000000094133e+03,7.101547951446710583e-01
1.314600000000094269e+03,7.101839051685258086e-01
1.314700000000094406e+03,7.102130104362269769e-01
1.314800000000094315e+03,7.102421109487960793e-01
1.314900000000094224e+03,7.102712067072548541e-01
1.315000000000094360e+03,7.103002977126251505e-01
1.315100000000094496e+03,7.103293839659280406e-01
1.315200000000094406e+03,7.103584654681841526e-01
1.315300000000094315e+03,7.103875422204146695e-01
1.315400000000094451e+03,7.104166142236395531e-01
1.315500000000094587e+03,7.104456814788795427e-01
1.315600000000094496e+03,7.104747439871539338e-01
1.315700000000094406e+03,7.105038017494830216e-01
1.315800000000094542e+03,7.105328547668856576e-01
1.315900000000094678e+03,7.105619030403815817e-01
1.316000000000094587e+03,7.105909465709895345e-01
1.316100000000094496e+03,7.106199853597279237e-01
1.316200000000094633e+03,7.106490194076154898e-01
1.316300000000094769e+03,7.106780487156701964e-01
1.316400000000094678e+03,7.107070732849101180e-01
1.316500000000094587e+03,7.107360931163526629e-01
1.316600000000094724e+03,7.107651082110157947e-01
1.316700000000094860e+03,7.107941185699160336e-01
1.316800000000094769e+03,7.108231241940708989e-01
1.316900000000094678e+03,7.108521250844964667e-01
1.317000000000094815e+03,7.108811212422095904e-01
1.317100000000094951e+03,7.109101126682262350e-01
1.317200000000094860e+03,7.109390993635620326e-01
1.317300000000094769e+03,7.109680813292332813e-01
1.317400000000094906e+03,7.109970585662548359e-01
1.317500000000095042e+03,7.110260310756422175e-01
1.317600000000094951e+03,7.110549988584098369e-01
1.317700000000094860e+03,7.110839619155727709e-01
1.317800000000094997e+03,7.111129202481453193e-01
1.317900000000095133e+03,7.111418738571416709e-01
1.318000000000095042e+03,7.111708227435754592e-01
1.318100000000094951e+03,7.111997669084604290e-01
1.318200000000095088e+03,7.112287063528102138e-01
1.318300000000095224e+03,7.112576410776377811e-01
1.318400000000095133e+03,7.112865710839558764e-01
1.318500000000095042e+03,7.113154963727773561e-01
1.318600000000095179e+03,7.113444169451145216e-01
1.318700000000095315e+03,7.113733328019795632e-01
1.318800000000095224e+03,7.114022439443841161e-01
1.318900000000095133e+03,7.114311503733400377e-01
1.319000000000095270e+03,7.114600520898588520e-01
1.319100000000095406e+03,7.114889490949514173e-01
1.319200000000095315e+03,7.115178413896287024e-01
1.319300000000095224e+03,7.115467289749013435e-01
1.319400000000095361e+03,7.115756118517797546e-01
1.319500000000095497e+03,7.116044900212740165e-01
1.319600000000095406e+03,7.116333634843939882e-01
1.319700000000095315e+03,7.116622322421491953e-01
1.319800000000095451e+03,7.116910962955494968e-01
1.319900000000095588e+03,7.117199556456035303e-01
1.320000000000095497e+03,7.117488102933202665e-01
1.320100000000095406e+03,7.117776602397083430e-01
1.320200000000095542e+03,7.118065054857761753e-01
1.320300000000095679e+03,7.118353460325321791e-01
1.320400000000095588e+03,7.118641818809836597e-01
1.320500000000095497e+03,7.118930130321386995e-01
1.320600000000095633e+03,7.119218394870044930e-01
1.320700000000095770e+03,7.119506612465881235e-01
1.320800000000095679e+03,7.119794783118966741e-01
1.320900000000095588e+03,7.120082906839365622e-01
1.321000000000095724e+03,7.120370983637142048e-01
1.321100000000095861e+03,7.120659013522360192e-01
1.321200000000095770e+03,7.120946996505075344e-01
1.321300000000095679e+03,7.121234932595342793e-01
1.321400000000095815e+03,7.121522821803221159e-01
1.321500000000095952e+03,7.121810664138760183e-01
1.321600000000095861e+03,7.122098459612005161e-01
1.321700000000095770e+03,7.122386208233005833e-01
1.321800000000095906e+03,7.122673910011807497e-01
1.321900000000096043e+03,7.122961564958447678e-01
1.322000000000095952e+03,7.123249173082966124e-01
1.322100000000095861e+03,7.123536734395400360e-01
1.322200000000095997e+03,7.123824248905786805e-01
1.322300000000096134e+03,7.124111716624150770e-01
1.322400000000096043e+03,7.124399137560526452e-01
1.322500000000095952e+03,7.124686511724938054e-01
1.322600000000096088e+03,7.124973839127410891e-01
1.322700000000096225e+03,7.125261119777964725e-01
1.322800000000096134e+03,7.125548353686619318e-01
1.322900000000096043e+03,7.125835540863391104e-01
1.323000000000096179e+03,7.126122681318296515e-01
1.323100000000096315e+03,7.126409775061343099e-01
1.323200000000096225e+03,7.126696822102540629e-01
1.323300000000096134e+03,7.126983822451898876e-01
1.323400000000096270e+03,7.127270776119418727e-01
1.323500000000096406e+03,7.127557683115104403e-01
1.323600000000096315e+03,7.127844543448953463e-01
1.323700000000096225e+03,7.128131357130963464e-01
1.323800000000096361e+03,7.128418124171127523e-01
1.323900000000096497e+03,7.128704844579436539e-01
1.324000000000096406e+03,7.128991518365883628e-01
1.324100000000096315e+03,7.129278145540450806e-01
1.324200000000096452e+03,7.129564726113127859e-01
1.324300000000096588e+03,7.129851260093892362e-01
1.324400000000096497e+03,7.130137747492724110e-01
1.324500000000096406e+03,7.130424188319601786e-01
1.324600000000096543e+03,7.130710582584497415e-01
1.324700000000096679e+03,7.130996930297385239e-01
1.324800000000096588e+03,7.131283231468232842e-01
1.324900000000096497e+03,7.131569486107010025e-01
1.325000000000096634e+03,7.131855694223678821e-01
1.325100000000096770e+03,7.132141855828201260e-01
1.325200000000096679e+03,7.132427970930537153e-01
1.325300000000096588e+03,7.132714039540645201e-01
1.325400000000096725e+03,7.133000061668480773e-01
1.325500000000096861e+03,7.133286037323990358e-01
1.325600000000096770e+03,7.133571966517130436e-01
1.325700000000096679e+03,7.133857849257845274e-01
1.325800000000096816e+03,7.134143685556080250e-01
1.325900000000096952e+03,7.134429475421777411e-01
1.326000000000096861e+03,7.134715218864875474e-01
1.326100000000096770e+03,7.135000915895314266e-01
1.326200000000096907e+03,7.135286566523025842e-01
1.326300000000097043e+03,7.135572170757945587e-01
1.326400000000096952e+03,7.135857728610002226e-01
1.326500000000096861e+03,7.136143240089123374e-01
1.326600000000096998e+03,7.136428705205233314e-01
1.326700000000097134e+03,7.136714123968257439e-01
1.326800000000097043e+03,7.136999496388112263e-01
1.326900000000096952e+03,7.137284822474717627e-01
1.327000000000097089e+03,7.137570102237988934e-01
1.327100000000097225e+03,7.137855335687839364e-01
1.327200000000097134e+03,7.138140522834177659e-01
1.327300000000097043e+03,7.138425663686910339e-01
1.327400000000097180e+03,7.138710758255948363e-01
1.327500000000097316e+03,7.138995806551190482e-01
1.327600000000097225e+03,7.139280808582536553e-01
1.327700000000097134e+03,7.139565764359887545e-01
1.327800000000097270e+03,7.139850673893137767e-01
1.327900000000097407e+03,7.140135537192180415e-01
1.328000000000097316e+03,7.140420354266906466e-01
1.328100000000097225e+03,7.140705125127203567e-01
1.328200000000097361e+03,7.140989849782957144e-01
1.328300000000097498e+03,7.141274528244055952e-01
1.328400000000097407e+03,7.141559160520370986e-01
1.328500000000097316e+03,7.141843746621787670e-01
1.328600000000097452e+03,7.142128286558181438e-01
1.328700000000097589e+03,7.142412780339426615e-01
1.328800000000097498e+03,7.142697227975389751e-01
1.328900000000097407e+03,7.142981629475940730e-01
1.329000000000097543e+03,7.143265984850951655e-01
1.329100000000097680e+03,7.143550294110281307e-01
1.329200000000097589e+03,7.143834557263791796e-01
1.329300000000097498e+03,7.144118774321341903e-01
1.329400000000097634e+03,7.144402945292788187e-01
1.329500000000097771e+03,7.144687070187984990e-01
1.329600000000097680e+03,7.144971149016784429e-01
1.329700000000097589e+03,7.145255181789033072e-01
1.329800000000097725e+03,7.145539168514583039e-01
1.329900000000097862e+03,7.145823109203274237e-01
1.330000000000097771e+03,7.146107003864946572e-01
1.330100000000097680e+03,7.146390852509444391e-01
1.330200000000097816e+03,7.146674655146603161e-01
1.330300000000097953e+03,7.146958411786255017e-01
1.330400000000097862e+03,7.147242122438235423e-01
1.330500000000097771e+03,7.147525787112372075e-01
1.330600000000097907e+03,7.147809405818491557e-01
1.330700000000098044e+03,7.148092978566421563e-01
1.330800000000097953e+03,7.148376505365982014e-01
1.330900000000097862e+03,7.148659986226992835e-01
1.331000000000097998e+03,7.148943421159272837e-01
1.331100000000098134e+03,7.149226810172634172e-01
1.331200000000098044e+03,7.149510153276891211e-01
1.331300000000097953e+03,7.149793450481856105e-01
1.331400000000098089e+03,7.150076701797334344e-01
1.331500000000098225e+03,7.150359907233132528e-01
1.331600000000098134e+03,7.150643066799051706e-01
1.331700000000098044e+03,7.150926180504894036e-01
1.331800000000098180e+03,7.151209248360457238e-01
1.331900000000098316e+03,7.151492270375534588e-01
1.332000000000098225e+03,7.151775246559923804e-01
1.332100000000098134e+03,7.152058176923412613e-01
1.332200000000098271e+03,7.152341061475788742e-01
1.332300000000098407e+03,7.152623900226839915e-01
1.332400000000098316e+03,7.152906693186348308e-01
1.332500000000098225e+03,7.153189440364094986e-01
1.332600000000098362e+03,7.153472141769861015e-01
1.332700000000098498e+03,7.153754797413419686e-01
1.332800000000098407e+03,7.154037407304544294e-01
1.332900000000098316e+03,7.154319971453009241e-01
1.333000000000098453e+03,7.154602489868582271e-01
1.333100000000098589e+03,7.154884962561028905e-01
1.333200000000098498e+03,7.155167389540113554e-01
1.333300000000098407e+03,7.155449770815598409e-01
1.333400000000098544e+03,7.155732106397243442e-01
1.333500000000098680e+03,7.156014396294804181e-01
1.333600000000098589e+03,7.156296640518033936e-01
1.333700000000098498e+03,7.156578839076686016e-01
1.333800000000098635e+03,7.156860991980513731e-01
1.333900000000098771e+03,7.157143099239257067e-01
1.334000000000098680e+03,7.157425160862664892e-01
1.334100000000098589e+03,7.157707176860480525e-01
1.334200000000098726e+03,7.157989147242441730e-01
1.334300000000098862e+03,7.158271072018288494e-01
1.334400000000098771e+03,7.158552951197751923e-01
1.334500000000098680e+03,7.158834784790565342e-01
1.334600000000098817e+03,7.159116572806464296e-01
1.334700000000098953e+03,7.159398315255171008e-01
1.334800000000098862e+03,7.159680012146412142e-01
1.334900000000098771e+03,7.159961663489913253e-01
1.335000000000098908e+03,7.160243269295392121e-01
1.335100000000099044e+03,7.160524829572569860e-01
1.335200000000098953e+03,7.160806344331158702e-01
1.335300000000098862e+03,7.161087813580874206e-01
1.335400000000098998e+03,7.161369237331427495e-01
1.335500000000099135e+03,7.161650615592527469e-01
1.335600000000099044e+03,7.161931948373878587e-01
1.335700000000098953e+03,7.162213235685185309e-01
1.335800000000099089e+03,7.162494477536150983e-01
1.335900000000099226e+03,7.162775673936471188e-01
1.336000000000099135e+03,7.163056824895845942e-01
1.336100000000099044e+03,7.163337930423966382e-01
1.336200000000099180e+03,7.163618990530525865e-01
1.336300000000099317e+03,7.163900005225213308e-01
1.336400000000099226e+03,7.164180974517716516e-01
1.336500000000099135e+03,7.164461898417718855e-01
1.336600000000099271e+03,7.164742776934903690e-01
1.336700000000099408e+03,7.165023610078952165e-01
1.336800000000099317e+03,7.165304397859536545e-01
1.336900000000099226e+03,7.165585140286335752e-01
1.337000000000099362e+03,7.165865837369022051e-01
1.337100000000099499e+03,7.166146489117266594e-01
1.337200000000099408e+03,7.166427095540734982e-01
1.337300000000099317e+03,7.166707656649092817e-01
1.337400000000099453e+03,7.166988172452004591e-01
1.337500000000099590e+03,7.167268642959128133e-01
1.337600000000099499e+03,7.167549068180124605e-01
1.337700000000099408e+03,7.167829448124648506e-01
1.337800000000099544e+03,7.168109782802354335e-01
1.337900000000099681e+03,7.168390072222892151e-01
1.338000000000099590e+03,7.168670316395910902e-01
1.338100000000099499e+03,7.168950515331055096e-01
1.338200000000099635e+03,7.169230669037973680e-01
1.338300000000099772e+03,7.169510777526301171e-01
1.338400000000099681e+03,7.169790840805682075e-01
1.338500000000099590e+03,7.170070858885748688e-01
1.338600000000099726e+03,7.170350831776141076e-01
1.338700000000099863e+03,7.170630759486485983e-01
1.338800000000099772e+03,7.170910642026415704e-01
1.338900000000099681e+03,7.171190479405555873e-01
1.339000000000099817e+03,7.171470271633533233e-01
1.339100000000099953e+03,7.171750018719967867e-01
1.339200000000099863e+03,7.172029720674480968e-01
1.339300000000099772e+03,7.172309377506689287e-01
1.339400000000099908e+03,7.172588989226208467e-01
1.339500000000100044e+03,7.172868555842653038e-01
1.339600000000099953e+03,7.173148077365630870e-01
1.339700000000099863e+03,7.173427553804752055e-01
1.339800000000099999e+03,7.173706985169621131e-01
1.339900000000100135e+03,7.173986371469842638e-01
1.340000000000100044e+03,7.174265712715014454e-01
1.340100000000099953e+03,7.174545008914740007e-01
1.340200000000100090e+03,7.174824260078611626e-01
1.340300000000100226e+03,7.175103466216224968e-01
1.340400000000100135e+03,7.175382627337170138e-01
1.340500000000100044e+03,7.175661743451036134e-01
1.340600000000100181e+03,7.175940814567413062e-01
1.340700000000100317e+03,7.176219840695882146e-01
1.340800000000100226e+03,7.176498821846022391e-01
1.340900000000100135e+03,7.176777758027420573e-01
1.341000000000100272e+03,7.177056649249649034e-01
1.341100000000100408e+03,7.177335495522282338e-01
1.341200000000100317e+03,7.177614296854895048e-01
1.341300000000100226e+03,7.177893053257055067e-01
1.341400000000100363e+03,7.178171764738334737e-01
1.341500000000100499e+03,7.178450431308294188e-01
1.341600000000100408e+03,7.178729052976496883e-01
1.341700000000100317e+03,7.179007629752507391e-01
1.341800000000100454e+03,7.179286161645879183e-01
1.341900000000100590e+03,7.179564648666172388e-01
1.342000000000100499e+03,7.179843090822938256e-01
1.342100000000100408e+03,7.180121488125726925e-01
1.342200000000100545e+03,7.180399840584089644e-01
1.342300000000100681e+03,7.180678148207570999e-01
1.342400000000100590e+03,7.180956411005715578e-01
1.342500000000100499e+03,7.181234628988065749e-01
1.342600000000100636e+03,7.181512802164159437e-01
1.342700000000100772e+03,7.181790930543532347e-01
1.342800000000100681e+03,7.182069014135724627e-01
1.342900000000100590e+03,7.182347052950261990e-01
1.343000000000100727e+03,7.182625046996679030e-01
1.343100000000100863e+03,7.182902996284500352e-01
1.343200000000100772e+03,7.183180900823251669e-01
1.343300000000100681e+03,7.183458760622456474e-01
1.343400000000100817e+03,7.183736575691634929e-01
1.343500000000100954e+03,7.184014346040306087e-01
1.343600000000100863e+03,7.184292071677982339e-01
1.343700000000100772e+03,7.184569752614180516e-01
1.343800000000100908e+03,7.184847388858410788e-01
1.343900000000101045e+03,7.185124980420181107e-01
1.344000000000100954e+03,7.185402527308998311e-01
1.344100000000100863e+03,7.185680029534365909e-01
1.344200000000100999e+03,7.185957487105786301e-01
1.344300000000101136e+03,7.186234900032756334e-01
1.344400000000101045e+03,7.186512268324775077e-01
1.344500000000100954e+03,7.186789591991337156e-01
1.344600000000101090e+03,7.187066871041934979e-01
1.344700000000101227e+03,7.187344105486054291e-01
1.344800000000101136e+03,7.187621295333187499e-01
1.344900000000101045e+03,7.187898440592818128e-01
1.345000000000101181e+03,7.188175541274429703e-01
1.345100000000101318e+03,7.188452597387501308e-01
1.345200000000101227e+03,7.188729608941509808e-01
1.345300000000101136e+03,7.189006575945933175e-01
1.345400000000101272e+03,7.189283498410246054e-01
1.345500000000101409e+03,7.189560376343914205e-01
1.345600000000101318e+03,7.189837209756412273e-01
1.345700000000101227e+03,7.190113998657201577e-01
1.345800000000101363e+03,7.190390743055750100e-01
1.345900000000101500e+03,7.190667442961518052e-01
1.346000000000101409e+03,7.190944098383963423e-01
1.346100000000101318e+03,7.191220709332543093e-01
1.346200000000101454e+03,7.191497275816715051e-01
1.346300000000101591e+03,7.191773797845929517e-01
1.346400000000101500e+03,7.192050275429635597e-01
1.346500000000101409e+03,7.192326708577280181e-01
1.346600000000101545e+03,7.192603097298311265e-01
1.346700000000101682e+03,7.192879441602170187e-01
1.346800000000101591e+03,7.193155741498297173e-01
1.346900000000101500e+03,7.193431996996131339e-01
1.347000000000101636e+03,7.193708208105107360e-01
1.347100000000101772e+03,7.193984374834661022e-01
1.347200000000101682e+03,7.194260497194221449e-01
1.347300000000101591e+03,7.194536575193217764e-01
1.347400000000101727e+03,7.194812608841077983e-01
1.347500000000101863e+03,7.195088598147224568e-01
1.347600000000101772e+03,7.195364543121082201e-01
1.347700000000101682e+03,7.195640443772064465e-01
1.347800000000101818e+03,7.195916300109596042e-01
1.347900000000101954e+03,7.196192112143087183e-01
1.348000000000101863e+03,7.196467879881951468e-01
1.348100000000101772e+03,7.196743603335599149e-01
1.348200000000101909e+03,7.197019282513437144e-01
1.348300000000102045e+03,7.197294917424873484e-01
1.348400000000101954e+03,7.197570508079310647e-01
1.348500000000101863e+03,7.197846054486145562e-01
1.348600000000102000e+03,7.198121556654782927e-01
1.348700000000102136e+03,7.198397014594616339e-01
1.348800000000102045e+03,7.198672428315038285e-01
1.348900000000101954e+03,7.198947797825442363e-01
1.349000000000102091e+03,7.199223123135217728e-01
1.349100000000102227e+03,7.199498404253749095e-01
1.349200000000102136e+03,7.199773641190424511e-01
1.349300000000102045e+03,7.200048833954623140e-01
1.349400000000102182e+03,7.200323982555725255e-01
1.349500000000102318e+03,7.200599087003111132e-01
1.349600000000102227e+03,7.200874147306153272e-01
1.349700000000102136e+03,7.201149163474227510e-01
1.349800000000102273e+03,7.201424135516700797e-01
1.349900000000102409e+03,7.201699063442946747e-01
1.350000000000102318e+03,7.201973947262326758e-01
1.350100000000102227e+03,7.202248786984205564e-01
1.350200000000102364e+03,7.202523582617944564e-01
1.350300000000102500e+03,7.202798334172904049e-01
1.350400000000102409e+03,7.203073041658439868e-01
1.350500000000102318e+03,7.203347705083906760e-01
1.350600000000102455e+03,7.203622324458658355e-01
1.350700000000102591e+03,7.203896899792040509e-01
1.350800000000102500e+03,7.204171431093404632e-01
1.350900000000102409e+03,7.204445918372095470e-01
1.351000000000102546e+03,7.204720361637453330e-01
1.351100000000102682e+03,7.204994760898819628e-01
1.351200000000102591e+03,7.205269116165534671e-01
1.351300000000102500e+03,7.205543427446933213e-01
1.351400000000102636e+03,7.205817694752346680e-01
1.351500000000102773e+03,7.206091918091112047e-01
1.351600000000102682e+03,7.206366097472551857e-01
1.351700000000102591e+03,7.206640232905996424e-01
1.351800000000102727e+03,7.206914324400769400e-01
1.351900000000102864e+03,7.207188371966194440e-01
1.352000000000102773e+03,7.207462375611586314e-01
1.352100000000102682e+03,7.207736335346268675e-01
1.352200000000102818e+03,7.208010251179551853e-01
1.352300000000102955e+03,7.208284123120752840e-01
1.352400000000102864e+03,7.208557951179178636e-01
1.352500000000102773e+03,7.208831735364139570e-01
1.352600000000102909e+03,7.209105475684941533e-01
1.352700000000103046e+03,7.209379172150884862e-01
1.352800000000102955e+03,7.209652824771275448e-01
1.352900000000102864e+03,7.209926433555410297e-01
1.353000000000103000e+03,7.210199998512587527e-01
1.353100000000103137e+03,7.210473519652099705e-01
1.353200000000103046e+03,7.210746996983239399e-01
1.353300000000102955e+03,7.211020430515295843e-01
1.353400000000103091e+03,7.211293820257558274e-01
1.353500000000103228e+03,7.211567166219310376e-01
1.353600000000103137e+03,7.211840468409834726e-01
1.353700000000103046e+03,7.212113726838415007e-01
1.353800000000103182e+03,7.212386941514324912e-01
1.353900000000103319e+03,7.212660112446845906e-01
1.354000000000103228e+03,7.212933239645248351e-01
1.354100000000103137e+03,7.213206323118802610e-01
1.354200000000103273e+03,7.213479362876779044e-01
1.354300000000103410e+03,7.213752358928445796e-01
1.354400000000103319e+03,7.214025311283067676e-01
1.354500000000103228e+03,7.214298219949901725e-01
1.354600000000103364e+03,7.214571084938216083e-01
1.354700000000103500e+03,7.214843906257262240e-01
1.354800000000103410e+03,7.215116683916298346e-01
1.354900000000103319e+03,7.215389417924575888e-01
1.355000000000103455e+03,7.215662108291346355e-01
1.355100000000103591e+03,7.215934755025860126e-01
1.355200000000103500e+03,7.216207358137359806e-01
1.355300000000103410e+03,7.216479917635092445e-01
1.355400000000103546e+03,7.216752433528296207e-01
1.355500000000103682e+03,7.217024905826217029e-01
1.355600000000103591e+03,7.217297334538084197e-01
1.355700000000103500e+03,7.217569719673136985e-01
1.355800000000103637e+03,7.217842061240605789e-01
1.355900000000103773e+03,7.218114359249722112e-01
1.356000000000103682e+03,7.218386613709715238e-01
1.356100000000103591e+03,7.218658824629806681e-01
1.356200000000103728e+03,7.218930992019224613e-01
1.356300000000103864e+03,7.219203115887188327e-01
1.356400000000103773e+03,7.219475196242912673e-01
1.356500000000103682e+03,7.219747233095620276e-01
1.356600000000103819e+03,7.220019226454522654e-01
1.356700000000103955e+03,7.220291176328831328e-01
1.356800000000103864e+03,7.220563082727757820e-01
1.356900000000103773e+03,7.220834945660505877e-01
1.357000000000103910e+03,7.221106765136284800e-01
1.357100000000104046e+03,7.221378541164295006e-01
1.357200000000103955e+03,7.221650273753736915e-01
1.357300000000103864e+03,7.221921962913809834e-01
1.357400000000104001e+03,7.222193608653708630e-01
1.357500000000104137e+03,7.222465210982628170e-01
1.357600000000104046e+03,7.222736769909759991e-01
1.357700000000103955e+03,7.223008285444293408e-01
1.357800000000104092e+03,7.223279757595413297e-01
1.357900000000104228e+03,7.223551186372306754e-01
1.358000000000104137e+03,7.223822571784153102e-01
1.358100000000104046e+03,7.224093913840137215e-01
1.358200000000104183e+03,7.224365212549432869e-01
1.358300000000104319e+03,7.224636467921216054e-01
1.358400000000104228e+03,7.224907679964662766e-01
1.358500000000104137e+03,7.225178848688939004e-01
1.358600000000104274e+03,7.225449974103219652e-01
1.358700000000104410e+03,7.225721056216665161e-01
1.358800000000104319e+03,7.225992095038444862e-01
1.358900000000104228e+03,7.226263090577715875e-01
1.359000000000104365e+03,7.226534042843643091e-01
1.359100000000104501e+03,7.226804951845381408e-01
1.359200000000104410e+03,7.227075817592083506e-01
1.359300000000104319e+03,7.227346640092906505e-01
1.359400000000104455e+03,7.227617419356996420e-01
1.359500000000104592e+03,7.227888155393507041e-01
1.359600000000104501e+03,7.228158848211578835e-01
1.359700000000104410e+03,7.228429497820360039e-01
1.359800000000104546e+03,7.228700104228990009e-01
1.359900000000104683e+03,7.228970667446609211e-01
1.360000000000104592e+03,7.229241187482352560e-01
1.360100000000104501e+03,7.229511664345354971e-01
1.360200000000104637e+03,7.229782098044753580e-01
1.360300000000104774e+03,7.230052488589673310e-01
1.360400000000104683e+03,7.230322835989242414e-01
1.360500000000104592e+03,7.230593140252590256e-01
1.360600000000104728e+03,7.230863401388839540e-01
1.360700000000104865e+03,7.231133619407106305e-01
1.360800000000104774e+03,7.231403794316515476e-01
1.360900000000104683e+03,7.231673926126180874e-01
1.361000000000104819e+03,7.231944014845218538e-01
1.361100000000104956e+03,7.232214060482738960e-01
1.361200000000104865e+03,7.232484063047852629e-01
1.361300000000104774e+03,7.232754022549666706e-01
1.361400000000104910e+03,7.233023938997289459e-01
1.361500000000105047e+03,7.233293812399820277e-01
1.361600000000104956e+03,7.233563642766361879e-01
1.361700000000104865e+03,7.233833430106012541e-01
1.361800000000105001e+03,7.234103174427869432e-01
1.361900000000105138e+03,7.234372875741026387e-01
1.362000000000105047e+03,7.234642534054572804e-01
1.362100000000104956e+03,7.234912149377602519e-01
1.362200000000105092e+03,7.235181721719201597e-01
1.362300000000105229e+03,7.235451251088451663e-01
1.362400000000105138e+03,7.235720737494439891e-01
1.362500000000105047e+03,7.235990180946245687e-01
1.362600000000105183e+03,7.236259581452947343e-01
1.362700000000105319e+03,7.236528939023623153e-01
1.362800000000105229e+03,7.236798253667341418e-01
1.362900000000105138e+03,7.237067525393179324e-01
1.363000000000105274e+03,7.237336754210204059e-01
1.363100000000105410e+03,7.237605940127481707e-01
1.363200000000105319e+03,7.237875083154080569e-01
1.363300000000105229e+03,7.238144183299058954e-01
1.363400000000105365e+03,7.238413240571480722e-01
1.363500000000105501e+03,7.238682254980404185e-01
1.363600000000105410e+03,7.238951226534880989e-01
1.363700000000105319e+03,7.239220155243970556e-01
1.363800000000105456e+03,7.239489041116722312e-01
1.363900000000105592e+03,7.239757884162184576e-01
1.364000000000105501e+03,7.240026684389403444e-01
1.364100000000105410e+03,7.240295441807425014e-01
1.364200000000105547e+03,7.240564156425294273e-01
1.364300000000105683e+03,7.240832828252048436e-01
1.364400000000105592e+03,7.241101457296725830e-01
1.364500000000105501e+03,7.241370043568362558e-01
1.364600000000105638e+03,7.241638587075992506e-01
1.364700000000105774e+03,7.241907087828646228e-01
1.364800000000105683e+03,7.242175545835355388e-01
1.364900000000105592e+03,7.242443961105143879e-01
1.365000000000105729e+03,7.242712333647037815e-01
1.365100000000105865e+03,7.242980663470059977e-01
1.365200000000105774e+03,7.243248950583229817e-01
1.365300000000105683e+03,7.243517194995564568e-01
1.365400000000105820e+03,7.243785396716080349e-01
1.365500000000105956e+03,7.244053555753793283e-01
1.365600000000105865e+03,7.244321672117710609e-01
1.365700000000105774e+03,7.244589745816844006e-01
1.365800000000105911e+03,7.244857776860200715e-01
1.365900000000106047e+03,7.245125765256783534e-01
1.366000000000105956e+03,7.245393711015594151e-01
1.366100000000105865e+03,7.245661614145635365e-01
1.366200000000106002e+03,7.245929474655903313e-01
1.366300000000106138e+03,7.246197292555395242e-01
1.366400000000106047e+03,7.246465067853102848e-01
1.366500000000105956e+03,7.246732800558016718e-01
1.366600000000106093e+03,7.247000490679128548e-01
1.366700000000106229e+03,7.247268138225423373e-01
1.366800000000106138e+03,7.247535743205887337e-01
1.366900000000106047e+03,7.247803305629499926e-01
1.367000000000106184e+03,7.248070825505243953e-01
1.367100000000106320e+03,7.248338302842095571e-01
1.367200000000106229e+03,7.248605737649032044e-01
1.367300000000106138e+03,7.248873129935025084e-01
1.367400000000106274e+03,7.249140479709048623e-01
1.367500000000106411e+03,7.249407786980067714e-01
1.367600000000106320e+03,7.249675051757052957e-01
1.367700000000106229e+03,7.249942274048966073e-01
1.367800000000106365e+03,7.250209453864772113e-01
1.367900000000106502e+03,7.250476591213429467e-01
1.368000000000106411e+03,7.250743686103896524e-01
1.368100000000106320e+03,7.251010738545127232e-01
1.368200000000106456e+03,7.251277748546077762e-01
1.368300000000106593e+03,7.251544716115700950e-01
1.368400000000106502e+03,7.251811641262939645e-01
1.368500000000106411e+03,7.252078523996746684e-01
1.368600000000106547e+03,7.252345364326063804e-01
1.368700000000106684e+03,7.252612162259834960e-01
1.368800000000106593e+03,7.252878917806997450e-01
1.368900000000106502e+03,7.253145630976491898e-01
1.369000000000106638e+03,7.253412301777255600e-01
1.369100000000106775e+03,7.253678930218219190e-01
1.369200000000106684e+03,7.253945516308316632e-01
1.369300000000106593e+03,7.254212060056471900e-01
1.369400000000106729e+03,7.254478561471617848e-01
1.369500000000106866e+03,7.254745020562677338e-01
1.369600000000106775e+03,7.255011437338571012e-01
1.369700000000106684e+03,7.255277811808221733e-01
1.369800000000106820e+03,7.255544143980547922e-01
1.369900000000106957e+03,7.255810433864462450e-01
1.370000000000106866e+03,7.256076681468882628e-01
1.370100000000106775e+03,7.256342886802716885e-01
1.370200000000106911e+03,7.256609049874876982e-01
1.370300000000107048e+03,7.256875170694268018e-01
1.370400000000106957e+03,7.257141249269797312e-01
1.370500000000106866e+03,7.257407285610365522e-01
1.370600000000107002e+03,7.257673279724874416e-01
1.370700000000107138e+03,7.257939231622222431e-01
1.370800000000107048e+03,7.258205141311301345e-01
1.370900000000106957e+03,7.258471008801011815e-01
1.371000000000107093e+03,7.258736834100242286e-01
1.371100000000107229e+03,7.259002617217883424e-01
1.371200000000107138e+03,7.259268358162820345e-01
1.371300000000107048e+03,7.259534056943941494e-01
1.371400000000107184e+03,7.259799713570126434e-01
1.371500000000107320e+03,7.260065328050256950e-01
1.371600000000107229e+03,7.260330900393212605e-01
1.371700000000107138e+03,7.260596430607868523e-01
1.371800000000107275e+03,7.260861918703099827e-01
1.371900000000107411e+03,7.261127364687778307e-01
1.372000000000107320e+03,7.261392768570773537e-01
1.372100000000107229e+03,7.261658130360951757e-01
1.372200000000107366e+03,7.261923450067182539e-01
1.372300000000107502e+03,7.262188727698325463e-01
1.372400000000107411e+03,7.262453963263241219e-01
1.372500000000107320e+03,7.262719156770788276e-01
1.372600000000107457e+03,7.262984308229827324e-01
1.372700000000107593e+03,7.263249417649210171e-01
1.372800000000107502e+03,7.263514485037788626e-01
1.372900000000107411e+03,7.263779510404411166e-01
1.373000000000107548e+03,7.264044493757929599e-01
1.373100000000107684e+03,7.264309435107187962e-01
1.373200000000107593e+03,7.264574334461029181e-01
1.373300000000107502e+03,7.264839191828293963e-01
1.373400000000107639e+03,7.265104007217821902e-01
1.373500000000107775e+03,7.265368780638453705e-01
1.373600000000107684e+03,7.265633512099016755e-01
1.373700000000107593e+03,7.265898201608349538e-01
1.373800000000107730e+03,7.266162849175281657e-01
1.373900000000107866e+03,7.266427454808638275e-01
1.374000000000107775e+03,7.266692018517247886e-01
1.374100000000107684e+03,7.266956540309933432e-01
1.374200000000107821e+03,7.267221020195518966e-01
1.374300000000107957e+03,7.267485458182819658e-01
1.374400000000107866e+03,7.267749854280655120e-01
1.374500000000107775e+03,7.268014208497841633e-01
1.374600000000107912e+03,7.268278520843191037e-01
1.374700000000108048e+03,7.268542791325514063e-01
1.374800000000107957e+03,7.268807019953618109e-01
1.374900000000107866e+03,7.269071206736310575e-01
1.375000000000108002e+03,7.269335351682397750e-01
1.375100000000108139e+03,7.269599454800679261e-01
1.375200000000108048e+03,7.269863516099955847e-01
1.375300000000107957e+03,7.270127535589023804e-01
1.375400000000108093e+03,7.270391513276680540e-01
1.375500000000108230e+03,7.270655449171719020e-01
1.375600000000108139e+03,7.270919343282927771e-01
1.375700000000108048e+03,7.271183195619100870e-01
1.375800000000108184e+03,7.271447006189022400e-01
1.375900000000108321e+03,7.271710775001474225e-01
1.376000000000108230e+03,7.271974502065243762e-01
1.376100000000108139e+03,7.272238187389108433e-01
1.376200000000108275e+03,7.272501830981848991e-01
1.376300000000108412e+03,7.272765432852238421e-01
1.376400000000108321e+03,7.273028993009051923e-01
1.376500000000108230e+03,7.273292511461061371e-01
1.376600000000108366e+03,7.273555988217035306e-01
1.376700000000108503e+03,7.273819423285742269e-01
1.376800000000108412e+03,7.274082816675945251e-01
1.376900000000108321e+03,7.274346168396409462e-01
1.377000000000108457e+03,7.274609478455895673e-01
1.377100000000108594e+03,7.274872746863162432e-01
1.377200000000108503e+03,7.275135973626962738e-01
1.377300000000108412e+03,7.275399158756057361e-01
1.377400000000108548e+03,7.275662302259193748e-01
1.377500000000108685e+03,7.275925404145123787e-01
1.377600000000108594e+03,7.276188464422593816e-01
1.377700000000108503e+03,7.276451483100349060e-01
1.377800000000108639e+03,7.276714460187138078e-01
1.377900000000108776e+03,7.276977395691696104e-01
1.378000000000108685e+03,7.277240289622765035e-01
1.378100000000108594e+03,7.277503141989081215e-01
1.378200000000108730e+03,7.277765952799382099e-01
1.378300000000108867e+03,7.278028722062396261e-01
1.378400000000108776e+03,7.278291449786857825e-01
1.378500000000108685e+03,7.278554135981493145e-01
1.378600000000108821e+03,7.278816780655027463e-01
1.378700000000108957e+03,7.279079383816189353e-01
1.378800000000108867e+03,7.279341945473696285e-01
1.378900000000108776e+03,7.279604465636266841e-01
1.379000000000108912e+03,7.279866944312626265e-01
1.379100000000109048e+03,7.280129381511483144e-01
1.379200000000108957e+03,7.280391777241552731e-01
1.379300000000108867e+03,7.280654131511548055e-01
1.379400000000109003e+03,7.280916444330173265e-01
1.379500000000109139e+03,7.281178715706141391e-01
1.379600000000109048e+03,7.281440945648152141e-01
1.379700000000108957e+03,7.281703134164910773e-01
1.379800000000109094e+03,7.281965281265118106e-01
1.379900000000109230e+03,7.282227386957470516e-01
1.380000000000109139e+03,7.282489451250665491e-01
1.380100000000109048e+03,7.282751474153394966e-01
1.380200000000109185e+03,7.283013455674354208e-01
1.380300000000109321e+03,7.283275395822230713e-01
1.380400000000109230e+03,7.283537294605710866e-01
1.380500000000109139e+03,7.283799152033482160e-01
1.380600000000109276e+03,7.284060968114228762e-01
1.380700000000109412e+03,7.284322742856629285e-01
1.380800000000109321e+03,7.284584476269364561e-01
1.380900000000109230e+03,7.284846168361108765e-01
1.381000000000109367e+03,7.285107819140540508e-01
1.381100000000109503e+03,7.285369428616328413e-01
1.381200000000109412e+03,7.285630996797145542e-01
1.381300000000109321e+03,7.285892523691657185e-01
1.381400000000109458e+03,7.286154009308533075e-01
1.381500000000109594e+03,7.286415453656435171e-01
1.381600000000109503e+03,7.286676856744026543e-01
1.381700000000109412e+03,7.286938218579963600e-01
1.381800000000109549e+03,7.287199539172908302e-01
1.381900000000109685e+03,7.287460818531513729e-01
1.382000000000109594e+03,7.287722056664434067e-01
1.382100000000109503e+03,7.287983253580319065e-01
1.382200000000109640e+03,7.288244409287818470e-01
1.382300000000109776e+03,7.288505523795580920e-01
1.382400000000109685e+03,7.288766597112248391e-01
1.382500000000109594e+03,7.289027629246462858e-01
1.382600000000109731e+03,7.289288620206867408e-01
1.382700000000109867e+03,7.289549570002099577e-01
1.382800000000109776e+03,7.289810478640796898e-01
1.382900000000109685e+03,7.290071346131589136e-01
1.383000000000109821e+03,7.290332172483112716e-01
1.383100000000109958e+03,7.290592957703996291e-01
1.383200000000109867e+03,7.290853701802865183e-01
1.383300000000109776e+03,7.291114404788348047e-01
1.383400000000109912e+03,7.291375066669066873e-01
1.383500000000110049e+03,7.291635687453643655e-01
1.383600000000109958e+03,7.291896267150693722e-01
1.383700000000109867e+03,7.292156805768841288e-01
1.383800000000110003e+03,7.292417303316695021e-01
1.383900000000110140e+03,7.292677759802870252e-01
1.384000000000110049e+03,7.292938175235977871e-01
1.384100000000109958e+03,7.293198549624624327e-01
1.384200000000110094e+03,7.293458882977418289e-01
1.384300000000110231e+03,7.293719175302963986e-01
1.384400000000110140e+03,7.293979426609862315e-01
1.384500000000110049e+03,7.294239636906713065e-01
1.384600000000110185e+03,7.294499806202114911e-01
1.384700000000110322e+03,7.294759934504664312e-01
1.384800000000110231e+03,7.295020021822954392e-01
1.384900000000110140e+03,7.295280068165577170e-01
1.385000000000110276e+03,7.295540073541120218e-01
1.385100000000110413e+03,7.295800037958172224e-01
1.385200000000110322e+03,7.296059961425316320e-01
1.385300000000110231e+03,7.296319843951140083e-01
1.385400000000110367e+03,7.296579685544218874e-01
1.385500000000110504e+03,7.296839486213136938e-01
1.385600000000110413e+03,7.297099245966466308e-01
1.385700000000110322e+03,7.297358964812784565e-01
1.385800000000110458e+03,7.297618642760662633e-01
1.385900000000110595e+03,7.297878279818673652e-01
1.386000000000110504e+03,7.298137875995379664e-01
1.386100000000110413e+03,7.298397431299351590e-01
1.386200000000110549e+03,7.298656945739155910e-01
1.386300000000110686e+03,7.298916419323349114e-01
1.386400000000110595e+03,7.299175852060492131e-01
1.386500000000110504e+03,7.299435243959143671e-01
1.386600000000110640e+03,7.299694595027860222e-01
1.386700000000110776e+03,7.299953905275193833e-01
1.386800000000110686e+03,7.300213174709695441e-01
1.386900000000110595e+03,7.300472403339913763e-01
1.387000000000110731e+03,7.300731591174399737e-01
1.387100000000110867e+03,7.300990738221694309e-01
1.387200000000110776e+03,7.301249844490340646e-01
1.387300000000110686e+03,7.301508909988883023e-01
1.387400000000110822e+03,7.301767934725856835e-01
1.387500000000110958e+03,7.302026918709798586e-01
1.387600000000110867e+03,7.302285861949244783e-01
1.387700000000110776e+03,7.302544764452725268e-01
1.387800000000110913e+03,7.302803626228773215e-01
1.387900000000111049e+03,7.303062447285914027e-01
1.388000000000110958e+03,7.303321227632676438e-01
1.388100000000110867e+03,7.303579967277580298e-01
1.388200000000111004e+03,7.303838666229152121e-01
1.388300000000111140e+03,7.304097324495908428e-01
1.388400000000111049e+03,7.304355942086369069e-01
1.388500000000110958e+03,7.304614519009046125e-01
1.388600000000111095e+03,7.304873055272458338e-01
1.388700000000111231e+03,7.305131550885112235e-01
1.388800000000111140e+03,7.305390005855517677e-01
1.388900000000111049e+03,7.305648420192184522e-01
1.389000000000111186e+03,7.305906793903615970e-01
1.389100000000111322e+03,7.306165126998315218e-01
1.389200000000111231e+03,7.306423419484782134e-01
1.389300000000111140e+03,7.306681671371517695e-01
1.389400000000111277e+03,7.306939882667016217e-01
1.389500000000111413e+03,7.307198053379773128e-01
1.389600000000111322e+03,7.307456183518280524e-01
1.389700000000111231e+03,7.307714273091029389e-01
1.389800000000111368e+03,7.307972322106509599e-01
1.389900000000111504e+03,7.308230330573202149e-01
1.390000000000111413e+03,7.308488298499594693e-01
1.390100000000111322e+03,7.308746225894170445e-01
1.390200000000111459e+03,7.309004112765408179e-01
1.390300000000111595e+03,7.309261959121784447e-01
1.390400000000111504e+03,7.309519764971774691e-01
1.390500000000111413e+03,7.309777530323853245e-01
1.390600000000111550e+03,7.310035255186492220e-01
1.390700000000111686e+03,7.310292939568160397e-01
1.390800000000111595e+03,7.310550583477325448e-01
1.390900000000111504e+03,7.310808186922453933e-01
1.391000000000111640e+03,7.311065749912007972e-01
1.391100000000111777e+03,7.311323272454446354e-01
1.391200000000111686e+03,7.311580754558230089e-01
1.391300000000111595e+03,7.311838196231816855e-01
1.391400000000111731e+03,7.312095597483658782e-01
1.391500000000111868e+03,7.312352958322212437e-01
1.391600000000111777e+03,7.312610278755924398e-01
1.391700000000111686e+03,7.312867558793246792e-01
1.391800000000111822e+03,7.313124798442622865e-01
1.391900000000111959e+03,7.313381997712500304e-01
1.392000000000111868e+03,7.313639156611319025e-01
1.392100000000111777e+03,7.313896275147520054e-01
1.392200000000111913e+03,7.314153353329541085e-01
1.392300000000112050e+03,7.314410391165818703e-01
1.392400000000111959e+03,7.314667388664785053e-01
1.392500000000111868e+03,7.314924345834874497e-01
1.392600000000112004e+03,7.315181262684516961e-01
1.392700000000112141e+03,7.315438139222139036e-01
1.392800000000112050e+03,7.315694975456165094e-01
1.392900000000111959e+03,7.315951771395021730e-01
1.393000000000112095e+03,7.316208527047127763e-01
1.393100000000112232e+03,7.316465242420904236e-01
1.393200000000112141e+03,7.316721917524767749e-01
1.393300000000112050e+03,7.316978552367133792e-01
1.393400000000112186e+03,7.317235146956414527e-01
1.393500000000112323e+03,7.317491701301023221e-01
1.393600000000112232e+03,7.317748215409368706e-01
1.393700000000112141e+03,7.318004689289854259e-01
1.393800000000112277e+03,7.318261122950890929e-01
1.393900000000112414e+03,7.318517516400876444e-01
1.394000000000112323e+03,7.318773869648212971e-01
1.394100000000112232e+03,7.319030182701300458e-01
1.394200000000112368e+03,7.319286455568533301e-01
1.394300000000112504e+03,7.319542688258308116e-01
1.394400000000112414e+03,7.319798880779017081e-01
1.394500000000112323e+03,7.320055033139049039e-01
1.394600000000112459e+03,7.320311145346793946e-01
1.394700000000112595e+03,7.320567217410637317e-01
1.394800000000112504e+03,7.320823249338964667e-01
1.394900000000112414e+03,7.321079241140153737e-01
1.395000000000112550e+03,7.321335192822591154e-01
1.395100000000112686e+03,7.321591104394651328e-01
1.395200000000112595e+03,7.321846975864707563e-01
1.395300000000112504e+03,7.322102807241138711e-01
1.395400000000112641e+03,7.322358598532314744e-01
1.395500000000112777e+03,7.322614349746604523e-01
1.395600000000112686e+03,7.322870060892376909e-01
1.395700000000112595e+03,7.323125731977996322e-01
1.395800000000112732e+03,7.323381363011827183e-01
1.395900000000112868e+03,7.323636954002232802e-01
1.396000000000112777e+03,7.323892504957566496e-01
1.396100000000112686e+03,7.324148015886192686e-01
1.396200000000112823e+03,7.324403486796461360e-01
1.396300000000112959e+03,7.324658917696729166e-01
1.396400000000112868e+03,7.324914308595346091e-01
1.396500000000112777e+03,7.325169659500663233e-01
1.396600000000112914e+03,7.325424970421023918e-01
1.396700000000113050e+03,7.325680241364775913e-01
1.396800000000112959e+03,7.325935472340259214e-01
1.396900000000112868e+03,7.326190663355819366e-01
1.397000000000113005e+03,7.326445814419791924e-01
1.397100000000113141e+03,7.326700925540514664e-01
1.397200000000113050e+03,7.326955996726320919e-01
1.397300000000112959e+03,7.327211027985544023e-01
1.397400000000113096e+03,7.327466019326517310e-01
1.397500000000113232e+03,7.327720970757565233e-01
1.397600000000113141e+03,7.327975882287017795e-01
1.397700000000113050e+03,7.328230753923196117e-01
1.397800000000113187e+03,7.328485585674425762e-01
1.397900000000113323e+03,7.328740377549024521e-01
1.398000000000113232e+03,7.328995129555313515e-01
1.398100000000113141e+03,7.329249841701606094e-01
1.398200000000113278e+03,7.329504513996217829e-01
1.398300000000113414e+03,7.329759146447462070e-01
1.398400000000113323e+03,7.330013739063646616e-01
1.398500000000113232e+03,7.330268291853080376e-01
1.398600000000113369e+03,7.330522804824070038e-01
1.398700000000113505e+03,7.330777277984921181e-01
1.398800000000113414e+03,7.331031711343931612e-01
1.398900000000113323e+03,7.331286104909401358e-01
1.399000000000113459e+03,7.331540458689633777e-01
1.399100000000113596e+03,7.331794772692918905e-01
1.399200000000113505e+03,7.332049046927552327e-01
1.399300000000113414e+03,7.332303281401827411e-01
1.399400000000113550e+03,7.332557476124031970e-01
1.399500000000113687e+03,7.332811631102453820e-01
1.399600000000113596e+03,7.333065746345378555e-01
1.399700000000113505e+03,7.333319821861091770e-01
1.399800000000113641e+03,7.333573857657872397e-01
1.399900000000113778e+03,7.333827853744001590e-01
1.400000000000113687e+03,7.334081810127752732e-01
1.400100000000113596e+03,7.334335726817406975e-01
1.400200000000113732e+03,7.334589603821234371e-01
1.400300000000113869e+03,7.334843441147507193e-01
1.400400000000113778e+03,7.335097238804494379e-01
1.400500000000113687e+03,7.335350996800462653e-01
1.400600000000113823e+03,7.335604715143677623e-01
1.400700000000113960e+03,7.335858393842401570e-01
1.400800000000113869e+03,7.336112032904898994e-01
1.400900000000113778e+03,7.336365632339423293e-01
1.401000000000113914e+03,7.336619192154237856e-01
1.401100000000114051e+03,7.336872712357593862e-01
1.401200000000113960e+03,7.337126192957744708e-01
1.401300000000113869e+03,7.337379633962940462e-01
1.401400000000114005e+03,7.337633035381433411e-01
1.401500000000114142e+03,7.337886397221466961e-01
1.401600000000114051e+03,7.338139719491286739e-01
1.401700000000113960e+03,7.338393002199136150e-01
1.401800000000114096e+03,7.338646245353256381e-01
1.401900000000114233e+03,7.338899448961886396e-01
1.402000000000114142e+03,7.339152613033260719e-01
1.402100000000114051e+03,7.339405737575616095e-01
1.402200000000114187e+03,7.339658822597184828e-01
1.402300000000114323e+03,7.339911868106198112e-01
1.402400000000114233e+03,7.340164874110882698e-01
1.402500000000114142e+03,7.340417840619465339e-01
1.402600000000114278e+03,7.340670767640173899e-01
1.402700000000114414e+03,7.340923655181227359e-01
1.402800000000114323e+03,7.341176503250846919e-01
1.402900000000114233e+03,7.341429311857251561e-01
1.403000000000114369e+03,7.341682081008659155e-01
1.403100000000114505e+03,7.341934810713280912e-01
1.403200000000114414e+03,7.342187500979333592e-01
1.403300000000114323e+03,7.342440151815022853e-01
1.403400000000114460e+03,7.342692763228559905e-01
1.403500000000114596e+03,7.342945335228151515e-01
1.403600000000114505e+03,7.343197867821998903e-01
1.403700000000114414e+03,7.343450361018308836e-01
1.403800000000114551e+03,7.343702814825276981e-01
1.403900000000114687e+03,7.343955229251105665e-01
1.404000000000114596e+03,7.344207604303989445e-01
1.404100000000114505e+03,7.344459939992120656e-01
1.404200000000114642e+03,7.344712236323693855e-01
1.404300000000114778e+03,7.344964493306899156e-01
1.404400000000114687e+03,7.345216710949924455e-01
1.404500000000114596e+03,7.345468889260955425e-01
1.404600000000114733e+03,7.345721028248175521e-01
1.404700000000114869e+03,7.345973127919770418e-01
1.404800000000114778e+03,7.346225188283914687e-01
1.404900000000114687e+03,7.346477209348790671e-01
1.405000000000114824e+03,7.346729191122574054e-01
1.405100000000114960e+03,7.346981133613438297e-01
1.405200000000114869e+03,7.347233036829554642e-01
1.405300000000114778e+03,7.347484900779092110e-01
1.405400000000114915e+03,7.347736725470221941e-01
1.405500000000115051e+03,7.347988510911109827e-01
1.405600000000114960e+03,7.348240257109917017e-01
1.405700000000114869e+03,7.348491964074805871e-01
1.405800000000115006e+03,7.348743631813940969e-01
1.405900000000115142e+03,7.348995260335474677e-01
1.406000000000115051e+03,7.349246849647564916e-01
1.406100000000114960e+03,7.349498399758366274e-01
1.406200000000115097e+03,7.349749910676031117e-01
1.406300000000115233e+03,7.350001382408709594e-01
1.406400000000115142e+03,7.350252814964547410e-01
1.406500000000115051e+03,7.350504208351691382e-01
1.406600000000115188e+03,7.350755562578287217e-01
1.406700000000115324e+03,7.351006877652476179e-01
1.406800000000115233e+03,7.351258153582396204e-01
1.406900000000115142e+03,7.351509390376185227e-01
1.407000000000115278e+03,7.351760588041983402e-01
1.407100000000115415e+03,7.352011746587922003e-01
1.407200000000115324e+03,7.352262866022132304e-01
1.407300000000115233e+03,7.352513946352743357e-01
1.407400000000115369e+03,7.352764987587886436e-01
1.407500000000115506e+03,7.353015989735682822e-01
1.407600000000115415e+03,7.353266952804262679e-01
1.407700000000115324e+03,7.353517876801741737e-01
1.407800000000115460e+03,7.353768761736244608e-01
1.407900000000115597e+03,7.354019607615887022e-01
1.408000000000115506e+03,7.354270414448782489e-01
1.408100000000115415e+03,7.354521182243050070e-01
1.408200000000115551e+03,7.354771911006797724e-01
1.408300000000115688e+03,7.355022600748137851e-01
1.408400000000115597e+03,7.355273251475177299e-01
1.408500000000115506e+03,7.355523863196021805e-01
1.408600000000115642e+03,7.355774435918774889e-01
1.408700000000115779e+03,7.356024969651540069e-01
1.408800000000115688e+03,7.356275464402416420e-01
1.408900000000115597e+03,7.356525920179500799e-01
1.409000000000115733e+03,7.356776336990892284e-01
1.409100000000115870e+03,7.357026714844683291e-01
1.409200000000115779e+03,7.357277053748962903e-01
1.409300000000115688e+03,7.357527353711824647e-01
1.409400000000115824e+03,7.357777614741357608e-01
1.409500000000115961e+03,7.358027836845644210e-01
1.409600000000115870e+03,7.358278020032769096e-01
1.409700000000115779e+03,7.358528164310816910e-01
1.409800000000115915e+03,7.358778269687866747e-01
1.409900000000116052e+03,7.359028336171993256e-01
1.410000000000115961e+03,7.359278363771277753e-01
1.410100000000115870e+03,7.359528352493791559e-01
1.410200000000116006e+03,7.359778302347605994e-01
1.410300000000116142e+03,7.360028213340793490e-01
1.410400000000116052e+03,7.360278085481419819e-01
1.410500000000115961e+03,7.360527918777552969e-01
1.410600000000116097e+03,7.360777713237257602e-01
1.410700000000116233e+03,7.361027468868591717e-01
1.410800000000116142e+03,7.361277185679619972e-01
1.410900000000116052e+03,7.361526863678400368e-01
1.411000000000116188e+03,7.361776502872986461e-01
1.411100000000116324e+03,7.362026103271436250e-01
1.411200000000116233e+03,7.362275664881796633e-01
1.411300000000116142e+03,7.362525187712122277e-01
1.411400000000116279e+03,7.362774671770461188e-01
1.411500000000116415e+03,7.363024117064856933e-01
1.411600000000116324e+03,7.363273523603357518e-01
1.411700000000116233e+03,7.363522891394002068e-01
1.411800000000116370e+03,7.363772220444833039e-01
1.411900000000116506e+03,7.364021510763889555e-01
1.412000000000116415e+03,7.364270762359204081e-01
1.412100000000116324e+03,7.364519975238815741e-01
1.412200000000116461e+03,7.364769149410754778e-01
1.412300000000116597e+03,7.365018284883052546e-01
1.412400000000116506e+03,7.365267381663734847e-01
1.412500000000116415e+03,7.365516439760830814e-01
1.412600000000116552e+03,7.365765459182367358e-01
1.412700000000116688e+03,7.366014439936361402e-01
1.412800000000116597e+03,7.366263382030837636e-01
1.412900000000116506e+03,7.366512285473812982e-01
1.413000000000116643e+03,7.366761150273307690e-01
1.413100000000116779e+03,7.367009976437329799e-01
1.413200000000116688e+03,7.367258763973898450e-01
1.413300000000116597e+03,7.367507512891020571e-01
1.413400000000116734e+03,7.367756223196705312e-01
1.413500000000116870e+03,7.368004894898962931e-01
1.413600000000116779e+03,7.368253528005794806e-01
1.413700000000116688e+03,7.368502122525205644e-01
1.413800000000116825e+03,7.368750678465193493e-01
1.413900000000116961e+03,7.368999195833761950e-01
1.414000000000116870e+03,7.369247674638904622e-01
1.414100000000116779e+03,7.369496114888617333e-01
1.414200000000116916e+03,7.369744516590894801e-01
1.414300000000117052e+03,7.369992879753725079e-01
1.414400000000116961e+03,7.370241204385099554e-01
1.414500000000116870e+03,7.370489490493004059e-01
1.414600000000117006e+03,7.370737738085425539e-01
1.414700000000117143e+03,7.370985947170346497e-01
1.414800000000117052e+03,7.371234117755747217e-01
1.414900000000116961e+03,7.371482249849609092e-01
1.415000000000117097e+03,7.371730343459906853e-01
1.415100000000117234e+03,7.371978398594617454e-01
1.415200000000117143e+03,7.372226415261714516e-01
1.415300000000117052e+03,7.372474393469167220e-01
1.415400000000117188e+03,7.372722333224951408e-01
1.415500000000117325e+03,7.372970234537027379e-01
1.415600000000117234e+03,7.373218097413364314e-01
1.415700000000117143e+03,7.373465921861925843e-01
1.415800000000117279e+03,7.373713707890673374e-01
1.415900000000117416e+03,7.373961455507564988e-01
1.416000000000117325e+03,7.374209164720559873e-01
1.416100000000117234e+03,7.374456835537614996e-01
1.416200000000117370e+03,7.374704467966681776e-01
1.416300000000117507e+03,7.374952062015714960e-01
1.416400000000117416e+03,7.375199617692663745e-01
1.416500000000117325e+03,7.375447135005470667e-01
1.416600000000117461e+03,7.375694613962091584e-01
1.416700000000117598e+03,7.375942054570464590e-01
1.416800000000117507e+03,7.376189456838531111e-01
1.416900000000117416e+03,7.376436820774234793e-01
1.417000000000117552e+03,7.376684146385511509e-01
1.417100000000117689e+03,7.376931433680297134e-01
1.417200000000117598e+03,7.377178682666527543e-01
1.417300000000117507e+03,7.377425893352135278e-01
1.417400000000117643e+03,7.377673065745050662e-01
1.417500000000117780e+03,7.377920199853200689e-01
1.417600000000117689e+03,7.378167295684513460e-01
1.417700000000117598e+03,7.378414353246912638e-01
1.417800000000117734e+03,7.378661372548321884e-01
1.417900000000117871e+03,7.378908353596661529e-01
1.418000000000117780e+03,7.379155296399848574e-01
1.418100000000117689e+03,7.379402200965802239e-01
1.418200000000117825e+03,7.379649067302437304e-01
1.418300000000117961e+03,7.379895895417665219e-01
1.418400000000117871e+03,7.380142685319398543e-01
1.418500000000117780e+03,7.380389437015545395e-01
1.418600000000117916e+03,7.380636150514013893e-01
1.418700000000118052e+03,7.380882825822706605e-01
1.418800000000117961e+03,7.381129462949528319e-01
1.418900000000117871e+03,7.381376061902380492e-01
1.419000000000118007e+03,7.381622622689163471e-01
1.419100000000118143e+03,7.381869145317773162e-01
1.419200000000118052e+03,7.382115629796105472e-01
1.419300000000117961e+03,7.382362076132052975e-01
1.419400000000118098e+03,7.382608484333509358e-01
1.419500000000118234e+03,7.382854854408362755e-01
1.419600000000118143e+03,7.383101186364500190e-01
1.419700000000118052e+03,7.383347480209808689e-01
1.419800000000118189e+03,7.383593735952173054e-01
1.419900000000118325e+03,7.383839953599473649e-01
1.420000000000118234e+03,7.384086133159589727e-01
1.420100000000118143e+03,7.384332274640399429e-01
1.420200000000118280e+03,7.384578378049782010e-01
1.420300000000118416e+03,7.384824443395607840e-01
1.420400000000118325e+03,7.385070470685751731e-01
1.420500000000118234e+03,7.385316459928081834e-01
1.420600000000118371e+03,7.385562411130467408e-01
1.420700000000118507e+03,7.385808324300775496e-01
1.420800000000118416e+03,7.386054199446868695e-01
1.420900000000118325e+03,7.386300036576610717e-01
1.421000000000118462e+03,7.386545835697864160e-01
1.421100000000118598e+03,7.386791596818486072e-01
1.421200000000118507e+03,7.387037319946331282e-01
1.421300000000118416e+03,7.387283005089257948e-01
1.421400000000118553e+03,7.387528652255116457e-01
1.421500000000118689e+03,7.387774261451758306e-01
1.421600000000118598e+03,7.388019832687033883e-01
1.421700000000118507e+03,7.388265365968788023e-01
1.421800000000118644e+03,7.388510861304867783e-01
1.421900000000118780e+03,7.388756318703116888e-01
1.422000000000118689e+03,7.389001738171375733e-01
1.422100000000118598e+03,7.389247119717482493e-01
1.422200000000118735e+03,7.389492463349275342e-01
1.422300000000118871e+03,7.389737769074592455e-01
1.422400000000118780e+03,7.389983036901264235e-01
1.422500000000118689e+03,7.390228266837123305e-01
1.422600000000118825e+03,7.390473458889998959e-01
1.422700000000118962e+03,7.390718613067721598e-01
1.422800000000118871e+03,7.390963729378113856e-01
1.422900000000118780e+03,7.391208807829001692e-01
1.423000000000118916e+03,7.391453848428207740e-01
1.423100000000119053e+03,7.391698851183551300e-01
1.423200000000118962e+03,7.391943816102849452e-01
1.423300000000118871e+03,7.392188743193919276e-01
1.423400000000119007e+03,7.392433632464576743e-01
1.423500000000119144e+03,7.392678483922632271e-01
1.423600000000119053e+03,7.392923297575898500e-01
1.423700000000118962e+03,7.393168073432181409e-01
1.423800000000119098e+03,7.393412811499291415e-01
1.423900000000119235e+03,7.393657511785030056e-01
1.424000000000119144e+03,7.393902174297202201e-01
1.424100000000119053e+03,7.394146799043607166e-01
1.424200000000119189e+03,7.394391386032046487e-01
1.424300000000119326e+03,7.394635935270313931e-01
1.424400000000119235e+03,7.394880446766209925e-01
1.424500000000119144e+03,7.395124920527521573e-01
1.424600000000119280e+03,7.395369356562044860e-01
1.424700000000119417e+03,7.395613754877566892e-01
1.424800000000119326e+03,7.395858115481878103e-01
1.424900000000119235e+03,7.396102438382760047e-01
1.425000000000119371e+03,7.396346723588000938e-01
1.425100000000119508e+03,7.396590971105378998e-01
1.425200000000119417e+03,7.396835180942675780e-01
1.425300000000119326e+03,7.397079353107669508e-01
1.425400000000119462e+03,7.397323487608137293e-01
1.425500000000119599e+03,7.397567584451852918e-01
1.425600000000119508e+03,7.397811643646584612e-01
1.425700000000119417e+03,7.398055665200108377e-01
1.425800000000119553e+03,7.398299649120191335e-01
1.425900000000119690e+03,7.398543595414599494e-01
1.426000000000119599e+03,7.398787504091095535e-01
1.426100000000119508e+03,7.399031375157446577e-01
1.426200000000119644e+03,7.399275208621407529e-01
1.426300000000119780e+03,7.399519004490746621e-01
1.426400000000119690e+03,7.399762762773210989e-01
1.426500000000119599e+03,7.400006483476561092e-01
1.426600000000119735e+03,7.400250166608551838e-01
1.426700000000119871e+03,7.400493812176929254e-01
1.426800000000119780e+03,7.400737420189446025e-01
1.426900000000119690e+03,7.400980990653849290e-01
1.427000000000119826e+03,7.401224523577886183e-01
1.427100000000119962e+03,7.401468018969299401e-01
1.427200000000119871e+03,7.401711476835828307e-01
1.427300000000119780e+03,7.401954897185217819e-01
1.427400000000119917e+03,7.402198280025201749e-01
1.427500000000120053e+03,7.402441625363518352e-01
1.427600000000119962e+03,7.402684933207902551e-01
1.427700000000119871e+03,7.402928203566084830e-01
1.427800000000120008e+03,7.403171436445796783e-01
1.427900000000120144e+03,7.403414631854767780e-01
1.428000000000120053e+03,7.403657789800721645e-01
1.428100000000119962e+03,7.403900910291385529e-01
1.428200000000120099e+03,7.404143993334483254e-01
1.428300000000120235e+03,7.404387038937733090e-01
1.428400000000120144e+03,7.404630047108855528e-01
1.428500000000120053e+03,7.404873017855567729e-01
1.428600000000120190e+03,7.405115951185586853e-01
1.428700000000120326e+03,7.405358847106624509e-01
1.428800000000120235e+03,7.405601705626392306e-01
1.428900000000120144e+03,7.405844526752597412e-01
1.429000000000120281e+03,7.406087310492954767e-01
1.429100000000120417e+03,7.406330056855162658e-01
1.429200000000120326e+03,7.406572765846928252e-01
1.429300000000120235e+03,7.406815437475954278e-01
1.429400000000120372e+03,7.407058071749941242e-01
1.429500000000120508e+03,7.407300668676585209e-01
1.429600000000120417e+03,7.407543228263583357e-01
1.429700000000120326e+03,7.407785750518630641e-01
1.429800000000120463e+03,7.408028235449422017e-01
1.429900000000120599e+03,7.408270683063644668e-01
1.430000000000120508e+03,7.408513093368989111e-01
1.430100000000120417e+03,7.408755466373142529e-01
1.430200000000120554e+03,7.408997802083789885e-01
1.430300000000120690e+03,7.409240100508613924e-01
1.430400000000120599e+03,7.409482361655297389e-01
1.430500000000120508e+03,7.409724585531516361e-01
1.430600000000120644e+03,7.409966772144952474e-01
1.430700000000120781e+03,7.410208921503280699e-01
1.430800000000120690e+03,7.410451033614172678e-01
1.430900000000120599e+03,7.410693108485301162e-01
1.431000000000120735e+03,7.410935146124337791e-01
1.431100000000120872e+03,7.411177146538949767e-01
1.431200000000120781e+03,7.411419109736802069e-01
1.431300000000120690e+03,7.411661035725559676e-01
1.431400000000120826e+03,7.411902924512888680e-01
1.431500000000120963e+03,7.412144776106446287e-01
1.431600000000120872e+03,7.412386590513889706e-01
1.431700000000120781e+03,7.412628367742878366e-01
1.431800000000120917e+03,7.412870107801070585e-01
1.431900000000121054e+03,7.413111810696112469e-01
1.432000000000120963e+03,7.413353476435660117e-01
1.432100000000120872e+03,7.413595105027359633e-01
1.432200000000121008e+03,7.413836696478861565e-01
1.432300000000121145e+03,7.414078250797812020e-01
1.432400000000121054e+03,7.414319767991851551e-01
1.432500000000120963e+03,7.414561248068624044e-01
1.432600000000121099e+03,7.414802691035772275e-01
1.432700000000121236e+03,7.415044096900929027e-01
1.432800000000121145e+03,7.415285465671732634e-01
1.432900000000121054e+03,7.415526797355816990e-01
1.433000000000121190e+03,7.415768091960817099e-01
1.433100000000121327e+03,7.416009349494362413e-01
1.433200000000121236e+03,7.416250569964081274e-01
1.433300000000121145e+03,7.416491753377599805e-01
1.433400000000121281e+03,7.416732899742545237e-01
1.433500000000121418e+03,7.416974009066540363e-01
1.433600000000121327e+03,7.417215081357204642e-01
1.433700000000121236e+03,7.417456116622158646e-01
1.433800000000121372e+03,7.417697114869020725e-01
1.433900000000121508e+03,7.417938076105405898e-01
1.434000000000121418e+03,7.418179000338926965e-01
1.434100000000121327e+03,7.418419887577198946e-01
1.434200000000121463e+03,7.418660737827829088e-01
1.434300000000121599e+03,7.418901551098425751e-01
1.434400000000121508e+03,7.419142327396598402e-01
1.434500000000121418e+03,7.419383066729948739e-01
1.434600000000121554e+03,7.419623769106079569e-01
1.434700000000121690e+03,7.419864434532593700e-01
1.434800000000121599e+03,7.420105063017086167e-01
1.434900000000121508e+03,7.420345654567157556e-01
1.435000000000121645e+03,7.420586209190405125e-01
1.435100000000121781e+03,7.420826726894417247e-01
1.435200000000121690e+03,7.421067207686786737e-01
1.435300000000121599e+03,7.421307651575105302e-01
1.435400000000121736e+03,7.421548058566957984e-01
1.435500000000121872e+03,7.421788428669935378e-01
1.435600000000121781e+03,7.422028761891614757e-01
1.435700000000121690e+03,7.422269058239583384e-01
1.435800000000121827e+03,7.422509317721421862e-01
1.435900000000121963e+03,7.422749540344706354e-01
1.436000000000121872e+03,7.422989726117015241e-01
1.436100000000121781e+03,7.423229875045920245e-01
1.436200000000121918e+03,7.423469987138997528e-01
1.436300000000122054e+03,7.423710062403816590e-01
1.436400000000121963e+03,7.423950100847948042e-01
1.436500000000121872e+03,7.424190102478958053e-01
1.436600000000122009e+03,7.424430067304412795e-01
1.436700000000122145e+03,7.424669995331875105e-01
1.436800000000122054e+03,7.424909886568907824e-01
1.436900000000121963e+03,7.425149741023070460e-01
1.437000000000122100e+03,7.425389558701921411e-01
1.437100000000122236e+03,7.425629339613015745e-01
1.437200000000122145e+03,7.425869083763910750e-01
1.437300000000122054e+03,7.426108791162154832e-01
1.437400000000122191e+03,7.426348461815301949e-01
1.437500000000122327e+03,7.426588095730901617e-01
1.437600000000122236e+03,7.426827692916497803e-01
1.437700000000122145e+03,7.427067253379636691e-01
1.437800000000122282e+03,7.427306777127863358e-01
1.437900000000122418e+03,7.427546264168716217e-01
1.438000000000122327e+03,7.427785714509739234e-01
1.438100000000122236e+03,7.428025128158466384e-01
1.438200000000122373e+03,7.428264505122434969e-01
1.438300000000122509e+03,7.428503845409177853e-01
1.438400000000122418e+03,7.428743149026230119e-01
1.438500000000122327e+03,7.428982415981120191e-01
1.438600000000122463e+03,7.429221646281375380e-01
1.438700000000122600e+03,7.429460839934526328e-01
1.438800000000122509e+03,7.429699996948094798e-01
1.438900000000122418e+03,7.429939117329603659e-01
1.439000000000122554e+03,7.430178201086576895e-01
1.439100000000122691e+03,7.430417248226529603e-01
1.439200000000122600e+03,7.430656258756983545e-01
1.439300000000122509e+03,7.430895232685452712e-01
1.439400000000122645e+03,7.431134170019449980e-01
1.439500000000122782e+03,7.431373070766489342e-01
1.439600000000122691e+03,7.431611934934079233e-01
1.439700000000122600e+03,7.431850762529729204e-01
1.439800000000122736e+03,7.432089553560944362e-01
1.439900000000122873e+03,7.432328308035229814e-01
1.440000000000122782e+03,7.432567025960090668e-01
1.440100000000122691e+03,7.432805707343024260e-01
1.440200000000122827e+03,7.433044352191531257e-01
1.440300000000122964e+03,7.433282960513110105e-01
1.440400000000122873e+03,7.433521532315253699e-01
1.440500000000122782e+03,7.433760067605459376e-01
1.440600000000122918e+03,7.433998566391214480e-01
1.440700000000123055e+03,7.434237028680014125e-01
1.440800000000122964e+03,7.434475454479341217e-01
1.440900000000122873e+03,7.434713843796684207e-01
1.441000000000123009e+03,7.434952196639530442e-01
1.441100000000123146e+03,7.435190513015358382e-01
1.441200000000123055e+03,7.435428792931649822e-01
1.441300000000122964e+03,7.435667036395885443e-01
1.441400000000123100e+03,7.435905243415541488e-01
1.441500000000123237e+03,7.436143413998091978e-01
1.441600000000123146e+03,7.436381548151012044e-01
1.441700000000123055e+03,7.436619645881771268e-01
1.441800000000123191e+03,7.436857707197844780e-01
1.441900000000123327e+03,7.437095732106694390e-01
1.442000000000123237e+03,7.437333720615788568e-01
1.442100000000123146e+03,7.437571672732591344e-01
1.442200000000123282e+03,7.437809588464567856e-01
1.442300000000123418e+03,7.438047467819175473e-01
1.442400000000123327e+03,7.438285310803873784e-01
1.442500000000123237e+03,7.438523117426121267e-01
1.442600000000123373e+03,7.438760887693371959e-01
1.442700000000123509e+03,7.438998621613079898e-01
1.442800000000123418e+03,7.439236319192695790e-01
1.442900000000123327e+03,7.439473980439671452e-01
1.443000000000123464e+03,7.439711605361450930e-01
1.443100000000123600e+03,7.439949193965484930e-01
1.443200000000123509e+03,7.440186746259214168e-01
1.443300000000123418e+03,7.440424262250081577e-01
1.443400000000123555e+03,7.440661741945528984e-01
1.443500000000123691e+03,7.440899185352998213e-01
1.443600000000123600e+03,7.441136592479919987e-01
1.443700000000123509e+03,7.441373963333732799e-01
1.443800000000123646e+03,7.441611297921869594e-01
1.443900000000123782e+03,7.441848596251763315e-01
1.444000000000123691e+03,7.442085858330841353e-01
1.444100000000123600e+03,7.442323084166533320e-01
1.444200000000123737e+03,7.442560273766264389e-01
1.444300000000123873e+03,7.442797427137460842e-01
1.444400000000123782e+03,7.443034544287540077e-01
1.444500000000123691e+03,7.443271625223929489e-01
1.444600000000123828e+03,7.443508669954045365e-01
1.444700000000123964e+03,7.443745678485300665e-01
1.444800000000123873e+03,7.443982650825116121e-01
1.444900000000123782e+03,7.444219586980903580e-01
1.445000000000123919e+03,7.444456486960071562e-01
1.445100000000124055e+03,7.444693350770034135e-01
1.445200000000123964e+03,7.444930178418196487e-01
1.445300000000123873e+03,7.445166969911968247e-01
1.445400000000124010e+03,7.445403725258749050e-01
1.445500000000124146e+03,7.445640444465942975e-01
1.445600000000124055e+03,7.445877127540954099e-01
1.445700000000123964e+03,7.446113774491176507e-01
1.445800000000124101e+03,7.446350385324010945e-01
1.445900000000124237e+03,7.446586960046850390e-01
1.446000000000124146e+03,7.446823498667088925e-01
1.446100000000124055e+03,7.447060001192120637e-01
1.446200000000124192e+03,7.447296467629330730e-01
1.446300000000124328e+03,7.447532897986111067e-01
1.446400000000124237e+03,7.447769292269846853e-01
1.446500000000124146e+03,7.448005650487922180e-01
1.446600000000124282e+03,7.448241972647720033e-01
1.446700000000124419e+03,7.448478258756621173e-01
1.446800000000124328e+03,7.448714508822006364e-01
1.446900000000124237e+03,7.448950722851248596e-01
1.447000000000124373e+03,7.449186900851726412e-01
1.447100000000124510e+03,7.449423042830815023e-01
1.447200000000124419e+03,7.449659148795879648e-01
1.447300000000124328e+03,7.449895218754298831e-01
1.447400000000124464e+03,7.450131252713435570e-01
1.447500000000124601e+03,7.450367250680658415e-01
1.447600000000124510e+03,7.450603212663329256e-01
1.447700000000124419e+03,7.450839138668814421e-01
1.447800000000124555e+03,7.451075028704473580e-01
1.447900000000124692e+03,7.451310882777665290e-01
1.448000000000124601e+03,7.451546700895745889e-01
1.448100000000124510e+03,7.451782483066075047e-01
1.448200000000124646e+03,7.452018229296001328e-01
1.448300000000124783e+03,7.452253939592882181e-01
1.448400000000124692e+03,7.452489613964063953e-01
1.448500000000124601e+03,7.452725252416896318e-01
1.448600000000124737e+03,7.452960854958727843e-01
1.448700000000124874e+03,7.453196421596899324e-01
1.448800000000124783e+03,7.453431952338757105e-01
1.448900000000124692e+03,7.453667447191641982e-01
1.449000000000124828e+03,7.453902906162891417e-01
1.449100000000124965e+03,7.454138329259846207e-01
1.449200000000124874e+03,7.454373716489840485e-01
1.449300000000124783e+03,7.454609067860207272e-01
1.449400000000124919e+03,7.454844383378280703e-01
1.449500000000125056e+03,7.455079663051390471e-01
1.449600000000124965e+03,7.455314906886866266e-01
1.449700000000124874e+03,7.455550114892032232e-01
1.449800000000125010e+03,7.455785287074218060e-01
1.449900000000125146e+03,7.456020423440743450e-01
1.450000000000125056e+03,7.456255523998932544e-01
1.450100000000124965e+03,7.456490588756101712e-01
1.450200000000125101e+03,7.456725617719571764e-01
1.450300000000125237e+03,7.456960610896660180e-01
1.450400000000125146e+03,7.457195568294678889e-01
1.450500000000125056e+03,7.457430489920939820e-01
1.450600000000125192e+03,7.457665375782756012e-01
1.450700000000125328e+03,7.457900225887432732e-01
1.450800000000125237e+03,7.458135040242281910e-01
1.450900000000125146e+03,7.458369818854607702e-01
1.451000000000125283e+03,7.458604561731713156e-01
1.451100000000125419e+03,7.458839268880900208e-01
1.451200000000125328e+03,7.459073940309469686e-01
1.451300000000125237e+03,7.459308576024717974e-01
1.451400000000125374e+03,7.459543176033943679e-01
1.451500000000125510e+03,7.459777740344443187e-01
1.451600000000125419e+03,7.460012268963505111e-01
1.451700000000125328e+03,7.460246761898423618e-01
1.451800000000125465e+03,7.460481219156487320e-01
1.451900000000125601e+03,7.460715640744983723e-01
1.452000000000125510e+03,7.460950026671200330e-01
1.452100000000125419e+03,7.461184376942417984e-01
1.452200000000125556e+03,7.461418691565921968e-01
1.452300000000125692e+03,7.461652970548993125e-01
1.452400000000125601e+03,7.461887213898907856e-01
1.452500000000125510e+03,7.462121421622945894e-01
1.452600000000125647e+03,7.462355593728379199e-01
1.452700000000125783e+03,7.462589730222483064e-01
1.452800000000125692e+03,7.462823831112529449e-01
1.452900000000125601e+03,7.463057896405788094e-01
1.453000000000125738e+03,7.463291926109527630e-01
1.453100000000125874e+03,7.463525920231012245e-01
1.453200000000125783e+03,7.463759878777509460e-01
1.453300000000125692e+03,7.463993801756277913e-01
1.453400000000125829e+03,7.464227689174585123e-01
1.453500000000125965e+03,7.464461541039684178e-01
1.453600000000125874e+03,7.464695357358834826e-01
1.453700000000125783e+03,7.464929138139294595e-01
1.453800000000125920e+03,7.465162883388315462e-01
1.453900000000126056e+03,7.465396593113149404e-01
1.454000000000125965e+03,7.465630267321047286e-01
1.454100000000125874e+03,7.465863906019257756e-01
1.454200000000126010e+03,7.466097509215028349e-01
1.454300000000126147e+03,7.466331076915603271e-01
1.454400000000126056e+03,7.466564609128225616e-01
1.454500000000125965e+03,7.466798105860139589e-01
1.454600000000126101e+03,7.467031567118581625e-01
1.454700000000126238e+03,7.467264992910789267e-01
1.454800000000126147e+03,7.467498383244002280e-01
1.454900000000126056e+03,7.467731738125452656e-01
1.455000000000126192e+03,7.467965057562374609e-01
1.455100000000126329e+03,7.468198341562000131e-01
1.455200000000126238e+03,7.468431590131554554e-01
1.455300000000126147e+03,7.468664803278267650e-01
1.455400000000126283e+03,7.468897981009365861e-01
1.455500000000126420e+03,7.469131123332072297e-01
1.455600000000126329e+03,7.469364230253606740e-01
1.455700000000126238e+03,7.469597301781194520e-01
1.455800000000126374e+03,7.469830337922050978e-01
1.455900000000126511e+03,7.470063338683393672e-01
1.456000000000126420e+03,7.470296304072436833e-01
1.456100000000126329e+03,7.470529234096393578e-01
1.456200000000126465e+03,7.470762128762481469e-01
1.456300000000126602e+03,7.470994988077901411e-01
1.456400000000126511e+03,7.471227812049865413e-01
1.456500000000126420e+03,7.471460600685579934e-01
1.456600000000126556e+03,7.471693353992251430e-01
1.456700000000126693e+03,7.471926071977079697e-01
1.456800000000126602e+03,7.472158754647266754e-01
1.456900000000126511e+03,7.472391402010012396e-01
1.457000000000126647e+03,7.472624014072513088e-01
1.457100000000126784e+03,7.472856590841965296e-01
1.457200000000126693e+03,7.473089132325564377e-01
1.457300000000126602e+03,7.473321638530499023e-01
1.457400000000126738e+03,7.473554109463963480e-01
1.457500000000126875e+03,7.473786545133144221e-01
1.457600000000126784e+03,7.474018945545229942e-01
1.457700000000126693e+03,7.474251310707403784e-01
1.457800000000126829e+03,7.474483640626852221e-01
1.457900000000126965e+03,7.474715935310753956e-01
1.458000000000126875e+03,7.474948194766291021e-01
1.458100000000126784e+03,7.475180419000639898e-01
1.458200000000126920e+03,7.475412608020979288e-01
1.458300000000127056e+03,7.475644761834481233e-01
1.458400000000126965e+03,7.475876880448321105e-01
1.458500000000126875e+03,7.476108963869667612e-01
1.458600000000127011e+03,7.476341012105696127e-01
1.458700000000127147e+03,7.476573025163566477e-01
1.458800000000127056e+03,7.476805003050449594e-01
1.458900000000126965e+03,7.477036945773507526e-01
1.459000000000127102e+03,7.477268853339905652e-01
1.459100000000127238e+03,7.477500725756801581e-01
1.459200000000127147e+03,7.477732563031356250e-01
1.459300000000127056e+03,7.477964365170725047e-01
1.459400000000127193e+03,7.478196132182066691e-01
1.459500000000127329e+03,7.478427864072532127e-01
1.459600000000127238e+03,7.478659560849274524e-01
1.459700000000127147e+03,7.478891222519442605e-01
1.459800000000127284e+03,7.479122849090187319e-01
1.459900000000127420e+03,7.479354440568656281e-01
1.460000000000127329e+03,7.479585996961990446e-01
1.460100000000127238e+03,7.479817518277335209e-01
1.460200000000127375e+03,7.480049004521833744e-01
1.460300000000127511e+03,7.480280455702624787e-01
1.460400000000127420e+03,7.480511871826844850e-01
1.460500000000127329e+03,7.480743252901631557e-01
1.460600000000127466e+03,7.480974598934120312e-01
1.460700000000127602e+03,7.481205909931444298e-01
1.460800000000127511e+03,7.481437185900732256e-01
1.460900000000127420e+03,7.481668426849114040e-01
1.461000000000127557e+03,7.481899632783719500e-01
1.461100000000127693e+03,7.482130803711675160e-01
1.461200000000127602e+03,7.482361939640101989e-01
1.461300000000127511e+03,7.482593040576124288e-01
1.461400000000127648e+03,7.482824106526861918e-01
1.461500000000127784e+03,7.483055137499434739e-01
1.461600000000127693e+03,7.483286133500958170e-01
1.461700000000127602e+03,7.483517094538552072e-01
1.461800000000127739e+03,7.483748020619325203e-01
1.461900000000127875e+03,7.483978911750392982e-01
1.462000000000127784e+03,7.484209767938864166e-01
1.462100000000127693e+03,7.484440589191846405e-01
1.462200000000127829e+03,7.484671375516449565e-01
1.462300000000127966e+03,7.484902126919776855e-01
1.462400000000127875e+03,7.485132843408931480e-01
1.462500000000127784e+03,7.485363524991015538e-01
1.462600000000127920e+03,7.485594171673128905e-01
1.462700000000128057e+03,7.485824783462371457e-01
1.462800000000127966e+03,7.486055360365835298e-01
1.462900000000127875e+03,7.486285902390620306e-01
1.463000000000128011e+03,7.486516409543818584e-01
1.463100000000128148e+03,7.486746881832517797e-01
1.463200000000128057e+03,7.486977319263811159e-01
1.463300000000127966e+03,7.487207721844781894e-01
1.463400000000128102e+03,7.487438089582522105e-01
1.463500000000128239e+03,7.487668422484112796e-01
1.463600000000128148e+03,7.487898720556637189e-01
1.463700000000128057e+03,7.488128983807175176e-01
1.463800000000128193e+03,7.488359212242811092e-01
1.463900000000128330e+03,7.488589405870614835e-01
1.464000000000128239e+03,7.488819564697666298e-01
1.464100000000128148e+03,7.489049688731038712e-01
1.464200000000128284e+03,7.489279777977806418e-01
1.464300000000128421e+03,7.489509832445037096e-01
1.464400000000128330e+03,7.489739852139800647e-01
1.464500000000128239e+03,7.489969837069164749e-01
1.464600000000128375e+03,7.490199787240195972e-01
1.464700000000128512e+03,7.490429702659954225e-01
1.464800000000128421e+03,7.490659583335504967e-01
1.464900000000128330e+03,7.490889429273906996e-01
1.465000000000128466e+03,7.491119240482219110e-01
1.465100000000128603e+03,7.491349016967498997e-01
1.465200000000128512e+03,7.491578758736801014e-01
1.465300000000128421e+03,7.491808465797177297e-01
1.465400000000128557e+03,7.492038138155682203e-01
1.465500000000128694e+03,7.492267775819363429e-01
1.465600000000128603e+03,7.492497378795270890e-01
1.465700000000128512e+03,7.492726947090448952e-01
1.465800000000128648e+03,7.492956480711945311e-01
1.465900000000128784e+03,7.493185979666802110e-01
1.466000000000128694e+03,7.493415443962059275e-01
1.466100000000128603e+03,7.493644873604755619e-01
1.466200000000128739e+03,7.493874268601933286e-01
1.466300000000128875e+03,7.494103628960626651e-01
1.466400000000128784e+03,7.494332954687866755e-01
1.466500000000128694e+03,7.494562245790692412e-01
1.466600000000128830e+03,7.494791502276132444e-01
1.466700000000128966e+03,7.495020724151213454e-01
1.466800000000128875e+03,7.495249911422965372e-01
1.466900000000128784e+03,7.495479064098413691e-01
1.467000000000128921e+03,7.495708182184586121e-01
1.467100000000129057e+03,7.495937265688500384e-01
1.467200000000128966e+03,7.496166314617178639e-01
1.467300000000128875e+03,7.496395328977640826e-01
1.467400000000129012e+03,7.496624308776902446e-01
1.467500000000129148e+03,7.496853254021983437e-01
1.467600000000129057e+03,7.497082164719892639e-01
1.467700000000128966e+03,7.497311040877646660e-01
1.467800000000129103e+03,7.497539882502255448e-01
1.467900000000129239e+03,7.497768689600725622e-01
1.468000000000129148e+03,7.497997462180064909e-01
1.468100000000129057e+03,7.498226200247279927e-01
1.468200000000129194e+03,7.498454903809375072e-01
1.468300000000129330e+03,7.498683572873352521e-01
1.468400000000129239e+03,7.498912207446208900e-01
1.468500000000129148e+03,7.499140807534947495e-01
1.468600000000129285e+03,7.499369373146561601e-01
1.468700000000129421e+03,7.499597904288050065e-01
1.468800000000129330e+03,7.499826400966402851e-01
1.468900000000129239e+03,7.500054863188615473e-01
1.469000000000129376e+03,7.500283290961674565e-01
1.469100000000129512e+03,7.500511684292571202e-01
1.469200000000129421e+03,7.500740043188290906e-01
1.469300000000129330e+03,7.500968367655819202e-01
1.469400000000129467e+03,7.501196657702138282e-01
1.469500000000129603e+03,7.501424913334232558e-01
1.469600000000129512e+03,7.501653134559079783e-01
1.469700000000129421e+03,7.501881321383657708e-01
1.469800000000129558e+03,7.502109473814946305e-01
1.469900000000129694e+03,7.502337591859916666e-01
1.470000000000129603e+03,7.502565675525542099e-01
1.470100000000129512e+03,7.502793724818797028e-01
1.470200000000129648e+03,7.503021739746650320e-01
1.470300000000129785e+03,7.503249720316068627e-01
1.470400000000129694e+03,7.503477666534018597e-01
1.470500000000129603e+03,7.503705578407464660e-01
1.470600000000129739e+03,7.503933455943372355e-01
1.470700000000129876e+03,7.504161299148701669e-01
1.470800000000129785e+03,7.504389108030410371e-01
1.470900000000129694e+03,7.504616882595457339e-01
1.471000000000129830e+03,7.504844622850800340e-01
1.471100000000129967e+03,7.505072328803392701e-01
1.471200000000129876e+03,7.505300000460187748e-01
1.471300000000129785e+03,7.505527637828137699e-01
1.471400000000129921e+03,7.505755240914189219e-01
1.471500000000130058e+03,7.505982809725292304e-01
1.471600000000129967e+03,7.506210344268391399e-01
1.471700000000129876e+03,7.506437844550432059e-01
1.471800000000130012e+03,7.506665310578357619e-01
1.471900000000130149e+03,7.506892742359109194e-01
1.472000000000130058e+03,7.507120139899624567e-01
1.472100000000129967e+03,7.507347503206841521e-01
1.472200000000130103e+03,7.507574832287697841e-01
1.472300000000130240e+03,7.507802127149125759e-01
1.472400000000130149e+03,7.508029387798059728e-01
1.472500000000130058e+03,7.508256614241427540e-01
1.472600000000130194e+03,7.508483806486163648e-01
1.472700000000130331e+03,7.508710964539191401e-01
1.472800000000130240e+03,7.508938088407436373e-01
1.472900000000130149e+03,7.509165178097826354e-01
1.473000000000130285e+03,7.509392233617280255e-01
1.473100000000130422e+03,7.509619254972721425e-01
1.473200000000130331e+03,7.509846242171066555e-01
1.473300000000130240e+03,7.510073195219236775e-01
1.473400000000130376e+03,7.510300114124143223e-01
1.473500000000130512e+03,7.510526998892703698e-01
1.473600000000130422e+03,7.510753849531829340e-01
1.473700000000130331e+03,7.510980666048430177e-01
1.473800000000130467e+03,7.511207448449416235e-01
1.473900000000130603e+03,7.511434196741695324e-01
1.474000000000130512e+03,7.511660910932170809e-01
1.474100000000130422e+03,7.511887591027748279e-01
1.474200000000130558e+03,7.512114237035331099e-01
1.474300000000130694e+03,7.512340848961818196e-01
1.474400000000130603e+03,7.512567426814109606e-01
1.474500000000130512e+03,7.512793970599103144e-01
1.474600000000130649e+03,7.513020480323693295e-01
1.474700000000130785e+03,7.513246955994774545e-01
1.474800000000130694e+03,7.513473397619236938e-01
1.474900000000130603e+03,7.513699805203976068e-01
1.475000000000130740e+03,7.513926178755876428e-01
1.475100000000130876e+03,7.514152518281826953e-01
1.475200000000130785e+03,7.514378823788712136e-01
1.475300000000130694e+03,7.514605095283418690e-01
1.475400000000130831e+03,7.514831332772825556e-01
1.475500000000130967e+03,7.515057536263815008e-01
1.475600000000130876e+03,7.515283705763265987e-01
1.475700000000130785e+03,7.515509841278056324e-01
1.475800000000130922e+03,7.515735942815059412e-01
1.475900000000131058e+03,7.515962010381150860e-01
1.476000000000130967e+03,7.516188043983202949e-01
1.476100000000130876e+03,7.516414043628084629e-01
1.476200000000131013e+03,7.516640009322667071e-01
1.476300000000131149e+03,7.516865941073815893e-01
1.476400000000131058e+03,7.517091838888397826e-01
1.476500000000130967e+03,7.517317702773275157e-01
1.476600000000131104e+03,7.517543532735311285e-01
1.476700000000131240e+03,7.517769328781365168e-01
1.476800000000131149e+03,7.517995090918299095e-01
1.476900000000131058e+03,7.518220819152967582e-01
1.477000000000131195e+03,7.518446513492226257e-01
1.477100000000131331e+03,7.518672173942930748e-01
1.477200000000131240e+03,7.518897800511930019e-01
1.477300000000131149e+03,7.519123393206077477e-01
1.477400000000131286e+03,7.519348952032222089e-01
1.477500000000131422e+03,7.519574476997209489e-01
1.477600000000131331e+03,7.519799968107886423e-01
1.477700000000131240e+03,7.520025425371095196e-01
1.477800000000131377e+03,7.520250848793679221e-01
1.477900000000131513e+03,7.520476238382480805e-01
1.478000000000131422e+03,7.520701594144335589e-01
1.478100000000131331e+03,7.520926916086082548e-01
1.478200000000131467e+03,7.521152204214557324e-01
1.478300000000131604e+03,7.521377458536595562e-01
1.478400000000131513e+03,7.521602679059025132e-01
1.478500000000131422e+03,7.521827865788680567e-01
1.478600000000131558e+03,7.522053018732389740e-01
1.478700000000131695e+03,7.522278137896979411e-01
1.478800000000131604e+03,7.522503223289273011e-01
1.478900000000131513e+03,7.522728274916098412e-01
1.479000000000131649e+03,7.522953292784277934e-01
1.479100000000131786e+03,7.523178276900630568e-01
1.479200000000131695e+03,7.523403227271975302e-01
1.479300000000131604e+03,7.523628143905130017e-01
1.479400000000131740e+03,7.523853026806910371e-01
1.479500000000131877e+03,7.524077875984130914e-01
1.479600000000131786e+03,7.524302691443602864e-01
1.479700000000131695e+03,7.524527473192136329e-01
1.479800000000131831e+03,7.524752221236544747e-01
1.479900000000131968e+03,7.524976935583630455e-01
1.480000000000131877e+03,7.525201616240202451e-01
1.480100000000131786e+03,7.525426263213061961e-01
1.480200000000131922e+03,7.525650876509015763e-01
1.480300000000132059e+03,7.525875456134861752e-01
1.480400000000131968e+03,7.526100002097398933e-01
1.480500000000131877e+03,7.526324514403426313e-01
1.480600000000132013e+03,7.526548993059737347e-01
1.480700000000132150e+03,7.526773438073128819e-01
1.480800000000132059e+03,7.526997849450395295e-01
1.480900000000131968e+03,7.527222227198322457e-01
1.481000000000132104e+03,7.527446571323701541e-01
1.481100000000132241e+03,7.527670881833321559e-01
1.481200000000132150e+03,7.527895158733969305e-01
1.481300000000132059e+03,7.528119402032424912e-01
1.481400000000132195e+03,7.528343611735475172e-01
1.481500000000132331e+03,7.528567787849900217e-01
1.481600000000132241e+03,7.528791930382479070e-01
1.481700000000132150e+03,7.529016039339989641e-01
1.481800000000132286e+03,7.529240114729207622e-01
1.481900000000132422e+03,7.529464156556908705e-01
1.482000000000132331e+03,7.529688164829863029e-01
1.482100000000132241e+03,7.529912139554844064e-01
1.482200000000132377e+03,7.530136080738623061e-01
1.482300000000132513e+03,7.530359988387965720e-01
1.482400000000132422e+03,7.530583862509636628e-01
1.482500000000132331e+03,7.530807703110403706e-01
1.482600000000132468e+03,7.531031510197027101e-01
1.482700000000132604e+03,7.531255283776271403e-01
1.482800000000132513e+03,7.531479023854893429e-01
1.482900000000132422e+03,7.531702730439652216e-01
1.483000000000132559e+03,7.531926403537306802e-01
1.483100000000132695e+03,7.532150043154607344e-01
1.483200000000132604e+03,7.532373649298309548e-01
1.483300000000132513e+03,7.532597221975165791e-01
1.483400000000132650e+03,7.532820761191925119e-01
1.483500000000132786e+03,7.533044266955334356e-01
1.483600000000132695e+03,7.533267739272141439e-01
1.483700000000132604e+03,7.533491178149090972e-01
1.483800000000132741e+03,7.533714583592927561e-01
1.483900000000132877e+03,7.533937955610393589e-01
1.484000000000132786e+03,7.534161294208224779e-01
1.484100000000132695e+03,7.534384599393163517e-01
1.484200000000132832e+03,7.534607871171947746e-01
1.484300000000132968e+03,7.534831109551307637e-01
1.484400000000132877e+03,7.535054314537980025e-01
1.484500000000132786e+03,7.535277486138696190e-01
1.484600000000132923e+03,7.535500624360187416e-01
1.484700000000133059e+03,7.535723729209181654e-01
1.484800000000132968e+03,7.535946800692404635e-01
1.484900000000132877e+03,7.536169838816583200e-01
1.485000000000133014e+03,7.536392843588441970e-01
1.485100000000133150e+03,7.536615815014701125e-01
1.485200000000133059e+03,7.536838753102081956e-01
1.485300000000132968e+03,7.537061657857301311e-01
1.485400000000133105e+03,7.537284529287083812e-01
1.485500000000133241e+03,7.537507367398136315e-01
1.485600000000133150e+03,7.537730172197175671e-01
1.485700000000133059e+03,7.537952943690915397e-01
1.485800000000133195e+03,7.538175681886066792e-01
1.485900000000133332e+03,7.538398386789338934e-01
1.486000000000133241e+03,7.538621058407434239e-01
1.486100000000133150e+03,7.538843696747066225e-01
1.486200000000133286e+03,7.539066301814935089e-01
1.486300000000133423e+03,7.539288873617744358e-01
1.486400000000133332e+03,7.539511412162193116e-01
1.486500000000133241e+03,7.539733917454982670e-01
1.486600000000133377e+03,7.539956389502810996e-01
1.486700000000133514e+03,7.540178828312372739e-01
1.486800000000133423e+03,7.540401233890363653e-01
1.486900000000133332e+03,7.540623606243476162e-01
1.487000000000133468e+03,7.540845945378400472e-01
1.487100000000133605e+03,7.541068251301830117e-01
1.487200000000133514e+03,7.541290524020448638e-01
1.487300000000133423e+03,7.541512763540942910e-01
1.487400000000133559e+03,7.541734969869998695e-01
1.487500000000133696e+03,7.541957143014301757e-01
1.487600000000133605e+03,7.542179282980528976e-01
1.487700000000133514e+03,7.542401389775363896e-01
1.487800000000133650e+03,7.542623463405483397e-01
1.487900000000133787e+03,7.542845503877563251e-01
1.488000000000133696e+03,7.543067511198280339e-01
1.488100000000133605e+03,7.543289485374305992e-01
1.488200000000133741e+03,7.543511426412315979e-01
1.488300000000133878e+03,7.543733334318974970e-01
1.488400000000133787e+03,7.543955209100956516e-01
1.488500000000133696e+03,7.544177050764924175e-01
1.488600000000133832e+03,7.544398859317545947e-01
1.488700000000133969e+03,7.544620634765485390e-01
1.488800000000133878e+03,7.544842377115400511e-01
1.488900000000133787e+03,7.545064086373957091e-01
1.489000000000133923e+03,7.545285762547812025e-01
1.489100000000134060e+03,7.545507405643621102e-01
1.489200000000133969e+03,7.545729015668042328e-01
1.489300000000133878e+03,7.545950592627728160e-01
1.489400000000134014e+03,7.546172136529332164e-01
1.489500000000134150e+03,7.546393647379505687e-01
1.489600000000134060e+03,7.546615125184897854e-01
1.489700000000133969e+03,7.546836569952153351e-01
1.489800000000134105e+03,7.547057981687922412e-01
1.489900000000134241e+03,7.547279360398846393e-01
1.490000000000134150e+03,7.547500706091569977e-01
1.490100000000134060e+03,7.547722018772733410e-01
1.490200000000134196e+03,7.547943298448975824e-01
1.490300000000134332e+03,7.548164545126937464e-01
1.490400000000134241e+03,7.548385758813251911e-01
1.490500000000134150e+03,7.548606939514554970e-01
1.490600000000134287e+03,7.548828087237481332e-01
1.490700000000134423e+03,7.549049201988662361e-01
1.490800000000134332e+03,7.549270283774724977e-01
1.490900000000134241e+03,7.549491332602299432e-01
1.491000000000134378e+03,7.549712348478012647e-01
1.491100000000134514e+03,7.549933331408491544e-01
1.491200000000134423e+03,7.550154281400355272e-01
1.491300000000134332e+03,7.550375198460230752e-01
1.491400000000134469e+03,7.550596082594736025e-01
1.491500000000134605e+03,7.550816933810488019e-01
1.491600000000134514e+03,7.551037752114104773e-01
1.491700000000134423e+03,7.551258537512204327e-01
1.491800000000134560e+03,7.551479290011399170e-01
1.491900000000134696e+03,7.551700009618301790e-01
1.492000000000134605e+03,7.551920696339521344e-01
1.492100000000134514e+03,7.552141350181670321e-01
1.492200000000134651e+03,7.552361971151351216e-01
1.492300000000134787e+03,7.552582559255175410e-01
1.492400000000134696e+03,7.552803114499743176e-01
1.492500000000134605e+03,7.553023636891659232e-01
1.492600000000134742e+03,7.553244126437523853e-01
1.492700000000134878e+03,7.553464583143938427e-01
1.492800000000134787e+03,7.553685007017498787e-01
1.492900000000134696e+03,7.553905398064800769e-01
1.493000000000134833e+03,7.554125756292442428e-01
1.493100000000134969e+03,7.554346081707015159e-01
1.493200000000134878e+03,7.554566374315109245e-01
1.493300000000134787e+03,7.554786634123316080e-01
1.493400000000134924e+03,7.555006861138222618e-01
1.493500000000135060e+03,7.555227055366419142e-01
1.493600000000134969e+03,7.555447216814485945e-01
1.493700000000134878e+03,7.555667345489008868e-01
1.493800000000135014e+03,7.555887441396572646e-01
1.493900000000135151e+03,7.556107504543755349e-01
1.494000000000135060e+03,7.556327534937132828e-01
1.494100000000134969e+03,7.556547532583286486e-01
1.494200000000135105e+03,7.556767497488791063e-01
1.494300000000135242e+03,7.556987429660221300e-01
1.494400000000135151e+03,7.557207329104146387e-01
1.494500000000135060e+03,7.557427195827142175e-01
1.494600000000135196e+03,7.557647029835773411e-01
1.494700000000135333e+03,7.557866831136609287e-01
1.494800000000135242e+03,7.558086599736215661e-01
1.494900000000135151e+03,7.558306335641158391e-01
1.495000000000135287e+03,7.558526038858000007e-01
1.495100000000135424e+03,7.558745709393303036e-01
1.495200000000135333e+03,7.558965347253623346e-01
1.495300000000135242e+03,7.559184952445522354e-01
1.495400000000135378e+03,7.559404524975554818e-01
1.495500000000135515e+03,7.559624064850278824e-01
1.495600000000135424e+03,7.559843572076242468e-01
1.495700000000135333e+03,7.560063046660002728e-01
1.495800000000135469e+03,7.560282488608107698e-01
1.495900000000135606e+03,7.560501897927108805e-01
1.496000000000135515e+03,7.560721274623547483e-01
1.496100000000135424e+03,7.560940618703971827e-01
1.496200000000135560e+03,7.561159930174928823e-01
1.496300000000135697e+03,7.561379209042956573e-01
1.496400000000135606e+03,7.561598455314597622e-01
1.496500000000135515e+03,7.561817668996392294e-01
1.496600000000135651e+03,7.562036850094876472e-01
1.496700000000135788e+03,7.562255998616589370e-01
1.496800000000135697e+03,7.562475114568059098e-01
1.496900000000135606e+03,7.562694197955822650e-01
1.497000000000135742e+03,7.562913248786411469e-01
1.497100000000135879e+03,7.563132267066354775e-01
1.497200000000135788e+03,7.563351252802180680e-01
1.497300000000135697e+03,7.563570206000415075e-01
1.497400000000135833e+03,7.563789126667583851e-01
1.497500000000135969e+03,7.564008014810209568e-01
1.497600000000135879e+03,7.564226870434815897e-01
1.497700000000135788e+03,7.564445693547920957e-01
1.497800000000135924e+03,7.564664484156043978e-01
1.497900000000136060e+03,7.564883242265701968e-01
1.498000000000135969e+03,7.565101967883410827e-01
1.498100000000135879e+03,7.565320661015685344e-01
1.498200000000136015e+03,7.565539321669035866e-01
1.498300000000136151e+03,7.565757949849974962e-01
1.498400000000136060e+03,7.565976545565010758e-01
1.498500000000135969e+03,7.566195108820651383e-01
1.498600000000136106e+03,7.566413639623402743e-01
1.498700000000136242e+03,7.566632137979770745e-01
1.498800000000136151e+03,7.566850603896254635e-01
1.498900000000136060e+03,7.567069037379359209e-01
1.499000000000136197e+03,7.567287438435584823e-01
1.499100000000136333e+03,7.567505807071427393e-01
1.499200000000136242e+03,7.567724143293382832e-01
1.499300000000136151e+03,7.567942447107950388e-01
1.499400000000136288e+03,7.568160718521619312e-01
1.499500000000136424e+03,7.568378957540882190e-01
1.499600000000136333e+03,7.568597164172230496e-01
1.499700000000136242e+03,7.568815338422154593e-01
1.499800000000136379e+03,7.569033480297138183e-01
1.499900000000136515e+03,7.569251589803669411e-01
1.500000000000136424e+03,7.569469666948234199e-01
1.500100000000136333e+03,7.569687711737309588e-01
1.500200000000136470e+03,7.569905724177381501e-01
1.500300000000136606e+03,7.570123704274926979e-01
1.500400000000136515e+03,7.570341652036424174e-01
1.500500000000136424e+03,7.570559567468347906e-01
1.500600000000136561e+03,7.570777450577177436e-01
1.500700000000136697e+03,7.570995301369382036e-01
1.500800000000136606e+03,7.571213119851434303e-01
1.500900000000136515e+03,7.571430906029804619e-01
1.501000000000136652e+03,7.571648659910961143e-01
1.501100000000136788e+03,7.571866381501370924e-01
1.501200000000136697e+03,7.572084070807501011e-01
1.501300000000136606e+03,7.572301727835809571e-01
1.501400000000136743e+03,7.572519352592765873e-01
1.501500000000136879e+03,7.572736945084826976e-01
1.501600000000136788e+03,7.572954505318451046e-01
1.501700000000136697e+03,7.573172033300097361e-01
1.501800000000136833e+03,7.573389529036222978e-01
1.501900000000136970e+03,7.573606992533280513e-01
1.502000000000136879e+03,7.573824423797722583e-01
1.502100000000136788e+03,7.574041822836001803e-01
1.502200000000136924e+03,7.574259189654567459e-01
1.502300000000137061e+03,7.574476524259866617e-01
1.502400000000136970e+03,7.574693826658348561e-01
1.502500000000136879e+03,7.574911096856454806e-01
1.502600000000137015e+03,7.575128334860632418e-01
1.502700000000137152e+03,7.575345540677321798e-01
1.502800000000137061e+03,7.575562714312963353e-01
1.502900000000136970e+03,7.575779855773995264e-01
1.503000000000137106e+03,7.575996965066856825e-01
1.503100000000137243e+03,7.576214042197981779e-01
1.503200000000137152e+03,7.576431087173804979e-01
1.503300000000137061e+03,7.576648100000760166e-01
1.503400000000137197e+03,7.576865080685276643e-01
1.503500000000137334e+03,7.577082029233784821e-01
1.503600000000137243e+03,7.577298945652714002e-01
1.503700000000137152e+03,7.577515829948487935e-01
1.503800000000137288e+03,7.577732682127535924e-01
1.503900000000137425e+03,7.577949502196275056e-01
1.504000000000137334e+03,7.578166290161132412e-01
1.504100000000137243e+03,7.578383046028526193e-01
1.504200000000137379e+03,7.578599769804875708e-01
1.504300000000137516e+03,7.578816461496595824e-01
1.504400000000137425e+03,7.579033121110105853e-01
1.504500000000137334e+03,7.579249748651816221e-01
1.504600000000137470e+03,7.579466344128144017e-01
1.504700000000137607e+03,7.579682907545495230e-01
1.504800000000137516e+03,7.579899438910281395e-01
1.504900000000137425e+03,7.580115938228912942e-01
1.505000000000137561e+03,7.580332405507791416e-01
1.505100000000137697e+03,7.580548840753326134e-01
1.505200000000137607e+03,7.580765243971916423e-01
1.505300000000137516e+03,7.580981615169966048e-01
1.505400000000137652e+03,7.581197954353875446e-01
1.505500000000137788e+03,7.581414261530041721e-01
1.505600000000137697e+03,7.581630536704864198e-01
1.505700000000137607e+03,7.581846779884736653e-01
1.505800000000137743e+03,7.582062991076052860e-01
1.505900000000137879e+03,7.582279170285207703e-01
1.506000000000137788e+03,7.582495317518588296e-01
1.506100000000137697e+03,7.582711432782586192e-01
1.506200000000137834e+03,7.582927516083591835e-01
1.506300000000137970e+03,7.583143567427984566e-01
1.506400000000137879e+03,7.583359586822155940e-01
1.506500000000137788e+03,7.583575574272485298e-01
1.506600000000137925e+03,7.583791529785357532e-01
1.506700000000138061e+03,7.584007453367149765e-01
1.506800000000137970e+03,7.584223345024240226e-01
1.506900000000137879e+03,7.584439204763008258e-01
1.507000000000138016e+03,7.584655032589828760e-01
1.507100000000138152e+03,7.584870828511075525e-01
1.507200000000138061e+03,7.585086592533122340e-01
1.507300000000137970e+03,7.585302324662336337e-01
1.507400000000138107e+03,7.585518024905087975e-01
1.507500000000138243e+03,7.585733693267749933e-01
1.507600000000138152e+03,7.585949329756682680e-01
1.507700000000138061e+03,7.586164934378252234e-01
1.507800000000138198e+03,7.586380507138824614e-01
1.507900000000138334e+03,7.586596048044760288e-01
1.508000000000138243e+03,7.586811557102416392e-01
1.508100000000138152e+03,7.587027034318155616e-01
1.508200000000138289e+03,7.587242479698332875e-01
1.508300000000138425e+03,7.587457893249304197e-01
1.508400000000138334e+03,7.587673274977424498e-01
1.508500000000138243e+03,7.587888624889044253e-01
1.508600000000138380e+03,7.588103942990517270e-01
1.508700000000138516e+03,7.588319229288190693e-01
1.508800000000138425e+03,7.588534483788412777e-01
1.508900000000138334e+03,7.588749706497529557e-01
1.509000000000138471e+03,7.588964897421888178e-01
1.509100000000138607e+03,7.589180056567830235e-01
1.509200000000138516e+03,7.589395183941696210e-01
1.509300000000138425e+03,7.589610279549828808e-01
1.509400000000138562e+03,7.589825343398567403e-01
1.509500000000138698e+03,7.590040375494244707e-01
1.509600000000138607e+03,7.590255375843201202e-01
1.509700000000138516e+03,7.590470344451768492e-01
1.509800000000138652e+03,7.590685281326279288e-01
1.509900000000138789e+03,7.590900186473067413e-01
1.510000000000138698e+03,7.591115059898458917e-01
1.510100000000138607e+03,7.591329901608783182e-01
1.510200000000138743e+03,7.591544711610366258e-01
1.510300000000138880e+03,7.591759489909536418e-01
1.510400000000138789e+03,7.591974236512611940e-01
1.510500000000138698e+03,7.592188951425918875e-01
1.510600000000138834e+03,7.592403634655775502e-01
1.510700000000138971e+03,7.592618286208501210e-01
1.510800000000138880e+03,7.592832906090413170e-01
1.510900000000138789e+03,7.593047494307828549e-01
1.511000000000138925e+03,7.593262050867061186e-01
1.511100000000139062e+03,7.593476575774422699e-01
1.511200000000138971e+03,7.593691069036224706e-01
1.511300000000138880e+03,7.593905530658778824e-01
1.511400000000139016e+03,7.594119960648392231e-01
1.511500000000139153e+03,7.594334359011370994e-01
1.511600000000139062e+03,7.594548725754020069e-01
1.511700000000138971e+03,7.594763060882645522e-01
1.511800000000139107e+03,7.594977364403547870e-01
1.511900000000139244e+03,7.595191636323027629e-01
1.512000000000139153e+03,7.595405876647383092e-01
1.512100000000139062e+03,7.595620085382915887e-01
1.512200000000139198e+03,7.595834262535916537e-01
1.512300000000139335e+03,7.596048408112685557e-01
1.512400000000139244e+03,7.596262522119511251e-01
1.512500000000139153e+03,7.596476604562686363e-01
1.512600000000139289e+03,7.596690655448503637e-01
1.512700000000139426e+03,7.596904674783248046e-01
1.512800000000139335e+03,7.597118662573209003e-01
1.512900000000139244e+03,7.597332618824670369e-01
1.513000000000139380e+03,7.597546543543918229e-01
1.513100000000139516e+03,7.597760436737234224e-01
1.513200000000139426e+03,7.597974298410896665e-01
1.513300000000139335e+03,7.598188128571190525e-01
1.513400000000139471e+03,7.598401927224389674e-01
1.513500000000139607e+03,7.598615694376771312e-01
1.513600000000139516e+03,7.598829430034610422e-01
1.513700000000139426e+03,7.599043134204181982e-01
1.513800000000139562e+03,7.599256806891755422e-01
1.513900000000139698e+03,7.599470448103603504e-01
1.514000000000139607e+03,7.599684057845993435e-01
1.514100000000139516e+03,7.599897636125192424e-01
1.514200000000139653e+03,7.600111182947467681e-01
1.514300000000139789e+03,7.600324698319084193e-01
1.514400000000139698e+03,7.600538182246303620e-01
1.514500000000139607e+03,7.600751634735387618e-01
1.514600000000139744e+03,7.600965055792595626e-01
1.514700000000139880e+03,7.601178445424187080e-01
1.514800000000139789e+03,7.601391803636416977e-01
1.514900000000139698e+03,7.601605130435541424e-01
1.515000000000139835e+03,7.601818425827816528e-01
1.515100000000139971e+03,7.602031689819492843e-01
1.515200000000139880e+03,7.602244922416818707e-01
1.515300000000139789e+03,7.602458123626048003e-01
1.515400000000139926e+03,7.602671293453425738e-01
1.515500000000140062e+03,7.602884431905199136e-01
1.515600000000139971e+03,7.603097538987614312e-01
1.515700000000139880e+03,7.603310614706911830e-01
1.515800000000140017e+03,7.603523659069335583e-01
1.515900000000140153e+03,7.603736672081123915e-01
1.516000000000140062e+03,7.603949653748517390e-01
1.516100000000139971e+03,7.604162604077753240e-01
1.516200000000140108e+03,7.604375523075066479e-01
1.516300000000140244e+03,7.604588410746693228e-01
1.516400000000140153e+03,7.604801267098862949e-01
1.516500000000140062e+03,7.605014092137810655e-01
1.516600000000140199e+03,7.605226885869764697e-01
1.516700000000140335e+03,7.605439648300953426e-01
1.516800000000140244e+03,7.605652379437601862e-01
1.516900000000140153e+03,7.605865079285937247e-01
1.517000000000140290e+03,7.606077747852184601e-01
1.517100000000140426e+03,7.606290385142563393e-01
1.517200000000140335e+03,7.606502991163297533e-01
1.517300000000140244e+03,7.606715565920603161e-01
1.517400000000140381e+03,7.606928109420700856e-01
1.517500000000140517e+03,7.607140621669805647e-01
1.517600000000140426e+03,7.607353102674131451e-01
1.517700000000140335e+03,7.607565552439894407e-01
1.517800000000140471e+03,7.607777970973303994e-01
1.517900000000140608e+03,7.607990358280571908e-01
1.518000000000140517e+03,7.608202714367906516e-01
1.518100000000140426e+03,7.608415039241516187e-01
1.518200000000140562e+03,7.608627332907603735e-01
1.518300000000140699e+03,7.608839595372377529e-01
1.518400000000140608e+03,7.609051826642038163e-01
1.518500000000140517e+03,7.609264026722787344e-01
1.518600000000140653e+03,7.609476195620825667e-01
1.518700000000140790e+03,7.609688333342351507e-01
1.518800000000140699e+03,7.609900439893561019e-01
1.518900000000140608e+03,7.610112515280651468e-01
1.519000000000140744e+03,7.610324559509814568e-01
1.519100000000140881e+03,7.610536572587244253e-01
1.519200000000140790e+03,7.610748554519130016e-01
1.519300000000140699e+03,7.610960505311663571e-01
1.519400000000140835e+03,7.611172424971032191e-01
1.519500000000140972e+03,7.611384313503422039e-01
1.519600000000140881e+03,7.611596170915018167e-01
1.519700000000140790e+03,7.611807997212003407e-01
1.519800000000140926e+03,7.612019792400562812e-01
1.519900000000141063e+03,7.612231556486874773e-01
1.520000000000140972e+03,7.612443289477116570e-01
1.520100000000140881e+03,7.612654991377467706e-01
1.520200000000141017e+03,7.612866662194106571e-01
1.520300000000141154e+03,7.613078301933204894e-01
1.520400000000141063e+03,7.613289910600936627e-01
1.520500000000140972e+03,7.613501488203472389e-01
1.520600000000141108e+03,7.613713034746985020e-01
1.520700000000141245e+03,7.613924550237640698e-01
1.520800000000141154e+03,7.614136034681608933e-01
1.520900000000141063e+03,7.614347488085053683e-01
1.521000000000141199e+03,7.614558910454142238e-01
1.521100000000141335e+03,7.614770301795034113e-01
1.521200000000141245e+03,7.614981662113888827e-01
1.521300000000141154e+03,7.615192991416870338e-01
1.521400000000141290e+03,7.615404289710137054e-01
1.521500000000141426e+03,7.615615556999844049e-01
1.521600000000141335e+03,7.615826793292147512e-01
1.521700000000141245e+03,7.616037998593200298e-01
1.521800000000141381e+03,7.616249172909156373e-01
1.521900000000141517e+03,7.616460316246167483e-01
1.522000000000141426e+03,7.616671428610379824e-01
1.522100000000141335e+03,7.616882510007944029e-01
1.522200000000141472e+03,7.617093560445005185e-01
1.522300000000141608e+03,7.617304579927709485e-01
1.522400000000141517e+03,7.617515568462202014e-01
1.522500000000141426e+03,7.617726526054620084e-01
1.522600000000141563e+03,7.617937452711109891e-01
1.522700000000141699e+03,7.618148348437806527e-01
1.522800000000141608e+03,7.618359213240849526e-01
1.522900000000141517e+03,7.618570047126375089e-01
1.523000000000141654e+03,7.618780850100518309e-01
1.523100000000141790e+03,7.618991622169412059e-01
1.523200000000141699e+03,7.619202363339186990e-01
1.523300000000141608e+03,7.619413073615974863e-01
1.523400000000141745e+03,7.619623753005905220e-01
1.523500000000141881e+03,7.619834401515103162e-01
1.523600000000141790e+03,7.620045019149696008e-01
1.523700000000141699e+03,7.620255605915808861e-01
1.523800000000141836e+03,7.620466161819562378e-01
1.523900000000141972e+03,7.620676686867081662e-01
1.524000000000141881e+03,7.620887181064484039e-01
1.524100000000141790e+03,7.621097644417887951e-01
1.524200000000141927e+03,7.621308076933412945e-01
1.524300000000142063e+03,7.621518478617171910e-01
1.524400000000141972e+03,7.621728849475281065e-01
1.524500000000141881e+03,7.621939189513852186e-01
1.524600000000142018e+03,7.622149498738997053e-01
1.524700000000142154e+03,7.622359777156824112e-01
1.524800000000142063e+03,7.622570024773442920e-01
1.524900000000141972e+03,7.622780241594959705e-01
1.525000000000142109e+03,7.622990427627480692e-01
1.525100000000142245e+03,7.623200582877108777e-01
1.525200000000142154e+03,7.623410707349947968e-01
1.525300000000142063e+03,7.623620801052096718e-01
1.525400000000142199e+03,7.623830863989657924e-01
1.525500000000142336e+03,7.624040896168726711e-01
1.525600000000142245e+03,7.624250897595400422e-01
1.525700000000142154e+03,7.624460868275775294e-01
1.525800000000142290e+03,7.624670808215944229e-01
1.525900000000142427e+03,7.624880717421999021e-01
1.526000000000142336e+03,7.625090595900030355e-01
1.526100000000142245e+03,7.625300443656128913e-01
1.526200000000142381e+03,7.625510260696380938e-01
1.526300000000142518e+03,7.625720047026874893e-01
1.526400000000142427e+03,7.625929802653693690e-01
1.526500000000142336e+03,7.626139527582919131e-01
1.526600000000142472e+03,7.626349221820638569e-01
1.526700000000142609e+03,7.626558885372928254e-01
1.526800000000142518e+03,7.626768518245868878e-01
1.526900000000142427e+03,7.626978120445536691e-01
1.527000000000142563e+03,7.627187691978010164e-01
1.527100000000142700e+03,7.627397232849361108e-01
1.527200000000142609e+03,7.627606743065665773e-01
1.527300000000142518e+03,7.627816222632994858e-01
1.527400000000142654e+03,7.628025671557416842e-01
1.527500000000142791e+03,7.628235089845003536e-01
1.527600000000142700e+03,7.628444477501818977e-01
1.527700000000142609e+03,7.628653834533932754e-01
1.527800000000142745e+03,7.628863160947407795e-01
1.527900000000142882e+03,7.629072456748307030e-01
1.528000000000142791e+03,7.629281721942692274e-01
1.528100000000142700e+03,7.629490956536623125e-01
1.528200000000142836e+03,7.629700160536159181e-01
1.528300000000142973e+03,7.629909333947357819e-01
1.528400000000142882e+03,7.630118476776273084e-01
1.528500000000142791e+03,7.630327589028959023e-01
1.528600000000142927e+03,7.630536670711473013e-01
1.528700000000143064e+03,7.630745721829863548e-01
1.528800000000142973e+03,7.630954742390179124e-01
1.528900000000142882e+03,7.631163732398470456e-01
1.529000000000143018e+03,7.631372691860783819e-01
1.529100000000143154e+03,7.631581620783165487e-01
1.529200000000143064e+03,7.631790519171658405e-01
1.529300000000142973e+03,7.631999387032307736e-01
1.529400000000143109e+03,7.632208224371150873e-01
1.529500000000143245e+03,7.632417031194230761e-01
1.529600000000143154e+03,7.632625807507585902e-01
1.529700000000143064e+03,7.632834553317251469e-01
1.529800000000143200e+03,7.633043268629264855e-01
1.529900000000143336e+03,7.633251953449657901e-01
1.530000000000143245e+03,7.633460607784465779e-01
1.530100000000143154e+03,7.633669231639717001e-01
1.530200000000143291e+03,7.633877825021443408e-01
1.530300000000143427e+03,7.634086387935673512e-01
1.530400000000143336e+03,7.634294920388431382e-01
1.530500000000143245e+03,7.634503422385745530e-01
1.530600000000143382e+03,7.634711893933636695e-01
1.530700000000143518e+03,7.634920335038131167e-01
1.530800000000143427e+03,7.635128745705248576e-01
1.530900000000143336e+03,7.635337125941007441e-01
1.531000000000143473e+03,7.635545475751426281e-01
1.531100000000143609e+03,7.635753795142523614e-01
1.531200000000143518e+03,7.635962084120311300e-01
1.531300000000143427e+03,7.636170342690806745e-01
1.531400000000143564e+03,7.636378570860019588e-01
1.531500000000143700e+03,7.636586768633963906e-01
1.531600000000143609e+03,7.636794936018646007e-01
1.531700000000143518e+03,7.637003073020076638e-01
1.531800000000143655e+03,7.637211179644260994e-01
1.531900000000143791e+03,7.637419255897205383e-01
1.532000000000143700e+03,7.637627301784910561e-01
1.532100000000143609e+03,7.637835317313382832e-01
1.532200000000143746e+03,7.638043302488619624e-01
1.532300000000143882e+03,7.638251257316625020e-01
1.532400000000143791e+03,7.638459181803393117e-01
1.532500000000143700e+03,7.638667075954919117e-01
1.532600000000143837e+03,7.638874939777203776e-01
1.532700000000143973e+03,7.639082773276236749e-01
1.532800000000143882e+03,7.639290576458009907e-01
1.532900000000143791e+03,7.639498349328517346e-01
1.533000000000143928e+03,7.639706091893747608e-01
1.533100000000144064e+03,7.639913804159685906e-01
1.533200000000143973e+03,7.640121486132321893e-01
1.533300000000143882e+03,7.640329137817638561e-01
1.533400000000144018e+03,7.640536759221622232e-01
1.533500000000144155e+03,7.640744350350251457e-01
1.533600000000144064e+03,7.640951911209510339e-01
1.533700000000143973e+03,7.641159441805376318e-01
1.533800000000144109e+03,7.641366942143827945e-01
1.533900000000144246e+03,7.641574412230843771e-01
1.534000000000144155e+03,7.641781852072394576e-01
1.534100000000144064e+03,7.641989261674457801e-01
1.534200000000144200e+03,7.642196641043003114e-01
1.534300000000144337e+03,7.642403990184004625e-01
1.534400000000144246e+03,7.642611309103428674e-01
1.534500000000144155e+03,7.642818597807243819e-01
1.534600000000144291e+03,7.643025856301418619e-01
1.534700000000144428e+03,7.643233084591914972e-01
1.534800000000144337e+03,7.643440282684698106e-01
1.534900000000144246e+03,7.643647450585731029e-01
1.535000000000144382e+03,7.643854588300974529e-01
1.535100000000144519e+03,7.644061695836386061e-01
1.535200000000144428e+03,7.644268773197926414e-01
1.535300000000144337e+03,7.644475820391550824e-01
1.535400000000144473e+03,7.644682837423212307e-01
1.535500000000144610e+03,7.644889824298868319e-01
1.535600000000144519e+03,7.645096781024468546e-01
1.535700000000144428e+03,7.645303707605962673e-01
1.535800000000144564e+03,7.645510604049305936e-01
1.535900000000144701e+03,7.645717470360440249e-01
1.536000000000144610e+03,7.645924306545315297e-01
1.536100000000144519e+03,7.646131112609875213e-01
1.536200000000144655e+03,7.646337888560063023e-01
1.536300000000144792e+03,7.646544634401821749e-01
1.536400000000144701e+03,7.646751350141093306e-01
1.536500000000144610e+03,7.646958035783816277e-01
1.536600000000144746e+03,7.647164691335927023e-01
1.536700000000144883e+03,7.647371316803366348e-01
1.536800000000144792e+03,7.647577912192066174e-01
1.536900000000144701e+03,7.647784477507960643e-01
1.537000000000144837e+03,7.647991012756983897e-01
1.537100000000144973e+03,7.648197517945064527e-01
1.537200000000144883e+03,7.648403993078134455e-01
1.537300000000144792e+03,7.648610438162118941e-01
1.537400000000144928e+03,7.648816853202946575e-01
1.537500000000145064e+03,7.649023238206542619e-01
1.537600000000144973e+03,7.649229593178831221e-01
1.537700000000144883e+03,7.649435918125733203e-01
1.537800000000145019e+03,7.649642213053170492e-01
1.537900000000145155e+03,7.649848477967063909e-01
1.538000000000145064e+03,7.650054712873329832e-01
1.538100000000144973e+03,7.650260917777886860e-01
1.538200000000145110e+03,7.650467092686648041e-01
1.538300000000145246e+03,7.650673237605530863e-01
1.538400000000145155e+03,7.650879352540442824e-01
1.538500000000145064e+03,7.651085437497299191e-01
1.538600000000145201e+03,7.651291492482008572e-01
1.538700000000145337e+03,7.651497517500479573e-01
1.538800000000145246e+03,7.651703512558618581e-01
1.538900000000145155e+03,7.651909477662329762e-01
1.539000000000145292e+03,7.652115412817519502e-01
1.539100000000145428e+03,7.652321318030089747e-01
1.539200000000145337e+03,7.652527193305941333e-01
1.539300000000145246e+03,7.652733038650973985e-01
1.539400000000145383e+03,7.652938854071086316e-01
1.539500000000145519e+03,7.653144639572175834e-01
1.539600000000145428e+03,7.653350395160136710e-01
1.539700000000145337e+03,7.653556120840866450e-01
1.539800000000145474e+03,7.653761816620253677e-01
1.539900000000145610e+03,7.653967482504193676e-01
1.540000000000145519e+03,7.654173118498572848e-01
1.540100000000145428e+03,7.654378724609282036e-01
1.540200000000145565e+03,7.654584300842208755e-01
1.540300000000145701e+03,7.654789847203234965e-01
1.540400000000145610e+03,7.654995363698249289e-01
1.540500000000145519e+03,7.655200850333134799e-01
1.540600000000145656e+03,7.655406307113771236e-01
1.540700000000145792e+03,7.655611734046036121e-01
1.540800000000145701e+03,7.655817131135813636e-01
1.540900000000145610e+03,7.656022498388976860e-01
1.541000000000145747e+03,7.656227835811404425e-01
1.541100000000145883e+03,7.656433143408970521e-01
1.541200000000145792e+03,7.656638421187547117e-01
1.541300000000145701e+03,7.656843669153006182e-01
1.541400000000145837e+03,7.657048887311217467e-01
1.541500000000145974e+03,7.657254075668051829e-01
1.541600000000145883e+03,7.657459234229374578e-01
1.541700000000145792e+03,7.657664363001053243e-01
1.541800000000145928e+03,7.657869461988952020e-01
1.541900000000146065e+03,7.658074531198935109e-01
1.542000000000145974e+03,7.658279570636862266e-01
1.542100000000145883e+03,7.658484580308596579e-01
1.542200000000146019e+03,7.658689560219994474e-01
1.542300000000146156e+03,7.658894510376915710e-01
1.542400000000146065e+03,7.659099430785216711e-01
1.542500000000145974e+03,7.659304321450750574e-01
1.542600000000146110e+03,7.659509182379373726e-01
1.542700000000146247e+03,7.659714013576935931e-01
1.542800000000146156e+03,7.659918815049286955e-01
1.542900000000146065e+03,7.660123586802277673e-01
1.543000000000146201e+03,7.660328328841757850e-01
1.543100000000146338e+03,7.660533041173571700e-01
1.543200000000146247e+03,7.660737723803563437e-01
1.543300000000146156e+03,7.660942376737578385e-01
1.543400000000146292e+03,7.661146999981459649e-01
1.543500000000146429e+03,7.661351593541045890e-01
1.543600000000146338e+03,7.661556157422179103e-01
1.543700000000146247e+03,7.661760691630694620e-01
1.543800000000146383e+03,7.661965196172432213e-01
1.543900000000146520e+03,7.662169671053227216e-01
1.544000000000146429e+03,7.662374116278910519e-01
1.544100000000146338e+03,7.662578531855316344e-01
1.544200000000146474e+03,7.662782917788276693e-01
1.544300000000146611e+03,7.662987274083620237e-01
1.544400000000146520e+03,7.663191600747176757e-01
1.544500000000146429e+03,7.663395897784770483e-01
1.544600000000146565e+03,7.663600165202231196e-01
1.544700000000146701e+03,7.663804403005379795e-01
1.544800000000146611e+03,7.664008611200040511e-01
1.544900000000146520e+03,7.664212789792034242e-01
1.545000000000146656e+03,7.664416938787181888e-01
1.545100000000146792e+03,7.664621058191302128e-01
1.545200000000146701e+03,7.664825148010210309e-01
1.545300000000146611e+03,7.665029208249724002e-01
1.545400000000146747e+03,7.665233238915657443e-01
1.545500000000146883e+03,7.665437240013824871e-01
1.545600000000146792e+03,7.665641211550036083e-01
1.545700000000146701e+03,7.665845153530103095e-01
1.545800000000146838e+03,7.666049065959833486e-01
1.545900000000146974e+03,7.666252948845035942e-01
1.546000000000146883e+03,7.666456802191515818e-01
1.546100000000146792e+03,7.666660626005077361e-01
1.546200000000146929e+03,7.666864420291527038e-01
1.546300000000147065e+03,7.667068185056663543e-01
1.546400000000146974e+03,7.667271920306290012e-01
1.546500000000146883e+03,7.667475626046204029e-01
1.546600000000147020e+03,7.667679302282203180e-01
1.546700000000147156e+03,7.667882949020085048e-01
1.546800000000147065e+03,7.668086566265644999e-01
1.546900000000146974e+03,7.668290154024676175e-01
1.547000000000147111e+03,7.668493712302969501e-01
1.547100000000147247e+03,7.668697241106320339e-01
1.547200000000147156e+03,7.668900740440514063e-01
1.547300000000147065e+03,7.669104210311340486e-01
1.547400000000147202e+03,7.669307650724587200e-01
1.547500000000147338e+03,7.669511061686039577e-01
1.547600000000147247e+03,7.669714443201478549e-01
1.547700000000147156e+03,7.669917795276689487e-01
1.547800000000147293e+03,7.670121117917454434e-01
1.547900000000147429e+03,7.670324411129552100e-01
1.548000000000147338e+03,7.670527674918761196e-01
1.548100000000147247e+03,7.670730909290859323e-01
1.548200000000147384e+03,7.670934114251621860e-01
1.548300000000147520e+03,7.671137289806823079e-01
1.548400000000147429e+03,7.671340435962237247e-01
1.548500000000147338e+03,7.671543552723635306e-01
1.548600000000147475e+03,7.671746640096785974e-01
1.548700000000147611e+03,7.671949698087461300e-01
1.548800000000147520e+03,7.672152726701425562e-01
1.548900000000147429e+03,7.672355725944448590e-01
1.549000000000147566e+03,7.672558695822291330e-01
1.549100000000147702e+03,7.672761636340720282e-01
1.549200000000147611e+03,7.672964547505496391e-01
1.549300000000147520e+03,7.673167429322379496e-01
1.549400000000147656e+03,7.673370281797130543e-01
1.549500000000147793e+03,7.673573104935506040e-01
1.549600000000147702e+03,7.673775898743264712e-01
1.549700000000147611e+03,7.673978663226158625e-01
1.549800000000147747e+03,7.674181398389944286e-01
1.549900000000147884e+03,7.674384104240371540e-01
1.550000000000147793e+03,7.674586780783194673e-01
1.550100000000147702e+03,7.674789428024161309e-01
1.550200000000147838e+03,7.674992045969019072e-01
1.550300000000147975e+03,7.675194634623518919e-01
1.550400000000147884e+03,7.675397193993402922e-01
1.550500000000147793e+03,7.675599724084414266e-01
1.550600000000147929e+03,7.675802224902299464e-01
1.550700000000148066e+03,7.676004696452797260e-01
1.550800000000147975e+03,7.676207138741649727e-01
1.550900000000147884e+03,7.676409551774593387e-01
1.551000000000148020e+03,7.676611935557368094e-01
1.551100000000148157e+03,7.676814290095708149e-01
1.551200000000148066e+03,7.677016615395350074e-01
1.551300000000147975e+03,7.677218911462023732e-01
1.551400000000148111e+03,7.677421178301465643e-01
1.551500000000148248e+03,7.677623415919402339e-01
1.551600000000148157e+03,7.677825624321564790e-01
1.551700000000148066e+03,7.678027803513680638e-01
1.551800000000148202e+03,7.678229953501477523e-01
1.551900000000148339e+03,7.678432074290679754e-01
1.552000000000148248e+03,7.678634165887010532e-01
1.552100000000148157e+03,7.678836228296191946e-01
1.552200000000148293e+03,7.679038261523944975e-01
1.552300000000148430e+03,7.679240265575991709e-01
1.552400000000148339e+03,7.679442240458047575e-01
1.552500000000148248e+03,7.679644186175831333e-01
1.552600000000148384e+03,7.679846102735057300e-01
1.552700000000148520e+03,7.680047990141440906e-01
1.552800000000148430e+03,7.680249848400695356e-01
1.552900000000148339e+03,7.680451677518529419e-01
1.553000000000148475e+03,7.680653477500656301e-01
1.553100000000148611e+03,7.680855248352783660e-01
1.553200000000148520e+03,7.681056990080616931e-01
1.553300000000148430e+03,7.681258702689865991e-01
1.553400000000148566e+03,7.681460386186234057e-01
1.553500000000148702e+03,7.681662040575422123e-01
1.553600000000148611e+03,7.681863665863135626e-01
1.553700000000148520e+03,7.682065262055072230e-01
1.553800000000148657e+03,7.682266829156932930e-01
1.553900000000148793e+03,7.682468367174416501e-01
1.554000000000148702e+03,7.682669876113218388e-01
1.554100000000148611e+03,7.682871355979032923e-01
1.554200000000148748e+03,7.683072806777555552e-01
1.554300000000148884e+03,7.683274228514477278e-01
1.554400000000148793e+03,7.683475621195490213e-01
1.554500000000148702e+03,7.683676984826284251e-01
1.554600000000148839e+03,7.683878319412548175e-01
1.554700000000148975e+03,7.684079624959968546e-01
1.554800000000148884e+03,7.684280901474229708e-01
1.554900000000148793e+03,7.684482148961017112e-01
1.555000000000148930e+03,7.684683367426015099e-01
1.555100000000149066e+03,7.684884556874904682e-01
1.555200000000148975e+03,7.685085717313364650e-01
1.555300000000148884e+03,7.685286848747076016e-01
1.555400000000149021e+03,7.685487951181715349e-01
1.555500000000149157e+03,7.685689024622959220e-01
1.555600000000149066e+03,7.685890069076480868e-01
1.555700000000148975e+03,7.686091084547956864e-01
1.555800000000149112e+03,7.686292071043058227e-01
1.555900000000149248e+03,7.686493028567453756e-01
1.556000000000149157e+03,7.686693957126815580e-01
1.556100000000149066e+03,7.686894856726812497e-01
1.556200000000149203e+03,7.687095727373107756e-01
1.556300000000149339e+03,7.687296569071370156e-01
1.556400000000149248e+03,7.687497381827261833e-01
1.556500000000149157e+03,7.687698165646447146e-01
1.556600000000149294e+03,7.687898920534587122e-01
1.556700000000149430e+03,7.688099646497340567e-01
1.556800000000149339e+03,7.688300343540367399e-01
1.556900000000149248e+03,7.688501011669325313e-01
1.557000000000149385e+03,7.688701650889869788e-01
1.557100000000149521e+03,7.688902261207655187e-01
1.557200000000149430e+03,7.689102842628334766e-01
1.557300000000149339e+03,7.689303395157561782e-01
1.557400000000149475e+03,7.689503918800985049e-01
1.557500000000149612e+03,7.689704413564256713e-01
1.557600000000149521e+03,7.689904879453022257e-01
1.557700000000149430e+03,7.690105316472929387e-01
1.557800000000149566e+03,7.690305724629622475e-01
1.557900000000149703e+03,7.690506103928748116e-01
1.558000000000149612e+03,7.690706454375945134e-01
1.558100000000149521e+03,7.690906775976856791e-01
1.558200000000149657e+03,7.691107068737121910e-01
1.558300000000149794e+03,7.691307332662382645e-01
1.558400000000149703e+03,7.691507567758272268e-01
1.558500000000149612e+03,7.691707774030427380e-01
1.558600000000149748e+03,7.691907951484484585e-01
1.558700000000149885e+03,7.692108100126076042e-01
1.558800000000149794e+03,7.692308219960832805e-01
1.558900000000149703e+03,7.692508310994384813e-01
1.559000000000149839e+03,7.692708373232364227e-01
1.559100000000149976e+03,7.692908406680397659e-01
1.559200000000149885e+03,7.693108411344109498e-01
1.559300000000149794e+03,7.693308387229128575e-01
1.559400000000149930e+03,7.693508334341075949e-01
1.559500000000150067e+03,7.693708252685574900e-01
1.559600000000149976e+03,7.693908142268247596e-01
1.559700000000149885e+03,7.694108003094711767e-01
1.559800000000150021e+03,7.694307835170588472e-01
1.559900000000150158e+03,7.694507638501494329e-01
1.560000000000150067e+03,7.694707413093042625e-01
1.560100000000149976e+03,7.694907158950852200e-01
1.560200000000150112e+03,7.695106876080534120e-01
1.560300000000150249e+03,7.695306564487697232e-01
1.560400000000150158e+03,7.695506224177957044e-01
1.560500000000150067e+03,7.695705855156919073e-01
1.560600000000150203e+03,7.695905457430194385e-01
1.560700000000150339e+03,7.696105031003388497e-01
1.560800000000150249e+03,7.696304575882102483e-01
1.560900000000150158e+03,7.696504092071947412e-01
1.561000000000150294e+03,7.696703579578521026e-01
1.561100000000150430e+03,7.696903038407425512e-01
1.561200000000150339e+03,7.697102468564259725e-01
1.561300000000150249e+03,7.697301870054623629e-01
1.561400000000150385e+03,7.697501242884114969e-01
1.561500000000150521e+03,7.697700587058330379e-01
1.561600000000150430e+03,7.697899902582858722e-01
1.561700000000150339e+03,7.698099189463299963e-01
1.561800000000150476e+03,7.698298447705244074e-01
1.561900000000150612e+03,7.698497677314279919e-01
1.562000000000150521e+03,7.698696878295997470e-01
1.562100000000150430e+03,7.698896050655984480e-01
1.562200000000150567e+03,7.699095194399829811e-01
1.562300000000150703e+03,7.699294309533115666e-01
1.562400000000150612e+03,7.699493396061427575e-01
1.562500000000150521e+03,7.699692453990347740e-01
1.562600000000150658e+03,7.699891483325458363e-01
1.562700000000150794e+03,7.700090484072337205e-01
1.562800000000150703e+03,7.700289456236564245e-01
1.562900000000150612e+03,7.700488399823718355e-01
1.563000000000150749e+03,7.700687314839372855e-01
1.563100000000150885e+03,7.700886201289104394e-01
1.563200000000150794e+03,7.701085059178485182e-01
1.563300000000150703e+03,7.701283888513086318e-01
1.563400000000150840e+03,7.701482689298481121e-01
1.563500000000150976e+03,7.701681461540238471e-01
1.563600000000150885e+03,7.701880205243923916e-01
1.563700000000150794e+03,7.702078920415105223e-01
1.563800000000150931e+03,7.702277607059350162e-01
1.563900000000151067e+03,7.702476265182220949e-01
1.564000000000150976e+03,7.702674894789278692e-01
1.564100000000150885e+03,7.702873495886087829e-01
1.564200000000151022e+03,7.703072068478208356e-01
1.564300000000151158e+03,7.703270612571196940e-01
1.564400000000151067e+03,7.703469128170612468e-01
1.564500000000150976e+03,7.703667615282009384e-01
1.564600000000151113e+03,7.703866073910945467e-01
1.564700000000151249e+03,7.704064504062971830e-01
1.564800000000151158e+03,7.704262905743641809e-01
1.564900000000151067e+03,7.704461278958506520e-01
1.565000000000151203e+03,7.704659623713115968e-01
1.565100000000151340e+03,7.704857940013015716e-01
1.565200000000151249e+03,7.705056227863755769e-01
1.565300000000151158e+03,7.705254487270879471e-01
1.565400000000151294e+03,7.705452718239933496e-01
1.565500000000151431e+03,7.705650920776460078e-01
1.565600000000151340e+03,7.705849094885999229e-01
1.565700000000151249e+03,7.706047240574094292e-01
1.565800000000151385e+03,7.706245357846280841e-01
1.565900000000151522e+03,7.706443446708098888e-01
1.566000000000151431e+03,7.706641507165084004e-01
1.566100000000151340e+03,7.706839539222771762e-01
1.566200000000151476e+03,7.707037542886696624e-01
1.566300000000151613e+03,7.707235518162389720e-01
1.566400000000151522e+03,7.707433465055383293e-01
1.566500000000151431e+03,7.707631383571206252e-01
1.566600000000151567e+03,7.707829273715388618e-01
1.566700000000151704e+03,7.708027135493455972e-01
1.566800000000151613e+03,7.708224968910936115e-01
1.566900000000151522e+03,7.708422773973350184e-01
1.567000000000151658e+03,7.708620550686225981e-01
1.567100000000151795e+03,7.708818299055083534e-01
1.567200000000151704e+03,7.709016019085443983e-01
1.567300000000151613e+03,7.709213710782824025e-01
1.567400000000151749e+03,7.709411374152744800e-01
1.567500000000151886e+03,7.709609009200724117e-01
1.567600000000151795e+03,7.709806615932273122e-01
1.567700000000151704e+03,7.710004194352908513e-01
1.567800000000151840e+03,7.710201744468144769e-01
1.567900000000151977e+03,7.710399266283490816e-01
1.568000000000151886e+03,7.710596759804457800e-01
1.568100000000151795e+03,7.710794225036554650e-01
1.568200000000151931e+03,7.710991661985289181e-01
1.568300000000152068e+03,7.711189070656166988e-01
1.568400000000151977e+03,7.711386451054693669e-01
1.568500000000151886e+03,7.711583803186374819e-01
1.568600000000152022e+03,7.711781127056709373e-01
1.568700000000152158e+03,7.711978422671200706e-01
1.568800000000152068e+03,7.712175690035346642e-01
1.568900000000151977e+03,7.712372929154647228e-01
1.569000000000152113e+03,7.712570140034601396e-01
1.569100000000152249e+03,7.712767322680701421e-01
1.569200000000152158e+03,7.712964477098444016e-01
1.569300000000152068e+03,7.713161603293320345e-01
1.569400000000152204e+03,7.713358701270827122e-01
1.569500000000152340e+03,7.713555771036449960e-01
1.569600000000152249e+03,7.713752812595681130e-01
1.569700000000152158e+03,7.713949825954007355e-01
1.569800000000152295e+03,7.714146811116917579e-01
1.569900000000152431e+03,7.714343768089894082e-01
1.570000000000152340e+03,7.714540696878422477e-01
1.570100000000152249e+03,7.714737597487986154e-01
1.570200000000152386e+03,7.714934469924066285e-01
1.570300000000152522e+03,7.715131314192142931e-01
1.570400000000152431e+03,7.715328130297696152e-01
1.570500000000152340e+03,7.715524918246202679e-01
1.570600000000152477e+03,7.715721678043139242e-01
1.570700000000152613e+03,7.715918409693980351e-01
1.570800000000152522e+03,7.716115113204200515e-01
1.570900000000152431e+03,7.716311788579272024e-01
1.571000000000152568e+03,7.716508435824666057e-01
1.571100000000152704e+03,7.716705054945852682e-01
1.571200000000152613e+03,7.716901645948299748e-01
1.571300000000152522e+03,7.717098208837475104e-01
1.571400000000152659e+03,7.717294743618846597e-01
1.571500000000152795e+03,7.717491250297876526e-01
1.571600000000152704e+03,7.717687728880028297e-01
1.571700000000152613e+03,7.717884179370766429e-01
1.571800000000152750e+03,7.718080601775548777e-01
1.571900000000152886e+03,7.718276996099837639e-01
1.572000000000152795e+03,7.718473362349088651e-01
1.572100000000152704e+03,7.718669700528760780e-01
1.572200000000152841e+03,7.718866010644309661e-01
1.572300000000152977e+03,7.719062292701188710e-01
1.572400000000152886e+03,7.719258546704851343e-01
1.572500000000152795e+03,7.719454772660748754e-01
1.572600000000152932e+03,7.719650970574333249e-01
1.572700000000153068e+03,7.719847140451052692e-01
1.572800000000152977e+03,7.720043282296354947e-01
1.572900000000152886e+03,7.720239396115687880e-01
1.573000000000153022e+03,7.720435481914496023e-01
1.573100000000153159e+03,7.720631539698223911e-01
1.573200000000153068e+03,7.720827569472312746e-01
1.573300000000152977e+03,7.721023571242204842e-01
1.573400000000153113e+03,7.721219545013341401e-01
1.573500000000153250e+03,7.721415490791161407e-01
1.573600000000153159e+03,7.721611408581100511e-01
1.573700000000153068e+03,7.721807298388597696e-01
1.573800000000153204e+03,7.722003160219086393e-01
1.573900000000153341e+03,7.722198994078001144e-01
1.574000000000153250e+03,7.722394799970772050e-01
1.574100000000153159e+03,7.722590577902833653e-01
1.574200000000153295e+03,7.722786327879614943e-01
1.574300000000153432e+03,7.722982049906542690e-01
1.574400000000153341e+03,7.723177743989045885e-01
1.574500000000153250e+03,7.723373410132551298e-01
1.574600000000153386e+03,7.723569048342482368e-01
1.574700000000153523e+03,7.723764658624263646e-01
1.574800000000153432e+03,7.723960240983317460e-01
1.574900000000153341e+03,7.724155795425061699e-01
1.575000000000153477e+03,7.724351321954919802e-01
1.575100000000153614e+03,7.724546820578308548e-01
1.575200000000153523e+03,7.724742291300644714e-01
1.575300000000153432e+03,7.724937734127345079e-01
1.575400000000153568e+03,7.725133149063823090e-01
1.575500000000153705e+03,7.725328536115495526e-01
1.575600000000153614e+03,7.725523895287768061e-01
1.575700000000153523e+03,7.725719226586055255e-01
1.575800000000153659e+03,7.725914530015768333e-01
1.575900000000153796e+03,7.726109805582310752e-01
1.576000000000153705e+03,7.726305053291092628e-01
1.576100000000153614e+03,7.726500273147517417e-01
1.576200000000153750e+03,7.726695465156991904e-01
1.576300000000153887e+03,7.726890629324918436e-01
1.576400000000153796e+03,7.727085765656697136e-01
1.576500000000153705e+03,7.727280874157729240e-01
1.576600000000153841e+03,7.727475954833414873e-01
1.576700000000153977e+03,7.727671007689151939e-01
1.576800000000153887e+03,7.727866032730336121e-01
1.576900000000153796e+03,7.728061029962361994e-01
1.577000000000153932e+03,7.728255999390625242e-01
1.577100000000154068e+03,7.728450941020518217e-01
1.577200000000153977e+03,7.728645854857433273e-01
1.577300000000153887e+03,7.728840740906758322e-01
1.577400000000154023e+03,7.729035599173884608e-01
1.577500000000154159e+03,7.729230429664200042e-01
1.577600000000154068e+03,7.729425232383086986e-01
1.577700000000153977e+03,7.729620007335936682e-01
1.577800000000154114e+03,7.729814754528129273e-01
1.577900000000154250e+03,7.730009473965049338e-01
1.578000000000154159e+03,7.730204165652075909e-01
1.578100000000154068e+03,7.730398829594589127e-01
1.578200000000154205e+03,7.730593465797970243e-01
1.578300000000154341e+03,7.730788074267594956e-01
1.578400000000154250e+03,7.730982655008841187e-01
1.578500000000154159e+03,7.731177208027080194e-01
1.578600000000154296e+03,7.731371733327689899e-01
1.578700000000154432e+03,7.731566230916042670e-01
1.578800000000154341e+03,7.731760700797506436e-01
1.578900000000154250e+03,7.731955142977452455e-01
1.579000000000154387e+03,7.732149557461249767e-01
1.579100000000154523e+03,7.732343944254266299e-01
1.579200000000154432e+03,7.732538303361867760e-01
1.579300000000154341e+03,7.732732634789417636e-01
1.579400000000154478e+03,7.732926938542282747e-01
1.579500000000154614e+03,7.733121214625822137e-01
1.579600000000154523e+03,7.733315463045398186e-01
1.579700000000154432e+03,7.733509683806369939e-01
1.579800000000154569e+03,7.733703876914098663e-01
1.579900000000154705e+03,7.733898042373936743e-01
1.580000000000154614e+03,7.734092180191245447e-01
1.580100000000154523e+03,7.734286290371376049e-01
1.580200000000154660e+03,7.734480372919680935e-01
1.580300000000154796e+03,7.734674427841516930e-01
1.580400000000154705e+03,7.734868455142230870e-01
1.580500000000154614e+03,7.735062454827172918e-01
1.580600000000154751e+03,7.735256426901694349e-01
1.580700000000154887e+03,7.735450371371139777e-01
1.580800000000154796e+03,7.735644288240854927e-01
1.580900000000154705e+03,7.735838177516184411e-01
1.581000000000154841e+03,7.736032039202475064e-01
1.581100000000154978e+03,7.736225873305064837e-01
1.581200000000154887e+03,7.736419679829293905e-01
1.581300000000154796e+03,7.736613458780506880e-01
1.581400000000154932e+03,7.736807210164037274e-01
1.581500000000155069e+03,7.737000933985224149e-01
1.581600000000154978e+03,7.737194630249403238e-01
1.581700000000154887e+03,7.737388298961906941e-01
1.581800000000155023e+03,7.737581940128073210e-01
1.581900000000155160e+03,7.737775553753230007e-01
1.582000000000155069e+03,7.737969139842708621e-01
1.582100000000154978e+03,7.738162698401840345e-01
1.582200000000155114e+03,7.738356229435952027e-01
1.582300000000155251e+03,7.738549732950371629e-01
1.582400000000155160e+03,7.738743208950422670e-01
1.582500000000155069e+03,7.738936657441430889e-01
1.582600000000155205e+03,7.739130078428720916e-01
1.582700000000155342e+03,7.739323471917614050e-01
1.582800000000155251e+03,7.739516837913429370e-01
1.582900000000155160e+03,7.739710176421487065e-01
1.583000000000155296e+03,7.739903487447106212e-01
1.583100000000155433e+03,7.740096770995602560e-01
1.583200000000155342e+03,7.740290027072291856e-01
1.583300000000155251e+03,7.740483255682489849e-01
1.583400000000155387e+03,7.740676456831510066e-01
1.583500000000155524e+03,7.740869630524661593e-01
1.583600000000155433e+03,7.741062776767255738e-01
1.583700000000155342e+03,7.741255895564603806e-01
1.583800000000155478e+03,7.741448986922013775e-01
1.583900000000155615e+03,7.741642050844791401e-01
1.584000000000155524e+03,7.741835087338242438e-01
1.584100000000155433e+03,7.742028096407671534e-01
1.584200000000155569e+03,7.742221078058381112e-01
1.584300000000155705e+03,7.742414032295675819e-01
1.584400000000155615e+03,7.742606959124851418e-01
1.584500000000155524e+03,7.742799858551212555e-01
1.584600000000155660e+03,7.742992730580054994e-01
1.584700000000155796e+03,7.743185575216674499e-01
1.584800000000155705e+03,7.743378392466367943e-01
1.584900000000155615e+03,7.743571182334429981e-01
1.585000000000155751e+03,7.743763944826153045e-01
1.585100000000155887e+03,7.743956679946829569e-01
1.585200000000155796e+03,7.744149387701749765e-01
1.585300000000155705e+03,7.744342068096202736e-01
1.585400000000155842e+03,7.744534721135477584e-01
1.585500000000155978e+03,7.744727346824861192e-01
1.585600000000155887e+03,7.744919945169638220e-01
1.585700000000155796e+03,7.745112516175095552e-01
1.585800000000155933e+03,7.745305059846512297e-01
1.585900000000156069e+03,7.745497576189173117e-01
1.586000000000155978e+03,7.745690065208359343e-01
1.586100000000155887e+03,7.745882526909346755e-01
1.586200000000156024e+03,7.746074961297417794e-01
1.586300000000156160e+03,7.746267368377848239e-01
1.586400000000156069e+03,7.746459748155911651e-01
1.586500000000155978e+03,7.746652100636883809e-01
1.586600000000156115e+03,7.746844425826039382e-01
1.586700000000156251e+03,7.747036723728647489e-01
1.586800000000156160e+03,7.747228994349981690e-01
1.586900000000156069e+03,7.747421237695309992e-01
1.587000000000156206e+03,7.747613453769901515e-01
1.587100000000156342e+03,7.747805642579023155e-01
1.587200000000156251e+03,7.747997804127938481e-01
1.587300000000156160e+03,7.748189938421913281e-01
1.587400000000156297e+03,7.748382045466213341e-01
1.587500000000156433e+03,7.748574125266097790e-01
1.587600000000156342e+03,7.748766177826827972e-01
1.587700000000156251e+03,7.748958203153663016e-01
1.587800000000156388e+03,7.749150201251863157e-01
1.587900000000156524e+03,7.749342172126683082e-01
1.588000000000156433e+03,7.749534115783379695e-01
1.588100000000156342e+03,7.749726032227209904e-01
1.588200000000156479e+03,7.749917921463422843e-01
1.588300000000156615e+03,7.750109783497273197e-01
1.588400000000156524e+03,7.750301618334011211e-01
1.588500000000156433e+03,7.750493425978887130e-01
1.588600000000156570e+03,7.750685206437147867e-01
1.588700000000156706e+03,7.750876959714042558e-01
1.588800000000156615e+03,7.751068685814817005e-01
1.588900000000156524e+03,7.751260384744713683e-01
1.589000000000156660e+03,7.751452056508978394e-01
1.589100000000156797e+03,7.751643701112853613e-01
1.589200000000156706e+03,7.751835318561577370e-01
1.589300000000156615e+03,7.752026908860392140e-01
1.589400000000156751e+03,7.752218472014535955e-01
1.589500000000156888e+03,7.752410008029245736e-01
1.589600000000156797e+03,7.752601516909756185e-01
1.589700000000156706e+03,7.752792998661305335e-01
1.589800000000156842e+03,7.752984453289124556e-01
1.589900000000156979e+03,7.753175880798447439e-01
1.590000000000156888e+03,7.753367281194504246e-01
1.590100000000156797e+03,7.753558654482524126e-01
1.590200000000156933e+03,7.753750000667737341e-01
1.590300000000157070e+03,7.753941319755369710e-01
1.590400000000156979e+03,7.754132611750650383e-01
1.590500000000156888e+03,7.754323876658800740e-01
1.590600000000157024e+03,7.754515114485046601e-01
1.590700000000157161e+03,7.754706325234610453e-01
1.590800000000157070e+03,7.754897508912712567e-01
1.590900000000156979e+03,7.755088665524573210e-01
1.591000000000157115e+03,7.755279795075412652e-01
1.591100000000157252e+03,7.755470897570447830e-01
1.591200000000157161e+03,7.755661973014895683e-01
1.591300000000157070e+03,7.755853021413967596e-01
1.591400000000157206e+03,7.756044042772881619e-01
1.591500000000157343e+03,7.756235037096851359e-01
1.591600000000157252e+03,7.756426004391083762e-01
1.591700000000157161e+03,7.756616944660792434e-01
1.591800000000157297e+03,7.756807857911185433e-01
1.591900000000157434e+03,7.756998744147469704e-01
1.592000000000157343e+03,7.757189603374853304e-01
1.592100000000157252e+03,7.757380435598540958e-01
1.592200000000157388e+03,7.757571240823736280e-01
1.592300000000157524e+03,7.757762019055643998e-01
1.592400000000157434e+03,7.757952770299462175e-01
1.592500000000157343e+03,7.758143494560395537e-01
1.592600000000157479e+03,7.758334191843641037e-01
1.592700000000157615e+03,7.758524862154396740e-01
1.592800000000157524e+03,7.758715505497860709e-01
1.592900000000157434e+03,7.758906121879225459e-01
1.593000000000157570e+03,7.759096711303687943e-01
1.593100000000157706e+03,7.759287273776440674e-01
1.593200000000157615e+03,7.759477809302676166e-01
1.593300000000157524e+03,7.759668317887584710e-01
1.593400000000157661e+03,7.759858799536354379e-01
1.593500000000157797e+03,7.760049254254175466e-01
1.593600000000157706e+03,7.760239682046231602e-01
1.593700000000157615e+03,7.760430082917714190e-01
1.593800000000157752e+03,7.760620456873802420e-01
1.593900000000157888e+03,7.760810803919683254e-01
1.594000000000157797e+03,7.761001124060534773e-01
1.594100000000157706e+03,7.761191417301542828e-01
1.594200000000157843e+03,7.761381683647883278e-01
1.594300000000157979e+03,7.761571923104738646e-01
1.594400000000157888e+03,7.761762135677280350e-01
1.594500000000157797e+03,7.761952321370689800e-01
1.594600000000157934e+03,7.762142480190138416e-01
1.594700000000158070e+03,7.762332612140802057e-01
1.594800000000157979e+03,7.762522717227851032e-01
1.594900000000157888e+03,7.762712795456458981e-01
1.595000000000158025e+03,7.762902846831793990e-01
1.595100000000158161e+03,7.763092871359026370e-01
1.595200000000158070e+03,7.763282869043319767e-01
1.595300000000157979e+03,7.763472839889845600e-01
1.595400000000158116e+03,7.763662783903766407e-01
1.595500000000158252e+03,7.763852701090245834e-01
1.595600000000158161e+03,7.764042591454448639e-01
1.595700000000158070e+03,7.764232455001532918e-01
1.595800000000158207e+03,7.764422291736660098e-01
1.595900000000158343e+03,7.764612101664991606e-01
1.596000000000158252e+03,7.764801884791682207e-01
1.596100000000158161e+03,7.764991641121889998e-01
1.596200000000158298e+03,7.765181370660770854e-01
1.596300000000158434e+03,7.765371073413478431e-01
1.596400000000158343e+03,7.765560749385164163e-01
1.596500000000158252e+03,7.765750398580982816e-01
1.596600000000158389e+03,7.765940021006082494e-01
1.596700000000158525e+03,7.766129616665613522e-01
1.596800000000158434e+03,7.766319185564722893e-01
1.596900000000158343e+03,7.766508727708558713e-01
1.597000000000158479e+03,7.766698243102266863e-01
1.597100000000158616e+03,7.766887731750992119e-01
1.597200000000158525e+03,7.767077193659875922e-01
1.597300000000158434e+03,7.767266628834061937e-01
1.597400000000158570e+03,7.767456037278690495e-01
1.597500000000158707e+03,7.767645418998901929e-01
1.597600000000158616e+03,7.767834773999833242e-01
1.597700000000158525e+03,7.768024102286622545e-01
1.597800000000158661e+03,7.768213403864407951e-01
1.597900000000158798e+03,7.768402678738319800e-01
1.598000000000158707e+03,7.768591926913495094e-01
1.598100000000158616e+03,7.768781148395064173e-01
1.598200000000158752e+03,7.768970343188161820e-01
1.598300000000158889e+03,7.769159511297915044e-01
1.598400000000158798e+03,7.769348652729453075e-01
1.598500000000158707e+03,7.769537767487902924e-01
1.598600000000158843e+03,7.769726855578392710e-01
1.598700000000158980e+03,7.769915917006047223e-01
1.598800000000158889e+03,7.770104951775989033e-01
1.598900000000158798e+03,7.770293959893341817e-01
1.599000000000158934e+03,7.770482941363228147e-01
1.599100000000159071e+03,7.770671896190767258e-01
1.599200000000158980e+03,7.770860824381078391e-01
1.599300000000158889e+03,7.771049725939279673e-01
1.599400000000159025e+03,7.771238600870488122e-01
1.599500000000159162e+03,7.771427449179818536e-01
1.599600000000159071e+03,7.771616270872386822e-01
1.599700000000158980e+03,7.771805065953304448e-01
1.599800000000159116e+03,7.771993834427685099e-01
1.599900000000159253e+03,7.772182576300636914e-01
1.600000000000159162e+03,7.772371291577273578e-01
1.600100000000159071e+03,7.772559980262699897e-01
1.600200000000159207e+03,7.772748642362024007e-01
1.600300000000159343e+03,7.772937277880351825e-01
1.600400000000159253e+03,7.773125886822789266e-01
1.600500000000159162e+03,7.773314469194437804e-01
1.600600000000159298e+03,7.773503025000402245e-01
1.600700000000159434e+03,7.773691554245782953e-01
1.600800000000159343e+03,7.773880056935679184e-01
1.600900000000159253e+03,7.774068533075190190e-01
1.601000000000159389e+03,7.774256982669414118e-01
1.601100000000159525e+03,7.774445405723446889e-01
1.601200000000159434e+03,7.774633802242383318e-01
1.601300000000159343e+03,7.774822172231317108e-01
1.601400000000159480e+03,7.775010515695341962e-01
1.601500000000159616e+03,7.775198832639549362e-01
1.601600000000159525e+03,7.775387123069030793e-01
1.601700000000159434e+03,7.775575386988872184e-01
1.601800000000159571e+03,7.775763624404165020e-01
1.601900000000159707e+03,7.775951835319994121e-01
1.602000000000159616e+03,7.776140019741446530e-01
1.602100000000159525e+03,7.776328177673604847e-01
1.602200000000159662e+03,7.776516309121555004e-01
1.602300000000159798e+03,7.776704414090377382e-01
1.602400000000159707e+03,7.776892492585152361e-01
1.602500000000159616e+03,7.777080544610960322e-01
1.602600000000159753e+03,7.777268570172880535e-01
1.602700000000159889e+03,7.777456569275990050e-01
1.602800000000159798e+03,7.777644541925363697e-01
1.602900000000159707e+03,7.777832488126077415e-01
1.603000000000159844e+03,7.778020407883204923e-01
1.603100000000159980e+03,7.778208301201818831e-01
1.603200000000159889e+03,7.778396168086987306e-01
1.603300000000159798e+03,7.778584008543787398e-01
1.603400000000159935e+03,7.778771822577282835e-01
1.603500000000160071e+03,7.778959610192542895e-01
1.603600000000159980e+03,7.779147371394632415e-01
1.603700000000159889e+03,7.779335106188619564e-01
1.603800000000160026e+03,7.779522814579568069e-01
1.603900000000160162e+03,7.779710496572539435e-01
1.604000000000160071e+03,7.779898152172597392e-01
1.604100000000159980e+03,7.780085781384801225e-01
1.604200000000160117e+03,7.780273384214210219e-01
1.604300000000160253e+03,7.780460960665883663e-01
1.604400000000160162e+03,7.780648510744877511e-01
1.604500000000160071e+03,7.780836034456248829e-01
1.604600000000160207e+03,7.781023531805052462e-01
1.604700000000160344e+03,7.781211002796343257e-01
1.604800000000160253e+03,7.781398447435168286e-01
1.604900000000160162e+03,7.781585865726583506e-01
1.605000000000160298e+03,7.781773257675637101e-01
1.605100000000160435e+03,7.781960623287380585e-01
1.605200000000160344e+03,7.782147962566857702e-01
1.605300000000160253e+03,7.782335275519116635e-01
1.605400000000160389e+03,7.782522562149204459e-01
1.605500000000160526e+03,7.782709822462161586e-01
1.605600000000160435e+03,7.782897056463032870e-01
1.605700000000160344e+03,7.783084264156860943e-01
1.605800000000160480e+03,7.783271445548683998e-01
1.605900000000160617e+03,7.783458600643543557e-01
1.606000000000160526e+03,7.783645729446476702e-01
1.606100000000160435e+03,7.783832831962521626e-01
1.606200000000160571e+03,7.784019908196713189e-01
1.606300000000160708e+03,7.784206958154085143e-01
1.606400000000160617e+03,7.784393981839671239e-01
1.606500000000160526e+03,7.784580979258507449e-01
1.606600000000160662e+03,7.784767950415619753e-01
1.606700000000160799e+03,7.784954895316039680e-01
1.606800000000160708e+03,7.785141813964797652e-01
1.606900000000160617e+03,7.785328706366919649e-01
1.607000000000160753e+03,7.785515572527432759e-01
1.607100000000160890e+03,7.785702412451360743e-01
1.607200000000160799e+03,7.785889226143729580e-01
1.607300000000160708e+03,7.786076013609561919e-01
1.607400000000160844e+03,7.786262774853878188e-01
1.607500000000160981e+03,7.786449509881699926e-01
1.607600000000160890e+03,7.786636218698045342e-01
1.607700000000160799e+03,7.786822901307934863e-01
1.607800000000160935e+03,7.787009557716383368e-01
1.607900000000161072e+03,7.787196187928406843e-01
1.608000000000160981e+03,7.787382791949020167e-01
1.608100000000160890e+03,7.787569369783235995e-01
1.608200000000161026e+03,7.787755921436070317e-01
1.608300000000161162e+03,7.787942446912529126e-01
1.608400000000161072e+03,7.788128946217626192e-01
1.608500000000160981e+03,7.788315419356368619e-01
1.608600000000161117e+03,7.788501866333764623e-01
1.608700000000161253e+03,7.788688287154819090e-01
1.608800000000161162e+03,7.788874681824539126e-01
1.608900000000161072e+03,7.789061050347927395e-01
1.609000000000161208e+03,7.789247392729987673e-01
1.609100000000161344e+03,7.789433708975722626e-01
1.609200000000161253e+03,7.789619999090130475e-01
1.609300000000161162e+03,7.789806263078211668e-01
1.609400000000161299e+03,7.789992500944965537e-01
1.609500000000161435e+03,7.790178712695388086e-01
1.609600000000161344e+03,7.790364898334474208e-01
1.609700000000161253e+03,7.790551057867219908e-01
1.609800000000161390e+03,7.790737191298620079e-01
1.609900000000161526e+03,7.790923298633665173e-01
1.610000000000161435e+03,7.791109379877344532e-01
1.610100000000161344e+03,7.791295435034653050e-01
1.610200000000161481e+03,7.791481464110576738e-01
1.610300000000161617e+03,7.791667467110102718e-01
1.610400000000161526e+03,7.791853444038219223e-01
1.610500000000161435e+03,7.792039394899907823e-01
1.610600000000161572e+03,7.792225319700158970e-01
1.610700000000161708e+03,7.792411218443952015e-01
1.610800000000161617e+03,7.792597091136267418e-01
1.610900000000161526e+03,7.792782937782088970e-01
1.611000000000161663e+03,7.792968758386393802e-01
1.611100000000161799e+03,7.793154552954163483e-01
1.611200000000161708e+03,7.793340321490371814e-01
1.611300000000161617e+03,7.793526063999995923e-01
1.611400000000161754e+03,7.793711780488010721e-01
1.611500000000161890e+03,7.793897470959392226e-01
1.611600000000161799e+03,7.794083135419108688e-01
1.611700000000161708e+03,7.794268773872136125e-01
1.611800000000161845e+03,7.794454386323439454e-01
1.611900000000161981e+03,7.794639972777993586e-01
1.612000000000161890e+03,7.794825533240761217e-01
1.612100000000161799e+03,7.795011067716712816e-01
1.612200000000161936e+03,7.795196576210811079e-01
1.612300000000162072e+03,7.795382058728024255e-01
1.612400000000161981e+03,7.795567515273312820e-01
1.612500000000161890e+03,7.795752945851637250e-01
1.612600000000162026e+03,7.795938350467962463e-01
1.612700000000162163e+03,7.796123729127244495e-01
1.612800000000162072e+03,7.796309081834444932e-01
1.612900000000161981e+03,7.796494408594520920e-01
1.613000000000162117e+03,7.796679709412426273e-01
1.613100000000162254e+03,7.796864984293120360e-01
1.613200000000162163e+03,7.797050233241552553e-01
1.613300000000162072e+03,7.797235456262676667e-01
1.613400000000162208e+03,7.797420653361447629e-01
1.613500000000162345e+03,7.797605824542814812e-01
1.613600000000162254e+03,7.797790969811724260e-01
1.613700000000162163e+03,7.797976089173126457e-01
1.613800000000162299e+03,7.798161182631970778e-01
1.613900000000162436e+03,7.798346250193198825e-01
1.614000000000162345e+03,7.798531291861758863e-01
1.614100000000162254e+03,7.798716307642591383e-01
1.614200000000162390e+03,7.798901297540640210e-01
1.614300000000162527e+03,7.799086261560848055e-01
1.614400000000162436e+03,7.799271199708153190e-01
1.614500000000162345e+03,7.799456111987493889e-01
1.614600000000162481e+03,7.799640998403811754e-01
1.614700000000162618e+03,7.799825858962038394e-01
1.614800000000162527e+03,7.800010693667113193e-01
1.614900000000162436e+03,7.800195502523968871e-01
1.615000000000162572e+03,7.800380285537538150e-01
1.615100000000162709e+03,7.800565042712754860e-01
1.615200000000162618e+03,7.800749774054547281e-01
1.615300000000162527e+03,7.800934479567848134e-01
1.615400000000162663e+03,7.801119159257583480e-01
1.615500000000162800e+03,7.801303813128681597e-01
1.615600000000162709e+03,7.801488441186069656e-01
1.615700000000162618e+03,7.801673043434671495e-01
1.615800000000162754e+03,7.801857619879413175e-01
1.615900000000162891e+03,7.802042170525214093e-01
1.616000000000162800e+03,7.802226695376998089e-01
1.616100000000162709e+03,7.802411194439685671e-01
1.616200000000162845e+03,7.802595667718196237e-01
1.616300000000162981e+03,7.802780115217448076e-01
1.616400000000162891e+03,7.802964536942358365e-01
1.616500000000162800e+03,7.803148932897840950e-01
1.616600000000162936e+03,7.803333303088813011e-01
1.616700000000163072e+03,7.803517647520188394e-01
1.616800000000162981e+03,7.803701966196877615e-01
1.616900000000162891e+03,7.803886259123793412e-01
1.617000000000163027e+03,7.804070526305847411e-01
1.617100000000163163e+03,7.804254767747944577e-01
1.617200000000163072e+03,7.804438983454995427e-01
1.617300000000162981e+03,7.804623173431907146e-01
1.617400000000163118e+03,7.804807337683583590e-01
1.617500000000163254e+03,7.804991476214931945e-01
1.617600000000163163e+03,7.805175589030852734e-01
1.617700000000163072e+03,7.805359676136249814e-01
1.617800000000163209e+03,7.805543737536022597e-01
1.617900000000163345e+03,7.805727773235073830e-01
1.618000000000163254e+03,7.805911783238300705e-01
1.618100000000163163e+03,7.806095767550598197e-01
1.618200000000163300e+03,7.806279726176866829e-01
1.618300000000163436e+03,7.806463659122000465e-01
1.618400000000163345e+03,7.806647566390891857e-01
1.618500000000163254e+03,7.806831447988435979e-01
1.618600000000163391e+03,7.807015303919525584e-01
1.618700000000163527e+03,7.807199134189046763e-01
1.618800000000163436e+03,7.807382938801894490e-01
1.618900000000163345e+03,7.807566717762953745e-01
1.619000000000163482e+03,7.807750471077113952e-01
1.619100000000163618e+03,7.807934198749260091e-01
1.619200000000163527e+03,7.808117900784277143e-01
1.619300000000163436e+03,7.808301577187048981e-01
1.619400000000163573e+03,7.808485227962461694e-01
1.619500000000163709e+03,7.808668853115392494e-01
1.619600000000163618e+03,7.808852452650721920e-01
1.619700000000163527e+03,7.809036026573331624e-01
1.619800000000163664e+03,7.809219574888098814e-01
1.619900000000163800e+03,7.809403097599902921e-01
1.620000000000163709e+03,7.809586594713614494e-01
1.620100000000163618e+03,7.809770066234112962e-01
1.620200000000163755e+03,7.809953512166271095e-01
1.620300000000163891e+03,7.810136932514961661e-01
1.620400000000163800e+03,7.810320327285051878e-01
1.620500000000163709e+03,7.810503696481418956e-01
1.620600000000163845e+03,7.810687040108926782e-01
1.620700000000163982e+03,7.810870358172445904e-01
1.620800000000163891e+03,7.811053650676841320e-01
1.620900000000163800e+03,7.811236917626980247e-01
1.621000000000163936e+03,7.811420159027726573e-01
1.621100000000164073e+03,7.811603374883945294e-01
1.621200000000163982e+03,7.811786565200495858e-01
1.621300000000163891e+03,7.811969729982241040e-01
1.621400000000164027e+03,7.812152869234041397e-01
1.621500000000164164e+03,7.812335982960755265e-01
1.621600000000164073e+03,7.812519071167238760e-01
1.621700000000163982e+03,7.812702133858351328e-01
1.621800000000164118e+03,7.812885171038946863e-01
1.621900000000164255e+03,7.813068182713880372e-01
1.622000000000164164e+03,7.813251168888005749e-01
1.622100000000164073e+03,7.813434129566172448e-01
1.622200000000164209e+03,7.813617064753234365e-01
1.622300000000164346e+03,7.813799974454042063e-01
1.622400000000164255e+03,7.813982858673438336e-01
1.622500000000164164e+03,7.814165717416278190e-01
1.622600000000164300e+03,7.814348550687403305e-01
1.622700000000164437e+03,7.814531358491660917e-01
1.622800000000164346e+03,7.814714140833894929e-01
1.622900000000164255e+03,7.814896897718948132e-01
1.623000000000164391e+03,7.815079629151664431e-01
1.623100000000164528e+03,7.815262335136878846e-01
1.623200000000164437e+03,7.815445015679438612e-01
1.623300000000164346e+03,7.815627670784176528e-01
1.623400000000164482e+03,7.815810300455934279e-01
1.623500000000164619e+03,7.815992904699545774e-01
1.623600000000164528e+03,7.816175483519846034e-01
1.623700000000164437e+03,7.816358036921668972e-01
1.623800000000164573e+03,7.816540564909849609e-01
1.623900000000164709e+03,7.816723067489218524e-01
1.624000000000164619e+03,7.816905544664605188e-01
1.624100000000164528e+03,7.817087996440841291e-01
1.624200000000164664e+03,7.817270422822752973e-01
1.624300000000164800e+03,7.817452823815169705e-01
1.624400000000164709e+03,7.817635199422916514e-01
1.624500000000164619e+03,7.817817549650817321e-01
1.624600000000164755e+03,7.817999874503699376e-01
1.624700000000164891e+03,7.818182173986382155e-01
1.624800000000164800e+03,7.818364448103689579e-01
1.624900000000164709e+03,7.818546696860441125e-01
1.625000000000164846e+03,7.818728920261456272e-01
1.625100000000164982e+03,7.818911118311553388e-01
1.625200000000164891e+03,7.819093291015549729e-01
1.625300000000164800e+03,7.819275438378260334e-01
1.625400000000164937e+03,7.819457560404503571e-01
1.625500000000165073e+03,7.819639657099088925e-01
1.625600000000164982e+03,7.819821728466832544e-01
1.625700000000164891e+03,7.820003774512543915e-01
1.625800000000165028e+03,7.820185795241034743e-01
1.625900000000165164e+03,7.820367790657113405e-01
1.626000000000165073e+03,7.820549760765588276e-01
1.626100000000164982e+03,7.820731705571266623e-01
1.626200000000165119e+03,7.820913625078955711e-01
1.626300000000165255e+03,7.821095519293457254e-01
1.626400000000165164e+03,7.821277388219578519e-01
1.626500000000165073e+03,7.821459231862121220e-01
1.626600000000165210e+03,7.821641050225884850e-01
1.626700000000165346e+03,7.821822843315672236e-01
1.626800000000165255e+03,7.822004611136280650e-01
1.626900000000165164e+03,7.822186353692509586e-01
1.627000000000165301e+03,7.822368070989156319e-01
1.627100000000165437e+03,7.822549763031015901e-01
1.627200000000165346e+03,7.822731429822883387e-01
1.627300000000165255e+03,7.822913071369551608e-01
1.627400000000165392e+03,7.823094687675814507e-01
1.627500000000165528e+03,7.823276278746466028e-01
1.627600000000165437e+03,7.823457844586290122e-01
1.627700000000165346e+03,7.823639385200080731e-01
1.627800000000165483e+03,7.823820900592626248e-01
1.627900000000165619e+03,7.824002390768710624e-01
1.628000000000165528e+03,7.824183855733122250e-01
1.628100000000165437e+03,7.824365295490642858e-01
1.628200000000165574e+03,7.824546710046060838e-01
1.628300000000165710e+03,7.824728099404155701e-01
1.628400000000165619e+03,7.824909463569708068e-01
1.628500000000165528e+03,7.825090802547501889e-01
1.628600000000165664e+03,7.825272116342312234e-01
1.628700000000165801e+03,7.825453404958919723e-01
1.628800000000165710e+03,7.825634668402100536e-01
1.628900000000165619e+03,7.825815906676629741e-01
1.629000000000165755e+03,7.825997119787284628e-01
1.629100000000165892e+03,7.826178307738838047e-01
1.629200000000165801e+03,7.826359470536060625e-01
1.629300000000165710e+03,7.826540608183725212e-01
1.629400000000165846e+03,7.826721720686602435e-01
1.629500000000165983e+03,7.826902808049459592e-01
1.629600000000165892e+03,7.827083870277067312e-01
1.629700000000165801e+03,7.827264907374191782e-01
1.629800000000165937e+03,7.827445919345599190e-01
1.629900000000166074e+03,7.827626906196052392e-01
1.630000000000165983e+03,7.827807867930316466e-01
1.630100000000165892e+03,7.827988804553156488e-01
1.630200000000166028e+03,7.828169716069328654e-01
1.630300000000166165e+03,7.828350602483598042e-01
1.630400000000166074e+03,7.828531463800720847e-01
1.630500000000165983e+03,7.828712300025456594e-01
1.630600000000166119e+03,7.828893111162562590e-01
1.630700000000166256e+03,7.829073897216793920e-01
1.630800000000166165e+03,7.829254658192905669e-01
1.630900000000166074e+03,7.829435394095651812e-01
1.631000000000166210e+03,7.829616104929785214e-01
1.631100000000166347e+03,7.829796790700056519e-01
1.631200000000166256e+03,7.829977451411217482e-01
1.631300000000166165e+03,7.830158087068015416e-01
1.631400000000166301e+03,7.830338697675199855e-01
1.631500000000166438e+03,7.830519283237518113e-01
1.631600000000166347e+03,7.830699843759716394e-01
1.631700000000166256e+03,7.830880379246537570e-01
1.631800000000166392e+03,7.831060889702727845e-01
1.631900000000166528e+03,7.831241375133028981e-01
1.632000000000166438e+03,7.831421835542182741e-01
1.632100000000166347e+03,7.831602270934929777e-01
1.632200000000166483e+03,7.831782681316007411e-01
1.632300000000166619e+03,7.831963066690157405e-01
1.632400000000166528e+03,7.832143427062112639e-01
1.632500000000166438e+03,7.832323762436613768e-01
1.632600000000166574e+03,7.832504072818393670e-01
1.632700000000166710e+03,7.832684358212186337e-01
1.632800000000166619e+03,7.832864618622722430e-01
1.632900000000166528e+03,7.833044854054738160e-01
1.633000000000166665e+03,7.833225064512959745e-01
1.633100000000166801e+03,7.833405250002121178e-01
1.633200000000166710e+03,7.833585410526946458e-01
1.633300000000166619e+03,7.833765546092164023e-01
1.633400000000166756e+03,7.833945656702501203e-01
1.633500000000166892e+03,7.834125742362684219e-01
1.633600000000166801e+03,7.834305803077433739e-01
1.633700000000166710e+03,7.834485838851473760e-01
1.633800000000166847e+03,7.834665849689528283e-01
1.633900000000166983e+03,7.834845835596315755e-01
1.634000000000166892e+03,7.835025796576555734e-01
1.634100000000166801e+03,7.835205732634967779e-01
1.634200000000166938e+03,7.835385643776269227e-01
1.634300000000167074e+03,7.835565530005177415e-01
1.634400000000166983e+03,7.835745391326404130e-01
1.634500000000166892e+03,7.835925227744667820e-01
1.634600000000167029e+03,7.836105039264676941e-01
1.634700000000167165e+03,7.836284825891147721e-01
1.634800000000167074e+03,7.836464587628787504e-01
1.634900000000166983e+03,7.836644324482310298e-01
1.635000000000167120e+03,7.836824036456420117e-01
1.635100000000167256e+03,7.837003723555826529e-01
1.635200000000167165e+03,7.837183385785236878e-01
1.635300000000167074e+03,7.837363023149355179e-01
1.635400000000167211e+03,7.837542635652885448e-01
1.635500000000167347e+03,7.837722223300533919e-01
1.635600000000167256e+03,7.837901786096999057e-01
1.635700000000167165e+03,7.838081324046983767e-01
1.635800000000167302e+03,7.838260837155187621e-01
1.635900000000167438e+03,7.838440325426309085e-01
1.636000000000167347e+03,7.838619788865045512e-01
1.636100000000167256e+03,7.838799227476095366e-01
1.636200000000167392e+03,7.838978641264153779e-01
1.636300000000167529e+03,7.839158030233911445e-01
1.636400000000167438e+03,7.839337394390067937e-01
1.636500000000167347e+03,7.839516733737310616e-01
1.636600000000167483e+03,7.839696048280333507e-01
1.636700000000167620e+03,7.839875338023827300e-01
1.636800000000167529e+03,7.840054602972476028e-01
1.636900000000167438e+03,7.840233843130973712e-01
1.637000000000167574e+03,7.840413058504004384e-01
1.637100000000167711e+03,7.840592249096252075e-01
1.637200000000167620e+03,7.840771414912405257e-01
1.637300000000167529e+03,7.840950555957144630e-01
1.637400000000167665e+03,7.841129672235154224e-01
1.637500000000167802e+03,7.841308763751114741e-01
1.637600000000167711e+03,7.841487830509707990e-01
1.637700000000167620e+03,7.841666872515610232e-01
1.637800000000167756e+03,7.841845889773503275e-01
1.637900000000167893e+03,7.842024882288061161e-01
1.638000000000167802e+03,7.842203850063961257e-01
1.638100000000167711e+03,7.842382793105878713e-01
1.638200000000167847e+03,7.842561711418485348e-01
1.638300000000167984e+03,7.842740605006458532e-01
1.638400000000167893e+03,7.842919473874464531e-01
1.638500000000167802e+03,7.843098318027176274e-01
1.638600000000167938e+03,7.843277137469263360e-01
1.638700000000168075e+03,7.843455932205395387e-01
1.638800000000167984e+03,7.843634702240237511e-01
1.638900000000167893e+03,7.843813447578454889e-01
1.639000000000168029e+03,7.843992168224719341e-01
1.639100000000168166e+03,7.844170864183687142e-01
1.639200000000168075e+03,7.844349535460024558e-01
1.639300000000167984e+03,7.844528182058394528e-01
1.639400000000168120e+03,7.844706803983456656e-01
1.639500000000168257e+03,7.844885401239869438e-01
1.639600000000168166e+03,7.845063973832293591e-01
1.639700000000168075e+03,7.845242521765386501e-01
1.639800000000168211e+03,7.845421045043803332e-01
1.639900000000168347e+03,7.845599543672201470e-01
1.640000000000168257e+03,7.845778017655234970e-01
1.640100000000168166e+03,7.845956466997554557e-01
1.640200000000168302e+03,7.846134891703815395e-01
1.640300000000168438e+03,7.846313291778668209e-01
1.640400000000168347e+03,7.846491667226760391e-01
1.640500000000168257e+03,7.846670018052744888e-01
1.640600000000168393e+03,7.846848344261266872e-01
1.640700000000168529e+03,7.847026645856973737e-01
1.640800000000168438e+03,7.847204922844511765e-01
1.640900000000168347e+03,7.847383175228525021e-01
1.641000000000168484e+03,7.847561403013656456e-01
1.641100000000168620e+03,7.847739606204549023e-01
1.641200000000168529e+03,7.847917784805846786e-01
1.641300000000168438e+03,7.848095938822187145e-01
1.641400000000168575e+03,7.848274068258208613e-01
1.641500000000168711e+03,7.848452173118554143e-01
1.641600000000168620e+03,7.848630253407854473e-01
1.641700000000168529e+03,7.848808309130750338e-01
1.641800000000168666e+03,7.848986340291875807e-01
1.641900000000168802e+03,7.849164346895863842e-01
1.642000000000168711e+03,7.849342328947346292e-01
1.642100000000168620e+03,7.849520286450957229e-01
1.642200000000168757e+03,7.849698219411326283e-01
1.642300000000168893e+03,7.849876127833084194e-01
1.642400000000168802e+03,7.850054011720858371e-01
1.642500000000168711e+03,7.850231871079276225e-01
1.642600000000168848e+03,7.850409705912966274e-01
1.642700000000168984e+03,7.850587516226549267e-01
1.642800000000168893e+03,7.850765302024653725e-01
1.642900000000168802e+03,7.850943063311899284e-01
1.643000000000168939e+03,7.851120800092913354e-01
1.643100000000169075e+03,7.851298512372311134e-01
1.643200000000168984e+03,7.851476200154716700e-01
1.643300000000168893e+03,7.851653863444748582e-01
1.643400000000169030e+03,7.851831502247021977e-01
1.643500000000169166e+03,7.852009116566155411e-01
1.643600000000169075e+03,7.852186706406765193e-01
1.643700000000168984e+03,7.852364271773464299e-01
1.643800000000169121e+03,7.852541812670867927e-01
1.643900000000169257e+03,7.852719329103589052e-01
1.644000000000169166e+03,7.852896821076236211e-01
1.644100000000169075e+03,7.853074288593422381e-01
1.644200000000169211e+03,7.853251731659756096e-01
1.644300000000169348e+03,7.853429150279845894e-01
1.644400000000169257e+03,7.853606544458298089e-01
1.644500000000169166e+03,7.853783914199718996e-01
1.644600000000169302e+03,7.853961259508713821e-01
1.644700000000169439e+03,7.854138580389886659e-01
1.644800000000169348e+03,7.854315876847841604e-01
1.644900000000169257e+03,7.854493148887178311e-01
1.645000000000169393e+03,7.854670396512499764e-01
1.645100000000169530e+03,7.854847619728403396e-01
1.645200000000169439e+03,7.855024818539489972e-01
1.645300000000169348e+03,7.855201992950355816e-01
1.645400000000169484e+03,7.855379142965596140e-01
1.645500000000169621e+03,7.855556268589809488e-01
1.645600000000169530e+03,7.855733369827588852e-01
1.645700000000169439e+03,7.855910446683526116e-01
1.645800000000169575e+03,7.856087499162217602e-01
1.645900000000169712e+03,7.856264527268249642e-01
1.646000000000169621e+03,7.856441531006214118e-01
1.646100000000169530e+03,7.856618510380701803e-01
1.646200000000169666e+03,7.856795465396300138e-01
1.646300000000169803e+03,7.856972396057595454e-01
1.646400000000169712e+03,7.857149302369171862e-01
1.646500000000169621e+03,7.857326184335616803e-01
1.646600000000169757e+03,7.857503041961513279e-01
1.646700000000169894e+03,7.857679875251444290e-01
1.646800000000169803e+03,7.857856684209990616e-01
1.646900000000169712e+03,7.858033468841734148e-01
1.647000000000169848e+03,7.858210229151252335e-01
1.647100000000169985e+03,7.858386965143125957e-01
1.647200000000169894e+03,7.858563676821932464e-01
1.647300000000169803e+03,7.858740364192245975e-01
1.647400000000169939e+03,7.858917027258643939e-01
1.647500000000170076e+03,7.859093666025699365e-01
1.647600000000169985e+03,7.859270280497986372e-01
1.647700000000169894e+03,7.859446870680075747e-01
1.647800000000170030e+03,7.859623436576539390e-01
1.647900000000170166e+03,7.859799978191948089e-01
1.648000000000170076e+03,7.859976495530870411e-01
1.648100000000169985e+03,7.860152988597871593e-01
1.648200000000170121e+03,7.860329457397523534e-01
1.648300000000170257e+03,7.860505901934388140e-01
1.648400000000170166e+03,7.860682322213031759e-01
1.648500000000170076e+03,7.860858718238016296e-01
1.648600000000170212e+03,7.861035090013906990e-01
1.648700000000170348e+03,7.861211437545264635e-01
1.648800000000170257e+03,7.861387760836648919e-01
1.648900000000170166e+03,7.861564059892619527e-01
1.649000000000170303e+03,7.861740334717736145e-01
1.649100000000170439e+03,7.861916585316552908e-01
1.649200000000170348e+03,7.862092811693629502e-01
1.649300000000170257e+03,7.862269013853520061e-01
1.649400000000170394e+03,7.862445191800778721e-01
1.649500000000170530e+03,7.862621345539958506e-01
1.649600000000170439e+03,7.862797475075610221e-01
1.649700000000170348e+03,7.862973580412289110e-01
1.649800000000170485e+03,7.863149661554541536e-01
1.649900000000170621e+03,7.863325718506916084e-01
1.650000000000170530e+03,7.863501751273962448e-01
1.650100000000170439e+03,7.863677759860226990e-01
1.650200000000170576e+03,7.863853744270256074e-01
1.650300000000170712e+03,7.864029704508592733e-01
1.650400000000170621e+03,7.864205640579782219e-01
1.650500000000170530e+03,7.864381552488366456e-01
1.650600000000170667e+03,7.864557440238887365e-01
1.650700000000170803e+03,7.864733303835885758e-01
1.650800000000170712e+03,7.864909143283900228e-01
1.650900000000170621e+03,7.865084958587470476e-01
1.651000000000170758e+03,7.865260749751132874e-01
1.651100000000170894e+03,7.865436516779424903e-01
1.651200000000170803e+03,7.865612259676879603e-01
1.651300000000170712e+03,7.865787978448033346e-01
1.651400000000170849e+03,7.865963673097419173e-01
1.651500000000170985e+03,7.866139343629567904e-01
1.651600000000170894e+03,7.866314990049013689e-01
1.651700000000170803e+03,7.866490612360282908e-01
1.651800000000170940e+03,7.866666210567906381e-01
1.651900000000171076e+03,7.866841784676411597e-01
1.652000000000170985e+03,7.867017334690327157e-01
1.652100000000170894e+03,7.867192860614176109e-01
1.652200000000171030e+03,7.867368362452485941e-01
1.652300000000171167e+03,7.867543840209778594e-01
1.652400000000171076e+03,7.867719293890577115e-01
1.652500000000170985e+03,7.867894723499404552e-01
1.652600000000171121e+03,7.868070129040780625e-01
1.652700000000171258e+03,7.868245510519223940e-01
1.652800000000171167e+03,7.868420867939256436e-01
1.652900000000171076e+03,7.868596201305390059e-01
1.653000000000171212e+03,7.868771510622146748e-01
1.653100000000171349e+03,7.868946795894040669e-01
1.653200000000171258e+03,7.869122057125584879e-01
1.653300000000171167e+03,7.869297294321292435e-01
1.653400000000171303e+03,7.869472507485678614e-01
1.653500000000171440e+03,7.869647696623250921e-01
1.653600000000171349e+03,7.869822861738521302e-01
1.653700000000171258e+03,7.869998002835999484e-01
1.653800000000171394e+03,7.870173119920194083e-01
1.653900000000171531e+03,7.870348212995610382e-01
1.654000000000171440e+03,7.870523282066754778e-01
1.654100000000171349e+03,7.870698327138133665e-01
1.654200000000171485e+03,7.870873348214250109e-01
1.654300000000171622e+03,7.871048345299608284e-01
1.654400000000171531e+03,7.871223318398709035e-01
1.654500000000171440e+03,7.871398267516052094e-01
1.654600000000171576e+03,7.871573192656139417e-01
1.654700000000171713e+03,7.871748093823470738e-01
1.654800000000171622e+03,7.871922971022539128e-01
1.654900000000171531e+03,7.872097824257846543e-01
1.655000000000171667e+03,7.872272653533884945e-01
1.655100000000171804e+03,7.872447458855152957e-01
1.655200000000171713e+03,7.872622240226140322e-01
1.655300000000171622e+03,7.872796997651340112e-01
1.655400000000171758e+03,7.872971731135247619e-01
1.655500000000171894e+03,7.873146440682349256e-01
1.655600000000171804e+03,7.873321126297135875e-01
1.655700000000171713e+03,7.873495787984094996e-01
1.655800000000171849e+03,7.873670425747717472e-01
1.655900000000171985e+03,7.873845039592485273e-01
1.656000000000171894e+03,7.874019629522888142e-01
1.656100000000171804e+03,7.874194195543405828e-01
1.656200000000171940e+03,7.874368737658524742e-01
1.656300000000172076e+03,7.874543255872724634e-01
1.656400000000171985e+03,7.874717750190490806e-01
1.656500000000171894e+03,7.874892220616298566e-01
1.656600000000172031e+03,7.875066667154630995e-01
1.656700000000172167e+03,7.875241089809965622e-01
1.656800000000172076e+03,7.875415488586776647e-01
1.656900000000171985e+03,7.875589863489542708e-01
1.657000000000172122e+03,7.875764214522739115e-01
1.657100000000172258e+03,7.875938541690838957e-01
1.657200000000172167e+03,7.876112844998314211e-01
1.657300000000172076e+03,7.876287124449636856e-01
1.657400000000172213e+03,7.876461380049282202e-01
1.657500000000172349e+03,7.876635611801714454e-01
1.657600000000172258e+03,7.876809819711403371e-01
1.657700000000172167e+03,7.876984003782819821e-01
1.657800000000172304e+03,7.877158164020429121e-01
1.657900000000172440e+03,7.877332300428696588e-01
1.658000000000172349e+03,7.877506413012086428e-01
1.658100000000172258e+03,7.877680501775062849e-01
1.658200000000172395e+03,7.877854566722090057e-01
1.658300000000172531e+03,7.878028607857626708e-01
1.658400000000172440e+03,7.878202625186137009e-01
1.658500000000172349e+03,7.878376618712076285e-01
1.658600000000172486e+03,7.878550588439907632e-01
1.658700000000172622e+03,7.878724534374085264e-01
1.658800000000172531e+03,7.878898456519066729e-01
1.658900000000172440e+03,7.879072354879307349e-01
1.659000000000172577e+03,7.879246229459262452e-01
1.659100000000172713e+03,7.879420080263385140e-01
1.659200000000172622e+03,7.879593907296125188e-01
1.659300000000172531e+03,7.879767710561939031e-01
1.659400000000172668e+03,7.879941490065273113e-01
1.659500000000172804e+03,7.880115245810578317e-01
1.659600000000172713e+03,7.880288977802301087e-01
1.659700000000172622e+03,7.880462686044891196e-01
1.659800000000172759e+03,7.880636370542795088e-01
1.659900000000172895e+03,7.880810031300455876e-01
1.660000000000172804e+03,7.880983668322317781e-01
1.660100000000172713e+03,7.881157281612825027e-01
1.660200000000172849e+03,7.881330871176420727e-01
1.660300000000172986e+03,7.881504437017544662e-01
1.660400000000172895e+03,7.881677979140635504e-01
1.660500000000172804e+03,7.881851497550135255e-01
1.660600000000172940e+03,7.882024992250480366e-01
1.660700000000173077e+03,7.882198463246109510e-01
1.660800000000172986e+03,7.882371910541456916e-01
1.660900000000172895e+03,7.882545334140957927e-01
1.661000000000173031e+03,7.882718734049046772e-01
1.661100000000173168e+03,7.882892110270157682e-01
1.661200000000173077e+03,7.883065462808718227e-01
1.661300000000172986e+03,7.883238791669164858e-01
1.661400000000173122e+03,7.883412096855925144e-01
1.661500000000173259e+03,7.883585378373426655e-01
1.661600000000173168e+03,7.883758636226100291e-01
1.661700000000173077e+03,7.883931870418368071e-01
1.661800000000173213e+03,7.884105080954662004e-01
1.661900000000173350e+03,7.884278267839404108e-01
1.662000000000173259e+03,7.884451431077015293e-01
1.662100000000173168e+03,7.884624570671920907e-01
1.662200000000173304e+03,7.884797686628545188e-01
1.662300000000173441e+03,7.884970778951304604e-01
1.662400000000173350e+03,7.885143847644620063e-01
1.662500000000173259e+03,7.885316892712913583e-01
1.662600000000173395e+03,7.885489914160598302e-01
1.662700000000173532e+03,7.885662911992094015e-01
1.662800000000173441e+03,7.885835886211813861e-01
1.662900000000173350e+03,7.886008836824173196e-01
1.663000000000173486e+03,7.886181763833587377e-01
1.663100000000173623e+03,7.886354667244468430e-01
1.663200000000173532e+03,7.886527547061226162e-01
1.663300000000173441e+03,7.886700403288271488e-01
1.663400000000173577e+03,7.886873235930016435e-01
1.663500000000173713e+03,7.887046044990867477e-01
1.663600000000173623e+03,7.887218830475233311e-01
1.663700000000173532e+03,7.887391592387518191e-01
1.663800000000173668e+03,7.887564330732130813e-01
1.663900000000173804e+03,7.887737045513473211e-01
1.664000000000173713e+03,7.887909736735950750e-01
1.664100000000173623e+03,7.888082404403964354e-01
1.664200000000173759e+03,7.888255048521917168e-01
1.664300000000173895e+03,7.888427669094206784e-01
1.664400000000173804e+03,7.888600266125235239e-01
1.664500000000173713e+03,7.888772839619400123e-01
1.664600000000173850e+03,7.888945389581099032e-01
1.664700000000173986e+03,7.889117916014728449e-01
1.664800000000173895e+03,7.889290418924681525e-01
1.664900000000173804e+03,7.889462898315356965e-01
1.665000000000173941e+03,7.889635354191145700e-01
1.665100000000174077e+03,7.889807786556438662e-01
1.665200000000173986e+03,7.889980195415631226e-01
1.665300000000173895e+03,7.890152580773109880e-01
1.665400000000174032e+03,7.890324942633264449e-01
1.665500000000174168e+03,7.890497281000485863e-01
1.665600000000174077e+03,7.890669595879159504e-01
1.665700000000173986e+03,7.890841887273671862e-01
1.665800000000174123e+03,7.891014155188408319e-01
1.665900000000174259e+03,7.891186399627753145e-01
1.666000000000174168e+03,7.891358620596089501e-01
1.666100000000174077e+03,7.891530818097800548e-01
1.666200000000174214e+03,7.891702992137266115e-01
1.666300000000174350e+03,7.891875142718868252e-01
1.666400000000174259e+03,7.892047269846984570e-01
1.666500000000174168e+03,7.892219373525993786e-01
1.666600000000174305e+03,7.892391453760272402e-01
1.666700000000174441e+03,7.892563510554200246e-01
1.666800000000174350e+03,7.892735543912148266e-01
1.666900000000174259e+03,7.892907553838492962e-01
1.667000000000174396e+03,7.893079540337606392e-01
1.667100000000174532e+03,7.893251503413861725e-01
1.667200000000174441e+03,7.893423443071629908e-01
1.667300000000174350e+03,7.893595359315280779e-01
1.667400000000174487e+03,7.893767252149183067e-01
1.667500000000174623e+03,7.893939121577708828e-01
1.667600000000174532e+03,7.894110967605220130e-01
1.667700000000174441e+03,7.894282790236084590e-01
1.667800000000174578e+03,7.894454589474668715e-01
1.667900000000174714e+03,7.894626365325336792e-01
1.668000000000174623e+03,7.894798117792450887e-01
1.668100000000174532e+03,7.894969846880373066e-01
1.668200000000174668e+03,7.895141552593466505e-01
1.668300000000174805e+03,7.895313234936088831e-01
1.668400000000174714e+03,7.895484893912600999e-01
1.668500000000174623e+03,7.895656529527359524e-01
1.668600000000174759e+03,7.895828141784724252e-01
1.668700000000174896e+03,7.895999730689049478e-01
1.668800000000174805e+03,7.896171296244689497e-01
1.668900000000174714e+03,7.896342838456000823e-01
1.669000000000174850e+03,7.896514357327334421e-01
1.669100000000174987e+03,7.896685852863045696e-01
1.669200000000174896e+03,7.896857325067481170e-01
1.669300000000174805e+03,7.897028773944995139e-01
1.669400000000174941e+03,7.897200199499935236e-01
1.669500000000175078e+03,7.897371601736650204e-01
1.669600000000174987e+03,7.897542980659485456e-01
1.669700000000174896e+03,7.897714336272790847e-01
1.669800000000175032e+03,7.897885668580907348e-01
1.669900000000175169e+03,7.898056977588180372e-01
1.670000000000175078e+03,7.898228263298955332e-01
1.670100000000174987e+03,7.898399525717572089e-01
1.670200000000175123e+03,7.898570764848372727e-01
1.670300000000175260e+03,7.898741980695699327e-01
1.670400000000175169e+03,7.898913173263886200e-01
1.670500000000175078e+03,7.899084342557276539e-01
1.670600000000175214e+03,7.899255488580204654e-01
1.670700000000175351e+03,7.899426611337010407e-01
1.670800000000175260e+03,7.899597710832023667e-01
1.670900000000175169e+03,7.899768787069582077e-01
1.671000000000175305e+03,7.899939840054018836e-01
1.671100000000175442e+03,7.900110869789666035e-01
1.671200000000175351e+03,7.900281876280854654e-01
1.671300000000175260e+03,7.900452859531913452e-01
1.671400000000175396e+03,7.900623819547174520e-01
1.671500000000175532e+03,7.900794756330964397e-01
1.671600000000175442e+03,7.900965669887610732e-01
1.671700000000175351e+03,7.901136560221440064e-01
1.671800000000175487e+03,7.901307427336776712e-01
1.671900000000175623e+03,7.901478271237946105e-01
1.672000000000175532e+03,7.901649091929272561e-01
1.672100000000175442e+03,7.901819889415075959e-01
1.672200000000175578e+03,7.901990663699678397e-01
1.672300000000175714e+03,7.902161414787401972e-01
1.672400000000175623e+03,7.902332142682563232e-01
1.672500000000175532e+03,7.902502847389483165e-01
1.672600000000175669e+03,7.902673528912478318e-01
1.672700000000175805e+03,7.902844187255864128e-01
1.672800000000175714e+03,7.903014822423957142e-01
1.672900000000175623e+03,7.903185434421070577e-01
1.673000000000175760e+03,7.903356023251520979e-01
1.673100000000175896e+03,7.903526588919614904e-01
1.673200000000175805e+03,7.903697131429671119e-01
1.673300000000175714e+03,7.903867650785993959e-01
1.673400000000175851e+03,7.904038146992894420e-01
1.673500000000175987e+03,7.904208620054684609e-01
1.673600000000175896e+03,7.904379069975667749e-01
1.673700000000175805e+03,7.904549496760151506e-01
1.673800000000175942e+03,7.904719900412442435e-01
1.673900000000176078e+03,7.904890280936844871e-01
1.674000000000175987e+03,7.905060638337660928e-01
1.674100000000175896e+03,7.905230972619193830e-01
1.674200000000176033e+03,7.905401283785746802e-01
1.674300000000176169e+03,7.905571571841617518e-01
1.674400000000176078e+03,7.905741836791108090e-01
1.674500000000175987e+03,7.905912078638516194e-01
1.674600000000176124e+03,7.906082297388140612e-01
1.674700000000176260e+03,7.906252493044275687e-01
1.674800000000176169e+03,7.906422665611217981e-01
1.674900000000176078e+03,7.906592815093262949e-01
1.675000000000176215e+03,7.906762941494704933e-01
1.675100000000176351e+03,7.906933044819833833e-01
1.675200000000176260e+03,7.907103125072945105e-01
1.675300000000176169e+03,7.907273182258326427e-01
1.675400000000176306e+03,7.907443216380267703e-01
1.675500000000176442e+03,7.907613227443059944e-01
1.675600000000176351e+03,7.907783215450990832e-01
1.675700000000176260e+03,7.907953180408343608e-01
1.675800000000176396e+03,7.908123122319408171e-01
1.675900000000176533e+03,7.908293041188467765e-01
1.676000000000176442e+03,7.908462937019804517e-01
1.676100000000176351e+03,7.908632809817706111e-01
1.676200000000176487e+03,7.908802659586450234e-01
1.676300000000176624e+03,7.908972486330319018e-01
1.676400000000176533e+03,7.909142290053591262e-01
1.676500000000176442e+03,7.909312070760547986e-01
1.676600000000176578e+03,7.909481828455466879e-01
1.676700000000176715e+03,7.909651563142624520e-01
1.676800000000176624e+03,7.909821274826296378e-01
1.676900000000176533e+03,7.909990963510757922e-01
1.677000000000176669e+03,7.910160629200282401e-01
1.677100000000176806e+03,7.910330271899146393e-01
1.677200000000176715e+03,7.910499891611618706e-01
1.677300000000176624e+03,7.910669488341970368e-01
1.677400000000176760e+03,7.910839062094472407e-01
1.677500000000176897e+03,7.911008612873394741e-01
1.677600000000176806e+03,7.911178140683005067e-01
1.677700000000176715e+03,7.911347645527568861e-01
1.677800000000176851e+03,7.911517127411354933e-01
1.677900000000176988e+03,7.911686586338628757e-01
1.678000000000176897e+03,7.911856022313652481e-01
1.678100000000176806e+03,7.912025435340689361e-01
1.678200000000176942e+03,7.912194825424003763e-01
1.678300000000177079e+03,7.912364192567857835e-01
1.678400000000176988e+03,7.912533536776508170e-01
1.678500000000176897e+03,7.912702858054216914e-01
1.678600000000177033e+03,7.912872156405242885e-01
1.678700000000177170e+03,7.913041431833841566e-01
1.678800000000177079e+03,7.913210684344271773e-01
1.678900000000176988e+03,7.913379913940785659e-01
1.679000000000177124e+03,7.913549120627640932e-01
1.679100000000177261e+03,7.913718304409091964e-01
1.679200000000177170e+03,7.913887465289386469e-01
1.679300000000177079e+03,7.914056603272781043e-01
1.679400000000177215e+03,7.914225718363525619e-01
1.679500000000177351e+03,7.914394810565867910e-01
1.679600000000177261e+03,7.914563879884056741e-01
1.679700000000177170e+03,7.914732926322340933e-01
1.679800000000177306e+03,7.914901949884967092e-01
1.679900000000177442e+03,7.915070950576181819e-01
1.680000000000177351e+03,7.915239928400229497e-01
1.680100000000177261e+03,7.915408883361351178e-01
1.680200000000177397e+03,7.915577815463794575e-01
1.680300000000177533e+03,7.915746724711797411e-01
1.680400000000177442e+03,7.915915611109604066e-01
1.680500000000177351e+03,7.916084474661452264e-01
1.680600000000177488e+03,7.916253315371581945e-01
1.680700000000177624e+03,7.916422133244230830e-01
1.680800000000177533e+03,7.916590928283635531e-01
1.680900000000177442e+03,7.916759700494032659e-01
1.681000000000177579e+03,7.916928449879658825e-01
1.681100000000177715e+03,7.917097176444745088e-01
1.681200000000177624e+03,7.917265880193528060e-01
1.681300000000177533e+03,7.917434561130235471e-01
1.681400000000177670e+03,7.917603219259103930e-01
1.681500000000177806e+03,7.917771854584362279e-01
1.681600000000177715e+03,7.917940467110237135e-01
1.681700000000177624e+03,7.918109056840958448e-01
1.681800000000177761e+03,7.918277623780753949e-01
1.681900000000177897e+03,7.918446167933850255e-01
1.682000000000177806e+03,7.918614689304471765e-01
1.682100000000177715e+03,7.918783187896842879e-01
1.682200000000177852e+03,7.918951663715191325e-01
1.682300000000177988e+03,7.919120116763733730e-01
1.682400000000177897e+03,7.919288547046694493e-01
1.682500000000177806e+03,7.919456954568293572e-01
1.682600000000177943e+03,7.919625339332753144e-01
1.682700000000178079e+03,7.919793701344288728e-01
1.682800000000177988e+03,7.919962040607119169e-01
1.682900000000177897e+03,7.920130357125461096e-01
1.683000000000178034e+03,7.920298650903532245e-01
1.683100000000178170e+03,7.920466921945543692e-01
1.683200000000178079e+03,7.920635170255713176e-01
1.683300000000177988e+03,7.920803395838251770e-01
1.683400000000178125e+03,7.920971598697370553e-01
1.683500000000178261e+03,7.921139778837281709e-01
1.683600000000178170e+03,7.921307936262196314e-01
1.683700000000178079e+03,7.921476070976322115e-01
1.683800000000178215e+03,7.921644182983867966e-01
1.683900000000178352e+03,7.921812272289039392e-01
1.684000000000178261e+03,7.921980338896045248e-01
1.684100000000178170e+03,7.922148382809088840e-01
1.684200000000178306e+03,7.922316404032373471e-01
1.684300000000178443e+03,7.922484402570106887e-01
1.684400000000178352e+03,7.922652378426485731e-01
1.684500000000178261e+03,7.922820331605715527e-01
1.684600000000178397e+03,7.922988262111996249e-01
1.684700000000178534e+03,7.923156169949525651e-01
1.684800000000178443e+03,7.923324055122502596e-01
1.684900000000178352e+03,7.923491917635125947e-01
1.685000000000178488e+03,7.923659757491592348e-01
1.685100000000178625e+03,7.923827574696096221e-01
1.685200000000178534e+03,7.923995369252833099e-01
1.685300000000178443e+03,7.924163141165995183e-01
1.685400000000178579e+03,7.924330890439778008e-01
1.685500000000178716e+03,7.924498617078371554e-01
1.685600000000178625e+03,7.924666321085966914e-01
1.685700000000178534e+03,7.924834002466752958e-01
1.685800000000178670e+03,7.925001661224921889e-01
1.685900000000178807e+03,7.925169297364658139e-01
1.686000000000178716e+03,7.925336910890150577e-01
1.686100000000178625e+03,7.925504501805584745e-01
1.686200000000178761e+03,7.925672070115146184e-01
1.686300000000178898e+03,7.925839615823019324e-01
1.686400000000178807e+03,7.926007138933386376e-01
1.686500000000178716e+03,7.926174639450430659e-01
1.686600000000178852e+03,7.926342117378334384e-01
1.686700000000178989e+03,7.926509572721274210e-01
1.686800000000178898e+03,7.926677005483432348e-01
1.686900000000178807e+03,7.926844415668987676e-01
1.687000000000178943e+03,7.927011803282116853e-01
1.687100000000179080e+03,7.927179168326996539e-01
1.687200000000178989e+03,7.927346510807801172e-01
1.687300000000178898e+03,7.927513830728707411e-01
1.687400000000179034e+03,7.927681128093888585e-01
1.687500000000179170e+03,7.927848402907515801e-01
1.687600000000179080e+03,7.928015655173761278e-01
1.687700000000178989e+03,7.928182884896797233e-01
1.687800000000179125e+03,7.928350092080792555e-01
1.687900000000179261e+03,7.928517276729918350e-01
1.688000000000179170e+03,7.928684438848337956e-01
1.688100000000179080e+03,7.928851578440223591e-01
1.688200000000179216e+03,7.929018695509735259e-01
1.688300000000179352e+03,7.929185790061045180e-01
1.688400000000179261e+03,7.929352862098312249e-01
1.688500000000179170e+03,7.929519911625700912e-01
1.688600000000179307e+03,7.929686938647376726e-01
1.688700000000179443e+03,7.929853943167496366e-01
1.688800000000179352e+03,7.930020925190222059e-01
1.688900000000179261e+03,7.930187884719714919e-01
1.689000000000179398e+03,7.930354821760130513e-01
1.689100000000179534e+03,7.930521736315628845e-01
1.689200000000179443e+03,7.930688628390363260e-01
1.689300000000179352e+03,7.930855497988494873e-01
1.689400000000179489e+03,7.931022345114173699e-01
1.689500000000179625e+03,7.931189169771555303e-01
1.689600000000179534e+03,7.931355971964789697e-01
1.689700000000179443e+03,7.931522751698033558e-01
1.689800000000179580e+03,7.931689508975434677e-01
1.689900000000179716e+03,7.931856243801144180e-01
1.690000000000179625e+03,7.932022956179309858e-01
1.690100000000179534e+03,7.932189646114080617e-01
1.690200000000179671e+03,7.932356313609604248e-01
1.690300000000179807e+03,7.932522958670025215e-01
1.690400000000179716e+03,7.932689581299491310e-01
1.690500000000179625e+03,7.932856181502143667e-01
1.690600000000179762e+03,7.933022759282128966e-01
1.690700000000179898e+03,7.933189314643586121e-01
1.690800000000179807e+03,7.933355847590659593e-01
1.690900000000179716e+03,7.933522358127488294e-01
1.691000000000179853e+03,7.933688846258212246e-01
1.691100000000179989e+03,7.933855311986970360e-01
1.691200000000179898e+03,7.934021755317899327e-01
1.691300000000179807e+03,7.934188176255136948e-01
1.691400000000179944e+03,7.934354574802818805e-01
1.691500000000180080e+03,7.934520950965080477e-01
1.691600000000179989e+03,7.934687304746051995e-01
1.691700000000179898e+03,7.934853636149871159e-01
1.691800000000180034e+03,7.935019945180669110e-01
1.691900000000180171e+03,7.935186231842574767e-01
1.692000000000180080e+03,7.935352496139721490e-01
1.692100000000179989e+03,7.935518738076233758e-01
1.692200000000180125e+03,7.935684957656244931e-01
1.692300000000180262e+03,7.935851154883879488e-01
1.692400000000180171e+03,7.936017329763264128e-01
1.692500000000180080e+03,7.936183482298524439e-01
1.692600000000180216e+03,7.936349612493784900e-01
1.692700000000180353e+03,7.936515720353171099e-01
1.692800000000180262e+03,7.936681805880801965e-01
1.692900000000180171e+03,7.936847869080800866e-01
1.693000000000180307e+03,7.937013909957290059e-01
1.693100000000180444e+03,7.937179928514387361e-01
1.693200000000180353e+03,7.937345924756212812e-01
1.693300000000180262e+03,7.937511898686884226e-01
1.693400000000180398e+03,7.937677850310517202e-01
1.693500000000180535e+03,7.937843779631230667e-01
1.693600000000180444e+03,7.938009686653135777e-01
1.693700000000180353e+03,7.938175571380350348e-01
1.693800000000180489e+03,7.938341433816987758e-01
1.693900000000180626e+03,7.938507273967155831e-01
1.694000000000180535e+03,7.938673091834971274e-01
1.694100000000180444e+03,7.938838887424540802e-01
1.694200000000180580e+03,7.939004660739976682e-01
1.694300000000180717e+03,7.939170411785386738e-01
1.694400000000180626e+03,7.939336140564875466e-01
1.694500000000180535e+03,7.939501847082555130e-01
1.694600000000180671e+03,7.939667531342526896e-01
1.694700000000180808e+03,7.939833193348897478e-01
1.694800000000180717e+03,7.939998833105770260e-01
1.694900000000180626e+03,7.940164450617249736e-01
1.695000000000180762e+03,7.940330045887437072e-01
1.695100000000180898e+03,7.940495618920431209e-01
1.695200000000180808e+03,7.940661169720335533e-01
1.695300000000180717e+03,7.940826698291246766e-01
1.695400000000180853e+03,7.940992204637266072e-01
1.695500000000180989e+03,7.941157688762489064e-01
1.695600000000180898e+03,7.941323150671011355e-01
1.695700000000180808e+03,7.941488590366929667e-01
1.695800000000180944e+03,7.941654007854338504e-01
1.695900000000181080e+03,7.941819403137331257e-01
1.696000000000180989e+03,7.941984776220001319e-01
1.696100000000180898e+03,7.942150127106438751e-01
1.696200000000181035e+03,7.942315455800736945e-01
1.696300000000181171e+03,7.942480762306983744e-01
1.696400000000181080e+03,7.942646046629269208e-01
1.696500000000180989e+03,7.942811308771681178e-01
1.696600000000181126e+03,7.942976548738306386e-01
1.696700000000181262e+03,7.943141766533231563e-01
1.696800000000181171e+03,7.943306962160541218e-01
1.696900000000181080e+03,7.943472135624320973e-01
1.697000000000181217e+03,7.943637286928653118e-01
1.697100000000181353e+03,7.943802416077621054e-01
1.697200000000181262e+03,7.943967523075304848e-01
1.697300000000181171e+03,7.944132607925787903e-01
1.697400000000181308e+03,7.944297670633146957e-01
1.697500000000181444e+03,7.944462711201463190e-01
1.697600000000181353e+03,7.944627729634812230e-01
1.697700000000181262e+03,7.944792725937271927e-01
1.697800000000181399e+03,7.944957700112920129e-01
1.697900000000181535e+03,7.945122652165828026e-01
1.698000000000181444e+03,7.945287582100073465e-01
1.698100000000181353e+03,7.945452489919727634e-01
1.698200000000181490e+03,7.945617375628863943e-01
1.698300000000181626e+03,7.945782239231552468e-01
1.698400000000181535e+03,7.945947080731865508e-01
1.698500000000181444e+03,7.946111900133868700e-01
1.698600000000181581e+03,7.946276697441637671e-01
1.698700000000181717e+03,7.946441472659233618e-01
1.698800000000181626e+03,7.946606225790725508e-01
1.698900000000181535e+03,7.946770956840178979e-01
1.699000000000181672e+03,7.946935665811659666e-01
1.699100000000181808e+03,7.947100352709232096e-01
1.699200000000181717e+03,7.947265017536956355e-01
1.699300000000181626e+03,7.947429660298898080e-01
1.699400000000181763e+03,7.947594280999116245e-01
1.699500000000181899e+03,7.947758879641672047e-01
1.699600000000181808e+03,7.947923456230624462e-01
1.699700000000181717e+03,7.948088010770031353e-01
1.699800000000181853e+03,7.948252543263952807e-01
1.699900000000181990e+03,7.948417053716442249e-01
1.700000000000181899e+03,7.948581542131556432e-01
1.700100000000181808e+03,7.948746008513351002e-01
1.700200000000181944e+03,7.948910452865879384e-01
1.700300000000182081e+03,7.949074875193195000e-01
1.700400000000181990e+03,7.949239275499346835e-01
1.700500000000181899e+03,7.949403653788390534e-01
1.700600000000182035e+03,7.949568010064372858e-01
1.700700000000182172e+03,7.949732344331343903e-01
1.700800000000182081e+03,7.949896656593352651e-01
1.700900000000181990e+03,7.950060946854445865e-01
1.701000000000182126e+03,7.950225215118672528e-01
1.701100000000182263e+03,7.950389461390073853e-01
1.701200000000182172e+03,7.950553685672695492e-01
1.701300000000182081e+03,7.950717887970584208e-01
1.701400000000182217e+03,7.950882068287780102e-01
1.701500000000182354e+03,7.951046226628326608e-01
1.701600000000182263e+03,7.951210362996261605e-01
1.701700000000182172e+03,7.951374477395629636e-01
1.701800000000182308e+03,7.951538569830467473e-01
1.701900000000182445e+03,7.951702640304812997e-01
1.702000000000182354e+03,7.951866688822704088e-01
1.702100000000182263e+03,7.952030715388177518e-01
1.702200000000182399e+03,7.952194720005267836e-01
1.702300000000182536e+03,7.952358702678010705e-01
1.702400000000182445e+03,7.952522663410438453e-01
1.702500000000182354e+03,7.952686602206584521e-01
1.702600000000182490e+03,7.952850519070480129e-01
1.702700000000182627e+03,7.953014414006158717e-01
1.702800000000182536e+03,7.953178287017645953e-01
1.702900000000182445e+03,7.953342138108974169e-01
1.703000000000182581e+03,7.953505967284171252e-01
1.703100000000182717e+03,7.953669774547262872e-01
1.703200000000182627e+03,7.953833559902275807e-01
1.703300000000182536e+03,7.953997323353236837e-01
1.703400000000182672e+03,7.954161064904169409e-01
1.703500000000182808e+03,7.954324784559098083e-01
1.703600000000182717e+03,7.954488482322042975e-01
1.703700000000182627e+03,7.954652158197027534e-01
1.703800000000182763e+03,7.954815812188072988e-01
1.703900000000182899e+03,7.954979444299199454e-01
1.704000000000182808e+03,7.955143054534424829e-01
1.704100000000182717e+03,7.955306642897768121e-01
1.704200000000182854e+03,7.955470209393245007e-01
1.704300000000182990e+03,7.955633754024874493e-01
1.704400000000182899e+03,7.955797276796670037e-01
1.704500000000182808e+03,7.955960777712646204e-01
1.704600000000182945e+03,7.956124256776817560e-01
1.704700000000183081e+03,7.956287713993194233e-01
1.704800000000182990e+03,7.956451149365791897e-01
1.704900000000182899e+03,7.956614562898618459e-01
1.705000000000183036e+03,7.956777954595684044e-01
1.705100000000183172e+03,7.956941324460998777e-01
1.705200000000183081e+03,7.957104672498570563e-01
1.705300000000182990e+03,7.957267998712405088e-01
1.705400000000183127e+03,7.957431303106510256e-01
1.705500000000183263e+03,7.957594585684890642e-01
1.705600000000183172e+03,7.957757846451553041e-01
1.705700000000183081e+03,7.957921085410496476e-01
1.705800000000183218e+03,7.958084302565726631e-01
1.705900000000183354e+03,7.958247497921245861e-01
1.706000000000183263e+03,7.958410671481053189e-01
1.706100000000183172e+03,7.958573823249149859e-01
1.706200000000183309e+03,7.958736953229532674e-01
1.706300000000183445e+03,7.958900061426202877e-01
1.706400000000183354e+03,7.959063147843155051e-01
1.706500000000183263e+03,7.959226212484387109e-01
1.706600000000183400e+03,7.959389255353893633e-01
1.706700000000183536e+03,7.959552276455670317e-01
1.706800000000183445e+03,7.959715275793709521e-01
1.706900000000183354e+03,7.959878253372003609e-01
1.707000000000183491e+03,7.960041209194546052e-01
1.707100000000183627e+03,7.960204143265325882e-01
1.707200000000183536e+03,7.960367055588333240e-01
1.707300000000183445e+03,7.960529946167558268e-01
1.707400000000183582e+03,7.960692815006991108e-01
1.707500000000183718e+03,7.960855662110614128e-01
1.707600000000183627e+03,7.961018487482417472e-01
1.707700000000183536e+03,7.961181291126382398e-01
1.707800000000183672e+03,7.961344073046499048e-01
1.707900000000183809e+03,7.961506833246747572e-01
1.708000000000183718e+03,7.961669571731112560e-01
1.708100000000183627e+03,7.961832288503573052e-01
1.708200000000183763e+03,7.961994983568112527e-01
1.708300000000183900e+03,7.962157656928710026e-01
1.708400000000183809e+03,7.962320308589345697e-01
1.708500000000183718e+03,7.962482938553996359e-01
1.708600000000183854e+03,7.962645546826639942e-01
1.708700000000183991e+03,7.962808133411253264e-01
1.708800000000183900e+03,7.962970698311810924e-01
1.708900000000183809e+03,7.963133241532287521e-01
1.709000000000183945e+03,7.963295763076658762e-01
1.709100000000184082e+03,7.963458262948895916e-01
1.709200000000183991e+03,7.963620741152970250e-01
1.709300000000183900e+03,7.963783197692854143e-01
1.709400000000184036e+03,7.963945632572517752e-01
1.709500000000184173e+03,7.964108045795930124e-01
1.709600000000184082e+03,7.964270437367058086e-01
1.709700000000183991e+03,7.964432807289870686e-01
1.709800000000184127e+03,7.964595155568334750e-01
1.709900000000184264e+03,7.964757482206415995e-01
1.710000000000184173e+03,7.964919787208075697e-01
1.710100000000184082e+03,7.965082070577282902e-01
1.710200000000184218e+03,7.965244332317996667e-01
1.710300000000184355e+03,7.965406572434181598e-01
1.710400000000184264e+03,7.965568790929796750e-01
1.710500000000184173e+03,7.965730987808803398e-01
1.710600000000184309e+03,7.965893163075160599e-01
1.710700000000184446e+03,7.966055316732828517e-01
1.710800000000184355e+03,7.966217448785762878e-01
1.710900000000184264e+03,7.966379559237920516e-01
1.711000000000184400e+03,7.966541648093257155e-01
1.711100000000184536e+03,7.966703715355728521e-01
1.711200000000184446e+03,7.966865761029288118e-01
1.711300000000184355e+03,7.967027785117888339e-01
1.711400000000184491e+03,7.967189787625482689e-01
1.711500000000184627e+03,7.967351768556022451e-01
1.711600000000184536e+03,7.967513727913456689e-01
1.711700000000184446e+03,7.967675665701735577e-01
1.711800000000184582e+03,7.967837581924809287e-01
1.711900000000184718e+03,7.967999476586622443e-01
1.712000000000184627e+03,7.968161349691125217e-01
1.712100000000184536e+03,7.968323201242260012e-01
1.712200000000184673e+03,7.968485031243977001e-01
1.712300000000184809e+03,7.968646839700214146e-01
1.712400000000184718e+03,7.968808626614919399e-01
1.712500000000184627e+03,7.968970391992031832e-01
1.712600000000184764e+03,7.969132135835494957e-01
1.712700000000184900e+03,7.969293858149250065e-01
1.712800000000184809e+03,7.969455558937236228e-01
1.712900000000184718e+03,7.969617238203391407e-01
1.713000000000184855e+03,7.969778895951653563e-01
1.713100000000184991e+03,7.969940532185959547e-01
1.713200000000184900e+03,7.970102146910247320e-01
1.713300000000184809e+03,7.970263740128451513e-01
1.713400000000184946e+03,7.970425311844504535e-01
1.713500000000185082e+03,7.970586862062342126e-01
1.713600000000184991e+03,7.970748390785895587e-01
1.713700000000184900e+03,7.970909898019097328e-01
1.713800000000185037e+03,7.971071383765877538e-01
1.713900000000185173e+03,7.971232848030167517e-01
1.714000000000185082e+03,7.971394290815894124e-01
1.714100000000184991e+03,7.971555712126986437e-01
1.714200000000185128e+03,7.971717111967373537e-01
1.714300000000185264e+03,7.971878490340977841e-01
1.714400000000185173e+03,7.972039847251728428e-01
1.714500000000185082e+03,7.972201182703548827e-01
1.714600000000185219e+03,7.972362496700362566e-01
1.714700000000185355e+03,7.972523789246093173e-01
1.714800000000185264e+03,7.972685060344659735e-01
1.714900000000185173e+03,7.972846309999986891e-01
1.715000000000185310e+03,7.973007538215994838e-01
1.715100000000185446e+03,7.973168744996599333e-01
1.715200000000185355e+03,7.973329930345721683e-01
1.715300000000185264e+03,7.973491094267277646e-01
1.715400000000185400e+03,7.973652236765185197e-01
1.715500000000185537e+03,7.973813357843360095e-01
1.715600000000185446e+03,7.973974457505715874e-01
1.715700000000185355e+03,7.974135535756167181e-01
1.715800000000185491e+03,7.974296592598628663e-01
1.715900000000185628e+03,7.974457628037010526e-01
1.716000000000185537e+03,7.974618642075224084e-01
1.716100000000185446e+03,7.974779634717180654e-01
1.716200000000185582e+03,7.974940605966790441e-01
1.716300000000185719e+03,7.975101555827960320e-01
1.716400000000185628e+03,7.975262484304599386e-01
1.716500000000185537e+03,7.975423391400613404e-01
1.716600000000185673e+03,7.975584277119909249e-01
1.716700000000185810e+03,7.975745141466392685e-01
1.716800000000185719e+03,7.975905984443967256e-01
1.716900000000185628e+03,7.976066806056534286e-01
1.717000000000185764e+03,7.976227606308000651e-01
1.717100000000185901e+03,7.976388385202264342e-01
1.717200000000185810e+03,7.976549142743227794e-01
1.717300000000185719e+03,7.976709878934790110e-01
1.717400000000185855e+03,7.976870593780850394e-01
1.717500000000185992e+03,7.977031287285307748e-01
1.717600000000185901e+03,7.977191959452056835e-01
1.717700000000185810e+03,7.977352610284996759e-01
1.717800000000185946e+03,7.977513239788022181e-01
1.717900000000186083e+03,7.977673847965026654e-01
1.718000000000185992e+03,7.977834434819904841e-01
1.718100000000185901e+03,7.977995000356550293e-01
1.718200000000186037e+03,7.978155544578852121e-01
1.718300000000186174e+03,7.978316067490704988e-01
1.718400000000186083e+03,7.978476569095995785e-01
1.718500000000185992e+03,7.978637049398615844e-01
1.718600000000186128e+03,7.978797508402453165e-01
1.718700000000186265e+03,7.978957946111395749e-01
1.718800000000186174e+03,7.979118362529328268e-01
1.718900000000186083e+03,7.979278757660140942e-01
1.719000000000186219e+03,7.979439131507712890e-01
1.719100000000186355e+03,7.979599484075932114e-01
1.719200000000186265e+03,7.979759815368681064e-01
1.719300000000186174e+03,7.979920125389839969e-01
1.719400000000186310e+03,7.980080414143292389e-01
1.719500000000186446e+03,7.980240681632918553e-01
1.719600000000186355e+03,7.980400927862598692e-01
1.719700000000186265e+03,7.980561152836209704e-01
1.719800000000186401e+03,7.980721356557631818e-01
1.719900000000186537e+03,7.980881539030739713e-01
1.720000000000186446e+03,7.981041700259410288e-01
1.720100000000186355e+03,7.981201840247520440e-01
1.720200000000186492e+03,7.981361958998942630e-01
1.720300000000186628e+03,7.981522056517552643e-01
1.720400000000186537e+03,7.981682132807220720e-01
1.720500000000186446e+03,7.981842187871817096e-01
1.720600000000186583e+03,7.982002221715218671e-01
1.720700000000186719e+03,7.982162234341291240e-01
1.720800000000186628e+03,7.982322225753903933e-01
1.720900000000186537e+03,7.982482195956925874e-01
1.721000000000186674e+03,7.982642144954225083e-01
1.721100000000186810e+03,7.982802072749666245e-01
1.721200000000186719e+03,7.982961979347117376e-01
1.721300000000186628e+03,7.983121864750442054e-01
1.721400000000186765e+03,7.983281728963503854e-01
1.721500000000186901e+03,7.983441571990167462e-01
1.721600000000186810e+03,7.983601393834292015e-01
1.721700000000186719e+03,7.983761194499742198e-01
1.721800000000186856e+03,7.983920973990378256e-01
1.721900000000186992e+03,7.984080732310055994e-01
1.722000000000186901e+03,7.984240469462638989e-01
1.722100000000186810e+03,7.984400185451979715e-01
1.722200000000186947e+03,7.984559880281940636e-01
1.722300000000187083e+03,7.984719553956376448e-01
1.722400000000186992e+03,7.984879206479139624e-01
1.722500000000186901e+03,7.985038837854087079e-01
1.722600000000187038e+03,7.985198448085070178e-01
1.722700000000187174e+03,7.985358037175944723e-01
1.722800000000187083e+03,7.985517605130559859e-01
1.722900000000186992e+03,7.985677151952766950e-01
1.723000000000187129e+03,7.985836677646417359e-01
1.723100000000187265e+03,7.985996182215359118e-01
1.723200000000187174e+03,7.986155665663440262e-01
1.723300000000187083e+03,7.986315127994508822e-01
1.723400000000187219e+03,7.986474569212411723e-01
1.723500000000187356e+03,7.986633989320993665e-01
1.723600000000187265e+03,7.986793388324099352e-01
1.723700000000187174e+03,7.986952766225574596e-01
1.723800000000187310e+03,7.987112123029260768e-01
1.723900000000187447e+03,7.987271458739000352e-01
1.724000000000187356e+03,7.987430773358634717e-01
1.724100000000187265e+03,7.987590066892005236e-01
1.724200000000187401e+03,7.987749339342948840e-01
1.724300000000187538e+03,7.987908590715310231e-01
1.724400000000187447e+03,7.988067821012919678e-01
1.724500000000187356e+03,7.988227030239619664e-01
1.724600000000187492e+03,7.988386218399244898e-01
1.724700000000187629e+03,7.988545385495630091e-01
1.724800000000187538e+03,7.988704531532609954e-01
1.724900000000187447e+03,7.988863656514019196e-01
1.725000000000187583e+03,7.989022760443688087e-01
1.725100000000187720e+03,7.989181843325451338e-01
1.725200000000187629e+03,7.989340905163138107e-01
1.725300000000187538e+03,7.989499945960577554e-01
1.725400000000187674e+03,7.989658965721602168e-01
1.725500000000187811e+03,7.989817964450037779e-01
1.725600000000187720e+03,7.989976942149712436e-01
1.725700000000187629e+03,7.990135898824455296e-01
1.725800000000187765e+03,7.990294834478087749e-01
1.725900000000187902e+03,7.990453749114437842e-01
1.726000000000187811e+03,7.990612642737328075e-01
1.726100000000187720e+03,7.990771515350582055e-01
1.726200000000187856e+03,7.990930366958024500e-01
1.726300000000187993e+03,7.991089197563473467e-01
1.726400000000187902e+03,7.991248007170752565e-01
1.726500000000187811e+03,7.991406795783679851e-01
1.726600000000187947e+03,7.991565563406073380e-01
1.726700000000188084e+03,7.991724310041753432e-01
1.726800000000187993e+03,7.991883035694535842e-01
1.726900000000187902e+03,7.992041740368237557e-01
1.727000000000188038e+03,7.992200424066674413e-01
1.727100000000188174e+03,7.992359086793661138e-01
1.727200000000188084e+03,7.992517728553009126e-01
1.727300000000187993e+03,7.992676349348534215e-01
1.727400000000188129e+03,7.992834949184047799e-01
1.727500000000188265e+03,7.992993528063360165e-01
1.727600000000188174e+03,7.993152085990283817e-01
1.727700000000188084e+03,7.993310622968623491e-01
1.727800000000188220e+03,7.993469139002192803e-01
1.727900000000188356e+03,7.993627634094797596e-01
1.728000000000188265e+03,7.993786108250243716e-01
1.728100000000188174e+03,7.993944561472341448e-01
1.728200000000188311e+03,7.994102993764891085e-01
1.728300000000188447e+03,7.994261405131700693e-01
1.728400000000188356e+03,7.994419795576569454e-01
1.728500000000188265e+03,7.994578165103304324e-01
1.728600000000188402e+03,7.994736513715704485e-01
1.728700000000188538e+03,7.994894841417571341e-01
1.728800000000188447e+03,7.995053148212706295e-01
1.728900000000188356e+03,7.995211434104906312e-01
1.729000000000188493e+03,7.995369699097973903e-01
1.729100000000188629e+03,7.995527943195702703e-01
1.729200000000188538e+03,7.995686166401889672e-01
1.729300000000188447e+03,7.995844368720331774e-01
1.729400000000188584e+03,7.996002550154823751e-01
1.729500000000188720e+03,7.996160710709160346e-01
1.729600000000188629e+03,7.996318850387132970e-01
1.729700000000188538e+03,7.996476969192535256e-01
1.729800000000188675e+03,7.996635067129159724e-01
1.729900000000188811e+03,7.996793144200796677e-01
1.730000000000188720e+03,7.996951200411233085e-01
1.730100000000188629e+03,7.997109235764261470e-01
1.730200000000188766e+03,7.997267250263668803e-01
1.730300000000188902e+03,7.997425243913242054e-01
1.730400000000188811e+03,7.997583216716768195e-01
1.730500000000188720e+03,7.997741168678030865e-01
1.730600000000188857e+03,7.997899099800818146e-01
1.730700000000188993e+03,7.998057010088912566e-01
1.730800000000188902e+03,7.998214899546095547e-01
1.730900000000188811e+03,7.998372768176151837e-01
1.731000000000188948e+03,7.998530615982859526e-01
1.731100000000189084e+03,7.998688442970003365e-01
1.731200000000188993e+03,7.998846249141358111e-01
1.731300000000188902e+03,7.999004034500708515e-01
1.731400000000189038e+03,7.999161799051826005e-01
1.731500000000189175e+03,7.999319542798493110e-01
1.731600000000189084e+03,7.999477265744483478e-01
1.731700000000188993e+03,7.999634967893571869e-01
1.731800000000189129e+03,7.999792649249534149e-01
1.731900000000189266e+03,7.999950309816143967e-01
1.732000000000189175e+03,8.000107949597173862e-01
1.732100000000189084e+03,8.000265568596394150e-01
1.732200000000189220e+03,8.000423166817580700e-01
1.732300000000189357e+03,8.000580744264499389e-01
1.732400000000189266e+03,8.000738300940920533e-01
1.732500000000189175e+03,8.000895836850613341e-01
1.732600000000189311e+03,8.001053351997347018e-01
1.732700000000189448e+03,8.001210846384886333e-01
1.732800000000189357e+03,8.001368320016998270e-01
1.732900000000189266e+03,8.001525772897447597e-01
1.733000000000189402e+03,8.001683205029999080e-01
1.733100000000189539e+03,8.001840616418415264e-01
1.733200000000189448e+03,8.001998007066460916e-01
1.733300000000189357e+03,8.002155376977895251e-01
1.733400000000189493e+03,8.002312726156484146e-01
1.733500000000189630e+03,8.002470054605981264e-01
1.733600000000189539e+03,8.002627362330150262e-01
1.733700000000189448e+03,8.002784649332748135e-01
1.733800000000189584e+03,8.002941915617534097e-01
1.733900000000189721e+03,8.003099161188261812e-01
1.734000000000189630e+03,8.003256386048689386e-01
1.734100000000189539e+03,8.003413590202571593e-01
1.734200000000189675e+03,8.003570773653663206e-01
1.734300000000189812e+03,8.003727936405717891e-01
1.734400000000189721e+03,8.003885078462485980e-01
1.734500000000189630e+03,8.004042199827721138e-01
1.734600000000189766e+03,8.004199300505174808e-01
1.734700000000189902e+03,8.004356380498595103e-01
1.734800000000189812e+03,8.004513439811732356e-01
1.734900000000189721e+03,8.004670478448334681e-01
1.735000000000189857e+03,8.004827496412150190e-01
1.735100000000189993e+03,8.004984493706923665e-01
1.735200000000189902e+03,8.005141470336404330e-01
1.735300000000189812e+03,8.005298426304334747e-01
1.735400000000189948e+03,8.005455361614459697e-01
1.735500000000190084e+03,8.005612276270521743e-01
1.735600000000189993e+03,8.005769170276263447e-01
1.735700000000189902e+03,8.005926043635428480e-01
1.735800000000190039e+03,8.006082896351754963e-01
1.735900000000190175e+03,8.006239728428984348e-01
1.736000000000190084e+03,8.006396539870855866e-01
1.736100000000189993e+03,8.006553330681107639e-01
1.736200000000190130e+03,8.006710100863476676e-01
1.736300000000190266e+03,8.006866850421699988e-01
1.736400000000190175e+03,8.007023579359513477e-01
1.736500000000190084e+03,8.007180287680650821e-01
1.736600000000190221e+03,8.007336975388847922e-01
1.736700000000190357e+03,8.007493642487837349e-01
1.736800000000190266e+03,8.007650288981350561e-01
1.736900000000190175e+03,8.007806914873120130e-01
1.737000000000190312e+03,8.007963520166876403e-01
1.737100000000190448e+03,8.008120104866351952e-01
1.737200000000190357e+03,8.008276668975271573e-01
1.737300000000190266e+03,8.008433212497365616e-01
1.737400000000190403e+03,8.008589735436362211e-01
1.737500000000190539e+03,8.008746237795986156e-01
1.737600000000190448e+03,8.008902719579963358e-01
1.737700000000190357e+03,8.009059180792019728e-01
1.737800000000190494e+03,8.009215621435880061e-01
1.737900000000190630e+03,8.009372041515266938e-01
1.738000000000190539e+03,8.009528441033900714e-01
1.738100000000190448e+03,8.009684819995505078e-01
1.738200000000190585e+03,8.009841178403801498e-01
1.738300000000190721e+03,8.009997516262507000e-01
1.738400000000190630e+03,8.010153833575341942e-01
1.738500000000190539e+03,8.010310130346026680e-01
1.738600000000190676e+03,8.010466406578276022e-01
1.738700000000190812e+03,8.010622662275808104e-01
1.738800000000190721e+03,8.010778897442336621e-01
1.738900000000190630e+03,8.010935112081578602e-01
1.739000000000190767e+03,8.011091306197246631e-01
1.739100000000190903e+03,8.011247479793055515e-01
1.739200000000190812e+03,8.011403632872716729e-01
1.739300000000190721e+03,8.011559765439940639e-01
1.739400000000190857e+03,8.011715877498440941e-01
1.739500000000190994e+03,8.011871969051924669e-01
1.739600000000190903e+03,8.012028040104102189e-01
1.739700000000190812e+03,8.012184090658681646e-01
1.739800000000190948e+03,8.012340120719368963e-01
1.739900000000191085e+03,8.012496130289873397e-01
1.740000000000190994e+03,8.012652119373900872e-01
1.740100000000190903e+03,8.012808087975152871e-01
1.740200000000191039e+03,8.012964036097336429e-01
1.740300000000191176e+03,8.013119963744154139e-01
1.740400000000191085e+03,8.013275870919306376e-01
1.740500000000190994e+03,8.013431757626497953e-01
1.740600000000191130e+03,8.013587623869428134e-01
1.740700000000191267e+03,8.013743469651797291e-01
1.740800000000191176e+03,8.013899294977303578e-01
1.740900000000191085e+03,8.014055099849646258e-01
1.741000000000191221e+03,8.014210884272522373e-01
1.741100000000191358e+03,8.014366648249628966e-01
1.741200000000191267e+03,8.014522391784660860e-01
1.741300000000191176e+03,8.014678114881313986e-01
1.741400000000191312e+03,8.014833817543282057e-01
1.741500000000191449e+03,8.014989499774259896e-01
1.741600000000191358e+03,8.015145161577936772e-01
1.741700000000191267e+03,8.015300802958007509e-01
1.741800000000191403e+03,8.015456423918161377e-01
1.741900000000191540e+03,8.015612024462088758e-01
1.742000000000191449e+03,8.015767604593477813e-01
1.742100000000191358e+03,8.015923164316018923e-01
1.742200000000191494e+03,8.016078703633399138e-01
1.742300000000191631e+03,8.016234222549304400e-01
1.742400000000191540e+03,8.016389721067420648e-01
1.742500000000191449e+03,8.016545199191432713e-01
1.742600000000191585e+03,8.016700656925025426e-01
1.742700000000191721e+03,8.016856094271882505e-01
1.742800000000191631e+03,8.017011511235685450e-01
1.742900000000191540e+03,8.017166907820116872e-01
1.743000000000191676e+03,8.017322284028857160e-01
1.743100000000191812e+03,8.017477639865587813e-01
1.743200000000191721e+03,8.017632975333987000e-01
1.743300000000191631e+03,8.017788290437731780e-01
1.743400000000191767e+03,8.017943585180503652e-01
1.743500000000191903e+03,8.018098859565976344e-01
1.743600000000191812e+03,8.018254113597825805e-01
1.743700000000191721e+03,8.018409347279727983e-01
1.743800000000191858e+03,8.018564560615358827e-01
1.743900000000191994e+03,8.018719753608389844e-01
1.744000000000191903e+03,8.018874926262493652e-01
1.744100000000191812e+03,8.019030078581342869e-01
1.744200000000191949e+03,8.019185210568610112e-01
1.744300000000192085e+03,8.019340322227961337e-01
1.744400000000191994e+03,8.019495413563071384e-01
1.744500000000191903e+03,8.019650484577605098e-01
1.744600000000192040e+03,8.019805535275230657e-01
1.744700000000192176e+03,8.019960565659616236e-01
1.744800000000192085e+03,8.020115575734427793e-01
1.744900000000191994e+03,8.020270565503330173e-01
1.745000000000192131e+03,8.020425534969988224e-01
1.745100000000192267e+03,8.020580484138065680e-01
1.745200000000192176e+03,8.020735413011224058e-01
1.745300000000192085e+03,8.020890321593125982e-01
1.745400000000192222e+03,8.021045209887436300e-01
1.745500000000192358e+03,8.021200077897810976e-01
1.745600000000192267e+03,8.021354925627910415e-01
1.745700000000192176e+03,8.021509753081393912e-01
1.745800000000192313e+03,8.021664560261920762e-01
1.745900000000192449e+03,8.021819347173146930e-01
1.746000000000192358e+03,8.021974113818727270e-01
1.746100000000192267e+03,8.022128860202319967e-01
1.746200000000192404e+03,8.022283586327578764e-01
1.746300000000192540e+03,8.022438292198157406e-01
1.746400000000192449e+03,8.022592977817707416e-01
1.746500000000192358e+03,8.022747643189884759e-01
1.746600000000192495e+03,8.022902288318335406e-01
1.746700000000192631e+03,8.023056913206716434e-01
1.746800000000192540e+03,8.023211517858672703e-01
1.746900000000192449e+03,8.023366102277854628e-01
1.747000000000192586e+03,8.023520666467911511e-01
1.747100000000192722e+03,8.023675210432490434e-01
1.747200000000192631e+03,8.023829734175235151e-01
1.747300000000192540e+03,8.023984237699794964e-01
1.747400000000192676e+03,8.024138721009812514e-01
1.747500000000192813e+03,8.024293184108934884e-01
1.747600000000192722e+03,8.024447627000801386e-01
1.747700000000192631e+03,8.024602049689056882e-01
1.747800000000192767e+03,8.024756452177341792e-01
1.747900000000192904e+03,8.024910834469298759e-01
1.748000000000192813e+03,8.025065196568564874e-01
1.748100000000192722e+03,8.025219538478782777e-01
1.748200000000192858e+03,8.025373860203590670e-01
1.748300000000192995e+03,8.025528161746622313e-01
1.748400000000192904e+03,8.025682443111517017e-01
1.748500000000192813e+03,8.025836704301911873e-01
1.748600000000192949e+03,8.025990945321440639e-01
1.748700000000193086e+03,8.026145166173739298e-01
1.748800000000192995e+03,8.026299366862437168e-01
1.748900000000192904e+03,8.026453547391171339e-01
1.749000000000193040e+03,8.026607707763571131e-01
1.749100000000193177e+03,8.026761847983270304e-01
1.749200000000193086e+03,8.026915968053894845e-01
1.749300000000192995e+03,8.027070067979079626e-01
1.749400000000193131e+03,8.027224147762448414e-01
1.749500000000193268e+03,8.027378207407631638e-01
1.749600000000193177e+03,8.027532246918257508e-01
1.749700000000193086e+03,8.027686266297948681e-01
1.749800000000193222e+03,8.027840265550333365e-01
1.749900000000193359e+03,8.027994244679035329e-01
1.750000000000193268e+03,8.028148203687677231e-01
1.750100000000193177e+03,8.028302142579885059e-01
1.750200000000193313e+03,8.028456061359278140e-01
1.750300000000193450e+03,8.028609960029481352e-01
1.750400000000193359e+03,8.028763838594110691e-01
1.750500000000193268e+03,8.028917697056787706e-01
1.750600000000193404e+03,8.029071535421132833e-01
1.750700000000193540e+03,8.029225353690764289e-01
1.750800000000193450e+03,8.029379151869294740e-01
1.750900000000193359e+03,8.029532929960346843e-01
1.751000000000193495e+03,8.029686687967533265e-01
1.751100000000193631e+03,8.029840425894470002e-01
1.751200000000193540e+03,8.029994143744768609e-01
1.751300000000193450e+03,8.030147841522045082e-01
1.751400000000193586e+03,8.030301519229913199e-01
1.751500000000193722e+03,8.030455176871981182e-01
1.751600000000193631e+03,8.030608814451861699e-01
1.751700000000193540e+03,8.030762431973164084e-01
1.751800000000193677e+03,8.030916029439497672e-01
1.751900000000193813e+03,8.031069606854472909e-01
1.752000000000193722e+03,8.031223164221694688e-01
1.752100000000193631e+03,8.031376701544771235e-01
1.752200000000193768e+03,8.031530218827309664e-01
1.752300000000193904e+03,8.031683716072912649e-01
1.752400000000193813e+03,8.031837193285187304e-01
1.752500000000193722e+03,8.031990650467734083e-01
1.752600000000193859e+03,8.032144087624158990e-01
1.752700000000193995e+03,8.032297504758063589e-01
1.752800000000193904e+03,8.032450901873048332e-01
1.752900000000193813e+03,8.032604278972713674e-01
1.753000000000193950e+03,8.032757636060657846e-01
1.753100000000194086e+03,8.032910973140482414e-01
1.753200000000193995e+03,8.033064290215784498e-01
1.753300000000193904e+03,8.033217587290160111e-01
1.753400000000194041e+03,8.033370864367206376e-01
1.753500000000194177e+03,8.033524121450519306e-01
1.753600000000194086e+03,8.033677358543694913e-01
1.753700000000193995e+03,8.033830575650323658e-01
1.753800000000194132e+03,8.033983772774002663e-01
1.753900000000194268e+03,8.034136949918322390e-01
1.754000000000194177e+03,8.034290107086874411e-01
1.754100000000194086e+03,8.034443244283249186e-01
1.754200000000194223e+03,8.034596361511037177e-01
1.754300000000194359e+03,8.034749458773828845e-01
1.754400000000194268e+03,8.034902536075212431e-01
1.754500000000194177e+03,8.035055593418772846e-01
1.754600000000194314e+03,8.035208630808099439e-01
1.754700000000194450e+03,8.035361648246778232e-01
1.754800000000194359e+03,8.035514645738393025e-01
1.754900000000194268e+03,8.035667623286529837e-01
1.755000000000194404e+03,8.035820580894770249e-01
1.755100000000194541e+03,8.035973518566699170e-01
1.755200000000194450e+03,8.036126436305897069e-01
1.755300000000194359e+03,8.036279334115946638e-01
1.755400000000194495e+03,8.036432212000427233e-01
1.755500000000194632e+03,8.036585069962919325e-01
1.755600000000194541e+03,8.036737908007000053e-01
1.755700000000194450e+03,8.036890726136248775e-01
1.755800000000194586e+03,8.037043524354244850e-01
1.755900000000194723e+03,8.037196302664559866e-01
1.756000000000194632e+03,8.037349061070772072e-01
1.756100000000194541e+03,8.037501799576458605e-01
1.756200000000194677e+03,8.037654518185189945e-01
1.756300000000194814e+03,8.037807216900541007e-01
1.756400000000194723e+03,8.037959895726083381e-01
1.756500000000194632e+03,8.038112554665389764e-01
1.756600000000194768e+03,8.038265193722028412e-01
1.756700000000194905e+03,8.038417812899575354e-01
1.756800000000194814e+03,8.038570412201593296e-01
1.756900000000194723e+03,8.038722991631653825e-01
1.757000000000194859e+03,8.038875551193325197e-01
1.757100000000194996e+03,8.039028090890173450e-01
1.757200000000194905e+03,8.039180610725764620e-01
1.757300000000194814e+03,8.039333110703663632e-01
1.757400000000194950e+03,8.039485590827435413e-01
1.757500000000195087e+03,8.039638051100644889e-01
1.757600000000194996e+03,8.039790491526852545e-01
1.757700000000194905e+03,8.039942912109622197e-01
1.757800000000195041e+03,8.040095312852515441e-01
1.757900000000195178e+03,8.040247693759090541e-01
1.758000000000195087e+03,8.040400054832911314e-01
1.758100000000194996e+03,8.040552396077531583e-01
1.758200000000195132e+03,8.040704717496515164e-01
1.758300000000195269e+03,8.040857019093414770e-01
1.758400000000195178e+03,8.041009300871789778e-01
1.758500000000195087e+03,8.041161562835194010e-01
1.758600000000195223e+03,8.041313804987184621e-01
1.758700000000195359e+03,8.041466027331314326e-01
1.758800000000195269e+03,8.041618229871135837e-01
1.758900000000195178e+03,8.041770412610204088e-01
1.759000000000195314e+03,8.041922575552070684e-01
1.759100000000195450e+03,8.042074718700283897e-01
1.759200000000195359e+03,8.042226842058397551e-01
1.759300000000195269e+03,8.042378945629957698e-01
1.759400000000195405e+03,8.042531029418515942e-01
1.759500000000195541e+03,8.042683093427619445e-01
1.759600000000195450e+03,8.042835137660813150e-01
1.759700000000195359e+03,8.042987162121646438e-01
1.759800000000195496e+03,8.043139166813663143e-01
1.759900000000195632e+03,8.043291151740408207e-01
1.760000000000195541e+03,8.043443116905427681e-01
1.760100000000195450e+03,8.043595062312259847e-01
1.760200000000195587e+03,8.043746987964450756e-01
1.760300000000195723e+03,8.043898893865544242e-01
1.760400000000195632e+03,8.044050780019075253e-01
1.760500000000195541e+03,8.044202646428586512e-01
1.760600000000195678e+03,8.044354493097619629e-01
1.760700000000195814e+03,8.044506320029709556e-01
1.760800000000195723e+03,8.044658127228395683e-01
1.760900000000195632e+03,8.044809914697214071e-01
1.761000000000195769e+03,8.044961682439700779e-01
1.761100000000195905e+03,8.045113430459392978e-01
1.761200000000195814e+03,8.045265158759823398e-01
1.761300000000195723e+03,8.045416867344526990e-01
1.761400000000195860e+03,8.045568556217034262e-01
1.761500000000195996e+03,8.045720225380879054e-01
1.761600000000195905e+03,8.045871874839592985e-01
1.761700000000195814e+03,8.046023504596705456e-01
1.761800000000195951e+03,8.046175114655751415e-01
1.761900000000196087e+03,8.046326705020251380e-01
1.762000000000195996e+03,8.046478275693739191e-01
1.762100000000195905e+03,8.046629826679739805e-01
1.762200000000196042e+03,8.046781357981781513e-01
1.762300000000196178e+03,8.046932869603391492e-01
1.762400000000196087e+03,8.047084361548090259e-01
1.762500000000195996e+03,8.047235833819406103e-01
1.762600000000196133e+03,8.047387286420861763e-01
1.762700000000196269e+03,8.047538719355979975e-01
1.762800000000196178e+03,8.047690132628281257e-01
1.762900000000196087e+03,8.047841526241288346e-01
1.763000000000196223e+03,8.047992900198521760e-01
1.763100000000196360e+03,8.048144254503498685e-01
1.763200000000196269e+03,8.048295589159741859e-01
1.763300000000196178e+03,8.048446904170766247e-01
1.763400000000196314e+03,8.048598199540090148e-01
1.763500000000196451e+03,8.048749475271230747e-01
1.763600000000196360e+03,8.048900731367703010e-01
1.763700000000196269e+03,8.049051967833019683e-01
1.763800000000196405e+03,8.049203184670700173e-01
1.763900000000196542e+03,8.049354381884255005e-01
1.764000000000196451e+03,8.049505559477194705e-01
1.764100000000196360e+03,8.049656717453033128e-01
1.764200000000196496e+03,8.049807855815281910e-01
1.764300000000196633e+03,8.049958974567450465e-01
1.764400000000196542e+03,8.050110073713048209e-01
1.764500000000196451e+03,8.050261153255584556e-01
1.764600000000196587e+03,8.050412213198566702e-01
1.764700000000196724e+03,8.050563253545501841e-01
1.764800000000196633e+03,8.050714274299896056e-01
1.764900000000196542e+03,8.050865275465255433e-01
1.765000000000196678e+03,8.051016257045084945e-01
1.765100000000196815e+03,8.051167219042889567e-01
1.765200000000196724e+03,8.051318161462168721e-01
1.765300000000196633e+03,8.051469084306428492e-01
1.765400000000196769e+03,8.051619987579169413e-01
1.765500000000196906e+03,8.051770871283893127e-01
1.765600000000196815e+03,8.051921735424099058e-01
1.765700000000196724e+03,8.052072580003286628e-01
1.765800000000196860e+03,8.052223405024954150e-01
1.765900000000196997e+03,8.052374210492599937e-01
1.766000000000196906e+03,8.052524996409721192e-01
1.766100000000196815e+03,8.052675762779814006e-01
1.766200000000196951e+03,8.052826509606373362e-01
1.766300000000197088e+03,8.052977236892893131e-01
1.766400000000196997e+03,8.053127944642869407e-01
1.766500000000196906e+03,8.053278632859793840e-01
1.766600000000197042e+03,8.053429301547159191e-01
1.766700000000197178e+03,8.053579950708458224e-01
1.766800000000197088e+03,8.053730580347180368e-01
1.766900000000196997e+03,8.053881190466815054e-01
1.767000000000197133e+03,8.054031781070852825e-01
1.767100000000197269e+03,8.054182352162781999e-01
1.767200000000197178e+03,8.054332903746090899e-01
1.767300000000197088e+03,8.054483435824264514e-01
1.767400000000197224e+03,8.054633948400790056e-01
1.767500000000197360e+03,8.054784441479154733e-01
1.767600000000197269e+03,8.054934915062840206e-01
1.767700000000197178e+03,8.055085369155331465e-01
1.767800000000197315e+03,8.055235803760112390e-01
1.767900000000197451e+03,8.055386218880666860e-01
1.768000000000197360e+03,8.055536614520470984e-01
1.768100000000197269e+03,8.055686990683009752e-01
1.768200000000197406e+03,8.055837347371762602e-01
1.768300000000197542e+03,8.055987684590208975e-01
1.768400000000197451e+03,8.056138002341827198e-01
1.768500000000197360e+03,8.056288300630092269e-01
1.768600000000197497e+03,8.056438579458486959e-01
1.768700000000197633e+03,8.056588838830480714e-01
1.768800000000197542e+03,8.056739078749554084e-01
1.768900000000197451e+03,8.056889299219178735e-01
1.769000000000197588e+03,8.057039500242829666e-01
1.769100000000197724e+03,8.057189681823979654e-01
1.769200000000197633e+03,8.057339843966100368e-01
1.769300000000197542e+03,8.057489986672663473e-01
1.769400000000197679e+03,8.057640109947141749e-01
1.769500000000197815e+03,8.057790213793002421e-01
1.769600000000197724e+03,8.057940298213716046e-01
1.769700000000197633e+03,8.058090363212753182e-01
1.769800000000197770e+03,8.058240408793577725e-01
1.769900000000197906e+03,8.058390434959658011e-01
1.770000000000197815e+03,8.058540441714461267e-01
1.770100000000197724e+03,8.058690429061450278e-01
1.770200000000197861e+03,8.058840397004092271e-01
1.770300000000197997e+03,8.058990345545850031e-01
1.770400000000197906e+03,8.059140274690187455e-01
1.770500000000197815e+03,8.059290184440565108e-01
1.770600000000197952e+03,8.059440074800446885e-01
1.770700000000198088e+03,8.059589945773292241e-01
1.770800000000197997e+03,8.059739797362559521e-01
1.770900000000197906e+03,8.059889629571710401e-01
1.771000000000198042e+03,8.060039442404202115e-01
1.771100000000198179e+03,8.060189235863493007e-01
1.771200000000198088e+03,8.060339009953041423e-01
1.771300000000197997e+03,8.060488764676300155e-01
1.771400000000198133e+03,8.060638500036726439e-01
1.771500000000198270e+03,8.060788216037775289e-01
1.771600000000198179e+03,8.060937912682900608e-01
1.771700000000198088e+03,8.061087589975554080e-01
1.771800000000198224e+03,8.061237247919189608e-01
1.771900000000198361e+03,8.061386886517257766e-01
1.772000000000198270e+03,8.061536505773210237e-01
1.772100000000198179e+03,8.061686105690497595e-01
1.772200000000198315e+03,8.061835686272567081e-01
1.772300000000198452e+03,8.061985247522869269e-01
1.772400000000198361e+03,8.062134789444849181e-01
1.772500000000198270e+03,8.062284312041956280e-01
1.772600000000198406e+03,8.062433815317637809e-01
1.772700000000198543e+03,8.062583299275336568e-01
1.772800000000198452e+03,8.062732763918497580e-01
1.772900000000198361e+03,8.062882209250565868e-01
1.773000000000198497e+03,8.063031635274984232e-01
1.773100000000198634e+03,8.063181041995196585e-01
1.773200000000198543e+03,8.063330429414641287e-01
1.773300000000198452e+03,8.063479797536761140e-01
1.773400000000198588e+03,8.063629146364996725e-01
1.773500000000198725e+03,8.063778475902787513e-01
1.773600000000198634e+03,8.063927786153570754e-01
1.773700000000198543e+03,8.064077077120784809e-01
1.773800000000198679e+03,8.064226348807868039e-01
1.773900000000198816e+03,8.064375601218256584e-01
1.774000000000198725e+03,8.064524834355382144e-01
1.774100000000198634e+03,8.064674048222685299e-01
1.774200000000198770e+03,8.064823242823595528e-01
1.774300000000198906e+03,8.064972418161548973e-01
1.774400000000198816e+03,8.065121574239976221e-01
1.774500000000198725e+03,8.065270711062311193e-01
1.774600000000198861e+03,8.065419828631983368e-01
1.774700000000198997e+03,8.065568926952424444e-01
1.774800000000198906e+03,8.065718006027061682e-01
1.774900000000198816e+03,8.065867065859324558e-01
1.775000000000198952e+03,8.066016106452642553e-01
1.775100000000199088e+03,8.066165127810441815e-01
1.775200000000198997e+03,8.066314129936147381e-01
1.775300000000198906e+03,8.066463112833187621e-01
1.775400000000199043e+03,8.066612076504986462e-01
1.775500000000199179e+03,8.066761020954966721e-01
1.775600000000199088e+03,8.066909946186553437e-01
1.775700000000198997e+03,8.067058852203169428e-01
1.775800000000199134e+03,8.067207739008235290e-01
1.775900000000199270e+03,8.067356606605173841e-01
1.776000000000199179e+03,8.067505454997403458e-01
1.776100000000199088e+03,8.067654284188344738e-01
1.776200000000199225e+03,8.067803094181418277e-01
1.776300000000199361e+03,8.067951884980040234e-01
1.776400000000199270e+03,8.068100656587626762e-01
1.776500000000199179e+03,8.068249409007598461e-01
1.776600000000199316e+03,8.068398142243368154e-01
1.776700000000199452e+03,8.068546856298351999e-01
1.776800000000199361e+03,8.068695551175961711e-01
1.776900000000199270e+03,8.068844226879614556e-01
1.777000000000199407e+03,8.068992883412723360e-01
1.777100000000199543e+03,8.069141520778698728e-01
1.777200000000199452e+03,8.069290138980951266e-01
1.777300000000199361e+03,8.069438738022892688e-01
1.777400000000199498e+03,8.069587317907932489e-01
1.777500000000199634e+03,8.069735878639481275e-01
1.777600000000199543e+03,8.069884420220944099e-01
1.777700000000199452e+03,8.070032942655731567e-01
1.777800000000199589e+03,8.070181445947248733e-01
1.777900000000199725e+03,8.070329930098903981e-01
1.778000000000199634e+03,8.070478395114099035e-01
1.778100000000199543e+03,8.070626840996241169e-01
1.778200000000199680e+03,8.070775267748733217e-01
1.778300000000199816e+03,8.070923675374979123e-01
1.778400000000199725e+03,8.071072063878380609e-01
1.778500000000199634e+03,8.071220433262338290e-01
1.778600000000199771e+03,8.071368783530253888e-01
1.778700000000199907e+03,8.071517114685526906e-01
1.778800000000199816e+03,8.071665426731560178e-01
1.778900000000199725e+03,8.071813719671745435e-01
1.779000000000199861e+03,8.071961993509485511e-01
1.779100000000199998e+03,8.072110248248175468e-01
1.779200000000199907e+03,8.072258483891214809e-01
1.779300000000199816e+03,8.072406700441995264e-01
1.779400000000199952e+03,8.072554897903911897e-01
1.779500000000200089e+03,8.072703076280361989e-01
1.779600000000199998e+03,8.072851235574733941e-01
1.779700000000199907e+03,8.072999375790425036e-01
1.779800000000200043e+03,8.073147496930824785e-01
1.779900000000200180e+03,8.073295598999324918e-01
1.780000000000200089e+03,8.073443681999316057e-01
1.780100000000199998e+03,8.073591745934185493e-01
1.780200000000200134e+03,8.073739790807323846e-01
1.780300000000200271e+03,8.073887816622119518e-01
1.780400000000200180e+03,8.074035823381959798e-01
1.780500000000200089e+03,8.074183811090229757e-01
1.780600000000200225e+03,8.074331779750316684e-01
1.780700000000200362e+03,8.074479729365603431e-01
1.780800000000200271e+03,8.074627659939478397e-01
1.780900000000200180e+03,8.074775571475322211e-01
1.781000000000200316e+03,8.074923463976517723e-01
1.781100000000200453e+03,8.075071337446447783e-01
1.781200000000200362e+03,8.075219191888494130e-01
1.781300000000200271e+03,8.075367027306035173e-01
1.781400000000200407e+03,8.075514843702453760e-01
1.781500000000200544e+03,8.075662641081128301e-01
1.781600000000200453e+03,8.075810419445432764e-01
1.781700000000200362e+03,8.075958178798751108e-01
1.781800000000200498e+03,8.076105919144458412e-01
1.781900000000200635e+03,8.076253640485927532e-01
1.782000000000200544e+03,8.076401342826537988e-01
1.782100000000200453e+03,8.076549026169660417e-01
1.782200000000200589e+03,8.076696690518673227e-01
1.782300000000200725e+03,8.076844335876947056e-01
1.782400000000200635e+03,8.076991962247853651e-01
1.782500000000200544e+03,8.077139569634762539e-01
1.782600000000200680e+03,8.077287158041053239e-01
1.782700000000200816e+03,8.077434727470085285e-01
1.782800000000200725e+03,8.077582277925235976e-01
1.782900000000200635e+03,8.077729809409869288e-01
1.783000000000200771e+03,8.077877321927356968e-01
1.783100000000200907e+03,8.078024815481061882e-01
1.783200000000200816e+03,8.078172290074353556e-01
1.783300000000200725e+03,8.078319745710598188e-01
1.783400000000200862e+03,8.078467182393157531e-01
1.783500000000200998e+03,8.078614600125397782e-01
1.783600000000200907e+03,8.078761998910682918e-01
1.783700000000200816e+03,8.078909378752373582e-01
1.783800000000200953e+03,8.079056739653835972e-01
1.783900000000201089e+03,8.079204081618427402e-01
1.784000000000200998e+03,8.079351404649508517e-01
1.784100000000200907e+03,8.079498708750441072e-01
1.784200000000201044e+03,8.079645993924582381e-01
1.784300000000201180e+03,8.079793260175294201e-01
1.784400000000201089e+03,8.079940507505928293e-01
1.784500000000200998e+03,8.080087735919846414e-01
1.784600000000201135e+03,8.080234945420401438e-01
1.784700000000201271e+03,8.080382136010950678e-01
1.784800000000201180e+03,8.080529307694848118e-01
1.784900000000201089e+03,8.080676460475448852e-01
1.785000000000201226e+03,8.080823594356102424e-01
1.785100000000201362e+03,8.080970709340166147e-01
1.785200000000201271e+03,8.081117805430987344e-01
1.785300000000201180e+03,8.081264882631917779e-01
1.785400000000201317e+03,8.081411940946310324e-01
1.785500000000201453e+03,8.081558980377512302e-01
1.785600000000201362e+03,8.081706000928872147e-01
1.785700000000201271e+03,8.081853002603737179e-01
1.785800000000201408e+03,8.081999985405456943e-01
1.785900000000201544e+03,8.082146949337376540e-01
1.786000000000201453e+03,8.082293894402842183e-01
1.786100000000201362e+03,8.082440820605196752e-01
1.786200000000201499e+03,8.082587727947787570e-01
1.786300000000201635e+03,8.082734616433956409e-01
1.786400000000201544e+03,8.082881486067047261e-01
1.786500000000201453e+03,8.083028336850399675e-01
1.786600000000201590e+03,8.083175168787358755e-01
1.786700000000201726e+03,8.083321981881261831e-01
1.786800000000201635e+03,8.083468776135449563e-01
1.786900000000201544e+03,8.083615551553261502e-01
1.787000000000201680e+03,8.083762308138036090e-01
1.787100000000201817e+03,8.083909045893111767e-01
1.787200000000201726e+03,8.084055764821821422e-01
1.787300000000201635e+03,8.084202464927505716e-01
1.787400000000201771e+03,8.084349146213499759e-01
1.787500000000201908e+03,8.084495808683136442e-01
1.787600000000201817e+03,8.084642452339749763e-01
1.787700000000201726e+03,8.084789077186673723e-01
1.787800000000201862e+03,8.084935683227241210e-01
1.787900000000201999e+03,8.085082270464781784e-01
1.788000000000201908e+03,8.085228838902630555e-01
1.788100000000201817e+03,8.085375388544112640e-01
1.788200000000201953e+03,8.085521919392562040e-01
1.788300000000202090e+03,8.085668431451306093e-01
1.788400000000201999e+03,8.085814924723671027e-01
1.788500000000201908e+03,8.085961399212985290e-01
1.788600000000202044e+03,8.086107854922577332e-01
1.788700000000202181e+03,8.086254291855772269e-01
1.788800000000202090e+03,8.086400710015893001e-01
1.788900000000201999e+03,8.086547109406266864e-01
1.789000000000202135e+03,8.086693490030216758e-01
1.789100000000202272e+03,8.086839851891063358e-01
1.789200000000202181e+03,8.086986194992131782e-01
1.789300000000202090e+03,8.087132519336741598e-01
1.789400000000202226e+03,8.087278824928215704e-01
1.789500000000202363e+03,8.087425111769873665e-01
1.789600000000202272e+03,8.087571379865031718e-01
1.789700000000202181e+03,8.087717629217012760e-01
1.789800000000202317e+03,8.087863859829131918e-01
1.789900000000202454e+03,8.088010071704707649e-01
1.790000000000202363e+03,8.088156264847053967e-01
1.790100000000202272e+03,8.088302439259489329e-01
1.790200000000202408e+03,8.088448594945327752e-01
1.790300000000202544e+03,8.088594731907883251e-01
1.790400000000202454e+03,8.088740850150469841e-01
1.790500000000202363e+03,8.088886949676398208e-01
1.790600000000202499e+03,8.089033030488983478e-01
1.790700000000202635e+03,8.089179092591535225e-01
1.790800000000202544e+03,8.089325135987364135e-01
1.790900000000202454e+03,8.089471160679779782e-01
1.791000000000202590e+03,8.089617166672092852e-01
1.791100000000202726e+03,8.089763153967608478e-01
1.791200000000202635e+03,8.089909122569637345e-01
1.791300000000202544e+03,8.090055072481484588e-01
1.791400000000202681e+03,8.090201003706457561e-01
1.791500000000202817e+03,8.090346916247861397e-01
1.791600000000202726e+03,8.090492810109000121e-01
1.791700000000202635e+03,8.090638685293179977e-01
1.791800000000202772e+03,8.090784541803701657e-01
1.791900000000202908e+03,8.090930379643868076e-01
1.792000000000202817e+03,8.091076198816982146e-01
1.792100000000202726e+03,8.091221999326344561e-01
1.792200000000202863e+03,8.091367781175256013e-01
1.792300000000202999e+03,8.091513544367016086e-01
1.792400000000202908e+03,8.091659288904922143e-01
1.792500000000202817e+03,8.091805014792273765e-01
1.792600000000202954e+03,8.091950722032370535e-01
1.792700000000203090e+03,8.092096410628504266e-01
1.792800000000202999e+03,8.092242080583975650e-01
1.792900000000202908e+03,8.092387731902075387e-01
1.793000000000203045e+03,8.092533364586103062e-01
1.793100000000203181e+03,8.092678978639350484e-01
1.793200000000203090e+03,8.092824574065109466e-01
1.793300000000202999e+03,8.092970150866674039e-01
1.793400000000203136e+03,8.093115709047334905e-01
1.793500000000203272e+03,8.093261248610383873e-01
1.793600000000203181e+03,8.093406769559110536e-01
1.793700000000203090e+03,8.093552271896804484e-01
1.793800000000203227e+03,8.093697755626754198e-01
1.793900000000203363e+03,8.093843220752248158e-01
1.794000000000203272e+03,8.093988667276573734e-01
1.794100000000203181e+03,8.094134095203019408e-01
1.794200000000203318e+03,8.094279504534868108e-01
1.794300000000203454e+03,8.094424895275406096e-01
1.794400000000203363e+03,8.094570267427916299e-01
1.794500000000203272e+03,8.094715620995686090e-01
1.794600000000203408e+03,8.094860955981997286e-01
1.794700000000203545e+03,8.095006272390130597e-01
1.794800000000203454e+03,8.095151570223366733e-01
1.794900000000203363e+03,8.095296849484989732e-01
1.795000000000203499e+03,8.095442110178278083e-01
1.795100000000203636e+03,8.095587352306511386e-01
1.795200000000203545e+03,8.095732575872967018e-01
1.795300000000203454e+03,8.095877780880924579e-01
1.795400000000203590e+03,8.096022967333662557e-01
1.795500000000203727e+03,8.096168135234454999e-01
1.795600000000203636e+03,8.096313284586577064e-01
1.795700000000203545e+03,8.096458415393307240e-01
1.795800000000203681e+03,8.096603527657917354e-01
1.795900000000203818e+03,8.096748621383682565e-01
1.796000000000203727e+03,8.096893696573874699e-01
1.796100000000203636e+03,8.097038753231765584e-01
1.796200000000203772e+03,8.097183791360627048e-01
1.796300000000203909e+03,8.097328810963732026e-01
1.796400000000203818e+03,8.097473812044346797e-01
1.796500000000203727e+03,8.097618794605744297e-01
1.796600000000203863e+03,8.097763758651190802e-01
1.796700000000204000e+03,8.097908704183955919e-01
1.796800000000203909e+03,8.098053631207304814e-01
1.796900000000203818e+03,8.098198539724505984e-01
1.797000000000203954e+03,8.098343429738823485e-01
1.797100000000204091e+03,8.098488301253524702e-01
1.797200000000204000e+03,8.098633154271870360e-01
1.797300000000203909e+03,8.098777988797126737e-01
1.797400000000204045e+03,8.098922804832556777e-01
1.797500000000204182e+03,8.099067602381422315e-01
1.797600000000204091e+03,8.099212381446984077e-01
1.797700000000204000e+03,8.099357142032502788e-01
1.797800000000204136e+03,8.099501884141239172e-01
1.797900000000204273e+03,8.099646607776453955e-01
1.798000000000204182e+03,8.099791312941402310e-01
1.798100000000204091e+03,8.099935999639343853e-01
1.798200000000204227e+03,8.100080667873537088e-01
1.798300000000204363e+03,8.100225317647237189e-01
1.798400000000204273e+03,8.100369948963699329e-01
1.798500000000204182e+03,8.100514561826179794e-01
1.798600000000204318e+03,8.100659156237931535e-01
1.798700000000204454e+03,8.100803732202210838e-01
1.798800000000204363e+03,8.100948289722266216e-01
1.798900000000204273e+03,8.101092828801353951e-01
1.799000000000204409e+03,8.101237349442722557e-01
1.799100000000204545e+03,8.101381851649624988e-01
1.799200000000204454e+03,8.101526335425310865e-01
1.799300000000204363e+03,8.101670800773028702e-01
1.799400000000204500e+03,8.101815247696027011e-01
1.799500000000204636e+03,8.101959676197554305e-01
1.799600000000204545e+03,8.102104086280857986e-01
1.799700000000204454e+03,8.102248477949183236e-01
1.799800000000204591e+03,8.102392851205777458e-01
1.799900000000204727e+03,8.102537206053884722e-01
1.800000000000204636e+03,8.102681542496750211e-01
1.800100000000204545e+03,8.102825860537615776e-01
1.800200000000204682e+03,8.102970160179727710e-01
1.800300000000204818e+03,8.103114441426324532e-01
1.800400000000204727e+03,8.103258704280649205e-01
1.800500000000204636e+03,8.103402948745942469e-01
1.800600000000204773e+03,8.103547174825445065e-01
1.800700000000204909e+03,8.103691382522395514e-01
1.800800000000204818e+03,8.103835571840033447e-01
1.800900000000204727e+03,8.103979742781595164e-01
1.801000000000204864e+03,8.104123895350320295e-01
1.801100000000205000e+03,8.104268029549442920e-01
1.801200000000204909e+03,8.104412145382200450e-01
1.801300000000204818e+03,8.104556242851826964e-01
1.801400000000204955e+03,8.104700321961557652e-01
1.801500000000205091e+03,8.104844382714625484e-01
1.801600000000205000e+03,8.104988425114264539e-01
1.801700000000204909e+03,8.105132449163705566e-01
1.801800000000205046e+03,8.105276454866181535e-01
1.801900000000205182e+03,8.105420442224923194e-01
1.802000000000205091e+03,8.105564411243159073e-01
1.802100000000205000e+03,8.105708361924121030e-01
1.802200000000205137e+03,8.105852294271037595e-01
1.802300000000205273e+03,8.105996208287133964e-01
1.802400000000205182e+03,8.106140103975639777e-01
1.802500000000205091e+03,8.106283981339780231e-01
1.802600000000205227e+03,8.106427840382783856e-01
1.802700000000205364e+03,8.106571681107872518e-01
1.802800000000205273e+03,8.106715503518273636e-01
1.802900000000205182e+03,8.106859307617209076e-01
1.803000000000205318e+03,8.107003093407902927e-01
1.803100000000205455e+03,8.107146860893578166e-01
1.803200000000205364e+03,8.107290610077453330e-01
1.803300000000205273e+03,8.107434340962753616e-01
1.803400000000205409e+03,8.107578053552697561e-01
1.803500000000205546e+03,8.107721747850503702e-01
1.803600000000205455e+03,8.107865423859390575e-01
1.803700000000205364e+03,8.108009081582578936e-01
1.803800000000205500e+03,8.108152721023283993e-01
1.803900000000205637e+03,8.108296342184723171e-01
1.804000000000205546e+03,8.108439945070111676e-01
1.804100000000205455e+03,8.108583529682666935e-01
1.804200000000205591e+03,8.108727096025601933e-01
1.804300000000205728e+03,8.108870644102130765e-01
1.804400000000205637e+03,8.109014173915466417e-01
1.804500000000205546e+03,8.109157685468822985e-01
1.804600000000205682e+03,8.109301178765411233e-01
1.804700000000205819e+03,8.109444653808441927e-01
1.804800000000205728e+03,8.109588110601124722e-01
1.804900000000205637e+03,8.109731549146671492e-01
1.805000000000205773e+03,8.109874969448290782e-01
1.805100000000205910e+03,8.110018371509188917e-01
1.805200000000205819e+03,8.110161755332574440e-01
1.805300000000205728e+03,8.110305120921654787e-01
1.805400000000205864e+03,8.110448468279637391e-01
1.805500000000206001e+03,8.110591797409725245e-01
1.805600000000205910e+03,8.110735108315123565e-01
1.805700000000205819e+03,8.110878400999037563e-01
1.805800000000205955e+03,8.111021675464671343e-01
1.805900000000206091e+03,8.111164931715225679e-01
1.806000000000206001e+03,8.111308169753903563e-01
1.806100000000205910e+03,8.111451389583905769e-01
1.806200000000206046e+03,8.111594591208433069e-01
1.806300000000206182e+03,8.111737774630686237e-01
1.806400000000206091e+03,8.111880939853863826e-01
1.806500000000206001e+03,8.112024086881162166e-01
1.806600000000206137e+03,8.112167215715783142e-01
1.806700000000206273e+03,8.112310326360920865e-01
1.806800000000206182e+03,8.112453418819771667e-01
1.806900000000206091e+03,8.112596493095532990e-01
1.807000000000206228e+03,8.112739549191401167e-01
1.807100000000206364e+03,8.112882587110565868e-01
1.807200000000206273e+03,8.113025606856223426e-01
1.807300000000206182e+03,8.113168608431566842e-01
1.807400000000206319e+03,8.113311591839788006e-01
1.807500000000206455e+03,8.113454557084079921e-01
1.807600000000206364e+03,8.113597504167630037e-01
1.807700000000206273e+03,8.113740433093631355e-01
1.807800000000206410e+03,8.113883343865270215e-01
1.807900000000206546e+03,8.114026236485739618e-01
1.808000000000206455e+03,8.114169110958223685e-01
1.808100000000206364e+03,8.114311967285913196e-01
1.808200000000206501e+03,8.114454805471992271e-01
1.808300000000206637e+03,8.114597625519646140e-01
1.808400000000206546e+03,8.114740427432063363e-01
1.808500000000206455e+03,8.114883211212424730e-01
1.808600000000206592e+03,8.115025976863916579e-01
1.808700000000206728e+03,8.115168724389721921e-01
1.808800000000206637e+03,8.115311453793022656e-01
1.808900000000206546e+03,8.115454165076999571e-01
1.809000000000206683e+03,8.115596858244834566e-01
1.809100000000206819e+03,8.115739533299709541e-01
1.809200000000206728e+03,8.115882190244801953e-01
1.809300000000206637e+03,8.116024829083292591e-01
1.809400000000206774e+03,8.116167449818357804e-01
1.809500000000206910e+03,8.116310052453176160e-01
1.809600000000206819e+03,8.116452636990922898e-01
1.809700000000206728e+03,8.116595203434777694e-01
1.809800000000206865e+03,8.116737751787913568e-01
1.809900000000207001e+03,8.116880282053505757e-01
1.810000000000206910e+03,8.117022794234728389e-01
1.810100000000206819e+03,8.117165288334755591e-01
1.810200000000206956e+03,8.117307764356758160e-01
1.810300000000207092e+03,8.117450222303911334e-01
1.810400000000207001e+03,8.117592662179383689e-01
1.810500000000206910e+03,8.117735083986347133e-01
1.810600000000207046e+03,8.117877487727971353e-01
1.810700000000207183e+03,8.118019873407424924e-01
1.810800000000207092e+03,8.118162241027876425e-01
1.810900000000207001e+03,8.118304590592495540e-01
1.811000000000207137e+03,8.118446922104447516e-01
1.811100000000207274e+03,8.118589235566900930e-01
1.811200000000207183e+03,8.118731530983018807e-01
1.811300000000207092e+03,8.118873808355968613e-01
1.811400000000207228e+03,8.119016067688913374e-01
1.811500000000207365e+03,8.119158308985018335e-01
1.811600000000207274e+03,8.119300532247443192e-01
1.811700000000207183e+03,8.119442737479354300e-01
1.811800000000207319e+03,8.119584924683911353e-01
1.811900000000207456e+03,8.119727093864276268e-01
1.812000000000207365e+03,8.119869245023608739e-01
1.812100000000207274e+03,8.120011378165067351e-01
1.812200000000207410e+03,8.120153493291811797e-01
1.812300000000207547e+03,8.120295590407000663e-01
1.812400000000207456e+03,8.120437669513793644e-01
1.812500000000207365e+03,8.120579730615341552e-01
1.812600000000207501e+03,8.120721773714806302e-01
1.812700000000207638e+03,8.120863798815342038e-01
1.812800000000207547e+03,8.121005805920100684e-01
1.812900000000207456e+03,8.121147795032238603e-01
1.813000000000207592e+03,8.121289766154909939e-01
1.813100000000207729e+03,8.121431719291266615e-01
1.813200000000207638e+03,8.121573654444459445e-01
1.813300000000207547e+03,8.121715571617640350e-01
1.813400000000207683e+03,8.121857470813962365e-01
1.813500000000207820e+03,8.121999352036570752e-01
1.813600000000207729e+03,8.122141215288619653e-01
1.813700000000207638e+03,8.122283060573254332e-01
1.813800000000207774e+03,8.122424887893624490e-01
1.813900000000207910e+03,8.122566697252876500e-01
1.814000000000207820e+03,8.122708488654156733e-01
1.814100000000207729e+03,8.122850262100611562e-01
1.814200000000207865e+03,8.122992017595386249e-01
1.814300000000208001e+03,8.123133755141626056e-01
1.814400000000207910e+03,8.123275474742470692e-01
1.814500000000207820e+03,8.123417176401067641e-01
1.814600000000207956e+03,8.123558860120557723e-01
1.814700000000208092e+03,8.123700525904083980e-01
1.814800000000208001e+03,8.123842173754785012e-01
1.814900000000207910e+03,8.123983803675802751e-01
1.815000000000208047e+03,8.124125415670276906e-01
1.815100000000208183e+03,8.124267009741346079e-01
1.815200000000208092e+03,8.124408585892147761e-01
1.815300000000208001e+03,8.124550144125820550e-01
1.815400000000208138e+03,8.124691684445500828e-01
1.815500000000208274e+03,8.124833206854327194e-01
1.815600000000208183e+03,8.124974711355430479e-01
1.815700000000208092e+03,8.125116197951950392e-01
1.815800000000208229e+03,8.125257666647019983e-01
1.815900000000208365e+03,8.125399117443770081e-01
1.816000000000208274e+03,8.125540550345333735e-01
1.816100000000208183e+03,8.125681965354846215e-01
1.816200000000208320e+03,8.125823362475439460e-01
1.816300000000208456e+03,8.125964741710239858e-01
1.816400000000208365e+03,8.126106103062379349e-01
1.816500000000208274e+03,8.126247446534988761e-01
1.816600000000208411e+03,8.126388772131195593e-01
1.816700000000208547e+03,8.126530079854129562e-01
1.816800000000208456e+03,8.126671369706914838e-01
1.816900000000208365e+03,8.126812641692681138e-01
1.817000000000208502e+03,8.126953895814552631e-01
1.817100000000208638e+03,8.127095132075655703e-01
1.817200000000208547e+03,8.127236350479114524e-01
1.817300000000208456e+03,8.127377551028053260e-01
1.817400000000208593e+03,8.127518733725594968e-01
1.817500000000208729e+03,8.127659898574861597e-01
1.817600000000208638e+03,8.127801045578976202e-01
1.817700000000208547e+03,8.127942174741060732e-01
1.817800000000208684e+03,8.128083286064233803e-01
1.817900000000208820e+03,8.128224379551617362e-01
1.818000000000208729e+03,8.128365455206327805e-01
1.818100000000208638e+03,8.128506513031485969e-01
1.818200000000208775e+03,8.128647553030209361e-01
1.818300000000208911e+03,8.128788575205614375e-01
1.818400000000208820e+03,8.128929579560817409e-01
1.818500000000208729e+03,8.129070566098934858e-01
1.818600000000208865e+03,8.129211534823082008e-01
1.818700000000209002e+03,8.129352485736373035e-01
1.818800000000208911e+03,8.129493418841923225e-01
1.818900000000208820e+03,8.129634334142843421e-01
1.819000000000208956e+03,8.129775231642246691e-01
1.819100000000209093e+03,8.129916111343244989e-01
1.819200000000209002e+03,8.130056973248949159e-01
1.819300000000208911e+03,8.130197817362468937e-01
1.819400000000209047e+03,8.130338643686916278e-01
1.819500000000209184e+03,8.130479452225398695e-01
1.819600000000209093e+03,8.130620242981023704e-01
1.819700000000209002e+03,8.130761015956899929e-01
1.819800000000209138e+03,8.130901771156135993e-01
1.819900000000209275e+03,8.131042508581834971e-01
1.820000000000209184e+03,8.131183228237105487e-01
1.820100000000209093e+03,8.131323930125050614e-01
1.820200000000209229e+03,8.131464614248775646e-01
1.820300000000209366e+03,8.131605280611382547e-01
1.820400000000209275e+03,8.131745929215976609e-01
1.820500000000209184e+03,8.131886560065658687e-01
1.820600000000209320e+03,8.132027173163530742e-01
1.820700000000209457e+03,8.132167768512693629e-01
1.820800000000209366e+03,8.132308346116248199e-01
1.820900000000209275e+03,8.132448905977291975e-01
1.821000000000209411e+03,8.132589448098925811e-01
1.821100000000209548e+03,8.132729972484249448e-01
1.821200000000209457e+03,8.132870479136357078e-01
1.821300000000209366e+03,8.133010968058346224e-01
1.821400000000209502e+03,8.133151439253315518e-01
1.821500000000209639e+03,8.133291892724358041e-01
1.821600000000209548e+03,8.133432328474567985e-01
1.821700000000209457e+03,8.133572746507042872e-01
1.821800000000209593e+03,8.133713146824873563e-01
1.821900000000209729e+03,8.133853529431154250e-01
1.822000000000209639e+03,8.133993894328976904e-01
1.822100000000209548e+03,8.134134241521431274e-01
1.822200000000209684e+03,8.134274571011609334e-01
1.822300000000209820e+03,8.134414882802601943e-01
1.822400000000209729e+03,8.134555176897498852e-01
1.822500000000209639e+03,8.134695453299388701e-01
1.822600000000209775e+03,8.134835712011356801e-01
1.822700000000209911e+03,8.134975953036494012e-01
1.822800000000209820e+03,8.135116176377886754e-01
1.822900000000209729e+03,8.135256382038619227e-01
1.823000000000209866e+03,8.135396570021777851e-01
1.823100000000210002e+03,8.135536740330447936e-01
1.823200000000209911e+03,8.135676892967713680e-01
1.823300000000209820e+03,8.135817027936658175e-01
1.823400000000209957e+03,8.135957145240363397e-01
1.823500000000210093e+03,8.136097244881912438e-01
1.823600000000210002e+03,8.136237326864386166e-01
1.823700000000209911e+03,8.136377391190865449e-01
1.823800000000210048e+03,8.136517437864431157e-01
1.823900000000210184e+03,8.136657466888161938e-01
1.824000000000210093e+03,8.136797478265135330e-01
1.824100000000210002e+03,8.136937471998432203e-01
1.824200000000210139e+03,8.137077448091128984e-01
1.824300000000210275e+03,8.137217406546302101e-01
1.824400000000210184e+03,8.137357347367025762e-01
1.824500000000210093e+03,8.137497270556377504e-01
1.824600000000210230e+03,8.137637176117432647e-01
1.824700000000210366e+03,8.137777064053262066e-01
1.824800000000210275e+03,8.137916934366945521e-01
1.824900000000210184e+03,8.138056787061548336e-01
1.825000000000210321e+03,8.138196622140146941e-01
1.825100000000210457e+03,8.138336439605811101e-01
1.825200000000210366e+03,8.138476239461612805e-01
1.825300000000210275e+03,8.138616021710619597e-01
1.825400000000210412e+03,8.138755786355905686e-01
1.825500000000210548e+03,8.138895533400535287e-01
1.825600000000210457e+03,8.139035262847578167e-01
1.825700000000210366e+03,8.139174974700100762e-01
1.825800000000210503e+03,8.139314668961171728e-01
1.825900000000210639e+03,8.139454345633856391e-01
1.826000000000210548e+03,8.139594004721218967e-01
1.826100000000210457e+03,8.139733646226324781e-01
1.826200000000210593e+03,8.139873270152238049e-01
1.826300000000210730e+03,8.140012876502022987e-01
1.826400000000210639e+03,8.140152465278741589e-01
1.826500000000210548e+03,8.140292036485454741e-01
1.826600000000210684e+03,8.140431590125225547e-01
1.826700000000210821e+03,8.140571126201116003e-01
1.826800000000210730e+03,8.140710644716183664e-01
1.826900000000210639e+03,8.140850145673488303e-01
1.827000000000210775e+03,8.140989629076088585e-01
1.827100000000210912e+03,8.141129094927044285e-01
1.827200000000210821e+03,8.141268543229409627e-01
1.827300000000210730e+03,8.141407973986244384e-01
1.827400000000210866e+03,8.141547387200605002e-01
1.827500000000211003e+03,8.141686782875544592e-01
1.827600000000210912e+03,8.141826161014119601e-01
1.827700000000210821e+03,8.141965521619382029e-01
1.827800000000210957e+03,8.142104864694390542e-01
1.827900000000211094e+03,8.142244190242189372e-01
1.828000000000211003e+03,8.142383498265838293e-01
1.828100000000210912e+03,8.142522788768384867e-01
1.828200000000211048e+03,8.142662061752881097e-01
1.828300000000211185e+03,8.142801317222377877e-01
1.828400000000211094e+03,8.142940555179923878e-01
1.828500000000211003e+03,8.143079775628565553e-01
1.828600000000211139e+03,8.143218978571354905e-01
1.828700000000211276e+03,8.143358164011337275e-01
1.828800000000211185e+03,8.143497331951561335e-01
1.828900000000211094e+03,8.143636482395069098e-01
1.829000000000211230e+03,8.143775615344912566e-01
1.829100000000211367e+03,8.143914730804131530e-01
1.829200000000211276e+03,8.144053828775771331e-01
1.829300000000211185e+03,8.144192909262873981e-01
1.829400000000211321e+03,8.144331972268487041e-01
1.829500000000211458e+03,8.144471017795649193e-01
1.829600000000211367e+03,8.144610045847402446e-01
1.829700000000211276e+03,8.144749056426786593e-01
1.829800000000211412e+03,8.144888049536843644e-01
1.829900000000211548e+03,8.145027025180613389e-01
1.830000000000211458e+03,8.145165983361134510e-01
1.830100000000211367e+03,8.145304924081442355e-01
1.830200000000211503e+03,8.145443847344578936e-01
1.830300000000211639e+03,8.145582753153578492e-01
1.830400000000211548e+03,8.145721641511477484e-01
1.830500000000211458e+03,8.145860512421312372e-01
1.830600000000211594e+03,8.145999365886118504e-01
1.830700000000211730e+03,8.146138201908927901e-01
1.830800000000211639e+03,8.146277020492775911e-01
1.830900000000211548e+03,8.146415821640696775e-01
1.831000000000211685e+03,8.146554605355720291e-01
1.831100000000211821e+03,8.146693371640879588e-01
1.831200000000211730e+03,8.146832120499203356e-01
1.831300000000211639e+03,8.146970851933726943e-01
1.831400000000211776e+03,8.147109565947474596e-01
1.831500000000211912e+03,8.147248262543479447e-01
1.831600000000211821e+03,8.147386941724767961e-01
1.831700000000211730e+03,8.147525603494366608e-01
1.831800000000211867e+03,8.147664247855305186e-01
1.831900000000212003e+03,8.147802874810609053e-01
1.832000000000211912e+03,8.147941484363303566e-01
1.832100000000211821e+03,8.148080076516414083e-01
1.832200000000211958e+03,8.148218651272964852e-01
1.832300000000212094e+03,8.148357208635980120e-01
1.832400000000212003e+03,8.148495748608481914e-01
1.832500000000211912e+03,8.148634271193494483e-01
1.832600000000212049e+03,8.148772776394036521e-01
1.832700000000212185e+03,8.148911264213134498e-01
1.832800000000212094e+03,8.149049734653804888e-01
1.832900000000212003e+03,8.149188187719067500e-01
1.833000000000212140e+03,8.149326623411944359e-01
1.833100000000212276e+03,8.149465041735450832e-01
1.833200000000212185e+03,8.149603442692606725e-01
1.833300000000212094e+03,8.149741826286427404e-01
1.833400000000212231e+03,8.149880192519932676e-01
1.833500000000212367e+03,8.150018541396135685e-01
1.833600000000212276e+03,8.150156872918054018e-01
1.833700000000212185e+03,8.150295187088699711e-01
1.833800000000212322e+03,8.150433483911089239e-01
1.833900000000212458e+03,8.150571763388232416e-01
1.834000000000212367e+03,8.150710025523146829e-01
1.834100000000212276e+03,8.150848270318840072e-01
1.834200000000212412e+03,8.150986497778327511e-01
1.834300000000212549e+03,8.151124707904616740e-01
1.834400000000212458e+03,8.151262900700716463e-01
1.834500000000212367e+03,8.151401076169640936e-01
1.834600000000212503e+03,8.151539234314395532e-01
1.834700000000212640e+03,8.151677375137990067e-01
1.834800000000212549e+03,8.151815498643431024e-01
1.834900000000212458e+03,8.151953604833724887e-01
1.835000000000212594e+03,8.152091693711880360e-01
1.835100000000212731e+03,8.152229765280898377e-01
1.835200000000212640e+03,8.152367819543788752e-01
1.835300000000212549e+03,8.152505856503551307e-01
1.835400000000212685e+03,8.152643876163192527e-01
1.835500000000212822e+03,8.152781878525714454e-01
1.835600000000212731e+03,8.152919863594119132e-01
1.835700000000212640e+03,8.153057831371408604e-01
1.835800000000212776e+03,8.153195781860583802e-01
1.835900000000212913e+03,8.153333715064644549e-01
1.836000000000212822e+03,8.153471630986589558e-01
1.836100000000212731e+03,8.153609529629420871e-01
1.836200000000212867e+03,8.153747410996134981e-01
1.836300000000213004e+03,8.153885275089729490e-01
1.836400000000212913e+03,8.154023121913200889e-01
1.836500000000212822e+03,8.154160951469547891e-01
1.836600000000212958e+03,8.154298763761763658e-01
1.836700000000213095e+03,8.154436558792845791e-01
1.836800000000213004e+03,8.154574336565785231e-01
1.836900000000212913e+03,8.154712097083579581e-01
1.837000000000213049e+03,8.154849840349220891e-01
1.837100000000213186e+03,8.154987566365700102e-01
1.837200000000213095e+03,8.155125275136010377e-01
1.837300000000213004e+03,8.155262966663142654e-01
1.837400000000213140e+03,8.155400640950088986e-01
1.837500000000213277e+03,8.155538297999838093e-01
1.837600000000213186e+03,8.155675937815377585e-01
1.837700000000213095e+03,8.155813560399699513e-01
1.837800000000213231e+03,8.155951165755789267e-01
1.837900000000213367e+03,8.156088753886635567e-01
1.838000000000213277e+03,8.156226324795223803e-01
1.838100000000213186e+03,8.156363878484541585e-01
1.838200000000213322e+03,8.156501414957573193e-01
1.838300000000213458e+03,8.156638934217304016e-01
1.838400000000213367e+03,8.156776436266719443e-01
1.838500000000213277e+03,8.156913921108799315e-01
1.838600000000213413e+03,8.157051388746530129e-01
1.838700000000213549e+03,8.157188839182892837e-01
1.838800000000213458e+03,8.157326272420867275e-01
1.838900000000213367e+03,8.157463688463437723e-01
1.839000000000213504e+03,8.157601087313581800e-01
1.839100000000213640e+03,8.157738468974281565e-01
1.839200000000213549e+03,8.157875833448511305e-01
1.839300000000213458e+03,8.158013180739254189e-01
1.839400000000213595e+03,8.158150510849486725e-01
1.839500000000213731e+03,8.158287823782184311e-01
1.839600000000213640e+03,8.158425119540326786e-01
1.839700000000213549e+03,8.158562398126886217e-01
1.839800000000213686e+03,8.158699659544838001e-01
1.839900000000213822e+03,8.158836903797158646e-01
1.840000000000213731e+03,8.158974130886821330e-01
1.840100000000213640e+03,8.159111340816798119e-01
1.840200000000213777e+03,8.159248533590063301e-01
1.840300000000213913e+03,8.159385709209588944e-01
1.840400000000213822e+03,8.159522867678343783e-01
1.840500000000213731e+03,8.159660008999299885e-01
1.840600000000213868e+03,8.159797133175428208e-01
1.840700000000214004e+03,8.159934240209696377e-01
1.840800000000213913e+03,8.160071330105075349e-01
1.840900000000213822e+03,8.160208402864529420e-01
1.841000000000213959e+03,8.160345458491029547e-01
1.841100000000214095e+03,8.160482496987541134e-01
1.841200000000214004e+03,8.160619518357030699e-01
1.841300000000213913e+03,8.160756522602462537e-01
1.841400000000214050e+03,8.160893509726804274e-01
1.841500000000214186e+03,8.161030479733016874e-01
1.841600000000214095e+03,8.161167432624066853e-01
1.841700000000214004e+03,8.161304368402914067e-01
1.841800000000214141e+03,8.161441287072521700e-01
1.841900000000214277e+03,8.161578188635855158e-01
1.842000000000214186e+03,8.161715073095869855e-01
1.842100000000214095e+03,8.161851940455528975e-01
1.842200000000214231e+03,8.161988790717793485e-01
1.842300000000214368e+03,8.162125623885619907e-01
1.842400000000214277e+03,8.162262439961966987e-01
1.842500000000214186e+03,8.162399238949795688e-01
1.842600000000214322e+03,8.162536020852059204e-01
1.842700000000214459e+03,8.162672785671715170e-01
1.842800000000214368e+03,8.162809533411721219e-01
1.842900000000214277e+03,8.162946264075031655e-01
1.843000000000214413e+03,8.163082977664600781e-01
1.843100000000214550e+03,8.163219674183381791e-01
1.843200000000214459e+03,8.163356353634328988e-01
1.843300000000214368e+03,8.163493016020396675e-01
1.843400000000214504e+03,8.163629661344533606e-01
1.843500000000214641e+03,8.163766289609694082e-01
1.843600000000214550e+03,8.163902900818826858e-01
1.843700000000214459e+03,8.164039494974884015e-01
1.843800000000214595e+03,8.164176072080813196e-01
1.843900000000214732e+03,8.164312632139565373e-01
1.844000000000214641e+03,8.164449175154087079e-01
1.844100000000214550e+03,8.164585701127325956e-01
1.844200000000214686e+03,8.164722210062230756e-01
1.844300000000214823e+03,8.164858701961744680e-01
1.844400000000214732e+03,8.164995176828817591e-01
1.844500000000214641e+03,8.165131634666390470e-01
1.844600000000214777e+03,8.165268075477410958e-01
1.844700000000214914e+03,8.165404499264822258e-01
1.844800000000214823e+03,8.165540906031564239e-01
1.844900000000214732e+03,8.165677295780584544e-01
1.845000000000214868e+03,8.165813668514821932e-01
1.845100000000215005e+03,8.165950024237218496e-01
1.845200000000214914e+03,8.166086362950714106e-01
1.845300000000214823e+03,8.166222684658249742e-01
1.845400000000214959e+03,8.166358989362765275e-01
1.845500000000215095e+03,8.166495277067197245e-01
1.845600000000215005e+03,8.166631547774486632e-01
1.845700000000214914e+03,8.166767801487567757e-01
1.845800000000215050e+03,8.166904038209379380e-01
1.845900000000215186e+03,8.167040257942858039e-01
1.846000000000215095e+03,8.167176460690939166e-01
1.846100000000215005e+03,8.167312646456557079e-01
1.846200000000215141e+03,8.167448815242644988e-01
1.846300000000215277e+03,8.167584967052139433e-01
1.846400000000215186e+03,8.167721101887971402e-01
1.846500000000215095e+03,8.167857219753072995e-01
1.846600000000215232e+03,8.167993320650377420e-01
1.846700000000215368e+03,8.168129404582814557e-01
1.846800000000215277e+03,8.168265471553316504e-01
1.846900000000215186e+03,8.168401521564812029e-01
1.847000000000215323e+03,8.168537554620231012e-01
1.847100000000215459e+03,8.168673570722499999e-01
1.847200000000215368e+03,8.168809569874548870e-01
1.847300000000215277e+03,8.168945552079305283e-01
1.847400000000215414e+03,8.169081517339695786e-01
1.847500000000215550e+03,8.169217465658645816e-01
1.847600000000215459e+03,8.169353397039079701e-01
1.847700000000215368e+03,8.169489311483923988e-01
1.847800000000215505e+03,8.169625208996103005e-01
1.847900000000215641e+03,8.169761089578541080e-01
1.848000000000215550e+03,8.169896953234159209e-01
1.848100000000215459e+03,8.170032799965879500e-01
1.848200000000215596e+03,8.170168629776626279e-01
1.848300000000215732e+03,8.170304442669317213e-01
1.848400000000215641e+03,8.170440238646875519e-01
1.848500000000215550e+03,8.170576017712219974e-01
1.848600000000215687e+03,8.170711779868268243e-01
1.848700000000215823e+03,8.170847525117942434e-01
1.848800000000215732e+03,8.170983253464156881e-01
1.848900000000215641e+03,8.171118964909831472e-01
1.849000000000215778e+03,8.171254659457881653e-01
1.849100000000215914e+03,8.171390337111222868e-01
1.849200000000215823e+03,8.171525997872770564e-01
1.849300000000215732e+03,8.171661641745440186e-01
1.849400000000215869e+03,8.171797268732147179e-01
1.849500000000216005e+03,8.171932878835803660e-01
1.849600000000215914e+03,8.172068472059321742e-01
1.849700000000215823e+03,8.172204048405615762e-01
1.849800000000215960e+03,8.172339607877594503e-01
1.849900000000216096e+03,8.172475150478171191e-01
1.850000000000216005e+03,8.172610676210255720e-01
1.850100000000215914e+03,8.172746185076757985e-01
1.850200000000216050e+03,8.172881677080586771e-01
1.850300000000216187e+03,8.173017152224649751e-01
1.850400000000216096e+03,8.173152610511855709e-01
1.850500000000216005e+03,8.173288051945113430e-01
1.850600000000216141e+03,8.173423476527328368e-01
1.850700000000216278e+03,8.173558884261404867e-01
1.850800000000216187e+03,8.173694275150249489e-01
1.850900000000216096e+03,8.173829649196767688e-01
1.851000000000216232e+03,8.173965006403862699e-01
1.851100000000216369e+03,8.174100346774438863e-01
1.851200000000216278e+03,8.174235670311398305e-01
1.851300000000216187e+03,8.174370977017644258e-01
1.851400000000216323e+03,8.174506266896077733e-01
1.851500000000216460e+03,8.174641539949597524e-01
1.851600000000216369e+03,8.174776796181107974e-01
1.851700000000216278e+03,8.174912035593506765e-01
1.851800000000216414e+03,8.175047258189693800e-01
1.851900000000216551e+03,8.175182463972566760e-01
1.852000000000216460e+03,8.175317652945022218e-01
1.852100000000216369e+03,8.175452825109961186e-01
1.852200000000216505e+03,8.175587980470276905e-01
1.852300000000216642e+03,8.175723119028868169e-01
1.852400000000216551e+03,8.175858240788627107e-01
1.852500000000216460e+03,8.175993345752450292e-01
1.852600000000216596e+03,8.176128433923233185e-01
1.852700000000216733e+03,8.176263505303866808e-01
1.852800000000216642e+03,8.176398559897244400e-01
1.852900000000216551e+03,8.176533597706260315e-01
1.853000000000216687e+03,8.176668618733805571e-01
1.853100000000216824e+03,8.176803622982768971e-01
1.853200000000216733e+03,8.176938610456043754e-01
1.853300000000216642e+03,8.177073581156517612e-01
1.853400000000216778e+03,8.177208535087081565e-01
1.853500000000216914e+03,8.177343472250623302e-01
1.853600000000216824e+03,8.177478392650029404e-01
1.853700000000216733e+03,8.177613296288188671e-01
1.853800000000216869e+03,8.177748183167988794e-01
1.853900000000217005e+03,8.177883053292313020e-01
1.854000000000216914e+03,8.178017906664050152e-01
1.854100000000216824e+03,8.178152743286082327e-01
1.854200000000216960e+03,8.178287563161293905e-01
1.854300000000217096e+03,8.178422366292570356e-01
1.854400000000217005e+03,8.178557152682792708e-01
1.854500000000216914e+03,8.178691922334844211e-01
1.854600000000217051e+03,8.178826675251607004e-01
1.854700000000217187e+03,8.178961411435962114e-01
1.854800000000217096e+03,8.179096130890789462e-01
1.854900000000217005e+03,8.179230833618968965e-01
1.855000000000217142e+03,8.179365519623379432e-01
1.855100000000217278e+03,8.179500188906901892e-01
1.855200000000217187e+03,8.179634841472410711e-01
1.855300000000217096e+03,8.179769477322785809e-01
1.855400000000217233e+03,8.179904096460903773e-01
1.855500000000217369e+03,8.180038698889638971e-01
1.855600000000217278e+03,8.180173284611869100e-01
1.855700000000217187e+03,8.180307853630467418e-01
1.855800000000217324e+03,8.180442405948310514e-01
1.855900000000217460e+03,8.180576941568270533e-01
1.856000000000217369e+03,8.180711460493219622e-01
1.856100000000217278e+03,8.180845962726033260e-01
1.856200000000217415e+03,8.180980448269579153e-01
1.856300000000217551e+03,8.181114917126730557e-01
1.856400000000217460e+03,8.181249369300359620e-01
1.856500000000217369e+03,8.181383804793332937e-01
1.856600000000217506e+03,8.181518223608524876e-01
1.856700000000217642e+03,8.181652625748799812e-01
1.856800000000217551e+03,8.181787011217025452e-01
1.856900000000217460e+03,8.181921380016073941e-01
1.857000000000217597e+03,8.182055732148807436e-01
1.857100000000217733e+03,8.182190067618095863e-01
1.857200000000217642e+03,8.182324386426801377e-01
1.857300000000217551e+03,8.182458688577791683e-01
1.857400000000217688e+03,8.182592974073932268e-01
1.857500000000217824e+03,8.182727242918083066e-01
1.857600000000217733e+03,8.182861495113109562e-01
1.857700000000217642e+03,8.182995730661873912e-01
1.857800000000217779e+03,8.183129949567239381e-01
1.857900000000217915e+03,8.183264151832065902e-01
1.858000000000217824e+03,8.183398337459214522e-01
1.858100000000217733e+03,8.183532506451545174e-01
1.858200000000217869e+03,8.183666658811918904e-01
1.858300000000218006e+03,8.183800794543193424e-01
1.858400000000217915e+03,8.183934913648226450e-01
1.858500000000217824e+03,8.184069016129875695e-01
1.858600000000217960e+03,8.184203101990998874e-01
1.858700000000218097e+03,8.184337171234453701e-01
1.858800000000218006e+03,8.184471223863095668e-01
1.858900000000217915e+03,8.184605259879776940e-01
1.859000000000218051e+03,8.184739279287356339e-01
1.859100000000218188e+03,8.184873282088683810e-01
1.859200000000218097e+03,8.185007268286615956e-01
1.859300000000218006e+03,8.185141237884003829e-01
1.859400000000218142e+03,8.185275190883701812e-01
1.859500000000218279e+03,8.185409127288559850e-01
1.859600000000218188e+03,8.185543047101426772e-01
1.859700000000218097e+03,8.185676950325155854e-01
1.859800000000218233e+03,8.185810836962597037e-01
1.859900000000218370e+03,8.185944707016600264e-01
1.860000000000218279e+03,8.186078560490009925e-01
1.860100000000218188e+03,8.186212397385677075e-01
1.860200000000218324e+03,8.186346217706448325e-01
1.860300000000218461e+03,8.186480021455169176e-01
1.860400000000218370e+03,8.186613808634687350e-01
1.860500000000218279e+03,8.186747579247848350e-01
1.860600000000218415e+03,8.186881333297496566e-01
1.860700000000218552e+03,8.187015070786475279e-01
1.860800000000218461e+03,8.187148791717628882e-01
1.860900000000218370e+03,8.187282496093800654e-01
1.861000000000218506e+03,8.187416183917832768e-01
1.861100000000218643e+03,8.187549855192567394e-01
1.861200000000218552e+03,8.187683509920845593e-01
1.861300000000218461e+03,8.187817148105507314e-01
1.861400000000218597e+03,8.187950769749393620e-01
1.861500000000218733e+03,8.188084374855342240e-01
1.861600000000218643e+03,8.188217963426193124e-01
1.861700000000218552e+03,8.188351535464785114e-01
1.861800000000218688e+03,8.188485090973953717e-01
1.861900000000218824e+03,8.188618629956538886e-01
1.862000000000218733e+03,8.188752152415372798e-01
1.862100000000218643e+03,8.188885658353294295e-01
1.862200000000218779e+03,8.189019147773138885e-01
1.862300000000218915e+03,8.189152620677738748e-01
1.862400000000218824e+03,8.189286077069928282e-01
1.862500000000218733e+03,8.189419516952541889e-01
1.862600000000218870e+03,8.189552940328412856e-01
1.862700000000219006e+03,8.189686347200371141e-01
1.862800000000218915e+03,8.189819737571248925e-01
1.862900000000218824e+03,8.189953111443877276e-01
1.863000000000218961e+03,8.190086468821087262e-01
1.863100000000219097e+03,8.190219809705706622e-01
1.863200000000219006e+03,8.190353134100566423e-01
1.863300000000218915e+03,8.190486442008494405e-01
1.863400000000219052e+03,8.190619733432318306e-01
1.863500000000219188e+03,8.190753008374864752e-01
1.863600000000219097e+03,8.190886266838961483e-01
1.863700000000219006e+03,8.191019508827432904e-01
1.863800000000219143e+03,8.191152734343105646e-01
1.863900000000219279e+03,8.191285943388805224e-01
1.864000000000219188e+03,8.191419135967353826e-01
1.864100000000219097e+03,8.191552312081576970e-01
1.864200000000219234e+03,8.191685471734296842e-01
1.864300000000219370e+03,8.191818614928334519e-01
1.864400000000219279e+03,8.191951741666514408e-01
1.864500000000219188e+03,8.192084851951655367e-01
1.864600000000219325e+03,8.192217945786580691e-01
1.864700000000219461e+03,8.192351023174107016e-01
1.864800000000219370e+03,8.192484084117055421e-01
1.864900000000219279e+03,8.192617128618243649e-01
1.865000000000219416e+03,8.192750156680492779e-01
1.865100000000219552e+03,8.192883168306617225e-01
1.865200000000219461e+03,8.193016163499435844e-01
1.865300000000219370e+03,8.193149142261763052e-01
1.865400000000219507e+03,8.193282104596416593e-01
1.865500000000219643e+03,8.193415050506209774e-01
1.865600000000219552e+03,8.193547979993959229e-01
1.865700000000219461e+03,8.193680893062477155e-01
1.865800000000219597e+03,8.193813789714576856e-01
1.865900000000219734e+03,8.193946669953072748e-01
1.866000000000219643e+03,8.194079533780775915e-01
1.866100000000219552e+03,8.194212381200497441e-01
1.866200000000219688e+03,8.194345212215048413e-01
1.866300000000219825e+03,8.194478026827239914e-01
1.866400000000219734e+03,8.194610825039880808e-01
1.866500000000219643e+03,8.194743606855781071e-01
1.866600000000219779e+03,8.194876372277748455e-01
1.866700000000219916e+03,8.195009121308591826e-01
1.866800000000219825e+03,8.195141853951116717e-01
1.866900000000219734e+03,8.195274570208131992e-01
1.867000000000219870e+03,8.195407270082442075e-01
1.867100000000220007e+03,8.195539953576854719e-01
1.867200000000219916e+03,8.195672620694172128e-01
1.867300000000219825e+03,8.195805271437198725e-01
1.867400000000219961e+03,8.195937905808741153e-01
1.867500000000220098e+03,8.196070523811600506e-01
1.867600000000220007e+03,8.196203125448578986e-01
1.867700000000219916e+03,8.196335710722478796e-01
1.867800000000220052e+03,8.196468279636102139e-01
1.867900000000220189e+03,8.196600832192248998e-01
1.868000000000220098e+03,8.196733368393719354e-01
1.868100000000220007e+03,8.196865888243312082e-01
1.868200000000220143e+03,8.196998391743828272e-01
1.868300000000220280e+03,8.197130878898065687e-01
1.868400000000220189e+03,8.197263349708820979e-01
1.868500000000220098e+03,8.197395804178889689e-01
1.868600000000220234e+03,8.197528242311072910e-01
1.868700000000220371e+03,8.197660664108162853e-01
1.868800000000220280e+03,8.197793069572955060e-01
1.868900000000220189e+03,8.197925458708246182e-01
1.869000000000220325e+03,8.198057831516829541e-01
1.869100000000220462e+03,8.198190188001499568e-01
1.869200000000220371e+03,8.198322528165046252e-01
1.869300000000220280e+03,8.198454852010264027e-01
1.869400000000220416e+03,8.198587159539945102e-01
1.869500000000220552e+03,8.198719450756880578e-01
1.869600000000220462e+03,8.198851725663859336e-01
1.869700000000220371e+03,8.198983984263673586e-01
1.869800000000220507e+03,8.199116226559111098e-01
1.869900000000220643e+03,8.199248452552961863e-01
1.870000000000220552e+03,8.199380662248011431e-01
1.870100000000220462e+03,8.199512855647050902e-01
1.870200000000220598e+03,8.199645032752865825e-01
1.870300000000220734e+03,8.199777193568241751e-01
1.870400000000220643e+03,8.199909338095965339e-01
1.870500000000220552e+03,8.200041466338821028e-01
1.870600000000220689e+03,8.200173578299595478e-01
1.870700000000220825e+03,8.200305673981069798e-01
1.870800000000220734e+03,8.200437753386028428e-01
1.870900000000220643e+03,8.200569816517256916e-01
1.871000000000220780e+03,8.200701863377533041e-01
1.871100000000220916e+03,8.200833893969641242e-01
1.871200000000220825e+03,8.200965908296362628e-01
1.871300000000220734e+03,8.201097906360476086e-01
1.871400000000220871e+03,8.201229888164762727e-01
1.871500000000221007e+03,8.201361853712000327e-01
1.871600000000220916e+03,8.201493803004969996e-01
1.871700000000220825e+03,8.201625736046447290e-01
1.871800000000220962e+03,8.201757652839212209e-01
1.871900000000221098e+03,8.201889553386039200e-01
1.872000000000221007e+03,8.202021437689704930e-01
1.872100000000220916e+03,8.202153305752987178e-01
1.872200000000221053e+03,8.202285157578659280e-01
1.872300000000221189e+03,8.202416993169495685e-01
1.872400000000221098e+03,8.202548812528270838e-01
1.872500000000221007e+03,8.202680615657756968e-01
1.872600000000221144e+03,8.202812402560729632e-01
1.872700000000221280e+03,8.202944173239958836e-01
1.872800000000221189e+03,8.203075927698214587e-01
1.872900000000221098e+03,8.203207665938271331e-01
1.873000000000221235e+03,8.203339387962897966e-01
1.873100000000221371e+03,8.203471093774864498e-01
1.873200000000221280e+03,8.203602783376938712e-01
1.873300000000221189e+03,8.203734456771890615e-01
1.873400000000221326e+03,8.203866113962487994e-01
1.873500000000221462e+03,8.203997754951497523e-01
1.873600000000221371e+03,8.204129379741686989e-01
1.873700000000221280e+03,8.204260988335821958e-01
1.873800000000221416e+03,8.204392580736669105e-01
1.873900000000221553e+03,8.204524156946991775e-01
1.874000000000221462e+03,8.204655716969556645e-01
1.874100000000221371e+03,8.204787260807124838e-01
1.874200000000221507e+03,8.204918788462461920e-01
1.874300000000221644e+03,8.205050299938330127e-01
1.874400000000221553e+03,8.205181795237490583e-01
1.874500000000221462e+03,8.205313274362706633e-01
1.874600000000221598e+03,8.205444737316736070e-01
1.874700000000221735e+03,8.205576184102343351e-01
1.874800000000221644e+03,8.205707614722286269e-01
1.874900000000221553e+03,8.205839029179321509e-01
1.875000000000221689e+03,8.205970427476211304e-01
1.875100000000221826e+03,8.206101809615713449e-01
1.875200000000221735e+03,8.206233175600582408e-01
1.875300000000221644e+03,8.206364525433577084e-01
1.875400000000221780e+03,8.206495859117453051e-01
1.875500000000221917e+03,8.206627176654966993e-01
1.875600000000221826e+03,8.206758478048873373e-01
1.875700000000221735e+03,8.206889763301926655e-01
1.875800000000221871e+03,8.207021032416879081e-01
1.875900000000222008e+03,8.207152285396487335e-01
1.876000000000221917e+03,8.207283522243501439e-01
1.876100000000221826e+03,8.207414742960673637e-01
1.876200000000221962e+03,8.207545947550756171e-01
1.876300000000222099e+03,8.207677136016501285e-01
1.876400000000222008e+03,8.207808308360656779e-01
1.876500000000221917e+03,8.207939464585972678e-01
1.876600000000222053e+03,8.208070604695201222e-01
1.876700000000222190e+03,8.208201728691087995e-01
1.876800000000222099e+03,8.208332836576381908e-01
1.876900000000222008e+03,8.208463928353829653e-01
1.877000000000222144e+03,8.208595004026179032e-01
1.877100000000222281e+03,8.208726063596175626e-01
1.877200000000222190e+03,8.208857107066566128e-01
1.877300000000222099e+03,8.208988134440095008e-01
1.877400000000222235e+03,8.209119145719506738e-01
1.877500000000222371e+03,8.209250140907544679e-01
1.877600000000222281e+03,8.209381120006952193e-01
1.877700000000222190e+03,8.209512083020472639e-01
1.877800000000222326e+03,8.209643029950848270e-01
1.877900000000222462e+03,8.209773960800821335e-01
1.878000000000222371e+03,8.209904875573131866e-01
1.878100000000222281e+03,8.210035774270519893e-01
1.878200000000222417e+03,8.210166656895725446e-01
1.878300000000222553e+03,8.210297523451488555e-01
1.878400000000222462e+03,8.210428373940545921e-01
1.878500000000222371e+03,8.210559208365637573e-01
1.878600000000222508e+03,8.210690026729501323e-01
1.878700000000222644e+03,8.210820829034872759e-01
1.878800000000222553e+03,8.210951615284487470e-01
1.878900000000222462e+03,8.211082385481084378e-01
1.879000000000222599e+03,8.211213139627395741e-01
1.879100000000222735e+03,8.211343877726156038e-01
1.879200000000222644e+03,8.211474599780100858e-01
1.879300000000222553e+03,8.211605305791963572e-01
1.879400000000222690e+03,8.211735995764475327e-01
1.879500000000222826e+03,8.211866669700370602e-01
1.879600000000222735e+03,8.211997327602378327e-01
1.879700000000222644e+03,8.212127969473231870e-01
1.879800000000222781e+03,8.212258595315661269e-01
1.879900000000222917e+03,8.212389205132395453e-01
1.880000000000222826e+03,8.212519798926165571e-01
1.880100000000222735e+03,8.212650376699698329e-01
1.880200000000222872e+03,8.212780938455723767e-01
1.880300000000223008e+03,8.212911484196967482e-01
1.880400000000222917e+03,8.213042013926158402e-01
1.880500000000222826e+03,8.213172527646022125e-01
1.880600000000222963e+03,8.213303025359284248e-01
1.880700000000223099e+03,8.213433507068670369e-01
1.880800000000223008e+03,8.213563972776904976e-01
1.880900000000222917e+03,8.213694422486711444e-01
1.881000000000223054e+03,8.213824856200815372e-01
1.881100000000223190e+03,8.213955273921939026e-01
1.881200000000223099e+03,8.214085675652803564e-01
1.881300000000223008e+03,8.214216061396131252e-01
1.881400000000223145e+03,8.214346431154644357e-01
1.881500000000223281e+03,8.214476784931062925e-01
1.881600000000223190e+03,8.214607122728104782e-01
1.881700000000223099e+03,8.214737444548493306e-01
1.881800000000223235e+03,8.214867750394944101e-01
1.881900000000223372e+03,8.214998040270178326e-01
1.882000000000223281e+03,8.215128314176911584e-01
1.882100000000223190e+03,8.215258572117862812e-01
1.882200000000223326e+03,8.215388814095746506e-01
1.882300000000223463e+03,8.215519040113279381e-01
1.882400000000223372e+03,8.215649250173178153e-01
1.882500000000223281e+03,8.215779444278156207e-01
1.882600000000223417e+03,8.215909622430928039e-01
1.882700000000223554e+03,8.216039784634209253e-01
1.882800000000223463e+03,8.216169930890708795e-01
1.882900000000223372e+03,8.216300061203143379e-01
1.883000000000223508e+03,8.216430175574224171e-01
1.883100000000223645e+03,8.216560274006660114e-01
1.883200000000223554e+03,8.216690356503164594e-01
1.883300000000223463e+03,8.216820423066446555e-01
1.883400000000223599e+03,8.216950473699216051e-01
1.883500000000223736e+03,8.217080508404183137e-01
1.883600000000223645e+03,8.217210527184054536e-01
1.883700000000223554e+03,8.217340530041538083e-01
1.883800000000223690e+03,8.217470516979343831e-01
1.883900000000223827e+03,8.217600488000175174e-01
1.884000000000223736e+03,8.217730443106742166e-01
1.884100000000223645e+03,8.217860382301745981e-01
1.884200000000223781e+03,8.217990305587895561e-01
1.884300000000223918e+03,8.218120212967893190e-01
1.884400000000223827e+03,8.218250104444442261e-01
1.884500000000223736e+03,8.218379980020248388e-01
1.884600000000223872e+03,8.218509839698012742e-01
1.884700000000224009e+03,8.218639683480437608e-01
1.884800000000223918e+03,8.218769511370225267e-01
1.884900000000223827e+03,8.218899323370076893e-01
1.885000000000223963e+03,8.219029119482691437e-01
1.885100000000224099e+03,8.219158899710770072e-01
1.885200000000224009e+03,8.219288664057011751e-01
1.885300000000223918e+03,8.219418412524115425e-01
1.885400000000224054e+03,8.219548145114778936e-01
1.885500000000224190e+03,8.219677861831700127e-01
1.885600000000224099e+03,8.219807562677576840e-01
1.885700000000224009e+03,8.219937247655103585e-01
1.885800000000224145e+03,8.220066916766977094e-01
1.885900000000224281e+03,8.220196570015894100e-01
1.886000000000224190e+03,8.220326207404546892e-01
1.886100000000224099e+03,8.220455828935631093e-01
1.886200000000224236e+03,8.220585434611840103e-01
1.886300000000224372e+03,8.220715024435866214e-01
1.886400000000224281e+03,8.220844598410403936e-01
1.886500000000224190e+03,8.220974156538142230e-01
1.886600000000224327e+03,8.221103698821775607e-01
1.886700000000224463e+03,8.221233225263993027e-01
1.886800000000224372e+03,8.221362735867483451e-01
1.886900000000224281e+03,8.221492230634938059e-01
1.887000000000224418e+03,8.221621709569044700e-01
1.887100000000224554e+03,8.221751172672494556e-01
1.887200000000224463e+03,8.221880619947972146e-01
1.887300000000224372e+03,8.222010051398166430e-01
1.887400000000224509e+03,8.222139467025764148e-01
1.887500000000224645e+03,8.222268866833450929e-01
1.887600000000224554e+03,8.222398250823912402e-01
1.887700000000224463e+03,8.222527618999835308e-01
1.887800000000224600e+03,8.222656971363900835e-01
1.887900000000224736e+03,8.222786307918796833e-01
1.888000000000224645e+03,8.222915628667201160e-01
1.888100000000224554e+03,8.223044933611802776e-01
1.888200000000224691e+03,8.223174222755280649e-01
1.888300000000224827e+03,8.223303496100314858e-01
1.888400000000224736e+03,8.223432753649589921e-01
1.888500000000224645e+03,8.223561995405782588e-01
1.888600000000224782e+03,8.223691221371576265e-01
1.888700000000224918e+03,8.223820431549649923e-01
1.888800000000224827e+03,8.223949625942680308e-01
1.888900000000224736e+03,8.224078804553345279e-01
1.889000000000224873e+03,8.224207967384323803e-01
1.889100000000225009e+03,8.224337114438293739e-01
1.889200000000224918e+03,8.224466245717929613e-01
1.889300000000224827e+03,8.224595361225909285e-01
1.889400000000224964e+03,8.224724460964907280e-01
1.889500000000225100e+03,8.224853544937599237e-01
1.889600000000225009e+03,8.224982613146656352e-01
1.889700000000224918e+03,8.225111665594754262e-01
1.889800000000225054e+03,8.225240702284567496e-01
1.889900000000225191e+03,8.225369723218767248e-01
1.890000000000225100e+03,8.225498728400024717e-01
1.890100000000225009e+03,8.225627717831011099e-01
1.890200000000225145e+03,8.225756691514399810e-01
1.890300000000225282e+03,8.225885649452858717e-01
1.890400000000225191e+03,8.226014591649057905e-01
1.890500000000225100e+03,8.226143518105666352e-01
1.890600000000225236e+03,8.226272428825354144e-01
1.890700000000225373e+03,8.226401323810788035e-01
1.890800000000225282e+03,8.226530203064633673e-01
1.890900000000225191e+03,8.226659066589562253e-01
1.891000000000225327e+03,8.226787914388236089e-01
1.891100000000225464e+03,8.226916746463323049e-01
1.891200000000225373e+03,8.227045562817487667e-01
1.891300000000225282e+03,8.227174363453393369e-01
1.891400000000225418e+03,8.227303148373706909e-01
1.891500000000225555e+03,8.227431917581088383e-01
1.891600000000225464e+03,8.227560671078202326e-01
1.891700000000225373e+03,8.227689408867713272e-01
1.891800000000225509e+03,8.227818130952279096e-01
1.891900000000225646e+03,8.227946837334563224e-01
1.892000000000225555e+03,8.228075528017226858e-01
1.892100000000225464e+03,8.228204203002927875e-01
1.892200000000225600e+03,8.228332862294327477e-01
1.892300000000225737e+03,8.228461505894084649e-01
1.892400000000225646e+03,8.228590133804856155e-01
1.892500000000225555e+03,8.228718746029302089e-01
1.892600000000225691e+03,8.228847342570078105e-01
1.892700000000225828e+03,8.228975923429840966e-01
1.892800000000225737e+03,8.229104488611247437e-01
1.892900000000225646e+03,8.229233038116952059e-01
1.893000000000225782e+03,8.229361571949611598e-01
1.893100000000225918e+03,8.229490090111879486e-01
1.893200000000225828e+03,8.229618592606410266e-01
1.893300000000225737e+03,8.229747079435855150e-01
1.893400000000225873e+03,8.229875550602868683e-01
1.893500000000226009e+03,8.230004006110104298e-01
1.893600000000225918e+03,8.230132445960209875e-01
1.893700000000225828e+03,8.230260870155839958e-01
1.893800000000225964e+03,8.230389278699643540e-01
1.893900000000226100e+03,8.230517671594270723e-01
1.894000000000226009e+03,8.230646048842370499e-01
1.894100000000225918e+03,8.230774410446592970e-01
1.894200000000226055e+03,8.230902756409584908e-01
1.894300000000226191e+03,8.231031086733995306e-01
1.894400000000226100e+03,8.231159401422470934e-01
1.894500000000226009e+03,8.231287700477657454e-01
1.894600000000226146e+03,8.231415983902202749e-01
1.894700000000226282e+03,8.231544251698750259e-01
1.894800000000226191e+03,8.231672503869945645e-01
1.894900000000226100e+03,8.231800740418433460e-01
1.895000000000226237e+03,8.231928961346857143e-01
1.895100000000226373e+03,8.232057166657861247e-01
1.895200000000226282e+03,8.232185356354086991e-01
1.895300000000226191e+03,8.232313530438176707e-01
1.895400000000226328e+03,8.232441688912771616e-01
1.895500000000226464e+03,8.232569831780514047e-01
1.895600000000226373e+03,8.232697959044041891e-01
1.895700000000226282e+03,8.232826070705999699e-01
1.895800000000226419e+03,8.232954166769022031e-01
1.895900000000226555e+03,8.233082247235748996e-01
1.896000000000226464e+03,8.233210312108818485e-01
1.896100000000226373e+03,8.233338361390870608e-01
1.896200000000226510e+03,8.233466395084539924e-01
1.896300000000226646e+03,8.233594413192464323e-01
1.896400000000226555e+03,8.233722415717277254e-01
1.896500000000226464e+03,8.233850402661616608e-01
1.896600000000226601e+03,8.233978374028118052e-01
1.896700000000226737e+03,8.234106329819413927e-01
1.896800000000226646e+03,8.234234270038136572e-01
1.896900000000226555e+03,8.234362194686923875e-01
1.897000000000226692e+03,8.234490103768403735e-01
1.897100000000226828e+03,8.234617997285210711e-01
1.897200000000226737e+03,8.234745875239976032e-01
1.897300000000226646e+03,8.234873737635329816e-01
1.897400000000226783e+03,8.235001584473903291e-01
1.897500000000226919e+03,8.235129415758325466e-01
1.897600000000226828e+03,8.235257231491226459e-01
1.897700000000226737e+03,8.235385031675234169e-01
1.897800000000226873e+03,8.235512816312978712e-01
1.897900000000227010e+03,8.235640585407084657e-01
1.898000000000226919e+03,8.235768338960181012e-01
1.898100000000226828e+03,8.235896076974893454e-01
1.898200000000226964e+03,8.236023799453849881e-01
1.898300000000227101e+03,8.236151506399672639e-01
1.898400000000227010e+03,8.236279197814988517e-01
1.898500000000226919e+03,8.236406873702420972e-01
1.898600000000227055e+03,8.236534534064594570e-01
1.898700000000227192e+03,8.236662178904131659e-01
1.898800000000227101e+03,8.236789808223655696e-01
1.898900000000227010e+03,8.236917422025787916e-01
1.899000000000227146e+03,8.237045020313150667e-01
1.899100000000227283e+03,8.237172603088364076e-01
1.899200000000227192e+03,8.237300170354049378e-01
1.899300000000227101e+03,8.237427722112824480e-01
1.899400000000227237e+03,8.237555258367310618e-01
1.899500000000227374e+03,8.237682779120126808e-01
1.899600000000227283e+03,8.237810284373889846e-01
1.899700000000227192e+03,8.237937774131217639e-01
1.899800000000227328e+03,8.238065248394728091e-01
1.899900000000227465e+03,8.238192707167036888e-01
1.900000000000227374e+03,8.238320150450759716e-01
1.900100000000227283e+03,8.238447578248513370e-01
1.900200000000227419e+03,8.238574990562911315e-01
1.900300000000227556e+03,8.238702387396569238e-01
1.900400000000227465e+03,8.238829768752099492e-01
1.900500000000227374e+03,8.238957134632116652e-01
1.900600000000227510e+03,8.239084485039230854e-01
1.900700000000227647e+03,8.239211819976057782e-01
1.900800000000227556e+03,8.239339139445206461e-01
1.900900000000227465e+03,8.239466443449288136e-01
1.901000000000227601e+03,8.239593731990914049e-01
1.901100000000227737e+03,8.239721005072694338e-01
1.901200000000227647e+03,8.239848262697236914e-01
1.901300000000227556e+03,8.239975504867151912e-01
1.901400000000227692e+03,8.240102731585048357e-01
1.901500000000227828e+03,8.240229942853530831e-01
1.901600000000227737e+03,8.240357138675208359e-01
1.901700000000227647e+03,8.240484319052687745e-01
1.901800000000227783e+03,8.240611483988574681e-01
1.901900000000227919e+03,8.240738633485475972e-01
1.902000000000227828e+03,8.240865767545993981e-01
1.902100000000227737e+03,8.240992886172735510e-01
1.902200000000227874e+03,8.241119989368301813e-01
1.902300000000228010e+03,8.241247077135299692e-01
1.902400000000227919e+03,8.241374149476328181e-01
1.902500000000227828e+03,8.241501206393991863e-01
1.902600000000227965e+03,8.241628247890891990e-01
1.902700000000228101e+03,8.241755273969628703e-01
1.902800000000228010e+03,8.241882284632804367e-01
1.902900000000227919e+03,8.242009279883016903e-01
1.903000000000228056e+03,8.242136259722866454e-01
1.903100000000228192e+03,8.242263224154953161e-01
1.903200000000228101e+03,8.242390173181873836e-01
1.903300000000228010e+03,8.242517106806226401e-01
1.903400000000228147e+03,8.242644025030608779e-01
1.903500000000228283e+03,8.242770927857617780e-01
1.903600000000228192e+03,8.242897815289847996e-01
1.903700000000228101e+03,8.243024687329897349e-01
1.903800000000228238e+03,8.243151543980359319e-01
1.903900000000228374e+03,8.243278385243829609e-01
1.904000000000228283e+03,8.243405211122900589e-01
1.904100000000228192e+03,8.243532021620165740e-01
1.904200000000228329e+03,8.243658816738219652e-01
1.904300000000228465e+03,8.243785596479653588e-01
1.904400000000228374e+03,8.243912360847059917e-01
1.904500000000228283e+03,8.244039109843028790e-01
1.904600000000228420e+03,8.244165843470151467e-01
1.904700000000228556e+03,8.244292561731019209e-01
1.904800000000228465e+03,8.244419264628219945e-01
1.904900000000228374e+03,8.244545952164342717e-01
1.905000000000228511e+03,8.244672624341976563e-01
1.905100000000228647e+03,8.244799281163709415e-01
1.905200000000228556e+03,8.244925922632129200e-01
1.905300000000228465e+03,8.245052548749821630e-01
1.905400000000228601e+03,8.245179159519374634e-01
1.905500000000228738e+03,8.245305754943372811e-01
1.905600000000228647e+03,8.245432335024401871e-01
1.905700000000228556e+03,8.245558899765045302e-01
1.905800000000228692e+03,8.245685449167887704e-01
1.905900000000228829e+03,8.245811983235514786e-01
1.906000000000228738e+03,8.245938501970506707e-01
1.906100000000228647e+03,8.246065005375446955e-01
1.906200000000228783e+03,8.246191493452919019e-01
1.906300000000228920e+03,8.246317966205503058e-01
1.906400000000228829e+03,8.246444423635779231e-01
1.906500000000228738e+03,8.246570865746327694e-01
1.906600000000228874e+03,8.246697292539730828e-01
1.906700000000229011e+03,8.246823704018564349e-01
1.906800000000228920e+03,8.246950100185410637e-01
1.906900000000228829e+03,8.247076481042843188e-01
1.907000000000228965e+03,8.247202846593444381e-01
1.907100000000229102e+03,8.247329196839788823e-01
1.907200000000229011e+03,8.247455531784452232e-01
1.907300000000228920e+03,8.247581851430012545e-01
1.907400000000229056e+03,8.247708155779044370e-01
1.907500000000229193e+03,8.247834444834124534e-01
1.907600000000229102e+03,8.247960718597823204e-01
1.907700000000229011e+03,8.248086977072717207e-01
1.907800000000229147e+03,8.248213220261378931e-01
1.907900000000229284e+03,8.248339448166380761e-01
1.908000000000229193e+03,8.248465660790295084e-01
1.908100000000229102e+03,8.248591858135694288e-01
1.908200000000229238e+03,8.248718040205149649e-01
1.908300000000229375e+03,8.248844207001230222e-01
1.908400000000229284e+03,8.248970358526507285e-01
1.908500000000229193e+03,8.249096494783549893e-01
1.908600000000229329e+03,8.249222615774927103e-01
1.908700000000229466e+03,8.249348721503206860e-01
1.908800000000229375e+03,8.249474811970957111e-01
1.908900000000229284e+03,8.249600887180744690e-01
1.909000000000229420e+03,8.249726947135138655e-01
1.909100000000229556e+03,8.249852991836701399e-01
1.909200000000229466e+03,8.249979021288001979e-01
1.909300000000229375e+03,8.250105035491605010e-01
1.909400000000229511e+03,8.250231034450072887e-01
1.909500000000229647e+03,8.250357018165973555e-01
1.909600000000229556e+03,8.250482986641866079e-01
1.909700000000229466e+03,8.250608939880315074e-01
1.909800000000229602e+03,8.250734877883885154e-01
1.909900000000229738e+03,8.250860800655136496e-01
1.910000000000229647e+03,8.250986708196630381e-01
1.910100000000229556e+03,8.251112600510926987e-01
1.910200000000229693e+03,8.251238477600587595e-01
1.910300000000229829e+03,8.251364339468172382e-01
1.910400000000229738e+03,8.251490186116238190e-01
1.910500000000229647e+03,8.251616017547346305e-01
1.910600000000229784e+03,8.251741833764054679e-01
1.910700000000229920e+03,8.251867634768920157e-01
1.910800000000229829e+03,8.251993420564499582e-01
1.910900000000229738e+03,8.252119191153348687e-01
1.911000000000229875e+03,8.252244946538025427e-01
1.911100000000230011e+03,8.252370686721083315e-01
1.911200000000229920e+03,8.252496411705079193e-01
1.911300000000229829e+03,8.252622121492565466e-01
1.911400000000229966e+03,8.252747816086098975e-01
1.911500000000230102e+03,8.252873495488228794e-01
1.911600000000230011e+03,8.252999159701510656e-01
1.911700000000229920e+03,8.253124808728495854e-01
1.911800000000230057e+03,8.253250442571736789e-01
1.911900000000230193e+03,8.253376061233783645e-01
1.912000000000230102e+03,8.253501664717187714e-01
1.912100000000230011e+03,8.253627253024498067e-01
1.912200000000230148e+03,8.253752826158264888e-01
1.912300000000230284e+03,8.253878384121037248e-01
1.912400000000230193e+03,8.254003926915363110e-01
1.912500000000230102e+03,8.254129454543792654e-01
1.912600000000230239e+03,8.254254967008869404e-01
1.912700000000230375e+03,8.254380464313143539e-01
1.912800000000230284e+03,8.254505946459159693e-01
1.912900000000230193e+03,8.254631413449463606e-01
1.913000000000230330e+03,8.254756865286601020e-01
1.913100000000230466e+03,8.254882301973117675e-01
1.913200000000230375e+03,8.255007723511555984e-01
1.913300000000230284e+03,8.255133129904459466e-01
1.913400000000230420e+03,8.255258521154372753e-01
1.913500000000230557e+03,8.255383897263838255e-01
1.913600000000230466e+03,8.255509258235396164e-01
1.913700000000230375e+03,8.255634604071589999e-01
1.913800000000230511e+03,8.255759934774959952e-01
1.913900000000230648e+03,8.255885250348045101e-01
1.914000000000230557e+03,8.256010550793388969e-01
1.914100000000230466e+03,8.256135836113527304e-01
1.914200000000230602e+03,8.256261106311000297e-01
1.914300000000230739e+03,8.256386361388347028e-01
1.914400000000230648e+03,8.256511601348104357e-01
1.914500000000230557e+03,8.256636826192808032e-01
1.914600000000230693e+03,8.256762035924998244e-01
1.914700000000230830e+03,8.256887230547209633e-01
1.914800000000230739e+03,8.257012410061975727e-01
1.914900000000230648e+03,8.257137574471834496e-01
1.915000000000230784e+03,8.257262723779318359e-01
1.915100000000230921e+03,8.257387857986964175e-01
1.915200000000230830e+03,8.257512977097301032e-01
1.915300000000230739e+03,8.257638081112866901e-01
1.915400000000230875e+03,8.257763170036190870e-01
1.915500000000231012e+03,8.257888243869805356e-01
1.915600000000230921e+03,8.258013302616242779e-01
1.915700000000230830e+03,8.258138346278033337e-01
1.915800000000230966e+03,8.258263374857707229e-01
1.915900000000231103e+03,8.258388388357793541e-01
1.916000000000231012e+03,8.258513386780823584e-01
1.916100000000230921e+03,8.258638370129324224e-01
1.916200000000231057e+03,8.258763338405824550e-01
1.916300000000231194e+03,8.258888291612851429e-01
1.916400000000231103e+03,8.259013229752932839e-01
1.916500000000231012e+03,8.259138152828594537e-01
1.916600000000231148e+03,8.259263060842364501e-01
1.916700000000231285e+03,8.259387953796765158e-01
1.916800000000231194e+03,8.259512831694323376e-01
1.916900000000231103e+03,8.259637694537563801e-01
1.917000000000231239e+03,8.259762542329009971e-01
1.917100000000231375e+03,8.259887375071185422e-01
1.917200000000231285e+03,8.260012192766612582e-01
1.917300000000231194e+03,8.260136995417813877e-01
1.917400000000231330e+03,8.260261783027311733e-01
1.917500000000231466e+03,8.260386555597627467e-01
1.917600000000231375e+03,8.260511313131280176e-01
1.917700000000231285e+03,8.260636055630792285e-01
1.917800000000231421e+03,8.260760783098682891e-01
1.917900000000231557e+03,8.260885495537469980e-01
1.918000000000231466e+03,8.261010192949673758e-01
1.918100000000231375e+03,8.261134875337811101e-01
1.918200000000231512e+03,8.261259542704399994e-01
1.918300000000231648e+03,8.261384195051958423e-01
1.918400000000231557e+03,8.261508832383001044e-01
1.918500000000231466e+03,8.261633454700045842e-01
1.918600000000231603e+03,8.261758062005607472e-01
1.918700000000231739e+03,8.261882654302200590e-01
1.918800000000231648e+03,8.262007231592339851e-01
1.918900000000231557e+03,8.262131793878538799e-01
1.919000000000231694e+03,8.262256341163310980e-01
1.919100000000231830e+03,8.262380873449169938e-01
1.919200000000231739e+03,8.262505390738625888e-01
1.919300000000231648e+03,8.262629893034194595e-01
1.919400000000231785e+03,8.262754380338382942e-01
1.919500000000231921e+03,8.262878852653704476e-01
1.919600000000231830e+03,8.263003309982668299e-01
1.919700000000231739e+03,8.263127752327783515e-01
1.919800000000231876e+03,8.263252179691561450e-01
1.919900000000232012e+03,8.263376592076507876e-01
1.920000000000231921e+03,8.263500989485134118e-01
1.920100000000231830e+03,8.263625371919944840e-01
1.920200000000231967e+03,8.263749739383448034e-01
1.920300000000232103e+03,8.263874091878150585e-01
1.920400000000232012e+03,8.263998429406557156e-01
1.920500000000231921e+03,8.264122751971175740e-01
1.920600000000232058e+03,8.264247059574509890e-01
1.920700000000232194e+03,8.264371352219064271e-01
1.920800000000232103e+03,8.264495629907341323e-01
1.920900000000232012e+03,8.264619892641845711e-01
1.921000000000232149e+03,8.264744140425082097e-01
1.921100000000232285e+03,8.264868373259548484e-01
1.921200000000232194e+03,8.264992591147749534e-01
1.921300000000232103e+03,8.265116794092186581e-01
1.921400000000232239e+03,8.265240982095359845e-01
1.921500000000232376e+03,8.265365155159768440e-01
1.921600000000232285e+03,8.265489313287914808e-01
1.921700000000232194e+03,8.265613456482294730e-01
1.921800000000232330e+03,8.265737584745409539e-01
1.921900000000232467e+03,8.265861698079756126e-01
1.922000000000232376e+03,8.265985796487832493e-01
1.922100000000232285e+03,8.266109879972135532e-01
1.922200000000232421e+03,8.266233948535162135e-01
1.922300000000232558e+03,8.266358002179408082e-01
1.922400000000232467e+03,8.266482040907366935e-01
1.922500000000232376e+03,8.266606064721537805e-01
1.922600000000232512e+03,8.266730073624410924e-01
1.922700000000232649e+03,8.266854067618484292e-01
1.922800000000232558e+03,8.266978046706248140e-01
1.922900000000232467e+03,8.267102010890196029e-01
1.923000000000232603e+03,8.267225960172821519e-01
1.923100000000232740e+03,8.267349894556614842e-01
1.923200000000232649e+03,8.267473814044069558e-01
1.923300000000232558e+03,8.267597718637674786e-01
1.923400000000232694e+03,8.267721608339919648e-01
1.923500000000232831e+03,8.267845483153297703e-01
1.923600000000232740e+03,8.267969343080293632e-01
1.923700000000232649e+03,8.268093188123397663e-01
1.923800000000232785e+03,8.268217018285101139e-01
1.923900000000232922e+03,8.268340833567888737e-01
1.924000000000232831e+03,8.268464633974248468e-01
1.924100000000232740e+03,8.268588419506665010e-01
1.924200000000232876e+03,8.268712190167627485e-01
1.924300000000233013e+03,8.268835945959620570e-01
1.924400000000232922e+03,8.268959686885126725e-01
1.924500000000232831e+03,8.269083412946633960e-01
1.924600000000232967e+03,8.269207124146625842e-01
1.924700000000233103e+03,8.269330820487583722e-01
1.924800000000233013e+03,8.269454501971992277e-01
1.924900000000232922e+03,8.269578168602333967e-01
1.925000000000233058e+03,8.269701820381090140e-01
1.925100000000233194e+03,8.269825457310742145e-01
1.925200000000233103e+03,8.269949079393772440e-01
1.925300000000233013e+03,8.270072686632659043e-01
1.925400000000233149e+03,8.270196279029883302e-01
1.925500000000233285e+03,8.270319856587924345e-01
1.925600000000233194e+03,8.270443419309261301e-01
1.925700000000233103e+03,8.270566967196371078e-01
1.925800000000233240e+03,8.270690500251732802e-01
1.925900000000233376e+03,8.270814018477823382e-01
1.926000000000233285e+03,8.270937521877120835e-01
1.926100000000233194e+03,8.271061010452098738e-01
1.926200000000233331e+03,8.271184484205234000e-01
1.926300000000233467e+03,8.271307943139004637e-01
1.926400000000233376e+03,8.271431387255879786e-01
1.926500000000233285e+03,8.271554816558338574e-01
1.926600000000233422e+03,8.271678231048852359e-01
1.926700000000233558e+03,8.271801630729894717e-01
1.926800000000233467e+03,8.271925015603937004e-01
1.926900000000233376e+03,8.272048385673452797e-01
1.927000000000233513e+03,8.272171740940914564e-01
1.927100000000233649e+03,8.272295081408791440e-01
1.927200000000233558e+03,8.272418407079554781e-01
1.927300000000233467e+03,8.272541717955674834e-01
1.927400000000233604e+03,8.272665014039620734e-01
1.927500000000233740e+03,8.272788295333862729e-01
1.927600000000233649e+03,8.272911561840865513e-01
1.927700000000233558e+03,8.273034813563101553e-01
1.927800000000233695e+03,8.273158050503035543e-01
1.927900000000233831e+03,8.273281272663136621e-01
1.928000000000233740e+03,8.273404480045868370e-01
1.928100000000233649e+03,8.273527672653697707e-01
1.928200000000233786e+03,8.273650850489092656e-01
1.928300000000233922e+03,8.273774013554515694e-01
1.928400000000233831e+03,8.273897161852429294e-01
1.928500000000233740e+03,8.274020295385300372e-01
1.928600000000233877e+03,8.274143414155592513e-01
1.928700000000234013e+03,8.274266518165765971e-01
1.928800000000233922e+03,8.274389607418285442e-01
1.928900000000233831e+03,8.274512681915611179e-01
1.929000000000233968e+03,8.274635741660205657e-01
1.929100000000234104e+03,8.274758786654528020e-01
1.929200000000234013e+03,8.274881816901038523e-01
1.929300000000233922e+03,8.275004832402198529e-01
1.929400000000234058e+03,8.275127833160468294e-01
1.929500000000234195e+03,8.275250819178302519e-01
1.929600000000234104e+03,8.275373790458161460e-01
1.929700000000234013e+03,8.275496747002504261e-01
1.929800000000234149e+03,8.275619688813785624e-01
1.929900000000234286e+03,8.275742615894463583e-01
1.930000000000234195e+03,8.275865528246993952e-01
1.930100000000234104e+03,8.275988425873832544e-01
1.930200000000234240e+03,8.276111308777432951e-01
1.930300000000234377e+03,8.276234176960252098e-01
1.930400000000234286e+03,8.276357030424743577e-01
1.930500000000234195e+03,8.276479869173359871e-01
1.930600000000234331e+03,8.276602693208554573e-01
1.930700000000234468e+03,8.276725502532780165e-01
1.930800000000234377e+03,8.276848297148488021e-01
1.930900000000234286e+03,8.276971077058130621e-01
1.931000000000234422e+03,8.277093842264159340e-01
1.931100000000234559e+03,8.277216592769023329e-01
1.931200000000234468e+03,8.277339328575173960e-01
1.931300000000234377e+03,8.277462049685059275e-01
1.931400000000234513e+03,8.277584756101128427e-01
1.931500000000234650e+03,8.277707447825831677e-01
1.931600000000234559e+03,8.277830124861613736e-01
1.931700000000234468e+03,8.277952787210925978e-01
1.931800000000234604e+03,8.278075434876212002e-01
1.931900000000234741e+03,8.278198067859919851e-01
1.932000000000234650e+03,8.278320686164495346e-01
1.932100000000234559e+03,8.278443289792380977e-01
1.932200000000234695e+03,8.278565878746025897e-01
1.932300000000234832e+03,8.278688453027873706e-01
1.932400000000234741e+03,8.278811012640366895e-01
1.932500000000234650e+03,8.278933557585947955e-01
1.932600000000234786e+03,8.279056087867061597e-01
1.932700000000234922e+03,8.279178603486150312e-01
1.932800000000234832e+03,8.279301104445653259e-01
1.932900000000234741e+03,8.279423590748014039e-01
1.933000000000234877e+03,8.279546062395672923e-01
1.933100000000235013e+03,8.279668519391071291e-01
1.933200000000234922e+03,8.279790961736646082e-01
1.933300000000234832e+03,8.279913389434838678e-01
1.933400000000234968e+03,8.280035802488088237e-01
1.933500000000235104e+03,8.280158200898830589e-01
1.933600000000235013e+03,8.280280584669506005e-01
1.933700000000234922e+03,8.280402953802550314e-01
1.933800000000235059e+03,8.280525308300401566e-01
1.933900000000235195e+03,8.280647648165494479e-01
1.934000000000235104e+03,8.280769973400264883e-01
1.934100000000235013e+03,8.280892284007147497e-01
1.934200000000235150e+03,8.281014579988579261e-01
1.934300000000235286e+03,8.281136861346992672e-01
1.934400000000235195e+03,8.281259128084821342e-01
1.934500000000235104e+03,8.281381380204498877e-01
1.934600000000235241e+03,8.281503617708457776e-01
1.934700000000235377e+03,8.281625840599130539e-01
1.934800000000235286e+03,8.281748048878948554e-01
1.934900000000235195e+03,8.281870242550340988e-01
1.935000000000235332e+03,8.281992421615742561e-01
1.935100000000235468e+03,8.282114586077580221e-01
1.935200000000235377e+03,8.282236735938285355e-01
1.935300000000235286e+03,8.282358871200284911e-01
1.935400000000235423e+03,8.282480991866009168e-01
1.935500000000235559e+03,8.282603097937885073e-01
1.935600000000235468e+03,8.282725189418341794e-01
1.935700000000235377e+03,8.282847266309805168e-01
1.935800000000235514e+03,8.282969328614702142e-01
1.935900000000235650e+03,8.283091376335459666e-01
1.936000000000235559e+03,8.283213409474501354e-01
1.936100000000235468e+03,8.283335428034254155e-01
1.936200000000235605e+03,8.283457432017139466e-01
1.936300000000235741e+03,8.283579421425585343e-01
1.936400000000235650e+03,8.283701396262014294e-01
1.936500000000235559e+03,8.283823356528847714e-01
1.936600000000235696e+03,8.283945302228509222e-01
1.936700000000235832e+03,8.284067233363420213e-01
1.936800000000235741e+03,8.284189149936003194e-01
1.936900000000235650e+03,8.284311051948677340e-01
1.937000000000235787e+03,8.284432939403865159e-01
1.937100000000235923e+03,8.284554812303985827e-01
1.937200000000235832e+03,8.284676670651459629e-01
1.937300000000235741e+03,8.284798514448704632e-01
1.937400000000235877e+03,8.284920343698138900e-01
1.937500000000236014e+03,8.285042158402181611e-01
1.937600000000235923e+03,8.285163958563248610e-01
1.937700000000235832e+03,8.285285744183757961e-01
1.937800000000235968e+03,8.285407515266126621e-01
1.937900000000236105e+03,8.285529271812771546e-01
1.938000000000236014e+03,8.285651013826104139e-01
1.938100000000235923e+03,8.285772741308542466e-01
1.938200000000236059e+03,8.285894454262502373e-01
1.938300000000236196e+03,8.286016152690393044e-01
1.938400000000236105e+03,8.286137836594632544e-01
1.938500000000236014e+03,8.286259505977631168e-01
1.938600000000236150e+03,8.286381160841803650e-01
1.938700000000236287e+03,8.286502801189559175e-01
1.938800000000236196e+03,8.286624427023309147e-01
1.938900000000236105e+03,8.286746038345467191e-01
1.939000000000236241e+03,8.286867635158443601e-01
1.939100000000236378e+03,8.286989217464645341e-01
1.939200000000236287e+03,8.287110785266484925e-01
1.939300000000236196e+03,8.287232338566368206e-01
1.939400000000236332e+03,8.287353877366706589e-01
1.939500000000236469e+03,8.287475401669905928e-01
1.939600000000236378e+03,8.287596911478375405e-01
1.939700000000236287e+03,8.287718406794520876e-01
1.939800000000236423e+03,8.287839887620747081e-01
1.939900000000236560e+03,8.287961353959464317e-01
1.940000000000236469e+03,8.288082805813073994e-01
1.940100000000236378e+03,8.288204243183983078e-01
1.940200000000236514e+03,8.288325666074596310e-01
1.940300000000236651e+03,8.288447074487315103e-01
1.940400000000236560e+03,8.288568468424544200e-01
1.940500000000236469e+03,8.288689847888688345e-01
1.940600000000236605e+03,8.288811212882147839e-01
1.940700000000236741e+03,8.288932563407325205e-01
1.940800000000236651e+03,8.289053899466621855e-01
1.940900000000236560e+03,8.289175221062438093e-01
1.941000000000236696e+03,8.289296528197175329e-01
1.941100000000236832e+03,8.289417820873232756e-01
1.941200000000236741e+03,8.289539099093009566e-01
1.941300000000236651e+03,8.289660362858904952e-01
1.941400000000236787e+03,8.289781612173319214e-01
1.941500000000236923e+03,8.289902847038647105e-01
1.941600000000236832e+03,8.290024067457288925e-01
1.941700000000236741e+03,8.290145273431639428e-01
1.941800000000236878e+03,8.290266464964096693e-01
1.941900000000237014e+03,8.290387642057054363e-01
1.942000000000236923e+03,8.290508804712910518e-01
1.942100000000236832e+03,8.290629952934058799e-01
1.942200000000236969e+03,8.290751086722892849e-01
1.942300000000237105e+03,8.290872206081808526e-01
1.942400000000237014e+03,8.290993311013196143e-01
1.942500000000236923e+03,8.291114401519452670e-01
1.942600000000237060e+03,8.291235477602968418e-01
1.942700000000237196e+03,8.291356539266135917e-01
1.942800000000237105e+03,8.291477586511344366e-01
1.942900000000237014e+03,8.291598619340987408e-01
1.943000000000237151e+03,8.291719637757455352e-01
1.943100000000237287e+03,8.291840641763137398e-01
1.943200000000237196e+03,8.291961631360422746e-01
1.943300000000237105e+03,8.292082606551699486e-01
1.943400000000237242e+03,8.292203567339359038e-01
1.943500000000237378e+03,8.292324513725786161e-01
1.943600000000237287e+03,8.292445445713370056e-01
1.943700000000237196e+03,8.292566363304497701e-01
1.943800000000237333e+03,8.292687266501554966e-01
1.943900000000237469e+03,8.292808155306928830e-01
1.944000000000237378e+03,8.292929029723002943e-01
1.944100000000237287e+03,8.293049889752163173e-01
1.944200000000237424e+03,8.293170735396794280e-01
1.944300000000237560e+03,8.293291566659281022e-01
1.944400000000237469e+03,8.293412383542005939e-01
1.944500000000237378e+03,8.293533186047351569e-01
1.944600000000237515e+03,8.293653974177701560e-01
1.944700000000237651e+03,8.293774747935437341e-01
1.944800000000237560e+03,8.293895507322940341e-01
1.944900000000237469e+03,8.294016252342590878e-01
1.945000000000237605e+03,8.294136982996770380e-01
1.945100000000237742e+03,8.294257699287860275e-01
1.945200000000237651e+03,8.294378401218237551e-01
1.945300000000237560e+03,8.294499088790282526e-01
1.945400000000237696e+03,8.294619762006374408e-01
1.945500000000237833e+03,8.294740420868890185e-01
1.945600000000237742e+03,8.294861065380206844e-01
1.945700000000237651e+03,8.294981695542702482e-01
1.945800000000237787e+03,8.295102311358754088e-01
1.945900000000237924e+03,8.295222912830736428e-01
1.946000000000237833e+03,8.295343499961025380e-01
1.946100000000237742e+03,8.295464072751996820e-01
1.946200000000237878e+03,8.295584631206025517e-01
1.946300000000238015e+03,8.295705175325485126e-01
1.946400000000237924e+03,8.295825705112748194e-01
1.946500000000237833e+03,8.295946220570189489e-01
1.946600000000237969e+03,8.296066721700181557e-01
1.946700000000238106e+03,8.296187208505094723e-01
1.946800000000238015e+03,8.296307680987301536e-01
1.946900000000237924e+03,8.296428139149174541e-01
1.947000000000238060e+03,8.296548582993082954e-01
1.947100000000238197e+03,8.296669012521398212e-01
1.947200000000238106e+03,8.296789427736487310e-01
1.947300000000238015e+03,8.296909828640722795e-01
1.947400000000238151e+03,8.297030215236470552e-01
1.947500000000238288e+03,8.297150587526100907e-01
1.947600000000238197e+03,8.297270945511979745e-01
1.947700000000238106e+03,8.297391289196476283e-01
1.947800000000238242e+03,8.297511618581955295e-01
1.947900000000238379e+03,8.297631933670783777e-01
1.948000000000238288e+03,8.297752234465328725e-01
1.948100000000238197e+03,8.297872520967952692e-01
1.948200000000238333e+03,8.297992793181022675e-01
1.948300000000238470e+03,8.298113051106902338e-01
1.948400000000238379e+03,8.298233294747955346e-01
1.948500000000238288e+03,8.298353524106545365e-01
1.948600000000238424e+03,8.298473739185033837e-01
1.948700000000238560e+03,8.298593939985785539e-01
1.948800000000238470e+03,8.298714126511159694e-01
1.948900000000238379e+03,8.298834298763517747e-01
1.949000000000238515e+03,8.298954456745223363e-01
1.949100000000238651e+03,8.299074600458634654e-01
1.949200000000238560e+03,8.299194729906111956e-01
1.949300000000238470e+03,8.299314845090013382e-01
1.949400000000238606e+03,8.299434946012700376e-01
1.949500000000238742e+03,8.299555032676529942e-01
1.949600000000238651e+03,8.299675105083859084e-01
1.949700000000238560e+03,8.299795163237045914e-01
1.949800000000238697e+03,8.299915207138448547e-01
1.949900000000238833e+03,8.300035236790421767e-01
1.950000000000238742e+03,8.300155252195321465e-01
1.950100000000238651e+03,8.300275253355504645e-01
1.950200000000238788e+03,8.300395240273326092e-01
1.950300000000238924e+03,8.300515212951138366e-01
1.950400000000238833e+03,8.300635171391296252e-01
1.950500000000238742e+03,8.300755115596154532e-01
1.950600000000238879e+03,8.300875045568065769e-01
1.950700000000239015e+03,8.300994961309382525e-01
1.950800000000238924e+03,8.301114862822455143e-01
1.950900000000238833e+03,8.301234750109637295e-01
1.951000000000238970e+03,8.301354623173279323e-01
1.951100000000239106e+03,8.301474482015729350e-01
1.951200000000239015e+03,8.301594326639342158e-01
1.951300000000238924e+03,8.301714157046464759e-01
1.951400000000239061e+03,8.301833973239446385e-01
1.951500000000239197e+03,8.301953775220634046e-01
1.951600000000239106e+03,8.302073562992379197e-01
1.951700000000239015e+03,8.302193336557027736e-01
1.951800000000239152e+03,8.302313095916926677e-01
1.951900000000239288e+03,8.302432841074424141e-01
1.952000000000239197e+03,8.302552572031863809e-01
1.952100000000239106e+03,8.302672288791592692e-01
1.952200000000239243e+03,8.302791991355956691e-01
1.952300000000239379e+03,8.302911679727299488e-01
1.952400000000239288e+03,8.303031353907965872e-01
1.952500000000239197e+03,8.303151013900299526e-01
1.952600000000239334e+03,8.303270659706644130e-01
1.952700000000239470e+03,8.303390291329342254e-01
1.952800000000239379e+03,8.303509908770734249e-01
1.952900000000239288e+03,8.303629512033164906e-01
1.953000000000239424e+03,8.303749101118974574e-01
1.953100000000239561e+03,8.303868676030502494e-01
1.953200000000239470e+03,8.303988236770091236e-01
1.953300000000239379e+03,8.304107783340080040e-01
1.953400000000239515e+03,8.304227315742808146e-01
1.953500000000239652e+03,8.304346833980614795e-01
1.953600000000239561e+03,8.304466338055837005e-01
1.953700000000239470e+03,8.304585827970814016e-01
1.953800000000239606e+03,8.304705303727882848e-01
1.953900000000239743e+03,8.304824765329380520e-01
1.954000000000239652e+03,8.304944212777644053e-01
1.954100000000239561e+03,8.305063646075008243e-01
1.954200000000239697e+03,8.305183065223811223e-01
1.954300000000239834e+03,8.305302470226384459e-01
1.954400000000239743e+03,8.305421861085064972e-01
1.954500000000239652e+03,8.305541237802186449e-01
1.954600000000239788e+03,8.305660600380081471e-01
1.954700000000239925e+03,8.305779948821083725e-01
1.954800000000239834e+03,8.305899283127525790e-01
1.954900000000239743e+03,8.306018603301740244e-01
1.955000000000239879e+03,8.306137909346058557e-01
1.955100000000240016e+03,8.306257201262811085e-01
1.955200000000239925e+03,8.306376479054330408e-01
1.955300000000239834e+03,8.306495742722944664e-01
1.955400000000239970e+03,8.306614992270984210e-01
1.955500000000240107e+03,8.306734227700779405e-01
1.955600000000240016e+03,8.306853449014658386e-01
1.955700000000239925e+03,8.306972656214947071e-01
1.955800000000240061e+03,8.307091849303978037e-01
1.955900000000240198e+03,8.307211028284073873e-01
1.956000000000240107e+03,8.307330193157563825e-01
1.956100000000240016e+03,8.307449343926774921e-01
1.956200000000240152e+03,8.307568480594030857e-01
1.956300000000240289e+03,8.307687603161658663e-01
1.956400000000240198e+03,8.307806711631982033e-01
1.956500000000240107e+03,8.307925806007327996e-01
1.956600000000240243e+03,8.308044886290016917e-01
1.956700000000240379e+03,8.308163952482373604e-01
1.956800000000240289e+03,8.308283004586722864e-01
1.956900000000240198e+03,8.308402042605383953e-01
1.957000000000240334e+03,8.308521066540682787e-01
1.957100000000240470e+03,8.308640076394936402e-01
1.957200000000240379e+03,8.308759072170469606e-01
1.957300000000240289e+03,8.308878053869601654e-01
1.957400000000240425e+03,8.308997021494652913e-01
1.957500000000240561e+03,8.309115975047941527e-01
1.957600000000240470e+03,8.309234914531788974e-01
1.957700000000240379e+03,8.309353839948511178e-01
1.957800000000240516e+03,8.309472751300429616e-01
1.957900000000240652e+03,8.309591648589859103e-01
1.958000000000240561e+03,8.309710531819117785e-01
1.958100000000240470e+03,8.309829400990523807e-01
1.958200000000240607e+03,8.309948256106391984e-01
1.958300000000240743e+03,8.310067097169037131e-01
1.958400000000240652e+03,8.310185924180777395e-01
1.958500000000240561e+03,8.310304737143925369e-01
1.958600000000240698e+03,8.310423536060795868e-01
1.958700000000240834e+03,8.310542320933703708e-01
1.958800000000240743e+03,8.310661091764960373e-01
1.958900000000240652e+03,8.310779848556880678e-01
1.959000000000240789e+03,8.310898591311777217e-01
1.959100000000240925e+03,8.311017320031959255e-01
1.959200000000240834e+03,8.311136034719741605e-01
1.959300000000240743e+03,8.311254735377432423e-01
1.959400000000240880e+03,8.311373422007344303e-01
1.959500000000241016e+03,8.311492094611786507e-01
1.959600000000240925e+03,8.311610753193067191e-01
1.959700000000240834e+03,8.311729397753497839e-01
1.959800000000240971e+03,8.311848028295387714e-01
1.959900000000241107e+03,8.311966644821041639e-01
1.960000000000241016e+03,8.312085247332768878e-01
1.960100000000240925e+03,8.312203835832877585e-01
1.960200000000241062e+03,8.312322410323673694e-01
1.960300000000241198e+03,8.312440970807463136e-01
1.960400000000241107e+03,8.312559517286551847e-01
1.960500000000241016e+03,8.312678049763243537e-01
1.960600000000241153e+03,8.312796568239846362e-01
1.960700000000241289e+03,8.312915072718662923e-01
1.960800000000241198e+03,8.313033563201995824e-01
1.960900000000241107e+03,8.313152039692152107e-01
1.961000000000241243e+03,8.313270502191429934e-01
1.961100000000241380e+03,8.313388950702135238e-01
1.961200000000241289e+03,8.313507385226567292e-01
1.961300000000241198e+03,8.313625805767030919e-01
1.961400000000241334e+03,8.313744212325824279e-01
1.961500000000241471e+03,8.313862604905248865e-01
1.961600000000241380e+03,8.313980983507605060e-01
1.961700000000241289e+03,8.314099348135192136e-01
1.961800000000241425e+03,8.314217698790308253e-01
1.961900000000241562e+03,8.314336035475252684e-01
1.962000000000241471e+03,8.314454358192324701e-01
1.962100000000241380e+03,8.314572666943821355e-01
1.962200000000241516e+03,8.314690961732038588e-01
1.962300000000241653e+03,8.314809242559275670e-01
1.962400000000241562e+03,8.314927509427825214e-01
1.962500000000241471e+03,8.315045762339985380e-01
1.962600000000241607e+03,8.315164001298052110e-01
1.962700000000241744e+03,8.315282226304319124e-01
1.962800000000241653e+03,8.315400437361080144e-01
1.962900000000241562e+03,8.315518634470631110e-01
1.963000000000241698e+03,8.315636817635263522e-01
1.963100000000241835e+03,8.315754986857271103e-01
1.963200000000241744e+03,8.315873142138944241e-01
1.963300000000241653e+03,8.315991283482578877e-01
1.963400000000241789e+03,8.316109410890464293e-01
1.963500000000241926e+03,8.316227524364891988e-01
1.963600000000241835e+03,8.316345623908151241e-01
1.963700000000241744e+03,8.316463709522533554e-01
1.963800000000241880e+03,8.316581781210327096e-01
1.963900000000242017e+03,8.316699838973823367e-01
1.964000000000241926e+03,8.316817882815309426e-01
1.964100000000241835e+03,8.316935912737073444e-01
1.964200000000241971e+03,8.317053928741404700e-01
1.964300000000242107e+03,8.317171930830588034e-01
1.964400000000242017e+03,8.317289919006911614e-01
1.964500000000241926e+03,8.317407893272661390e-01
1.964600000000242062e+03,8.317525853630124422e-01
1.964700000000242198e+03,8.317643800081585548e-01
1.964800000000242107e+03,8.317761732629327387e-01
1.964900000000242017e+03,8.317879651275636999e-01
1.965000000000242153e+03,8.317997556022798111e-01
1.965100000000242289e+03,8.318115446873092234e-01
1.965200000000242198e+03,8.318233323828805315e-01
1.965300000000242107e+03,8.318351186892216642e-01
1.965400000000242244e+03,8.318469036065611055e-01
1.965500000000242380e+03,8.318586871351268952e-01
1.965600000000242289e+03,8.318704692751472951e-01
1.965700000000242198e+03,8.318822500268500120e-01
1.965800000000242335e+03,8.318940293904634187e-01
1.965900000000242471e+03,8.319058073662154440e-01
1.966000000000242380e+03,8.319175839543337947e-01
1.966100000000242289e+03,8.319293591550465106e-01
1.966200000000242426e+03,8.319411329685814094e-01
1.966300000000242562e+03,8.319529053951661979e-01
1.966400000000242471e+03,8.319646764350288048e-01
1.966500000000242380e+03,8.319764460883967150e-01
1.966600000000242517e+03,8.319882143554977461e-01
1.966700000000242653e+03,8.319999812365592717e-01
1.966800000000242562e+03,8.320117467318089988e-01
1.966900000000242471e+03,8.320235108414745229e-01
1.967000000000242608e+03,8.320352735657831067e-01
1.967100000000242744e+03,8.320470349049621239e-01
1.967200000000242653e+03,8.320587948592392813e-01
1.967300000000242562e+03,8.320705534288415084e-01
1.967400000000242699e+03,8.320823106139962899e-01
1.967500000000242835e+03,8.320940664149306665e-01
1.967600000000242744e+03,8.321058208318720117e-01
1.967700000000242653e+03,8.321175738650472553e-01
1.967800000000242790e+03,8.321293255146837708e-01
1.967900000000242926e+03,8.321410757810082659e-01
1.968000000000242835e+03,8.321528246642480031e-01
1.968100000000242744e+03,8.321645721646296900e-01
1.968200000000242881e+03,8.321763182823804783e-01
1.968300000000243017e+03,8.321880630177268534e-01
1.968400000000242926e+03,8.321998063708959670e-01
1.968500000000242835e+03,8.322115483421144155e-01
1.968600000000242972e+03,8.322232889316089066e-01
1.968700000000243108e+03,8.322350281396061478e-01
1.968800000000243017e+03,8.322467659663327355e-01
1.968900000000242926e+03,8.322585024120151553e-01
1.969000000000243062e+03,8.322702374768801148e-01
1.969100000000243199e+03,8.322819711611537663e-01
1.969200000000243108e+03,8.322937034650628174e-01
1.969300000000243017e+03,8.323054343888337536e-01
1.969400000000243153e+03,8.323171639326925053e-01
1.969500000000243290e+03,8.323288920968657800e-01
1.969600000000243199e+03,8.323406188815793971e-01
1.969700000000243108e+03,8.323523442870599531e-01
1.969800000000243244e+03,8.323640683135333784e-01
1.969900000000243381e+03,8.323757909612257144e-01
1.970000000000243290e+03,8.323875122303632246e-01
1.970100000000243199e+03,8.323992321211718393e-01
1.970200000000243335e+03,8.324109506338773778e-01
1.970300000000243472e+03,8.324226677687058817e-01
1.970400000000243381e+03,8.324343835258832813e-01
1.970500000000243290e+03,8.324460979056351739e-01
1.970600000000243426e+03,8.324578109081876010e-01
1.970700000000243563e+03,8.324695225337661597e-01
1.970800000000243472e+03,8.324812327825965586e-01
1.970900000000243381e+03,8.324929416549042838e-01
1.971000000000243517e+03,8.325046491509151547e-01
1.971100000000243654e+03,8.325163552708546577e-01
1.971200000000243563e+03,8.325280600149482790e-01
1.971300000000243472e+03,8.325397633834212829e-01
1.971400000000243608e+03,8.325514653764993778e-01
1.971500000000243745e+03,8.325631659944077168e-01
1.971600000000243654e+03,8.325748652373716752e-01
1.971700000000243563e+03,8.325865631056164062e-01
1.971800000000243699e+03,8.325982595993673963e-01
1.971900000000243836e+03,8.326099547188495764e-01
1.972000000000243745e+03,8.326216484642880999e-01
1.972100000000243654e+03,8.326333408359082311e-01
1.972200000000243790e+03,8.326450318339347900e-01
1.972300000000243926e+03,8.326567214585928189e-01
1.972400000000243836e+03,8.326684097101073601e-01
1.972500000000243745e+03,8.326800965887031225e-01
1.972600000000243881e+03,8.326917820946051485e-01
1.972700000000244017e+03,8.327034662280381472e-01
1.972800000000243926e+03,8.327151489892268277e-01
1.972900000000243836e+03,8.327268303783958991e-01
1.973000000000243972e+03,8.327385103957701817e-01
1.973100000000244108e+03,8.327501890415742736e-01
1.973200000000244017e+03,8.327618663160325507e-01
1.973300000000243926e+03,8.327735422193696113e-01
1.973400000000244063e+03,8.327852167518099424e-01
1.973500000000244199e+03,8.327968899135780312e-01
1.973600000000244108e+03,8.328085617048983647e-01
1.973700000000244017e+03,8.328202321259949859e-01
1.973800000000244154e+03,8.328319011770924929e-01
1.973900000000244290e+03,8.328435688584150398e-01
1.974000000000244199e+03,8.328552351701865586e-01
1.974100000000244108e+03,8.328669001126315363e-01
1.974200000000244245e+03,8.328785636859741270e-01
1.974300000000244381e+03,8.328902258904380407e-01
1.974400000000244290e+03,8.329018867262475423e-01
1.974500000000244199e+03,8.329135461936264528e-01
1.974600000000244336e+03,8.329252042927990374e-01
1.974700000000244472e+03,8.329368610239888948e-01
1.974800000000244381e+03,8.329485163874197351e-01
1.974900000000244290e+03,8.329601703833156012e-01
1.975000000000244427e+03,8.329718230119003142e-01
1.975100000000244563e+03,8.329834742733972508e-01
1.975200000000244472e+03,8.329951241680302321e-01
1.975300000000244381e+03,8.330067726960227459e-01
1.975400000000244518e+03,8.330184198575986132e-01
1.975500000000244654e+03,8.330300656529810999e-01
1.975600000000244563e+03,8.330417100823938048e-01
1.975700000000244472e+03,8.330533531460599939e-01
1.975800000000244609e+03,8.330649948442031549e-01
1.975900000000244745e+03,8.330766351770466649e-01
1.976000000000244654e+03,8.330882741448136786e-01
1.976100000000244563e+03,8.330999117477275728e-01
1.976200000000244700e+03,8.331115479860113915e-01
1.976300000000244836e+03,8.331231828598884004e-01
1.976400000000244745e+03,8.331348163695816433e-01
1.976500000000244654e+03,8.331464485153141641e-01
1.976600000000244790e+03,8.331580792973090066e-01
1.976700000000244927e+03,8.331697087157891035e-01
1.976800000000244836e+03,8.331813367709772766e-01
1.976900000000244745e+03,8.331929634630964587e-01
1.977000000000244881e+03,8.332045887923696936e-01
1.977100000000245018e+03,8.332162127590194700e-01
1.977200000000244927e+03,8.332278353632686096e-01
1.977300000000244836e+03,8.332394566053398233e-01
1.977400000000244972e+03,8.332510764854558216e-01
1.977500000000245109e+03,8.332626950038390934e-01
1.977600000000245018e+03,8.332743121607121273e-01
1.977700000000244927e+03,8.332859279562975230e-01
1.977800000000245063e+03,8.332975423908177692e-01
1.977900000000245200e+03,8.333091554644952437e-01
1.978000000000245109e+03,8.333207671775522130e-01
1.978100000000245018e+03,8.333323775302111658e-01
1.978200000000245154e+03,8.333439865226942578e-01
1.978300000000245291e+03,8.333555941552238666e-01
1.978400000000245200e+03,8.333672004280220369e-01
1.978500000000245109e+03,8.333788053413109242e-01
1.978600000000245245e+03,8.333904088953126843e-01
1.978700000000245382e+03,8.334020110902492506e-01
1.978800000000245291e+03,8.334136119263426679e-01
1.978900000000245200e+03,8.334252114038150916e-01
1.979000000000245336e+03,8.334368095228881224e-01
1.979100000000245473e+03,8.334484062837838048e-01
1.979200000000245382e+03,8.334600016867238503e-01
1.979300000000245291e+03,8.334715957319301927e-01
1.979400000000245427e+03,8.334831884196243212e-01
1.979500000000245564e+03,8.334947797500282807e-01
1.979600000000245473e+03,8.335063697233633384e-01
1.979700000000245382e+03,8.335179583398513170e-01
1.979800000000245518e+03,8.335295455997138170e-01
1.979900000000245655e+03,8.335411315031719948e-01
1.980000000000245564e+03,8.335527160504475619e-01
1.980100000000245473e+03,8.335642992417618968e-01
1.980200000000245609e+03,8.335758810773364891e-01
1.980300000000245745e+03,8.335874615573923840e-01
1.980400000000245655e+03,8.335990406821510712e-01
1.980500000000245564e+03,8.336106184518337070e-01
1.980600000000245700e+03,8.336221948666614479e-01
1.980700000000245836e+03,8.336337699268554502e-01
1.980800000000245745e+03,8.336453436326367594e-01
1.980900000000245655e+03,8.336569159842266430e-01
1.981000000000245791e+03,8.336684869818459243e-01
1.981100000000245927e+03,8.336800566257154266e-01
1.981200000000245836e+03,8.336916249160563064e-01
1.981300000000245745e+03,8.337031918530892760e-01
1.981400000000245882e+03,8.337147574370352698e-01
1.981500000000246018e+03,8.337263216681151112e-01
1.981600000000245927e+03,8.337378845465492905e-01
1.981700000000245836e+03,8.337494460725586309e-01
1.981800000000245973e+03,8.337610062463637339e-01
1.981900000000246109e+03,8.337725650681853118e-01
1.982000000000246018e+03,8.337841225382439658e-01
1.982100000000245927e+03,8.337956786567598533e-01
1.982200000000246064e+03,8.338072334239537975e-01
1.982300000000246200e+03,8.338187868400460667e-01
1.982400000000246109e+03,8.338303389052568182e-01
1.982500000000246018e+03,8.338418896198066532e-01
1.982600000000246155e+03,8.338534389839159511e-01
1.982700000000246291e+03,8.338649869978046469e-01
1.982800000000246200e+03,8.338765336616930091e-01
1.982900000000246109e+03,8.338880789758014167e-01
1.983000000000246246e+03,8.338996229403496940e-01
1.983100000000246382e+03,8.339111655555579983e-01
1.983200000000246291e+03,8.339227068216461536e-01
1.983300000000246200e+03,8.339342467388344282e-01
1.983400000000246337e+03,8.339457853073425353e-01
1.983500000000246473e+03,8.339573225273905210e-01
1.983600000000246382e+03,8.339688583991980986e-01
1.983700000000246291e+03,8.339803929229849810e-01
1.983800000000246428e+03,8.339919260989709926e-01
1.983900000000246564e+03,8.340034579273758464e-01
1.984000000000246473e+03,8.340149884084191445e-01
1.984100000000246382e+03,8.340265175423204891e-01
1.984200000000246519e+03,8.340380453292994822e-01
1.984300000000246655e+03,8.340495717695756150e-01
1.984400000000246564e+03,8.340610968633682676e-01
1.984500000000246473e+03,8.340726206108969309e-01
1.984600000000246609e+03,8.340841430123809852e-01
1.984700000000246746e+03,8.340956640680399214e-01
1.984800000000246655e+03,8.341071837780927867e-01
1.984900000000246564e+03,8.341187021427589610e-01
1.985000000000246700e+03,8.341302191622574913e-01
1.985100000000246837e+03,8.341417348368077578e-01
1.985200000000246746e+03,8.341532491666285853e-01
1.985300000000246655e+03,8.341647621519393541e-01
1.985400000000246791e+03,8.341762737929587779e-01
1.985500000000246928e+03,8.341877840899061258e-01
1.985600000000246837e+03,8.341992930430001119e-01
1.985700000000246746e+03,8.342108006524596719e-01
1.985800000000246882e+03,8.342223069185037421e-01
1.985900000000247019e+03,8.342338118413509251e-01
1.986000000000246928e+03,8.342453154212201571e-01
1.986100000000246837e+03,8.342568176583300410e-01
1.986200000000246973e+03,8.342683185528992906e-01
1.986300000000247110e+03,8.342798181051465090e-01
1.986400000000247019e+03,8.342913163152901879e-01
1.986500000000246928e+03,8.343028131835489303e-01
1.986600000000247064e+03,8.343143087101412281e-01
1.986700000000247201e+03,8.343258028952854621e-01
1.986800000000247110e+03,8.343372957392001243e-01
1.986900000000247019e+03,8.343487872421034846e-01
1.987000000000247155e+03,8.343602774042138126e-01
1.987100000000247292e+03,8.343717662257494894e-01
1.987200000000247201e+03,8.343832537069286737e-01
1.987300000000247110e+03,8.343947398479693023e-01
1.987400000000247246e+03,8.344062246490899781e-01
1.987500000000247383e+03,8.344177081105083049e-01
1.987600000000247292e+03,8.344291902324426635e-01
1.987700000000247201e+03,8.344406710151107687e-01
1.987800000000247337e+03,8.344521504587306682e-01
1.987900000000247474e+03,8.344636285635204098e-01
1.988000000000247383e+03,8.344751053296978194e-01
1.988100000000247292e+03,8.344865807574803895e-01
1.988200000000247428e+03,8.344980548470863901e-01
1.988300000000247564e+03,8.345095275987330918e-01
1.988400000000247474e+03,8.345209990126384314e-01
1.988500000000247383e+03,8.345324690890199015e-01
1.988600000000247519e+03,8.345439378280952170e-01
1.988700000000247655e+03,8.345554052300818704e-01
1.988800000000247564e+03,8.345668712951973545e-01
1.988900000000247474e+03,8.345783360236590509e-01
1.989000000000247610e+03,8.345897994156846744e-01
1.989100000000247746e+03,8.346012614714911626e-01
1.989200000000247655e+03,8.346127221912961192e-01
1.989300000000247564e+03,8.346241815753167037e-01
1.989400000000247701e+03,8.346356396237700759e-01
1.989500000000247837e+03,8.346470963368737284e-01
1.989600000000247746e+03,8.346585517148445987e-01
1.989700000000247655e+03,8.346700057578996246e-01
1.989800000000247792e+03,8.346814584662561876e-01
1.989900000000247928e+03,8.346929098401312253e-01
1.990000000000247837e+03,8.347043598797415642e-01
1.990100000000247746e+03,8.347158085853041420e-01
1.990200000000247883e+03,8.347272559570360073e-01
1.990300000000248019e+03,8.347387019951537646e-01
1.990400000000247928e+03,8.347501466998744624e-01
1.990500000000247837e+03,8.347615900714144832e-01
1.990600000000247974e+03,8.347730321099909867e-01
1.990700000000248110e+03,8.347844728158202443e-01
1.990800000000248019e+03,8.347959121891190826e-01
1.990900000000247928e+03,8.348073502301039950e-01
1.991000000000248065e+03,8.348187869389914750e-01
1.991100000000248201e+03,8.348302223159981272e-01
1.991200000000248110e+03,8.348416563613402230e-01
1.991300000000248019e+03,8.348530890752342559e-01
1.991400000000248156e+03,8.348645204578966084e-01
1.991500000000248292e+03,8.348759505095435518e-01
1.991600000000248201e+03,8.348873792303912467e-01
1.991700000000248110e+03,8.348988066206559644e-01
1.991800000000248247e+03,8.349102326805539764e-01
1.991900000000248383e+03,8.349216574103013322e-01
1.992000000000248292e+03,8.349330808101140811e-01
1.992100000000248201e+03,8.349445028802082724e-01
1.992200000000248338e+03,8.349559236207999557e-01
1.992300000000248474e+03,8.349673430321050693e-01
1.992400000000248383e+03,8.349787611143395516e-01
1.992500000000248292e+03,8.349901778677190078e-01
1.992600000000248428e+03,8.350015932924597095e-01
1.992700000000248565e+03,8.350130073887770399e-01
1.992800000000248474e+03,8.350244201568869373e-01
1.992900000000248383e+03,8.350358315970048961e-01
1.993000000000248519e+03,8.350472417093467437e-01
1.993100000000248656e+03,8.350586504941280852e-01
1.993200000000248565e+03,8.350700579515643041e-01
1.993300000000248474e+03,8.350814640818711165e-01
1.993400000000248610e+03,8.350928688852637949e-01
1.993500000000248747e+03,8.351042723619578334e-01
1.993600000000248656e+03,8.351156745121687264e-01
1.993700000000248565e+03,8.351270753361116350e-01
1.993800000000248701e+03,8.351384748340020536e-01
1.993900000000248838e+03,8.351498730060550324e-01
1.994000000000248747e+03,8.351612698524858436e-01
1.994100000000248656e+03,8.351726653735095374e-01
1.994200000000248792e+03,8.351840595693414970e-01
1.994300000000248929e+03,8.351954524401964397e-01
1.994400000000248838e+03,8.352068439862897486e-01
1.994500000000248747e+03,8.352182342078361410e-01
1.994600000000248883e+03,8.352296231050506670e-01
1.994700000000249020e+03,8.352410106781482657e-01
1.994800000000248929e+03,8.352523969273436544e-01
1.994900000000248838e+03,8.352637818528517721e-01
1.995000000000248974e+03,8.352751654548872251e-01
1.995100000000249111e+03,8.352865477336650635e-01
1.995200000000249020e+03,8.352979286893995603e-01
1.995300000000248929e+03,8.353093083223055437e-01
1.995400000000249065e+03,8.353206866325976199e-01
1.995500000000249202e+03,8.353320636204902838e-01
1.995600000000249111e+03,8.353434392861980307e-01
1.995700000000249020e+03,8.353548136299353555e-01
1.995800000000249156e+03,8.353661866519167534e-01
1.995900000000249292e+03,8.353775583523563864e-01
1.996000000000249202e+03,8.353889287314686385e-01
1.996100000000249111e+03,8.354002977894678938e-01
1.996200000000249247e+03,8.354116655265683145e-01
1.996300000000249383e+03,8.354230319429841733e-01
1.996400000000249292e+03,8.354343970389295215e-01
1.996500000000249202e+03,8.354457608146185210e-01
1.996600000000249338e+03,8.354571232702652228e-01
1.996700000000249474e+03,8.354684844060836779e-01
1.996800000000249383e+03,8.354798442222878263e-01
1.996900000000249292e+03,8.354912027190916080e-01
1.997000000000249429e+03,8.355025598967088518e-01
1.997100000000249565e+03,8.355139157553536089e-01
1.997200000000249474e+03,8.355252702952394861e-01
1.997300000000249383e+03,8.355366235165802014e-01
1.997400000000249520e+03,8.355479754195895836e-01
1.997500000000249656e+03,8.355593260044814619e-01
1.997600000000249565e+03,8.355706752714691099e-01
1.997700000000249474e+03,8.355820232207663567e-01
1.997800000000249611e+03,8.355933698525866982e-01
1.997900000000249747e+03,8.356047151671436302e-01
1.998000000000249656e+03,8.356160591646504265e-01
1.998100000000249565e+03,8.356274018453208052e-01
1.998200000000249702e+03,8.356387432093679291e-01
1.998300000000249838e+03,8.356500832570052939e-01
1.998400000000249747e+03,8.356614219884460626e-01
1.998500000000249656e+03,8.356727594039032869e-01
1.998600000000249793e+03,8.356840955035905738e-01
1.998700000000249929e+03,8.356954302877206420e-01
1.998800000000249838e+03,8.357067637565068763e-01
1.998900000000249747e+03,8.357180959101623285e-01
1.999000000000249884e+03,8.357294267488998285e-01
1.999100000000250020e+03,8.357407562729326500e-01
1.999200000000249929e+03,8.357520844824735118e-01
1.999300000000249838e+03,8.357634113777352436e-01
1.999400000000249975e+03,8.357747369589308972e-01
1.999500000000250111e+03,8.357860612262730804e-01
1.999600000000250020e+03,8.357973841799747339e-01
1.999700000000249929e+03,8.358087058202484654e-01
1.999800000000250066e+03,8.358200261473069936e-01
1.999900000000250202e+03,8.358313451613629264e-01
2.000000000000250111e+03,8.358426628626287602e-01
2.000100000000250020e+03,8.358539792513172140e-01
2.000200000000250157e+03,8.358652943276406733e-01
2.000300000000250293e+03,8.358766080918117458e-01
2.000400000000250202e+03,8.358879205440424842e-01
2.000500000000250111e+03,8.358992316845456072e-01
2.000600000000250247e+03,8.359105415135332784e-01
2.000700000000250384e+03,8.359218500312178834e-01
2.000800000000250293e+03,8.359331572378115860e-01
2.000900000000250202e+03,8.359444631335265496e-01
2.001000000000250338e+03,8.359557677185751601e-01
2.001100000000250475e+03,8.359670709931692478e-01
2.001200000000250384e+03,8.359783729575209765e-01
2.001300000000250293e+03,8.359896736118423988e-01
2.001400000000250429e+03,8.360009729563454561e-01
2.001500000000250566e+03,8.360122709912422012e-01
2.001600000000250475e+03,8.360235677167442425e-01
2.001700000000250384e+03,8.360348631330637437e-01
2.001800000000250520e+03,8.360461572404124242e-01
2.001900000000250657e+03,8.360574500390020036e-01
2.002000000000250566e+03,8.360687415290440905e-01
2.002100000000250475e+03,8.360800317107507373e-01
2.002200000000250611e+03,8.360913205843332197e-01
2.002300000000250748e+03,8.361026081500031459e-01
2.002400000000250657e+03,8.361138944079723467e-01
2.002500000000250566e+03,8.361251793584519865e-01
2.002600000000250702e+03,8.361364630016537847e-01
2.002700000000250839e+03,8.361477453377891278e-01
2.002800000000250748e+03,8.361590263670692913e-01
2.002900000000250657e+03,8.361703060897055506e-01
2.003000000000250793e+03,8.361815845059095142e-01
2.003100000000250930e+03,8.361928616158921246e-01
2.003200000000250839e+03,8.362041374198646571e-01
2.003300000000250748e+03,8.362154119180382761e-01
2.003400000000250884e+03,8.362266851106242571e-01
2.003500000000251021e+03,8.362379569978334315e-01
2.003600000000250930e+03,8.362492275798769636e-01
2.003700000000250839e+03,8.362604968569657959e-01
2.003800000000250975e+03,8.362717648293110928e-01
2.003900000000251111e+03,8.362830314971234635e-01
2.004000000000251021e+03,8.362942968606138505e-01
2.004100000000250930e+03,8.363055609199931961e-01
2.004200000000251066e+03,8.363168236754722207e-01
2.004300000000251202e+03,8.363280851272616445e-01
2.004400000000251111e+03,8.363393452755720769e-01
2.004500000000251021e+03,8.363506041206142383e-01
2.004600000000251157e+03,8.363618616625987379e-01
2.004700000000251293e+03,8.363731179017362960e-01
2.004800000000251202e+03,8.363843728382370779e-01
2.004900000000251111e+03,8.363956264723118039e-01
2.005000000000251248e+03,8.364068788041708613e-01
2.005100000000251384e+03,8.364181298340247483e-01
2.005200000000251293e+03,8.364293795620836303e-01
2.005300000000251202e+03,8.364406279885577833e-01
2.005400000000251339e+03,8.364518751136578167e-01
2.005500000000251475e+03,8.364631209375935628e-01
2.005600000000251384e+03,8.364743654605754086e-01
2.005700000000251293e+03,8.364856086828134085e-01
2.005800000000251430e+03,8.364968506045176166e-01
2.005900000000251566e+03,8.365080912258981982e-01
2.006000000000251475e+03,8.365193305471652074e-01
2.006100000000251384e+03,8.365305685685283654e-01
2.006200000000251521e+03,8.365418052901978374e-01
2.006300000000251657e+03,8.365530407123834555e-01
2.006400000000251566e+03,8.365642748352949409e-01
2.006500000000251475e+03,8.365755076591421258e-01
2.006600000000251612e+03,8.365867391841348422e-01
2.006700000000251748e+03,8.365979694104828113e-01
2.006800000000251657e+03,8.366091983383955322e-01
2.006900000000251566e+03,8.366204259680827260e-01
2.007000000000251703e+03,8.366316522997540028e-01
2.007100000000251839e+03,8.366428773336189728e-01
2.007200000000251748e+03,8.366541010698869130e-01
2.007300000000251657e+03,8.366653235087675444e-01
2.007400000000251794e+03,8.366765446504700332e-01
2.007500000000251930e+03,8.366877644952039894e-01
2.007600000000251839e+03,8.366989830431784680e-01
2.007700000000251748e+03,8.367102002946029682e-01
2.007800000000251885e+03,8.367214162496866559e-01
2.007900000000252021e+03,8.367326309086386971e-01
2.008000000000251930e+03,8.367438442716682578e-01
2.008100000000251839e+03,8.367550563389845042e-01
2.008200000000251976e+03,8.367662671107964911e-01
2.008300000000252112e+03,8.367774765873132736e-01
2.008400000000252021e+03,8.367886847687436846e-01
2.008500000000251930e+03,8.367998916552967792e-01
2.008600000000252066e+03,8.368110972471815012e-01
2.008700000000252203e+03,8.368223015446067947e-01
2.008800000000252112e+03,8.368335045477811596e-01
2.008900000000252021e+03,8.368447062569137618e-01
2.009000000000252157e+03,8.368559066722129902e-01
2.009100000000252294e+03,8.368671057938877889e-01
2.009200000000252203e+03,8.368783036221465466e-01
2.009300000000252112e+03,8.368895001571980963e-01
2.009400000000252248e+03,8.369006953992509379e-01
2.009500000000252385e+03,8.369118893485135713e-01
2.009600000000252294e+03,8.369230820051946074e-01
2.009700000000252203e+03,8.369342733695022130e-01
2.009800000000252339e+03,8.369454634416449990e-01
2.009900000000252476e+03,8.369566522218312432e-01
2.010000000000252385e+03,8.369678397102691125e-01
2.010100000000252294e+03,8.369790259071672178e-01
2.010200000000252430e+03,8.369902108127333928e-01
2.010300000000252567e+03,8.370013944271761375e-01
2.010400000000252476e+03,8.370125767507033965e-01
2.010500000000252385e+03,8.370237577835233367e-01
2.010600000000252521e+03,8.370349375258441249e-01
2.010700000000252658e+03,8.370461159778735949e-01
2.010800000000252567e+03,8.370572931398198024e-01
2.010900000000252476e+03,8.370684690118906923e-01
2.011000000000252612e+03,8.370796435942940983e-01
2.011100000000252749e+03,8.370908168872378541e-01
2.011200000000252658e+03,8.371019888909297935e-01
2.011300000000252567e+03,8.371131596055777502e-01
2.011400000000252703e+03,8.371243290313892249e-01
2.011500000000252840e+03,8.371354971685722735e-01
2.011600000000252749e+03,8.371466640173340634e-01
2.011700000000252658e+03,8.371578295778825396e-01
2.011800000000252794e+03,8.371689938504250916e-01
2.011900000000252930e+03,8.371801568351694423e-01
2.012000000000252840e+03,8.371913185323226481e-01
2.012100000000252749e+03,8.372024789420925428e-01
2.012200000000252885e+03,8.372136380646861831e-01
2.012300000000253021e+03,8.372247959003111806e-01
2.012400000000252930e+03,8.372359524491747029e-01
2.012500000000252840e+03,8.372471077114839177e-01
2.012600000000252976e+03,8.372582616874463257e-01
2.012700000000253112e+03,8.372694143772687614e-01
2.012800000000253021e+03,8.372805657811586144e-01
2.012900000000252930e+03,8.372917158993228304e-01
2.013000000000253067e+03,8.373028647319684659e-01
2.013100000000253203e+03,8.373140122793025775e-01
2.013200000000253112e+03,8.373251585415321108e-01
2.013300000000253021e+03,8.373363035188639003e-01
2.013400000000253158e+03,8.373474472115050027e-01
2.013500000000253294e+03,8.373585896196621414e-01
2.013600000000253203e+03,8.373697307435420401e-01
2.013700000000253112e+03,8.373808705833515331e-01
2.013800000000253249e+03,8.373920091392974552e-01
2.013900000000253385e+03,8.374031464115863077e-01
2.014000000000253294e+03,8.374142824004245922e-01
2.014100000000253203e+03,8.374254171060192542e-01
2.014200000000253340e+03,8.374365505285765732e-01
2.014300000000253476e+03,8.374476826683031616e-01
2.014400000000253385e+03,8.374588135254054100e-01
2.014500000000253294e+03,8.374699431000898198e-01
2.014600000000253431e+03,8.374810713925626704e-01
2.014700000000253567e+03,8.374921984030303523e-01
2.014800000000253476e+03,8.375033241316991450e-01
2.014900000000253385e+03,8.375144485787752169e-01
2.015000000000253522e+03,8.375255717444649584e-01
2.015100000000253658e+03,8.375366936289744269e-01
2.015200000000253567e+03,8.375478142325096798e-01
2.015300000000253476e+03,8.375589335552768855e-01
2.015400000000253613e+03,8.375700515974822125e-01
2.015500000000253749e+03,8.375811683593314960e-01
2.015600000000253658e+03,8.375922838410306825e-01
2.015700000000253567e+03,8.376033980427856074e-01
2.015800000000253704e+03,8.376145109648025500e-01
2.015900000000253840e+03,8.376256226072869016e-01
2.016000000000253749e+03,8.376367329704446085e-01
2.016100000000253658e+03,8.376478420544815062e-01
2.016200000000253794e+03,8.376589498596032080e-01
2.016300000000253931e+03,8.376700563860154380e-01
2.016400000000253840e+03,8.376811616339236988e-01
2.016500000000253749e+03,8.376922656035337145e-01
2.016600000000253885e+03,8.377033682950508764e-01
2.016700000000254022e+03,8.377144697086809089e-01
2.016800000000253931e+03,8.377255698446290921e-01
2.016900000000253840e+03,8.377366687031009285e-01
2.017000000000253976e+03,8.377477662843018091e-01
2.017100000000254113e+03,8.377588625884369034e-01
2.017200000000254022e+03,8.377699576157117134e-01
2.017300000000253931e+03,8.377810513663312975e-01
2.017400000000254067e+03,8.377921438405010468e-01
2.017500000000254204e+03,8.378032350384261306e-01
2.017600000000254113e+03,8.378143249603113851e-01
2.017700000000254022e+03,8.378254136063622015e-01
2.017800000000254158e+03,8.378365009767836380e-01
2.017900000000254295e+03,8.378475870717805307e-01
2.018000000000254204e+03,8.378586718915578269e-01
2.018100000000254113e+03,8.378697554363204736e-01
2.018200000000254249e+03,8.378808377062735291e-01
2.018300000000254386e+03,8.378919187016217185e-01
2.018400000000254295e+03,8.379029984225696559e-01
2.018500000000254204e+03,8.379140768693222885e-01
2.018600000000254340e+03,8.379251540420843414e-01
2.018700000000254477e+03,8.379362299410604287e-01
2.018800000000254386e+03,8.379473045664552755e-01
2.018900000000254295e+03,8.379583779184731629e-01
2.019000000000254431e+03,8.379694499973189270e-01
2.019100000000254568e+03,8.379805208031971819e-01
2.019200000000254477e+03,8.379915903363119867e-01
2.019300000000254386e+03,8.380026585968680664e-01
2.019400000000254522e+03,8.380137255850697020e-01
2.019500000000254659e+03,8.380247913011213967e-01
2.019600000000254568e+03,8.380358557452270984e-01
2.019700000000254477e+03,8.380469189175913103e-01
2.019800000000254613e+03,8.380579808184184243e-01
2.019900000000254749e+03,8.380690414479122774e-01
2.020000000000254659e+03,8.380801008062770396e-01
2.020100000000254568e+03,8.380911588937169920e-01
2.020200000000254704e+03,8.381022157104360826e-01
2.020300000000254840e+03,8.381132712566383702e-01
2.020400000000254749e+03,8.381243255325275809e-01
2.020500000000254659e+03,8.381353785383079957e-01
2.020600000000254795e+03,8.381464302741833405e-01
2.020700000000254931e+03,8.381574807403574523e-01
2.020800000000254840e+03,8.381685299370341680e-01
2.020900000000254749e+03,8.381795778644172135e-01
2.021000000000254886e+03,8.381906245227104257e-01
2.021100000000255022e+03,8.382016699121173087e-01
2.021200000000254931e+03,8.382127140328415882e-01
2.021300000000254840e+03,8.382237568850868792e-01
2.021400000000254977e+03,8.382347984690566856e-01
2.021500000000255113e+03,8.382458387849545112e-01
2.021600000000255022e+03,8.382568778329839709e-01
2.021700000000254931e+03,8.382679156133483467e-01
2.021800000000255068e+03,8.382789521262511423e-01
2.021900000000255204e+03,8.382899873718955286e-01
2.022000000000255113e+03,8.383010213504850094e-01
2.022100000000255022e+03,8.383120540622227557e-01
2.022200000000255159e+03,8.383230855073120491e-01
2.022300000000255295e+03,8.383341156859561716e-01
2.022400000000255204e+03,8.383451445983580719e-01
2.022500000000255113e+03,8.383561722447208098e-01
2.022600000000255250e+03,8.383671986252477781e-01
2.022700000000255386e+03,8.383782237401417037e-01
2.022800000000255295e+03,8.383892475896056462e-01
2.022900000000255204e+03,8.384002701738425545e-01
2.023000000000255341e+03,8.384112914930552662e-01
2.023100000000255477e+03,8.384223115474468413e-01
2.023200000000255386e+03,8.384333303372200064e-01
2.023300000000255295e+03,8.384443478625773771e-01
2.023400000000255432e+03,8.384553641237219024e-01
2.023500000000255568e+03,8.384663791208561978e-01
2.023600000000255477e+03,8.384773928541829902e-01
2.023700000000255386e+03,8.384884053239045620e-01
2.023800000000255523e+03,8.384994165302239733e-01
2.023900000000255659e+03,8.385104264733433954e-01
2.024000000000255568e+03,8.385214351534654442e-01
2.024100000000255477e+03,8.385324425707926244e-01
2.024200000000255613e+03,8.385434487255273295e-01
2.024300000000255750e+03,8.385544536178719532e-01
2.024400000000255659e+03,8.385654572480285562e-01
2.024500000000255568e+03,8.385764596161997542e-01
2.024600000000255704e+03,8.385874607225877186e-01
2.024700000000255841e+03,8.385984605673945103e-01
2.024800000000255750e+03,8.386094591508224116e-01
2.024900000000255659e+03,8.386204564730735944e-01
2.025000000000255795e+03,8.386314525343500081e-01
2.025100000000255932e+03,8.386424473348539355e-01
2.025200000000255841e+03,8.386534408747869929e-01
2.025300000000255750e+03,8.386644331543514630e-01
2.025400000000255886e+03,8.386754241737491844e-01
2.025500000000256023e+03,8.386864139331818846e-01
2.025600000000255932e+03,8.386974024328516242e-01
2.025700000000255841e+03,8.387083896729600196e-01
2.025800000000255977e+03,8.387193756537089095e-01
2.025900000000256114e+03,8.387303603753001324e-01
2.026000000000256023e+03,8.387413438379351938e-01
2.026100000000255932e+03,8.387523260418157101e-01
2.026200000000256068e+03,8.387633069871435199e-01
2.026300000000256205e+03,8.387742866741197956e-01
2.026400000000256114e+03,8.387852651029463757e-01
2.026500000000256023e+03,8.387962422738246548e-01
2.026600000000256159e+03,8.388072181869560273e-01
2.026700000000256296e+03,8.388181928425417766e-01
2.026800000000256205e+03,8.388291662407834082e-01
2.026900000000256114e+03,8.388401383818822055e-01
2.027000000000256250e+03,8.388511092660394519e-01
2.027100000000256387e+03,8.388620788934563199e-01
2.027200000000256296e+03,8.388730472643339819e-01
2.027300000000256205e+03,8.388840143788736103e-01
2.027400000000256341e+03,8.388949802372763775e-01
2.027500000000256478e+03,8.389059448397433449e-01
2.027600000000256387e+03,8.389169081864754629e-01
2.027700000000256296e+03,8.389278702776736818e-01
2.027800000000256432e+03,8.389388311135390630e-01
2.027900000000256568e+03,8.389497906942724459e-01
2.028000000000256478e+03,8.389607490200747808e-01
2.028100000000256387e+03,8.389717060911467961e-01
2.028200000000256523e+03,8.389826619076893310e-01
2.028300000000256659e+03,8.389936164699031140e-01
2.028400000000256568e+03,8.390045697779887623e-01
2.028500000000256478e+03,8.390155218321470043e-01
2.028600000000256614e+03,8.390264726325784572e-01
2.028700000000256750e+03,8.390374221794838494e-01
2.028800000000256659e+03,8.390483704730634651e-01
2.028900000000256568e+03,8.390593175135180326e-01
2.029000000000256705e+03,8.390702633010478362e-01
2.029100000000256841e+03,8.390812078358533821e-01
2.029200000000256750e+03,8.390921511181350656e-01
2.029300000000256659e+03,8.391030931480931709e-01
2.029400000000256796e+03,8.391140339259279823e-01
2.029500000000256932e+03,8.391249734518397840e-01
2.029600000000256841e+03,8.391359117260288603e-01
2.029700000000256750e+03,8.391468487486953842e-01
2.029800000000256887e+03,8.391577845200394181e-01
2.029900000000257023e+03,8.391687190402610241e-01
2.030000000000256932e+03,8.391796523095603755e-01
2.030100000000256841e+03,8.391905843281374233e-01
2.030200000000256978e+03,8.392015150961921188e-01
2.030300000000257114e+03,8.392124446139245242e-01
2.030400000000257023e+03,8.392233728815344795e-01
2.030500000000256932e+03,8.392342998992217140e-01
2.030600000000257069e+03,8.392452256671861788e-01
2.030700000000257205e+03,8.392561501856276029e-01
2.030800000000257114e+03,8.392670734547457156e-01
2.030900000000257023e+03,8.392779954747401350e-01
2.031000000000257160e+03,8.392889162458107011e-01
2.031100000000257296e+03,8.392998357681569210e-01
2.031200000000257205e+03,8.393107540419783019e-01
2.031300000000257114e+03,8.393216710674745729e-01
2.031400000000257251e+03,8.393325868448450189e-01
2.031500000000257387e+03,8.393435013742893691e-01
2.031600000000257296e+03,8.393544146560066865e-01
2.031700000000257205e+03,8.393653266901964782e-01
2.031800000000257342e+03,8.393762374770582513e-01
2.031900000000257478e+03,8.393871470167911797e-01
2.032000000000257387e+03,8.393980553095943264e-01
2.032100000000257296e+03,8.394089623556670876e-01
2.032200000000257432e+03,8.394198681552087482e-01
2.032300000000257569e+03,8.394307727084182602e-01
2.032400000000257478e+03,8.394416760154947976e-01
2.032500000000257387e+03,8.394525780766373124e-01
2.032600000000257523e+03,8.394634788920449786e-01
2.032700000000257660e+03,8.394743784619166371e-01
2.032800000000257569e+03,8.394852767864513510e-01
2.032900000000257478e+03,8.394961738658477390e-01
2.033000000000257614e+03,8.395070697003050864e-01
2.033100000000257751e+03,8.395179642900219008e-01
2.033200000000257660e+03,8.395288576351969123e-01
2.033300000000257569e+03,8.395397497360290728e-01
2.033400000000257705e+03,8.395506405927168903e-01
2.033500000000257842e+03,8.395615302054590945e-01
2.033600000000257751e+03,8.395724185744541934e-01
2.033700000000257660e+03,8.395833056999011390e-01
2.033800000000257796e+03,8.395941915819979950e-01
2.033900000000257933e+03,8.396050762209434914e-01
2.034000000000257842e+03,8.396159596169360251e-01
2.034100000000257751e+03,8.396268417701739928e-01
2.034200000000257887e+03,8.396377226808557914e-01
2.034300000000258024e+03,8.396486023491798178e-01
2.034400000000257933e+03,8.396594807753443579e-01
2.034500000000257842e+03,8.396703579595475864e-01
2.034600000000257978e+03,8.396812339019876781e-01
2.034700000000258115e+03,8.396921086028629189e-01
2.034800000000258024e+03,8.397029820623714835e-01
2.034900000000257933e+03,8.397138542807112138e-01
2.035000000000258069e+03,8.397247252580803956e-01
2.035100000000258206e+03,8.397355949946769815e-01
2.035200000000258115e+03,8.397464634906990355e-01
2.035300000000258024e+03,8.397573307463442882e-01
2.035400000000258160e+03,8.397681967618109145e-01
2.035500000000258296e+03,8.397790615372964229e-01
2.035600000000258206e+03,8.397899250729989884e-01
2.035700000000258115e+03,8.398007873691160086e-01
2.035800000000258251e+03,8.398116484258456582e-01
2.035900000000258387e+03,8.398225082433853350e-01
2.036000000000258296e+03,8.398333668219326587e-01
2.036100000000258206e+03,8.398442241616854709e-01
2.036200000000258342e+03,8.398550802628411693e-01
2.036300000000258478e+03,8.398659351255973737e-01
2.036400000000258387e+03,8.398767887501515927e-01
2.036500000000258296e+03,8.398876411367011130e-01
2.036600000000258433e+03,8.398984922854436652e-01
2.036700000000258569e+03,8.399093421965764250e-01
2.036800000000258478e+03,8.399201908702967900e-01
2.036900000000258387e+03,8.399310383068019359e-01
2.037000000000258524e+03,8.399418845062892602e-01
2.037100000000258660e+03,8.399527294689560497e-01
2.037200000000258569e+03,8.399635731949992579e-01
2.037300000000258478e+03,8.399744156846161713e-01
2.037400000000258615e+03,8.399852569380039657e-01
2.037500000000258751e+03,8.399960969553595946e-01
2.037600000000258660e+03,8.400069357368801226e-01
2.037700000000258569e+03,8.400177732827623922e-01
2.037800000000258706e+03,8.400286095932035790e-01
2.037900000000258842e+03,8.400394446684004146e-01
2.038000000000258751e+03,8.400502785085498525e-01
2.038100000000258660e+03,8.400611111138486242e-01
2.038200000000258797e+03,8.400719424844936833e-01
2.038300000000258933e+03,8.400827726206816504e-01
2.038400000000258842e+03,8.400936015226091458e-01
2.038500000000258751e+03,8.401044291904730121e-01
2.038600000000258888e+03,8.401152556244698699e-01
2.038700000000259024e+03,8.401260808247962286e-01
2.038800000000258933e+03,8.401369047916485977e-01
2.038900000000258842e+03,8.401477275252235977e-01
2.039000000000258979e+03,8.401585490257176270e-01
2.039100000000259115e+03,8.401693692933273061e-01
2.039200000000259024e+03,8.401801883282487005e-01
2.039300000000258933e+03,8.401910061306783195e-01
2.039400000000259070e+03,8.402018227008124507e-01
2.039500000000259206e+03,8.402126380388474924e-01
2.039600000000259115e+03,8.402234521449795102e-01
2.039700000000259024e+03,8.402342650194047913e-01
2.039800000000259161e+03,8.402450766623195122e-01
2.039900000000259297e+03,8.402558870739197383e-01
2.040000000000259206e+03,8.402666962544014240e-01
2.040100000000259115e+03,8.402775042039608566e-01
2.040200000000259251e+03,8.402883109227939906e-01
2.040300000000259388e+03,8.402991164110965583e-01
2.040400000000259297e+03,8.403099206690646250e-01
2.040500000000259206e+03,8.403207236968941451e-01
2.040600000000259342e+03,8.403315254947808510e-01
2.040700000000259479e+03,8.403423260629205860e-01
2.040800000000259388e+03,8.403531254015090823e-01
2.040900000000259297e+03,8.403639235107421834e-01
2.041000000000259433e+03,8.403747203908153995e-01
2.041100000000259570e+03,8.403855160419244630e-01
2.041200000000259479e+03,8.403963104642648840e-01
2.041300000000259388e+03,8.404071036580325060e-01
2.041400000000259524e+03,8.404178956234225062e-01
2.041500000000259661e+03,8.404286863606306168e-01
2.041600000000259570e+03,8.404394758698521262e-01
2.041700000000259479e+03,8.404502641512825445e-01
2.041800000000259615e+03,8.404610512051171600e-01
2.041900000000259752e+03,8.404718370315514830e-01
2.042000000000259661e+03,8.404826216307804687e-01
2.042100000000259570e+03,8.404934050029997383e-01
2.042200000000259706e+03,8.405041871484043581e-01
2.042300000000259843e+03,8.405149680671895052e-01
2.042400000000259752e+03,8.405257477595501348e-01
2.042500000000259661e+03,8.405365262256816461e-01
2.042600000000259797e+03,8.405473034657789944e-01
2.042700000000259934e+03,8.405580794800371347e-01
2.042800000000259843e+03,8.405688542686510223e-01
2.042900000000259752e+03,8.405796278318156123e-01
2.043000000000259888e+03,8.405904001697257488e-01
2.043100000000260025e+03,8.406011712825764981e-01
2.043200000000259934e+03,8.406119411705627043e-01
2.043300000000259843e+03,8.406227098338787673e-01
2.043400000000259979e+03,8.406334772727198645e-01
2.043500000000260115e+03,8.406442434872803959e-01
2.043600000000260025e+03,8.406550084777552057e-01
2.043700000000259934e+03,8.406657722443389158e-01
2.043800000000260070e+03,8.406765347872260374e-01
2.043900000000260206e+03,8.406872961066110816e-01
2.044000000000260115e+03,8.406980562026886705e-01
2.044100000000260025e+03,8.407088150756532041e-01
2.044200000000260161e+03,8.407195727256990825e-01
2.044300000000260297e+03,8.407303291530209277e-01
2.044400000000260206e+03,8.407410843578126958e-01
2.044500000000260115e+03,8.407518383402691198e-01
2.044600000000260252e+03,8.407625911005842667e-01
2.044700000000260388e+03,8.407733426389523146e-01
2.044800000000260297e+03,8.407840929555675524e-01
2.044900000000260206e+03,8.407948420506241582e-01
2.045000000000260343e+03,8.408055899243161990e-01
2.045100000000260479e+03,8.408163365768378528e-01
2.045200000000260388e+03,8.408270820083829644e-01
2.045300000000260297e+03,8.408378262191457120e-01
2.045400000000260434e+03,8.408485692093201624e-01
2.045500000000260570e+03,8.408593109790999387e-01
2.045600000000260479e+03,8.408700515286791077e-01
2.045700000000260388e+03,8.408807908582515145e-01
2.045800000000260525e+03,8.408915289680110039e-01
2.045900000000260661e+03,8.409022658581513099e-01
2.046000000000260570e+03,8.409130015288660553e-01
2.046100000000260479e+03,8.409237359803490852e-01
2.046200000000260616e+03,8.409344692127940224e-01
2.046300000000260752e+03,8.409452012263944898e-01
2.046400000000260661e+03,8.409559320213438882e-01
2.046500000000260570e+03,8.409666615978360626e-01
2.046600000000260707e+03,8.409773899560643029e-01
2.046700000000260843e+03,8.409881170962222319e-01
2.046800000000260752e+03,8.409988430185030284e-01
2.046900000000260661e+03,8.410095677231003153e-01
2.047000000000260798e+03,8.410202912102072714e-01
2.047100000000260934e+03,8.410310134800172976e-01
2.047200000000260843e+03,8.410417345327236838e-01
2.047300000000260752e+03,8.410524543685196086e-01
2.047400000000260889e+03,8.410631729875982510e-01
2.047500000000261025e+03,8.410738903901527896e-01
2.047600000000260934e+03,8.410846065763762924e-01
2.047700000000260843e+03,8.410953215464618271e-01
2.047800000000260980e+03,8.411060353006025725e-01
2.047900000000261116e+03,8.411167478389914853e-01
2.048000000000261025e+03,8.411274591618213003e-01
2.048100000000260934e+03,8.411381692692853074e-01
2.048200000000260843e+03,8.411488781615759081e-01
2.048300000000261207e+03,8.411595858388865032e-01
2.048400000000261116e+03,8.411702923014094946e-01
2.048500000000261025e+03,8.411809975493378388e-01
2.048600000000261389e+03,8.411917015828641597e-01
2.048700000000261298e+03,8.412024044021811919e-01
2.048800000000261207e+03,8.412131060074815592e-01
2.048900000000261116e+03,8.412238063989578851e-01
2.049000000000261025e+03,8.412345055768029045e-01
2.049100000000261389e+03,8.412452035412089080e-01
2.049200000000261298e+03,8.412559002923685192e-01
2.049300000000261207e+03,8.412665958304740288e-01
2.049400000000261571e+03,8.412772901557180605e-01
2.049500000000261480e+03,8.412879832682930159e-01
2.049600000000261389e+03,8.412986751683911857e-01
2.049700000000261298e+03,8.413093658562046384e-01
2.049800000000261207e+03,8.413200553319259978e-01
2.049900000000261571e+03,8.413307435957473324e-01
2.050000000000261480e+03,8.413414306478608218e-01
2.050100000000261389e+03,8.413521164884586456e-01
2.050200000000261753e+03,8.413628011177328725e-01
2.050300000000261662e+03,8.413734845358755710e-01
2.050400000000261571e+03,8.413841667430788096e-01
2.050500000000261480e+03,8.413948477395346570e-01
2.050600000000261389e+03,8.414055275254350708e-01
2.050700000000261753e+03,8.414162061009717863e-01
2.050800000000261662e+03,8.414268834663368724e-01
2.050900000000261571e+03,8.414375596217221753e-01
2.051000000000261934e+03,8.414482345673193198e-01
2.051100000000261844e+03,8.414589083033201522e-01
2.051200000000261753e+03,8.414695808299164081e-01
2.051300000000261662e+03,8.414802521472999342e-01
2.051400000000261571e+03,8.414909222556621327e-01
2.051500000000261934e+03,8.415015911551948502e-01
2.051600000000261844e+03,8.415122588460896003e-01
2.051700000000261753e+03,8.415229253285376743e-01
2.051800000000262116e+03,8.415335906027309187e-01
2.051900000000262025e+03,8.415442546688606251e-01
2.052000000000261934e+03,8.415549175271181959e-01
2.052100000000261844e+03,8.415655791776950334e-01
2.052200000000261753e+03,8.415762396207825402e-01
2.052300000000262116e+03,8.415868988565720077e-01
2.052400000000262025e+03,8.415975568852547273e-01
2.052500000000261934e+03,8.416082137070217684e-01
2.052600000000262298e+03,8.416188693220646444e-01
2.052700000000262207e+03,8.416295237305742027e-01
2.052800000000262116e+03,8.416401769327417348e-01
2.052900000000262025e+03,8.416508289287580880e-01
2.053000000000261934e+03,8.416614797188146646e-01
2.053100000000262298e+03,8.416721293031022011e-01
2.053200000000262207e+03,8.416827776818117668e-01
2.053300000000262116e+03,8.416934248551340980e-01
2.053400000000262480e+03,8.417040708232604862e-01
2.053500000000262389e+03,8.417147155863814456e-01
2.053600000000262298e+03,8.417253591446878236e-01
2.053700000000262207e+03,8.417360014983705785e-01
2.053800000000262116e+03,8.417466426476202246e-01
2.053900000000262480e+03,8.417572825926277202e-01
2.054000000000262389e+03,8.417679213335833577e-01
2.054100000000262298e+03,8.417785588706780953e-01
2.054200000000262662e+03,8.417891952041024473e-01
2.054300000000262571e+03,8.417998303340467059e-01
2.054400000000262480e+03,8.418104642607017185e-01
2.054500000000262389e+03,8.418210969842577773e-01
2.054600000000262298e+03,8.418317285049052856e-01
2.054700000000262662e+03,8.418423588228347576e-01
2.054800000000262571e+03,8.418529879382364856e-01
2.054900000000262480e+03,8.418636158513008727e-01
2.055000000000262844e+03,8.418742425622181003e-01
2.055100000000262753e+03,8.418848680711784604e-01
2.055200000000262662e+03,8.418954923783719124e-01
2.055300000000262571e+03,8.419061154839889705e-01
2.055400000000262480e+03,8.419167373882195937e-01
2.055500000000262844e+03,8.419273580912540744e-01
2.055600000000262753e+03,8.419379775932821497e-01
2.055700000000262662e+03,8.419485958944941117e-01
2.055800000000263026e+03,8.419592129950796977e-01
2.055900000000262935e+03,8.419698288952289777e-01
2.056000000000262844e+03,8.419804435951319110e-01
2.056100000000262753e+03,8.419910570949781237e-01
2.056200000000262662e+03,8.420016693949576858e-01
2.056300000000263026e+03,8.420122804952604456e-01
2.056400000000262935e+03,8.420228903960759181e-01
2.056500000000262844e+03,8.420334990975938405e-01
2.056600000000263208e+03,8.420441066000040609e-01
2.056700000000263117e+03,8.420547129034959832e-01
2.056800000000263026e+03,8.420653180082593448e-01
2.056900000000262935e+03,8.420759219144837715e-01
2.057000000000262844e+03,8.420865246223586675e-01
2.057100000000263208e+03,8.420971261320735479e-01
2.057200000000263117e+03,8.421077264438179277e-01
2.057300000000263026e+03,8.421183255577809890e-01
2.057400000000263390e+03,8.421289234741524687e-01
2.057500000000263299e+03,8.421395201931214380e-01
2.057600000000263208e+03,8.421501157148770789e-01
2.057700000000263117e+03,8.421607100396091283e-01
2.057800000000263026e+03,8.421713031675062133e-01
2.057900000000263390e+03,8.421818950987580710e-01
2.058000000000263299e+03,8.421924858335535502e-01
2.058100000000263208e+03,8.422030753720817220e-01
2.058200000000263572e+03,8.422136637145317684e-01
2.058300000000263481e+03,8.422242508610926492e-01
2.058400000000263390e+03,8.422348368119534356e-01
2.058500000000263299e+03,8.422454215673029765e-01
2.058600000000263208e+03,8.422560051273302317e-01
2.058700000000263572e+03,8.422665874922242724e-01
2.058800000000263481e+03,8.422771686621737253e-01
2.058900000000263390e+03,8.422877486373673284e-01
2.059000000000263753e+03,8.422983274179940416e-01
2.059100000000263663e+03,8.423089050042426029e-01
2.059200000000263572e+03,8.423194813963015282e-01
2.059300000000263481e+03,8.423300565943596663e-01
2.059400000000263390e+03,8.423406305986055331e-01
2.059500000000263753e+03,8.423512034092277556e-01
2.059600000000263663e+03,8.423617750264148496e-01
2.059700000000263572e+03,8.423723454503551089e-01
2.059800000000263935e+03,8.423829146812374935e-01
2.059900000000263844e+03,8.423934827192499641e-01
2.060000000000263753e+03,8.424040495645811477e-01
2.060100000000263663e+03,8.424146152174193380e-01
2.060200000000263572e+03,8.424251796779529400e-01
2.060300000000263935e+03,8.424357429463702474e-01
2.060400000000263844e+03,8.424463050228592209e-01
2.060500000000263753e+03,8.424568659076082655e-01
2.060600000000264117e+03,8.424674256008056750e-01
2.060700000000264026e+03,8.424779841026395211e-01
2.060800000000263935e+03,8.424885414132976535e-01
2.060900000000263844e+03,8.424990975329683662e-01
2.061000000000263753e+03,8.425096524618395089e-01
2.061100000000264117e+03,8.425202062000993752e-01
2.061200000000264026e+03,8.425307587479357041e-01
2.061300000000263935e+03,8.425413101055363452e-01
2.061400000000264299e+03,8.425518602730892592e-01
2.061500000000264208e+03,8.425624092507820739e-01
2.061600000000264117e+03,8.425729570388029721e-01
2.061700000000264026e+03,8.425835036373394704e-01
2.061800000000263935e+03,8.425940490465790855e-01
2.061900000000264299e+03,8.426045932667100002e-01
2.062000000000264208e+03,8.426151362979193982e-01
2.062100000000264117e+03,8.426256781403952401e-01
2.062200000000264481e+03,8.426362187943248205e-01
2.062300000000264390e+03,8.426467582598957673e-01
2.062400000000264299e+03,8.426572965372955970e-01
2.062500000000264208e+03,8.426678336267118263e-01
2.062600000000264117e+03,8.426783695283318609e-01
2.062700000000264481e+03,8.426889042423428844e-01
2.062800000000264390e+03,8.426994377689325244e-01
2.062900000000264299e+03,8.427099701082879646e-01
2.063000000000264663e+03,8.427205012605963885e-01
2.063100000000264572e+03,8.427310312260452019e-01
2.063200000000264481e+03,8.427415600048213662e-01
2.063300000000264390e+03,8.427520875971123981e-01
2.063400000000264299e+03,8.427626140031050372e-01
2.063500000000264663e+03,8.427731392229865781e-01
2.063600000000264572e+03,8.427836632569440933e-01
2.063700000000264481e+03,8.427941861051645445e-01
2.063800000000264845e+03,8.428047077678350041e-01
2.063900000000264754e+03,8.428152282451421007e-01
2.064000000000264663e+03,8.428257475372730179e-01
2.064100000000264572e+03,8.428362656444146062e-01
2.064200000000264481e+03,8.428467825667534941e-01
2.064300000000264845e+03,8.428572983044767541e-01
2.064400000000264754e+03,8.428678128577709039e-01
2.064500000000264663e+03,8.428783262268226828e-01
2.064600000000265027e+03,8.428888384118189414e-01
2.064700000000264936e+03,8.428993494129461972e-01
2.064800000000264845e+03,8.429098592303908566e-01
2.064900000000264754e+03,8.429203678643399922e-01
2.065000000000264663e+03,8.429308753149795663e-01
2.065100000000265027e+03,8.429413815824965406e-01
2.065200000000264936e+03,8.429518866670770993e-01
2.065300000000264845e+03,8.429623905689076491e-01
2.065400000000265209e+03,8.429728932881747072e-01
2.065500000000265118e+03,8.429833948250645692e-01
2.065600000000265027e+03,8.429938951797635305e-01
2.065700000000264936e+03,8.430043943524577754e-01
2.065800000000264845e+03,8.430148923433337105e-01
2.065900000000265209e+03,8.430253891525774090e-01
2.066000000000265118e+03,8.430358847803750555e-01
2.066100000000265027e+03,8.430463792269127232e-01
2.066200000000265391e+03,8.430568724923767077e-01
2.066300000000265300e+03,8.430673645769527491e-01
2.066400000000265209e+03,8.430778554808270320e-01
2.066500000000265118e+03,8.430883452041855186e-01
2.066600000000265027e+03,8.430988337472140604e-01
2.066700000000265391e+03,8.431093211100987306e-01
2.066800000000265300e+03,8.431198072930252696e-01
2.066900000000265209e+03,8.431302922961795288e-01
2.067000000000265572e+03,8.431407761197473594e-01
2.067100000000265482e+03,8.431512587639143907e-01
2.067200000000265391e+03,8.431617402288663632e-01
2.067300000000265300e+03,8.431722205147890170e-01
2.067400000000265209e+03,8.431826996218679815e-01
2.067500000000265572e+03,8.431931775502888859e-01
2.067600000000265482e+03,8.432036543002371376e-01
2.067700000000265391e+03,8.432141298718983657e-01
2.067800000000265754e+03,8.432246042654583107e-01
2.067900000000265663e+03,8.432350774811019356e-01
2.068000000000265572e+03,8.432455495190150918e-01
2.068100000000265482e+03,8.432560203793829645e-01
2.068200000000265391e+03,8.432664900623908499e-01
2.068300000000265754e+03,8.432769585682243774e-01
2.068400000000265663e+03,8.432874258970683989e-01
2.068500000000265572e+03,8.432978920491083219e-01
2.068600000000265936e+03,8.433083570245294425e-01
2.068700000000265845e+03,8.433188208235168348e-01
2.068800000000265754e+03,8.433292834462556842e-01
2.068900000000265663e+03,8.433397448929309537e-01
2.069000000000265572e+03,8.433502051637278285e-01
2.069100000000265936e+03,8.433606642588312718e-01
2.069200000000265845e+03,8.433711221784262468e-01
2.069300000000265754e+03,8.433815789226977166e-01
2.069400000000266118e+03,8.433920344918305334e-01
2.069500000000266027e+03,8.434024888860096603e-01
2.069600000000265936e+03,8.434129421054199494e-01
2.069700000000265845e+03,8.434233941502461418e-01
2.069800000000265754e+03,8.434338450206727567e-01
2.069900000000266118e+03,8.434442947168850901e-01
2.070000000000266027e+03,8.434547432390672173e-01
2.070100000000265936e+03,8.434651905874042122e-01
2.070200000000266300e+03,8.434756367620804829e-01
2.070300000000266209e+03,8.434860817632806596e-01
2.070400000000266118e+03,8.434965255911892612e-01
2.070500000000266027e+03,8.435069682459909179e-01
2.070600000000265936e+03,8.435174097278698158e-01
2.070700000000266300e+03,8.435278500370106958e-01
2.070800000000266209e+03,8.435382891735977440e-01
2.070900000000266118e+03,8.435487271378153684e-01
2.071000000000266482e+03,8.435591639298479771e-01
2.071100000000266391e+03,8.435695995498796451e-01
2.071200000000266300e+03,8.435800339980948914e-01
2.071300000000266209e+03,8.435904672746776800e-01
2.071400000000266118e+03,8.436008993798124189e-01
2.071500000000266482e+03,8.436113303136830721e-01
2.071600000000266391e+03,8.436217600764738256e-01
2.071700000000266300e+03,8.436321886683687543e-01
2.071800000000266664e+03,8.436426160895517112e-01
2.071900000000266573e+03,8.436530423402068823e-01
2.072000000000266482e+03,8.436634674205181206e-01
2.072100000000266391e+03,8.436738913306693899e-01
2.072200000000266300e+03,8.436843140708445432e-01
2.072300000000266664e+03,8.436947356412275445e-01
2.072400000000266573e+03,8.437051560420020246e-01
2.072500000000266482e+03,8.437155752733519476e-01
2.072600000000266846e+03,8.437259933354608332e-01
2.072700000000266755e+03,8.437364102285125345e-01
2.072800000000266664e+03,8.437468259526906822e-01
2.072900000000266573e+03,8.437572405081787963e-01
2.073000000000266482e+03,8.437676538951607297e-01
2.073100000000266846e+03,8.437780661138197802e-01
2.073200000000266755e+03,8.437884771643394677e-01
2.073300000000266664e+03,8.437988870469035341e-01
2.073400000000267028e+03,8.438092957616951661e-01
2.073500000000266937e+03,8.438197033088978838e-01
2.073600000000266846e+03,8.438301096886948738e-01
2.073700000000266755e+03,8.438405149012698780e-01
2.073800000000266664e+03,8.438509189468058613e-01
2.073900000000267028e+03,8.438613218254862325e-01
2.074000000000266937e+03,8.438717235374940673e-01
2.074100000000266846e+03,8.438821240830126635e-01
2.074200000000267210e+03,8.438925234622253191e-01
2.074300000000267119e+03,8.439029216753148877e-01
2.074400000000267028e+03,8.439133187224644450e-01
2.074500000000266937e+03,8.439237146038572890e-01
2.074600000000266846e+03,8.439341093196762733e-01
2.074700000000267210e+03,8.439445028701044738e-01
2.074800000000267119e+03,8.439548952553246330e-01
2.074900000000267028e+03,8.439652864755198269e-01
2.075000000000267391e+03,8.439756765308729092e-01
2.075100000000267300e+03,8.439860654215666225e-01
2.075200000000267210e+03,8.439964531477838205e-01
2.075300000000267119e+03,8.440068397097071351e-01
2.075400000000267028e+03,8.440172251075195309e-01
2.075500000000267391e+03,8.440276093414035286e-01
2.075600000000267300e+03,8.440379924115417598e-01
2.075700000000267210e+03,8.440483743181167453e-01
2.075800000000267573e+03,8.440587550613114498e-01
2.075900000000267482e+03,8.440691346413080609e-01
2.076000000000267391e+03,8.440795130582890993e-01
2.076100000000267300e+03,8.440898903124371966e-01
2.076200000000267210e+03,8.441002664039345404e-01
2.076300000000267573e+03,8.441106413329638736e-01
2.076400000000267482e+03,8.441210150997072725e-01
2.076500000000267391e+03,8.441313877043472580e-01
2.076600000000267755e+03,8.441417591470659065e-01
2.076700000000267664e+03,8.441521294280455168e-01
2.076800000000267573e+03,8.441624985474684983e-01
2.076900000000267482e+03,8.441728665055167058e-01
2.077000000000267391e+03,8.441832333023725488e-01
2.077100000000267755e+03,8.441935989382181038e-01
2.077200000000267664e+03,8.442039634132354475e-01
2.077300000000267573e+03,8.442143267276064345e-01
2.077400000000267937e+03,8.442246888815132522e-01
2.077500000000267846e+03,8.442350498751377552e-01
2.077600000000267755e+03,8.442454097086619091e-01
2.077700000000267664e+03,8.442557683822674575e-01
2.077800000000267573e+03,8.442661258961365878e-01
2.077900000000267937e+03,8.442764822504510436e-01
2.078000000000267846e+03,8.442868374453922353e-01
2.078100000000267755e+03,8.442971914811422396e-01
2.078200000000268119e+03,8.443075443578827999e-01
2.078300000000268028e+03,8.443178960757954377e-01
2.078400000000267937e+03,8.443282466350617854e-01
2.078500000000267846e+03,8.443385960358634756e-01
2.078600000000267755e+03,8.443489442783822518e-01
2.078700000000268119e+03,8.443592913627994134e-01
2.078800000000268028e+03,8.443696372892965929e-01
2.078900000000267937e+03,8.443799820580550897e-01
2.079000000000268301e+03,8.443903256692565362e-01
2.079100000000268210e+03,8.444006681230821210e-01
2.079200000000268119e+03,8.444110094197133654e-01
2.079300000000268028e+03,8.444213495593314578e-01
2.079400000000267937e+03,8.444316885421176977e-01
2.079500000000268301e+03,8.444420263682534955e-01
2.079600000000268210e+03,8.444523630379199286e-01
2.079700000000268119e+03,8.444626985512980744e-01
2.079800000000268483e+03,8.444730329085692322e-01
2.079900000000268392e+03,8.444833661099142574e-01
2.080000000000268301e+03,8.444936981555145605e-01
2.080100000000268210e+03,8.445040290455509968e-01
2.080200000000268119e+03,8.445143587802045326e-01
2.080300000000268483e+03,8.445246873596561343e-01
2.080400000000268392e+03,8.445350147840867683e-01
2.080500000000268301e+03,8.445453410536772898e-01
2.080600000000268665e+03,8.445556661686085542e-01
2.080700000000268574e+03,8.445659901290614169e-01
2.080800000000268483e+03,8.445763129352166221e-01
2.080900000000268392e+03,8.445866345872549141e-01
2.081000000000268301e+03,8.445969550853569263e-01
2.081100000000268665e+03,8.446072744297035140e-01
2.081200000000268574e+03,8.446175926204750883e-01
2.081300000000268483e+03,8.446279096578525047e-01
2.081400000000268847e+03,8.446382255420160634e-01
2.081500000000268756e+03,8.446485402731465086e-01
2.081600000000268665e+03,8.446588538514241407e-01
2.081700000000268574e+03,8.446691662770297038e-01
2.081800000000268483e+03,8.446794775501431651e-01
2.081900000000268847e+03,8.446897876709453801e-01
2.082000000000268756e+03,8.447000966396165378e-01
2.082100000000268665e+03,8.447104044563368275e-01
2.082200000000269029e+03,8.447207111212866604e-01
2.082300000000268938e+03,8.447310166346462257e-01
2.082400000000268847e+03,8.447413209965957126e-01
2.082500000000268756e+03,8.447516242073153103e-01
2.082600000000268665e+03,8.447619262669852080e-01
2.082700000000269029e+03,8.447722271757855950e-01
2.082800000000268938e+03,8.447825269338963272e-01
2.082900000000268847e+03,8.447928255414974830e-01
2.083000000000269210e+03,8.448031229987690294e-01
2.083100000000269119e+03,8.448134193058911556e-01
2.083200000000269029e+03,8.448237144630434958e-01
2.083300000000268938e+03,8.448340084704062392e-01
2.083400000000268847e+03,8.448443013281590197e-01
2.083500000000269210e+03,8.448545930364816936e-01
2.083600000000269119e+03,8.448648835955538949e-01
2.083700000000269029e+03,8.448751730055557019e-01
2.083800000000269392e+03,8.448854612666666375e-01
2.083900000000269301e+03,8.448957483790664469e-01
2.084000000000269210e+03,8.449060343429345421e-01
2.084100000000269119e+03,8.449163191584508903e-01
2.084200000000269029e+03,8.449266028257947925e-01
2.084300000000269392e+03,8.449368853451458827e-01
2.084400000000269301e+03,8.449471667166836841e-01
2.084500000000269210e+03,8.449574469405874977e-01
2.084600000000269574e+03,8.449677260170369575e-01
2.084700000000269483e+03,8.449780039462113645e-01
2.084800000000269392e+03,8.449882807282901309e-01
2.084900000000269301e+03,8.449985563634524466e-01
2.085000000000269210e+03,8.450088308518777236e-01
2.085100000000269574e+03,8.450191041937451519e-01
2.085200000000269483e+03,8.450293763892340326e-01
2.085300000000269392e+03,8.450396474385233336e-01
2.085400000000269756e+03,8.450499173417924670e-01
2.085500000000269665e+03,8.450601860992204006e-01
2.085600000000269574e+03,8.450704537109862136e-01
2.085700000000269483e+03,8.450807201772688737e-01
2.085800000000269392e+03,8.450909854982475711e-01
2.085900000000269756e+03,8.451012496741011626e-01
2.086000000000269665e+03,8.451115127050086162e-01
2.086100000000269574e+03,8.451217745911487889e-01
2.086200000000269938e+03,8.451320353327005375e-01
2.086300000000269847e+03,8.451422949298427190e-01
2.086400000000269756e+03,8.451525533827540793e-01
2.086500000000269665e+03,8.451628106916134753e-01
2.086600000000269574e+03,8.451730668565995419e-01
2.086700000000269938e+03,8.451833218778910251e-01
2.086800000000269847e+03,8.451935757556664486e-01
2.086900000000269756e+03,8.452038284901045584e-01
2.087000000000270120e+03,8.452140800813838784e-01
2.087100000000270029e+03,8.452243305296830433e-01
2.087200000000269938e+03,8.452345798351804662e-01
2.087300000000269847e+03,8.452448279980546708e-01
2.087400000000269756e+03,8.452550750184839590e-01
2.087500000000270120e+03,8.452653208966469656e-01
2.087600000000270029e+03,8.452755656327219924e-01
2.087700000000269938e+03,8.452858092268872303e-01
2.087800000000270302e+03,8.452960516793210921e-01
2.087900000000270211e+03,8.453062929902018796e-01
2.088000000000270120e+03,8.453165331597077836e-01
2.088100000000270029e+03,8.453267721880168839e-01
2.088200000000269938e+03,8.453370100753074823e-01
2.088300000000270302e+03,8.453472468217575475e-01
2.088400000000270211e+03,8.453574824275453814e-01
2.088500000000270120e+03,8.453677168928489527e-01
2.088600000000270484e+03,8.453779502178462302e-01
2.088700000000270393e+03,8.453881824027152936e-01
2.088800000000270302e+03,8.453984134476340007e-01
2.088900000000270211e+03,8.454086433527802091e-01
2.089000000000270120e+03,8.454188721183318878e-01
2.089100000000270484e+03,8.454290997444668943e-01
2.089200000000270393e+03,8.454393262313630864e-01
2.089300000000270302e+03,8.454495515791980997e-01
2.089400000000270666e+03,8.454597757881497921e-01
2.089500000000270575e+03,8.454699988583956882e-01
2.089600000000270484e+03,8.454802207901135347e-01
2.089700000000270393e+03,8.454904415834811893e-01
2.089800000000270302e+03,8.455006612386760656e-01
2.089900000000270666e+03,8.455108797558756883e-01
2.090000000000270575e+03,8.455210971352574711e-01
2.090100000000270484e+03,8.455313133769991607e-01
2.090200000000270848e+03,8.455415284812782817e-01
2.090300000000270757e+03,8.455517424482719147e-01
2.090400000000270666e+03,8.455619552781576953e-01
2.090500000000270575e+03,8.455721669711128152e-01
2.090600000000270484e+03,8.455823775273146881e-01
2.090700000000270848e+03,8.455925869469407274e-01
2.090800000000270757e+03,8.456027952301680140e-01
2.090900000000270666e+03,8.456130023771737392e-01
2.091000000000271029e+03,8.456232083881352057e-01
2.091100000000270938e+03,8.456334132632293832e-01
2.091200000000270848e+03,8.456436170026335741e-01
2.091300000000270757e+03,8.456538196065247481e-01
2.091400000000270666e+03,8.456640210750799858e-01
2.091500000000271029e+03,8.456742214084762566e-01
2.091600000000270938e+03,8.456844206068905301e-01
2.091700000000270848e+03,8.456946186704997759e-01
2.091800000000271211e+03,8.457048155994809635e-01
2.091900000000271120e+03,8.457150113940107294e-01
2.092000000000271029e+03,8.457252060542661543e-01
2.092100000000270938e+03,8.457353995804238744e-01
2.092200000000270848e+03,8.457455919726606375e-01
2.092300000000271211e+03,8.457557832311533019e-01
2.092400000000271120e+03,8.457659733560783932e-01
2.092500000000271029e+03,8.457761623476128809e-01
2.092600000000271393e+03,8.457863502059329575e-01
2.092700000000271302e+03,8.457965369312154813e-01
2.092800000000271211e+03,8.458067225236370890e-01
2.092900000000271120e+03,8.458169069833740839e-01
2.093000000000271029e+03,8.458270903106029914e-01
2.093100000000271393e+03,8.458372725055002261e-01
2.093200000000271302e+03,8.458474535682423134e-01
2.093300000000271211e+03,8.458576334990056678e-01
2.093400000000271575e+03,8.458678122979664815e-01
2.093500000000271484e+03,8.458779899653011691e-01
2.093600000000271393e+03,8.458881665011859230e-01
2.093700000000271302e+03,8.458983419057970465e-01
2.093800000000271211e+03,8.459085161793107321e-01
2.093900000000271575e+03,8.459186893219031722e-01
2.094000000000271484e+03,8.459288613337504481e-01
2.094100000000271393e+03,8.459390322150286412e-01
2.094200000000271757e+03,8.459492019659139439e-01
2.094300000000271666e+03,8.459593705865824376e-01
2.094400000000271575e+03,8.459695380772097595e-01
2.094500000000271484e+03,8.459797044379723241e-01
2.094600000000271393e+03,8.459898696690456577e-01
2.094700000000271757e+03,8.460000337706060636e-01
2.094800000000271666e+03,8.460101967428289571e-01
2.094900000000271575e+03,8.460203585858904196e-01
2.095000000000271939e+03,8.460305192999664214e-01
2.095100000000271848e+03,8.460406788852323778e-01
2.095200000000271757e+03,8.460508373418640371e-01
2.095300000000271666e+03,8.460609946700373696e-01
2.095400000000271575e+03,8.460711508699277905e-01
2.095500000000271939e+03,8.460813059417109372e-01
2.095600000000271848e+03,8.460914598855624469e-01
2.095700000000271757e+03,8.461016127016577348e-01
2.095800000000272121e+03,8.461117643901726604e-01
2.095900000000272030e+03,8.461219149512823057e-01
2.096000000000271939e+03,8.461320643851624190e-01
2.096100000000271848e+03,8.461422126919880826e-01
2.096200000000271757e+03,8.461523598719350447e-01
2.096300000000272121e+03,8.461625059251784986e-01
2.096400000000272030e+03,8.461726508518935264e-01
2.096500000000271939e+03,8.461827946522557653e-01
2.096600000000272303e+03,8.461929373264402976e-01
2.096700000000272212e+03,8.462030788746222054e-01
2.096800000000272121e+03,8.462132192969767930e-01
2.096900000000272030e+03,8.462233585936792535e-01
2.097000000000271939e+03,8.462334967649045581e-01
2.097100000000272303e+03,8.462436338108277889e-01
2.097200000000272212e+03,8.462537697316241392e-01
2.097300000000272121e+03,8.462639045274683580e-01
2.097400000000272485e+03,8.462740381985356386e-01
2.097500000000272394e+03,8.462841707450007300e-01
2.097600000000272303e+03,8.462943021670386035e-01
2.097700000000272212e+03,8.463044324648241190e-01
2.097800000000272121e+03,8.463145616385321368e-01
2.097900000000272485e+03,8.463246896883374060e-01
2.098000000000272394e+03,8.463348166144146756e-01
2.098100000000272303e+03,8.463449424169386948e-01
2.098200000000272667e+03,8.463550670960842126e-01
2.098300000000272576e+03,8.463651906520256452e-01
2.098400000000272485e+03,8.463753130849378525e-01
2.098500000000272394e+03,8.463854343949952508e-01
2.098600000000272303e+03,8.463955545823727000e-01
2.098700000000272667e+03,8.464056736472445053e-01
2.098800000000272576e+03,8.464157915897849715e-01
2.098900000000272485e+03,8.464259084101688480e-01
2.099000000000272848e+03,8.464360241085703285e-01
2.099100000000272757e+03,8.464461386851640512e-01
2.099200000000272667e+03,8.464562521401240991e-01
2.099300000000272576e+03,8.464663644736249992e-01
2.099400000000272485e+03,8.464764756858408346e-01
2.099500000000272848e+03,8.464865857769460211e-01
2.099600000000272757e+03,8.464966947471145309e-01
2.099700000000272667e+03,8.465068025965207799e-01
2.099800000000273030e+03,8.465169093253388510e-01
2.099900000000272939e+03,8.465270149337428274e-01
2.100000000000272848e+03,8.465371194219066808e-01
2.100100000000272757e+03,8.465472227900047164e-01
2.100200000000272667e+03,8.465573250382106840e-01
2.100300000000273030e+03,8.465674261666986666e-01
2.100400000000272939e+03,8.465775261756424142e-01
2.100500000000272848e+03,8.465876250652161206e-01
2.100600000000273212e+03,8.465977228355936468e-01
2.100700000000273121e+03,8.466078194869485207e-01
2.100800000000273030e+03,8.466179150194548253e-01
2.100900000000272939e+03,8.466280094332861994e-01
2.101000000000272848e+03,8.466381027286162819e-01
2.101100000000273212e+03,8.466481949056191558e-01
2.101200000000273121e+03,8.466582859644680159e-01
2.101300000000273030e+03,8.466683759053367231e-01
2.101400000000273394e+03,8.466784647283988052e-01
2.101500000000273303e+03,8.466885524338280122e-01
2.101600000000273212e+03,8.466986390217975389e-01
2.101700000000273121e+03,8.467087244924812461e-01
2.101800000000273030e+03,8.467188088460523288e-01
2.101900000000273394e+03,8.467288920826842036e-01
2.102000000000273303e+03,8.467389742025505095e-01
2.102100000000273212e+03,8.467490552058244413e-01
2.102200000000273576e+03,8.467591350926793048e-01
2.102300000000273485e+03,8.467692138632882948e-01
2.102400000000273394e+03,8.467792915178249391e-01
2.102500000000273303e+03,8.467893680564622105e-01
2.102600000000273212e+03,8.467994434793734149e-01
2.102700000000273576e+03,8.468095177867318579e-01
2.102800000000273485e+03,8.468195909787101794e-01
2.102900000000273394e+03,8.468296630554820181e-01
2.103000000000273758e+03,8.468397340172201249e-01
2.103100000000273667e+03,8.468498038640974723e-01
2.103200000000273576e+03,8.468598725962872553e-01
2.103300000000273485e+03,8.468699402139622245e-01
2.103400000000273394e+03,8.468800067172954638e-01
2.103500000000273758e+03,8.468900721064598347e-01
2.103600000000273667e+03,8.469001363816279770e-01
2.103700000000273576e+03,8.469101995429728635e-01
2.103800000000273940e+03,8.469202615906674669e-01
2.103900000000273849e+03,8.469303225248842049e-01
2.104000000000273758e+03,8.469403823457959390e-01
2.104100000000273667e+03,8.469504410535751981e-01
2.104200000000273576e+03,8.469604986483949549e-01
2.104300000000273940e+03,8.469705551304275160e-01
2.104400000000273849e+03,8.469806104998457430e-01
2.104500000000273758e+03,8.469906647568218316e-01
2.104600000000274122e+03,8.470007179015285326e-01
2.104700000000274031e+03,8.470107699341382634e-01
2.104800000000273940e+03,8.470208208548234419e-01
2.104900000000273849e+03,8.470308706637565965e-01
2.105000000000273758e+03,8.470409193611098120e-01
2.105100000000274122e+03,8.470509669470558389e-01
2.105200000000274031e+03,8.470610134217666509e-01
2.105300000000273940e+03,8.470710587854146656e-01
2.105400000000274304e+03,8.470811030381721896e-01
2.105500000000274213e+03,8.470911461802111964e-01
2.105600000000274122e+03,8.471011882117041036e-01
2.105700000000274031e+03,8.471112291328228849e-01
2.105800000000273940e+03,8.471212689437397358e-01
2.105900000000274304e+03,8.471313076446267409e-01
2.106000000000274213e+03,8.471413452356558738e-01
2.106100000000274122e+03,8.471513817169991079e-01
2.106200000000274486e+03,8.471614170888286388e-01
2.106300000000274395e+03,8.471714513513161071e-01
2.106400000000274304e+03,8.471814845046335973e-01
2.106500000000274213e+03,8.471915165489528610e-01
2.106600000000274122e+03,8.472015474844458716e-01
2.106700000000274486e+03,8.472115773112843806e-01
2.106800000000274395e+03,8.472216060296401396e-01
2.106900000000274304e+03,8.472316336396847891e-01
2.107000000000274667e+03,8.472416601415903026e-01
2.107100000000274576e+03,8.472516855355279874e-01
2.107200000000274486e+03,8.472617098216697062e-01
2.107300000000274395e+03,8.472717330001869884e-01
2.107400000000274304e+03,8.472817550712515855e-01
2.107500000000274667e+03,8.472917760350346938e-01
2.107600000000274576e+03,8.473017958917081760e-01
2.107700000000274486e+03,8.473118146414431173e-01
2.107800000000274849e+03,8.473218322844112693e-01
2.107900000000274758e+03,8.473318488207840504e-01
2.108000000000274667e+03,8.473418642507325460e-01
2.108100000000274576e+03,8.473518785744281745e-01
2.108200000000274486e+03,8.473618917920423543e-01
2.108300000000274849e+03,8.473719039037463929e-01
2.108400000000274758e+03,8.473819149097112646e-01
2.108500000000274667e+03,8.473919248101083879e-01
2.108600000000275031e+03,8.474019336051088480e-01
2.108700000000274940e+03,8.474119412948838415e-01
2.108800000000274849e+03,8.474219478796044536e-01
2.108900000000274758e+03,8.474319533594416587e-01
2.109000000000274667e+03,8.474419577345665422e-01
2.109100000000275031e+03,8.474519610051501894e-01
2.109200000000274940e+03,8.474619631713633527e-01
2.109300000000274849e+03,8.474719642333771175e-01
2.109400000000275213e+03,8.474819641913624579e-01
2.109500000000275122e+03,8.474919630454901265e-01
2.109600000000275031e+03,8.475019607959309864e-01
2.109700000000274940e+03,8.475119574428556790e-01
2.109800000000274849e+03,8.475219529864351786e-01
2.109900000000275213e+03,8.475319474268401265e-01
2.110000000000275122e+03,8.475419407642411640e-01
2.110100000000275031e+03,8.475519329988091544e-01
2.110200000000275395e+03,8.475619241307146279e-01
2.110300000000275304e+03,8.475719141601281148e-01
2.110400000000275213e+03,8.475819030872201454e-01
2.110500000000275122e+03,8.475918909121613609e-01
2.110600000000275031e+03,8.476018776351221806e-01
2.110700000000275395e+03,8.476118632562732458e-01
2.110800000000275304e+03,8.476218477757847536e-01
2.110900000000275213e+03,8.476318311938271233e-01
2.111000000000275577e+03,8.476418135105709961e-01
2.111100000000275486e+03,8.476517947261863473e-01
2.111200000000275395e+03,8.476617748408435959e-01
2.111300000000275304e+03,8.476717538547131614e-01
2.111400000000275213e+03,8.476817317679650188e-01
2.111500000000275577e+03,8.476917085807696983e-01
2.111600000000275486e+03,8.477016842932970642e-01
2.111700000000275395e+03,8.477116589057173135e-01
2.111800000000275759e+03,8.477216324182006435e-01
2.111900000000275668e+03,8.477316048309170293e-01
2.112000000000275577e+03,8.477415761440365571e-01
2.112100000000275486e+03,8.477515463577292021e-01
2.112200000000275395e+03,8.477615154721648283e-01
2.112300000000275759e+03,8.477714834875136329e-01
2.112400000000275668e+03,8.477814504039452581e-01
2.112500000000275577e+03,8.477914162216296790e-01
2.112600000000275941e+03,8.478013809407366486e-01
2.112700000000275850e+03,8.478113445614361421e-01
2.112800000000275759e+03,8.478213070838976906e-01
2.112900000000275668e+03,8.478312685082912692e-01
2.113000000000275577e+03,8.478412288347864090e-01
2.113100000000275941e+03,8.478511880635527520e-01
2.113200000000275850e+03,8.478611461947601624e-01
2.113300000000275759e+03,8.478711032285779492e-01
2.113400000000276123e+03,8.478810591651759765e-01
2.113500000000276032e+03,8.478910140047234423e-01
2.113600000000275941e+03,8.479009677473900997e-01
2.113700000000275850e+03,8.479109203933453687e-01
2.113800000000275759e+03,8.479208719427584473e-01
2.113900000000276123e+03,8.479308223957993107e-01
2.114000000000276032e+03,8.479407717526367128e-01
2.114100000000275941e+03,8.479507200134401845e-01
2.114200000000276304e+03,8.479606671783792571e-01
2.114300000000276214e+03,8.479706132476230174e-01
2.114400000000276123e+03,8.479805582213406634e-01
2.114500000000276032e+03,8.479905020997013931e-01
2.114600000000275941e+03,8.480004448828745156e-01
2.114700000000276304e+03,8.480103865710291178e-01
2.114800000000276214e+03,8.480203271643341756e-01
2.114900000000276123e+03,8.480302666629589980e-01
2.115000000000276486e+03,8.480402050670723391e-01
2.115100000000276395e+03,8.480501423768433966e-01
2.115200000000276304e+03,8.480600785924411467e-01
2.115300000000276214e+03,8.480700137140343431e-01
2.115400000000276123e+03,8.480799477417922949e-01
2.115500000000276486e+03,8.480898806758834230e-01
2.115600000000276395e+03,8.480998125164768142e-01
2.115700000000276304e+03,8.481097432637412226e-01
2.115800000000276668e+03,8.481196729178454019e-01
2.115900000000276577e+03,8.481296014789581061e-01
2.116000000000276486e+03,8.481395289472479782e-01
2.116100000000276395e+03,8.481494553228838829e-01
2.116200000000276304e+03,8.481593806060343521e-01
2.116300000000276668e+03,8.481693047968680288e-01
2.116400000000276577e+03,8.481792278955533337e-01
2.116500000000276486e+03,8.481891499022590208e-01
2.116600000000276850e+03,8.481990708171535109e-01
2.116700000000276759e+03,8.482089906404053359e-01
2.116800000000276668e+03,8.482189093721828055e-01
2.116900000000276577e+03,8.482288270126544516e-01
2.117000000000276486e+03,8.482387435619886951e-01
2.117100000000276850e+03,8.482486590203537347e-01
2.117200000000276759e+03,8.482585733879179912e-01
2.117300000000276668e+03,8.482684866648497746e-01
2.117400000000277032e+03,8.482783988513172835e-01
2.117500000000276941e+03,8.482883099474887167e-01
2.117600000000276850e+03,8.482982199535322732e-01
2.117700000000276759e+03,8.483081288696160405e-01
2.117800000000276668e+03,8.483180366959083285e-01
2.117900000000277032e+03,8.483279434325771140e-01
2.118000000000276941e+03,8.483378490797903737e-01
2.118100000000276850e+03,8.483477536377160844e-01
2.118200000000277214e+03,8.483576571065225558e-01
2.118300000000277123e+03,8.483675594863773206e-01
2.118400000000277032e+03,8.483774607774485776e-01
2.118500000000276941e+03,8.483873609799041926e-01
2.118600000000276850e+03,8.483972600939120312e-01
2.118700000000277214e+03,8.484071581196398482e-01
2.118800000000277123e+03,8.484170550572552871e-01
2.118900000000277032e+03,8.484269509069264359e-01
2.119000000000277396e+03,8.484368456688208271e-01
2.119100000000277305e+03,8.484467393431062154e-01
2.119200000000277214e+03,8.484566319299501336e-01
2.119300000000277123e+03,8.484665234295202252e-01
2.119400000000277032e+03,8.484764138419842450e-01
2.119500000000277396e+03,8.484863031675097256e-01
2.119600000000277305e+03,8.484961914062641997e-01
2.119700000000277214e+03,8.485060785584149778e-01
2.119800000000277578e+03,8.485159646241298148e-01
2.119900000000277487e+03,8.485258496035759102e-01
2.120000000000277396e+03,8.485357334969206855e-01
2.120100000000277305e+03,8.485456163043315625e-01
2.120200000000277214e+03,8.485554980259759628e-01
2.120300000000277578e+03,8.485653786620209749e-01
2.120400000000277487e+03,8.485752582126340204e-01
2.120500000000277396e+03,8.485851366779822991e-01
2.120600000000277760e+03,8.485950140582332324e-01
2.120700000000277669e+03,8.486048903535535759e-01
2.120800000000277578e+03,8.486147655641107512e-01
2.120900000000277487e+03,8.486246396900718469e-01
2.121000000000277396e+03,8.486345127316037296e-01
2.121100000000277760e+03,8.486443846888737097e-01
2.121200000000277669e+03,8.486542555620486539e-01
2.121300000000277578e+03,8.486641253512955396e-01
2.121400000000277942e+03,8.486739940567813445e-01
2.121500000000277851e+03,8.486838616786730460e-01
2.121600000000277760e+03,8.486937282171372887e-01
2.121700000000277669e+03,8.487035936723411611e-01
2.121800000000277578e+03,8.487134580444514187e-01
2.121900000000277942e+03,8.487233213336348170e-01
2.122000000000277851e+03,8.487331835400581115e-01
2.122100000000277760e+03,8.487430446638879467e-01
2.122200000000278123e+03,8.487529047052913000e-01
2.122300000000278033e+03,8.487627636644343720e-01
2.122400000000277942e+03,8.487726215414840292e-01
2.122500000000277851e+03,8.487824783366068049e-01
2.122600000000277760e+03,8.487923340499694547e-01
2.122700000000278123e+03,8.488021886817381789e-01
2.122800000000278033e+03,8.488120422320797331e-01
2.122900000000277942e+03,8.488218947011603177e-01
2.123000000000278305e+03,8.488317460891466881e-01
2.123100000000278214e+03,8.488415963962049338e-01
2.123200000000278123e+03,8.488514456225014770e-01
2.123300000000278033e+03,8.488612937682028514e-01
2.123400000000277942e+03,8.488711408334751463e-01
2.123500000000278305e+03,8.488809868184846730e-01
2.123600000000278214e+03,8.488908317233976319e-01
2.123700000000278123e+03,8.489006755483803346e-01
2.123800000000278487e+03,8.489105182935988703e-01
2.123900000000278396e+03,8.489203599592193283e-01
2.124000000000278305e+03,8.489302005454079092e-01
2.124100000000278214e+03,8.489400400523305912e-01
2.124200000000278123e+03,8.489498784801534637e-01
2.124300000000278487e+03,8.489597158290426160e-01
2.124400000000278396e+03,8.489695520991638045e-01
2.124500000000278305e+03,8.489793872906830074e-01
2.124600000000278669e+03,8.489892214037664253e-01
2.124700000000278578e+03,8.489990544385795923e-01
2.124800000000278487e+03,8.490088863952885978e-01
2.124900000000278396e+03,8.490187172740590871e-01
2.125000000000278305e+03,8.490285470750568164e-01
2.125100000000278669e+03,8.490383757984476532e-01
2.125200000000278578e+03,8.490482034443973536e-01
2.125300000000278487e+03,8.490580300130713409e-01
2.125400000000278851e+03,8.490678555046355935e-01
2.125500000000278760e+03,8.490776799192554236e-01
2.125600000000278669e+03,8.490875032570966985e-01
2.125700000000278578e+03,8.490973255183248414e-01
2.125800000000278487e+03,8.491071467031052755e-01
2.125900000000278851e+03,8.491169668116037572e-01
2.126000000000278760e+03,8.491267858439854876e-01
2.126100000000278669e+03,8.491366038004158900e-01
2.126200000000279033e+03,8.491464206810606097e-01
2.126300000000278942e+03,8.491562364860847367e-01
2.126400000000278851e+03,8.491660512156536944e-01
2.126500000000278760e+03,8.491758648699329060e-01
2.126600000000278669e+03,8.491856774490873505e-01
2.126700000000279033e+03,8.491954889532825623e-01
2.126800000000278942e+03,8.492052993826835205e-01
2.126900000000278851e+03,8.492151087374556484e-01
2.127000000000279215e+03,8.492249170177638140e-01
2.127100000000279124e+03,8.492347242237732186e-01
2.127200000000279033e+03,8.492445303556489522e-01
2.127300000000278942e+03,8.492543354135559941e-01
2.127400000000278851e+03,8.492641393976594344e-01
2.127500000000279215e+03,8.492739423081243633e-01
2.127600000000279124e+03,8.492837441451154268e-01
2.127700000000279033e+03,8.492935449087977151e-01
2.127800000000279397e+03,8.493033445993360964e-01
2.127900000000279306e+03,8.493131432168954387e-01
2.128000000000279215e+03,8.493229407616403881e-01
2.128100000000279124e+03,8.493327372337359238e-01
2.128200000000279033e+03,8.493425326333468028e-01
2.128300000000279397e+03,8.493523269606376713e-01
2.128400000000279306e+03,8.493621202157731753e-01
2.128500000000279215e+03,8.493719123989180719e-01
2.128600000000279579e+03,8.493817035102368962e-01
2.128700000000279488e+03,8.493914935498942942e-01
2.128800000000279397e+03,8.494012825180548010e-01
2.128900000000279306e+03,8.494110704148829516e-01
2.129000000000279215e+03,8.494208572405432811e-01
2.129100000000279579e+03,8.494306429952001025e-01
2.129200000000279488e+03,8.494404276790181729e-01
2.129300000000279397e+03,8.494502112921615833e-01
2.129400000000279761e+03,8.494599938347947576e-01
2.129500000000279670e+03,8.494697753070821200e-01
2.129600000000279579e+03,8.494795557091878724e-01
2.129700000000279488e+03,8.494893350412763278e-01
2.129800000000279397e+03,8.494991133035117992e-01
2.129900000000279761e+03,8.495088904960584886e-01
2.130000000000279670e+03,8.495186666190804869e-01
2.130100000000279579e+03,8.495284416727418852e-01
2.130200000000279942e+03,8.495382156572069965e-01
2.130300000000279852e+03,8.495479885726398006e-01
2.130400000000279761e+03,8.495577604192043886e-01
2.130500000000279670e+03,8.495675311970647403e-01
2.130600000000279579e+03,8.495773009063846137e-01
2.130700000000279942e+03,8.495870695473284329e-01
2.130800000000279852e+03,8.495968371200597336e-01
2.130900000000279761e+03,8.496066036247426068e-01
2.131000000000280124e+03,8.496163690615409214e-01
2.131100000000280033e+03,8.496261334306183244e-01
2.131200000000279942e+03,8.496358967321387956e-01
2.131300000000279852e+03,8.496456589662659820e-01
2.131400000000279761e+03,8.496554201331637524e-01
2.131500000000280124e+03,8.496651802329955316e-01
2.131600000000280033e+03,8.496749392659252997e-01
2.131700000000279942e+03,8.496846972321165925e-01
2.131800000000280306e+03,8.496944541317329458e-01
2.131900000000280215e+03,8.497042099649378954e-01
2.132000000000280124e+03,8.497139647318951994e-01
2.132100000000280033e+03,8.497237184327680604e-01
2.132200000000279942e+03,8.497334710677202363e-01
2.132300000000280306e+03,8.497432226369151520e-01
2.132400000000280215e+03,8.497529731405160103e-01
2.132500000000280124e+03,8.497627225786863470e-01
2.132600000000280488e+03,8.497724709515895869e-01
2.132700000000280397e+03,8.497822182593887108e-01
2.132800000000280306e+03,8.497919645022473656e-01
2.132900000000280215e+03,8.498017096803287540e-01
2.133000000000280124e+03,8.498114537937959678e-01
2.133100000000280488e+03,8.498211968428123209e-01
2.133200000000280397e+03,8.498309388275407938e-01
2.133300000000280306e+03,8.498406797481448116e-01
2.133400000000280670e+03,8.498504196047872439e-01
2.133500000000280579e+03,8.498601583976311824e-01
2.133600000000280488e+03,8.498698961268398300e-01
2.133700000000280397e+03,8.498796327925759453e-01
2.133800000000280306e+03,8.498893683950025091e-01
2.133900000000280670e+03,8.498991029342827241e-01
2.134000000000280579e+03,8.499088364105793492e-01
2.134100000000280488e+03,8.499185688240552539e-01
2.134200000000280852e+03,8.499283001748731969e-01
2.134300000000280761e+03,8.499380304631961591e-01
2.134400000000280670e+03,8.499477596891867881e-01
2.134500000000280579e+03,8.499574878530079536e-01
2.134600000000280488e+03,8.499672149548221922e-01
2.134700000000280852e+03,8.499769409947924848e-01
2.134800000000280761e+03,8.499866659730811458e-01
2.134900000000280670e+03,8.499963898898511561e-01
2.135000000000281034e+03,8.500061127452649412e-01
2.135100000000280943e+03,8.500158345394849269e-01
2.135200000000280852e+03,8.500255552726737607e-01
2.135300000000280761e+03,8.500352749449939793e-01
2.135400000000280670e+03,8.500449935566078974e-01
2.135500000000281034e+03,8.500547111076782736e-01
2.135600000000280943e+03,8.500644275983673115e-01
2.135700000000280852e+03,8.500741430288372147e-01
2.135800000000281216e+03,8.500838573992507419e-01
2.135900000000281125e+03,8.500935707097696525e-01
2.136000000000281034e+03,8.501032829605567054e-01
2.136100000000280943e+03,8.501129941517739930e-01
2.136200000000280852e+03,8.501227042835836079e-01
2.136300000000281216e+03,8.501324133561479757e-01
2.136400000000281125e+03,8.501421213696290780e-01
2.136500000000281034e+03,8.501518283241891183e-01
2.136600000000281398e+03,8.501615342199900782e-01
2.136700000000281307e+03,8.501712390571940503e-01
2.136800000000281216e+03,8.501809428359630161e-01
2.136900000000281125e+03,8.501906455564592902e-01
2.137000000000281034e+03,8.502003472188444100e-01
2.137100000000281398e+03,8.502100478232805791e-01
2.137200000000281307e+03,8.502197473699295571e-01
2.137300000000281216e+03,8.502294458589533255e-01
2.137400000000281580e+03,8.502391432905137547e-01
2.137500000000281489e+03,8.502488396647726043e-01
2.137600000000281398e+03,8.502585349818914118e-01
2.137700000000281307e+03,8.502682292420322696e-01
2.137800000000281216e+03,8.502779224453567153e-01
2.137900000000281580e+03,8.502876145920266193e-01
2.138000000000281489e+03,8.502973056822034081e-01
2.138100000000281398e+03,8.503069957160487302e-01
2.138200000000281761e+03,8.503166846937242340e-01
2.138300000000281671e+03,8.503263726153915680e-01
2.138400000000281580e+03,8.503360594812120477e-01
2.138500000000281489e+03,8.503457452913473213e-01
2.138600000000281398e+03,8.503554300459588156e-01
2.138700000000281761e+03,8.503651137452081787e-01
2.138800000000281671e+03,8.503747963892563932e-01
2.138900000000281580e+03,8.503844779782649965e-01
2.139000000000281943e+03,8.503941585123956370e-01
2.139100000000281852e+03,8.504038379918090751e-01
2.139200000000281761e+03,8.504135164166669592e-01
2.139300000000281671e+03,8.504231937871304936e-01
2.139400000000281580e+03,8.504328701033608828e-01
2.139500000000281943e+03,8.504425453655193312e-01
2.139600000000281852e+03,8.504522195737668211e-01
2.139700000000281761e+03,8.504618927282645569e-01
2.139800000000282125e+03,8.504715648291738539e-01
2.139900000000282034e+03,8.504812358766554725e-01
2.140000000000281943e+03,8.504909058708705061e-01
2.140100000000281852e+03,8.505005748119800479e-01
2.140200000000281761e+03,8.505102427001449694e-01
2.140300000000282125e+03,8.505199095355263639e-01
2.140400000000282034e+03,8.505295753182849916e-01
2.140500000000281943e+03,8.505392400485817239e-01
2.140600000000282307e+03,8.505489037265774321e-01
2.140700000000282216e+03,8.505585663524329876e-01
2.140800000000282125e+03,8.505682279263090395e-01
2.140900000000282034e+03,8.505778884483664593e-01
2.141000000000281943e+03,8.505875479187660071e-01
2.141100000000282307e+03,8.505972063376681103e-01
2.141200000000282216e+03,8.506068637052336401e-01
2.141300000000282125e+03,8.506165200216231348e-01
2.141400000000282489e+03,8.506261752869974657e-01
2.141500000000282398e+03,8.506358295015167270e-01
2.141600000000282307e+03,8.506454826653417900e-01
2.141700000000282216e+03,8.506551347786328598e-01
2.141800000000282125e+03,8.506647858415508079e-01
2.141900000000282489e+03,8.506744358542558393e-01
2.142000000000282398e+03,8.506840848169081593e-01
2.142100000000282307e+03,8.506937327296686391e-01
2.142200000000282671e+03,8.507033795926971509e-01
2.142300000000282580e+03,8.507130254061542329e-01
2.142400000000282489e+03,8.507226701702003124e-01
2.142500000000282398e+03,8.507323138849953725e-01
2.142600000000282307e+03,8.507419565506996184e-01
2.142700000000282671e+03,8.507515981674734773e-01
2.142800000000282580e+03,8.507612387354770433e-01
2.142900000000282489e+03,8.507708782548702997e-01
2.143000000000282853e+03,8.507805167258135626e-01
2.143100000000282762e+03,8.507901541484665930e-01
2.143200000000282671e+03,8.507997905229897073e-01
2.143300000000282580e+03,8.508094258495427775e-01
2.143400000000282489e+03,8.508190601282857868e-01
2.143500000000282853e+03,8.508286933593787182e-01
2.143600000000282762e+03,8.508383255429815550e-01
2.143700000000282671e+03,8.508479566792539472e-01
2.143800000000283035e+03,8.508575867683559890e-01
2.143900000000282944e+03,8.508672158104474414e-01
2.144000000000282853e+03,8.508768438056879546e-01
2.144100000000282762e+03,8.508864707542374006e-01
2.144200000000282671e+03,8.508960966562555406e-01
2.144300000000283035e+03,8.509057215119020245e-01
2.144400000000282944e+03,8.509153453213365026e-01
2.144500000000282853e+03,8.509249680847186248e-01
2.144600000000283217e+03,8.509345898022080412e-01
2.144700000000283126e+03,8.509442104739641799e-01
2.144800000000283035e+03,8.509538301001468019e-01
2.144900000000282944e+03,8.509634486809152243e-01
2.145000000000282853e+03,8.509730662164289861e-01
2.145100000000283217e+03,8.509826827068476263e-01
2.145200000000283126e+03,8.509922981523304619e-01
2.145300000000283035e+03,8.510019125530369211e-01
2.145400000000283399e+03,8.510115259091264317e-01
2.145500000000283308e+03,8.510211382207580888e-01
2.145600000000283217e+03,8.510307494880914314e-01
2.145700000000283126e+03,8.510403597112855545e-01
2.145800000000283035e+03,8.510499688904997750e-01
2.145900000000283399e+03,8.510595770258935211e-01
2.146000000000283308e+03,8.510691841176256656e-01
2.146100000000283217e+03,8.510787901658551924e-01
2.146200000000283580e+03,8.510883951707417516e-01
2.146300000000283489e+03,8.510979991324439942e-01
2.146400000000283399e+03,8.511076020511211260e-01
2.146500000000283308e+03,8.511172039269321310e-01
2.146600000000283217e+03,8.511268047600361042e-01
2.146700000000283580e+03,8.511364045505916964e-01
2.146800000000283489e+03,8.511460032987582247e-01
2.146900000000283399e+03,8.511556010046943399e-01
2.147000000000283762e+03,8.511651976685591370e-01
2.147100000000283671e+03,8.511747932905111558e-01
2.147200000000283580e+03,8.511843878707093802e-01
2.147300000000283489e+03,8.511939814093125722e-01
2.147400000000283399e+03,8.512035739064794937e-01
2.147500000000283762e+03,8.512131653623686844e-01
2.147600000000283671e+03,8.512227557771391284e-01
2.147700000000283580e+03,8.512323451509492545e-01
2.147800000000283944e+03,8.512419334839577134e-01
2.147900000000283853e+03,8.512515207763231562e-01
2.148000000000283762e+03,8.512611070282040115e-01
2.148100000000283671e+03,8.512706922397591525e-01
2.148200000000283580e+03,8.512802764111465637e-01
2.148300000000283944e+03,8.512898595425252291e-01
2.148400000000283853e+03,8.512994416340532444e-01
2.148500000000283762e+03,8.513090226858891496e-01
2.148600000000284126e+03,8.513186026981913734e-01
2.148700000000284035e+03,8.513281816711180117e-01
2.148800000000283944e+03,8.513377596048277152e-01
2.148900000000283853e+03,8.513473364994785797e-01
2.149000000000283762e+03,8.513569123552288120e-01
2.149100000000284126e+03,8.513664871722368410e-01
2.149200000000284035e+03,8.513760609506607624e-01
2.149300000000283944e+03,8.513856336906585609e-01
2.149400000000284308e+03,8.513952053923886654e-01
2.149500000000284217e+03,8.514047760560089495e-01
2.149600000000284126e+03,8.514143456816776201e-01
2.149700000000284035e+03,8.514239142695526619e-01
2.149800000000283944e+03,8.514334818197921706e-01
2.149900000000284308e+03,8.514430483325540200e-01
2.150000000000284217e+03,8.514526138079963058e-01
2.150100000000284126e+03,8.514621782462767907e-01
2.150200000000284490e+03,8.514717416475533485e-01
2.150300000000284399e+03,8.514813040119839638e-01
2.150400000000284308e+03,8.514908653397263993e-01
2.150500000000284217e+03,8.515004256309385289e-01
2.150600000000284126e+03,8.515099848857778930e-01
2.150700000000284490e+03,8.515195431044026986e-01
2.150800000000284399e+03,8.515291002869701531e-01
2.150900000000284308e+03,8.515386564336381303e-01
2.151000000000284672e+03,8.515482115445643929e-01
2.151100000000284581e+03,8.515577656199063705e-01
2.151200000000284490e+03,8.515673186598217148e-01
2.151300000000284399e+03,8.515768706644680774e-01
2.151400000000284308e+03,8.515864216340028880e-01
2.151500000000284672e+03,8.515959715685837983e-01
2.151600000000284581e+03,8.516055204683679047e-01
2.151700000000284490e+03,8.516150683335129701e-01
2.151800000000284854e+03,8.516246151641763129e-01
2.151900000000284763e+03,8.516341609605152518e-01
2.152000000000284672e+03,8.516437057226872165e-01
2.152100000000284581e+03,8.516532494508495255e-01
2.152200000000284490e+03,8.516627921451592753e-01
2.152300000000284854e+03,8.516723338057740067e-01
2.152400000000284763e+03,8.516818744328507051e-01
2.152500000000284672e+03,8.516914140265468003e-01
2.152600000000285036e+03,8.517009525870191666e-01
2.152700000000284945e+03,8.517104901144252338e-01
2.152800000000284854e+03,8.517200266089217653e-01
2.152900000000284763e+03,8.517295620706661907e-01
2.153000000000284672e+03,8.517390964998152736e-01
2.153100000000285036e+03,8.517486298965262215e-01
2.153200000000284945e+03,8.517581622609559089e-01
2.153300000000284854e+03,8.517676935932613214e-01
2.153400000000285218e+03,8.517772238935993334e-01
2.153500000000285127e+03,8.517867531621268196e-01
2.153600000000285036e+03,8.517962813990008764e-01
2.153700000000284945e+03,8.518058086043779342e-01
2.153800000000284854e+03,8.518153347784152007e-01
2.153900000000285218e+03,8.518248599212691063e-01
2.154000000000285127e+03,8.518343840330966366e-01
2.154100000000285036e+03,8.518439071140543328e-01
2.154200000000285399e+03,8.518534291642990697e-01
2.154300000000285308e+03,8.518629501839872775e-01
2.154400000000285218e+03,8.518724701732756088e-01
2.154500000000285127e+03,8.518819891323208271e-01
2.154600000000285036e+03,8.518915070612793627e-01
2.154700000000285399e+03,8.519010239603077572e-01
2.154800000000285308e+03,8.519105398295625520e-01
2.154900000000285218e+03,8.519200546692001774e-01
2.155000000000285581e+03,8.519295684793771750e-01
2.155100000000285490e+03,8.519390812602495311e-01
2.155200000000285399e+03,8.519485930119742312e-01
2.155300000000285308e+03,8.519581037347072616e-01
2.155400000000285218e+03,8.519676134286050528e-01
2.155500000000285581e+03,8.519771220938238132e-01
2.155600000000285490e+03,8.519866297305198621e-01
2.155700000000285399e+03,8.519961363388495190e-01
2.155800000000285763e+03,8.520056419189688812e-01
2.155900000000285672e+03,8.520151464710340461e-01
2.156000000000285581e+03,8.520246499952011110e-01
2.156100000000285490e+03,8.520341524916265064e-01
2.156200000000285399e+03,8.520436539604659965e-01
2.156300000000285763e+03,8.520531544018757897e-01
2.156400000000285672e+03,8.520626538160117613e-01
2.156500000000285581e+03,8.520721522030301198e-01
2.156600000000285945e+03,8.520816495630866294e-01
2.156700000000285854e+03,8.520911458963373875e-01
2.156800000000285763e+03,8.521006412029380472e-01
2.156900000000285672e+03,8.521101354830445951e-01
2.157000000000285581e+03,8.521196287368130173e-01
2.157100000000285945e+03,8.521291209643990783e-01
2.157200000000285854e+03,8.521386121659582091e-01
2.157300000000285763e+03,8.521481023416467293e-01
2.157400000000286127e+03,8.521575914916198480e-01
2.157500000000286036e+03,8.521670796160335515e-01
2.157600000000285945e+03,8.521765667150433821e-01
2.157700000000285854e+03,8.521860527888051040e-01
2.157800000000285763e+03,8.521955378374741485e-01
2.157900000000286127e+03,8.522050218612060579e-01
2.158000000000286036e+03,8.522145048601565964e-01
2.158100000000285945e+03,8.522239868344811953e-01
2.158200000000286309e+03,8.522334677843352857e-01
2.158300000000286218e+03,8.522429477098741879e-01
2.158400000000286127e+03,8.522524266112534441e-01
2.158500000000286036e+03,8.522619044886284856e-01
2.158600000000285945e+03,8.522713813421547435e-01
2.158700000000286309e+03,8.522808571719874271e-01
2.158800000000286218e+03,8.522903319782817455e-01
2.158900000000286127e+03,8.522998057611931300e-01
2.159000000000286491e+03,8.523092785208767896e-01
2.159100000000286400e+03,8.523187502574880448e-01
2.159200000000286309e+03,8.523282209711817714e-01
2.159300000000286218e+03,8.523376906621134008e-01
2.159400000000286127e+03,8.523471593304379201e-01
2.159500000000286491e+03,8.523566269763105385e-01
2.159600000000286400e+03,8.523660935998861321e-01
2.159700000000286309e+03,8.523755592013199101e-01
2.159800000000286673e+03,8.523850237807668595e-01
2.159900000000286582e+03,8.523944873383818566e-01
2.160000000000286491e+03,8.524039498743198884e-01
2.160100000000286400e+03,8.524134113887358311e-01
2.160200000000286309e+03,8.524228718817846717e-01
2.160300000000286673e+03,8.524323313536212865e-01
2.160400000000286582e+03,8.524417898044003294e-01
2.160500000000286491e+03,8.524512472342766767e-01
2.160600000000286855e+03,8.524607036434052043e-01
2.160700000000286764e+03,8.524701590319404554e-01
2.160800000000286673e+03,8.524796134000373060e-01
2.160900000000286582e+03,8.524890667478502992e-01
2.161000000000286491e+03,8.524985190755340891e-01
2.161100000000286855e+03,8.525079703832435518e-01
2.161200000000286764e+03,8.525174206711328972e-01
2.161300000000286673e+03,8.525268699393568905e-01
2.161400000000287037e+03,8.525363181880700747e-01
2.161500000000286946e+03,8.525457654174268818e-01
2.161600000000286855e+03,8.525552116275817438e-01
2.161700000000286764e+03,8.525646568186893148e-01
2.161800000000286673e+03,8.525741009909036938e-01
2.161900000000287037e+03,8.525835441443795348e-01
2.162000000000286946e+03,8.525929862792709368e-01
2.162100000000286855e+03,8.526024273957323318e-01
2.162200000000287218e+03,8.526118674939181519e-01
2.162300000000287127e+03,8.526213065739824959e-01
2.162400000000287037e+03,8.526307446360796849e-01
2.162500000000286946e+03,8.526401816803638178e-01
2.162600000000286855e+03,8.526496177069891047e-01
2.162700000000287218e+03,8.526590527161098665e-01
2.162800000000287127e+03,8.526684867078798691e-01
2.162900000000287037e+03,8.526779196824535445e-01
2.163000000000287400e+03,8.526873516399847697e-01
2.163100000000287309e+03,8.526967825806274215e-01
2.163200000000287218e+03,8.527062125045358210e-01
2.163300000000287127e+03,8.527156414118638450e-01
2.163400000000287037e+03,8.527250693027653705e-01
2.163500000000287400e+03,8.527344961773942744e-01
2.163600000000287309e+03,8.527439220359043226e-01
2.163700000000287218e+03,8.527533468784497250e-01
2.163800000000287582e+03,8.527627707051839145e-01
2.163900000000287491e+03,8.527721935162609901e-01
2.164000000000287400e+03,8.527816153118343845e-01
2.164100000000287309e+03,8.527910360920581967e-01
2.164200000000287218e+03,8.528004558570859706e-01
2.164300000000287582e+03,8.528098746070712499e-01
2.164400000000287491e+03,8.528192923421678007e-01
2.164500000000287400e+03,8.528287090625291667e-01
2.164600000000287764e+03,8.528381247683091138e-01
2.164700000000287673e+03,8.528475394596609638e-01
2.164800000000287582e+03,8.528569531367384826e-01
2.164900000000287491e+03,8.528663657996948810e-01
2.165000000000287400e+03,8.528757774486838139e-01
2.165100000000287764e+03,8.528851880838587141e-01
2.165200000000287673e+03,8.528945977053729033e-01
2.165300000000287582e+03,8.529040063133798144e-01
2.165400000000287946e+03,8.529134139080328803e-01
2.165500000000287855e+03,8.529228204894852006e-01
2.165600000000287764e+03,8.529322260578903192e-01
2.165700000000287673e+03,8.529416306134012249e-01
2.165800000000287582e+03,8.529510341561713505e-01
2.165900000000287946e+03,8.529604366863539067e-01
2.166000000000287855e+03,8.529698382041018823e-01
2.166100000000287764e+03,8.529792387095687101e-01
2.166200000000288128e+03,8.529886382029072678e-01
2.166300000000288037e+03,8.529980366842707662e-01
2.166400000000287946e+03,8.530074341538120830e-01
2.166500000000287855e+03,8.530168306116844290e-01
2.166600000000287764e+03,8.530262260580406819e-01
2.166700000000288128e+03,8.530356204930338304e-01
2.166800000000288037e+03,8.530450139168169743e-01
2.166900000000287946e+03,8.530544063295427692e-01
2.167000000000288310e+03,8.530637977313643150e-01
2.167100000000288219e+03,8.530731881224342672e-01
2.167200000000288128e+03,8.530825775029056146e-01
2.167300000000288037e+03,8.530919658729311239e-01
2.167400000000287946e+03,8.531013532326633397e-01
2.167500000000288310e+03,8.531107395822554729e-01
2.167600000000288219e+03,8.531201249218596239e-01
2.167700000000288128e+03,8.531295092516288925e-01
2.167800000000288492e+03,8.531388925717158234e-01
2.167900000000288401e+03,8.531482748822729612e-01
2.168000000000288310e+03,8.531576561834529615e-01
2.168100000000288219e+03,8.531670364754083691e-01
2.168200000000288128e+03,8.531764157582916175e-01
2.168300000000288492e+03,8.531857940322554734e-01
2.168400000000288401e+03,8.531951712974521485e-01
2.168500000000288310e+03,8.532045475540341872e-01
2.168600000000288674e+03,8.532139228021539124e-01
2.168700000000288583e+03,8.532232970419638685e-01
2.168800000000288492e+03,8.532326702736162671e-01
2.168900000000288401e+03,8.532420424972634310e-01
2.169000000000288310e+03,8.532514137130577936e-01
2.169100000000288674e+03,8.532607839211515666e-01
2.169200000000288583e+03,8.532701531216968505e-01
2.169300000000288492e+03,8.532795213148459679e-01
2.169400000000288856e+03,8.532888885007511304e-01
2.169500000000288765e+03,8.532982546795644385e-01
2.169600000000288674e+03,8.533076198514381039e-01
2.169700000000288583e+03,8.533169840165240050e-01
2.169800000000288492e+03,8.533263471749744644e-01
2.169900000000288856e+03,8.533357093269413607e-01
2.170000000000288765e+03,8.533450704725766833e-01
2.170100000000288674e+03,8.533544306120324219e-01
2.170200000000289037e+03,8.533637897454606769e-01
2.170300000000288946e+03,8.533731478730131048e-01
2.170400000000288856e+03,8.533825049948418062e-01
2.170500000000288765e+03,8.533918611110985486e-01
2.170600000000288674e+03,8.534012162219350994e-01
2.170700000000289037e+03,8.534105703275035593e-01
2.170800000000288946e+03,8.534199234279553625e-01
2.170900000000288856e+03,8.534292755234423877e-01
2.171000000000289219e+03,8.534386266141162913e-01
2.171100000000289128e+03,8.534479767001288408e-01
2.171200000000289037e+03,8.534573257816316927e-01
2.171300000000288946e+03,8.534666738587763923e-01
2.171400000000288856e+03,8.534760209317145963e-01
2.171500000000289219e+03,8.534853670005978499e-01
2.171600000000289128e+03,8.534947120655776986e-01
2.171700000000289037e+03,8.535040561268056880e-01
2.171800000000289401e+03,8.535133991844333634e-01
2.171900000000289310e+03,8.535227412386120482e-01
2.172000000000289219e+03,8.535320822894930659e-01
2.172100000000289128e+03,8.535414223372280729e-01
2.172200000000289037e+03,8.535507613819682815e-01
2.172300000000289401e+03,8.535600994238651262e-01
2.172400000000289310e+03,8.535694364630698194e-01
2.172500000000289219e+03,8.535787724997336845e-01
2.172600000000289583e+03,8.535881075340079338e-01
2.172700000000289492e+03,8.535974415660440018e-01
2.172800000000289401e+03,8.536067745959927677e-01
2.172900000000289310e+03,8.536161066240054440e-01
2.173000000000289219e+03,8.536254376502333541e-01
2.173100000000289583e+03,8.536347676748275992e-01
2.173200000000289492e+03,8.536440966979390588e-01
2.173300000000289401e+03,8.536534247197189451e-01
2.173400000000289765e+03,8.536627517403182486e-01
2.173500000000289674e+03,8.536720777598878485e-01
2.173600000000289583e+03,8.536814027785788461e-01
2.173700000000289492e+03,8.536907267965421209e-01
2.173800000000289401e+03,8.537000498139285520e-01
2.173900000000289765e+03,8.537093718308891299e-01
2.174000000000289674e+03,8.537186928475746228e-01
2.174100000000289583e+03,8.537280128641359100e-01
2.174200000000289947e+03,8.537373318807235378e-01
2.174300000000289856e+03,8.537466498974886076e-01
2.174400000000289765e+03,8.537559669145816654e-01
2.174500000000289674e+03,8.537652829321533687e-01
2.174600000000289583e+03,8.537745979503544858e-01
2.174700000000289947e+03,8.537839119693356738e-01
2.174800000000289856e+03,8.537932249892475900e-01
2.174900000000289765e+03,8.538025370102405587e-01
2.175000000000290129e+03,8.538118480324655701e-01
2.175100000000290038e+03,8.538211580560728375e-01
2.175200000000289947e+03,8.538304670812129071e-01
2.175300000000289856e+03,8.538397751080363252e-01
2.175400000000289765e+03,8.538490821366935268e-01
2.175500000000290129e+03,8.538583881673349474e-01
2.175600000000290038e+03,8.538676932001108000e-01
2.175700000000289947e+03,8.538769972351716309e-01
2.175800000000290311e+03,8.538863002726678753e-01
2.175900000000290220e+03,8.538956023127495243e-01
2.176000000000290129e+03,8.539049033555671242e-01
2.176100000000290038e+03,8.539142034012706661e-01
2.176200000000289947e+03,8.539235024500105853e-01
2.176300000000290311e+03,8.539328005019369838e-01
2.176400000000290220e+03,8.539420975571999639e-01
2.176500000000290129e+03,8.539513936159497387e-01
2.176600000000290493e+03,8.539606886783365214e-01
2.176700000000290402e+03,8.539699827445100810e-01
2.176800000000290311e+03,8.539792758146207419e-01
2.176900000000290220e+03,8.539885678888183840e-01
2.177000000000290129e+03,8.539978589672529985e-01
2.177100000000290493e+03,8.540071490500745766e-01
2.177200000000290402e+03,8.540164381374329983e-01
2.177300000000290311e+03,8.540257262294782548e-01
2.177400000000290675e+03,8.540350133263601151e-01
2.177500000000290584e+03,8.540442994282285705e-01
2.177600000000290493e+03,8.540535845352332789e-01
2.177700000000290402e+03,8.540628686475240094e-01
2.177800000000290311e+03,8.540721517652506423e-01
2.177900000000290675e+03,8.540814338885629464e-01
2.178000000000290584e+03,8.540907150176104690e-01
2.178100000000290493e+03,8.540999951525429790e-01
2.178200000000290856e+03,8.541092742935101345e-01
2.178300000000290765e+03,8.541185524406614826e-01
2.178400000000290675e+03,8.541278295941465704e-01
2.178500000000290584e+03,8.541371057541151668e-01
2.178600000000290493e+03,8.541463809207165969e-01
2.178700000000290856e+03,8.541556550941004078e-01
2.178800000000290765e+03,8.541649282744161464e-01
2.178900000000290675e+03,8.541742004618131379e-01
2.179000000000291038e+03,8.541834716564409291e-01
2.179100000000290947e+03,8.541927418584488452e-01
2.179200000000290856e+03,8.542020110679862110e-01
2.179300000000290765e+03,8.542112792852023517e-01
2.179400000000290675e+03,8.542205465102467032e-01
2.179500000000291038e+03,8.542298127432683685e-01
2.179600000000290947e+03,8.542390779844167836e-01
2.179700000000290856e+03,8.542483422338409405e-01
2.179800000000291220e+03,8.542576054916900530e-01
2.179900000000291129e+03,8.542668677581135572e-01
2.180000000000291038e+03,8.542761290332603341e-01
2.180100000000290947e+03,8.542853893172794866e-01
2.180200000000290856e+03,8.542946486103202286e-01
2.180300000000291220e+03,8.543039069125315521e-01
2.180400000000291129e+03,8.543131642240624490e-01
2.180500000000291038e+03,8.543224205450619113e-01
2.180600000000291402e+03,8.543316758756788198e-01
2.180700000000291311e+03,8.543409302160622776e-01
2.180800000000291220e+03,8.543501835663610544e-01
2.180900000000291129e+03,8.543594359267240312e-01
2.181000000000291038e+03,8.543686872973002000e-01
2.181100000000291402e+03,8.543779376782383306e-01
2.181200000000291311e+03,8.543871870696870818e-01
2.181300000000291220e+03,8.543964354717952236e-01
2.181400000000291584e+03,8.544056828847116369e-01
2.181500000000291493e+03,8.544149293085849806e-01
2.181600000000291402e+03,8.544241747435639134e-01
2.181700000000291311e+03,8.544334191897970943e-01
2.181800000000291220e+03,8.544426626474330710e-01
2.181900000000291584e+03,8.544519051166206136e-01
2.182000000000291493e+03,8.544611465975081588e-01
2.182100000000291402e+03,8.544703870902441434e-01
2.182200000000291766e+03,8.544796265949772263e-01
2.182300000000291675e+03,8.544888651118559553e-01
2.182400000000291584e+03,8.544981026410286562e-01
2.182500000000291493e+03,8.545073391826436549e-01
2.182600000000291402e+03,8.545165747368496101e-01
2.182700000000291766e+03,8.545258093037947367e-01
2.182800000000291675e+03,8.545350428836273604e-01
2.182900000000291584e+03,8.545442754764958071e-01
2.183000000000291948e+03,8.545535070825482915e-01
2.183100000000291857e+03,8.545627377019332505e-01
2.183200000000291766e+03,8.545719673347987877e-01
2.183300000000291675e+03,8.545811959812930070e-01
2.183400000000291584e+03,8.545904236415642341e-01
2.183500000000291948e+03,8.545996503157606838e-01
2.183600000000291857e+03,8.546088760040303489e-01
2.183700000000291766e+03,8.546181007065212221e-01
2.183800000000292130e+03,8.546273244233815181e-01
2.183900000000292039e+03,8.546365471547592296e-01
2.184000000000291948e+03,8.546457689008022385e-01
2.184100000000291857e+03,8.546549896616586484e-01
2.184200000000291766e+03,8.546642094374763410e-01
2.184300000000292130e+03,8.546734282284033091e-01
2.184400000000292039e+03,8.546826460345874343e-01
2.184500000000291948e+03,8.546918628561764875e-01
2.184600000000292312e+03,8.547010786933184612e-01
2.184700000000292221e+03,8.547102935461609041e-01
2.184800000000292130e+03,8.547195074148516980e-01
2.184900000000292039e+03,8.547287202995387245e-01
2.185000000000291948e+03,8.547379322003695323e-01
2.185100000000292312e+03,8.547471431174920031e-01
2.185200000000292221e+03,8.547563530510535745e-01
2.185300000000292130e+03,8.547655620012020172e-01
2.185400000000292493e+03,8.547747699680849909e-01
2.185500000000292403e+03,8.547839769518499331e-01
2.185600000000292312e+03,8.547931829526443925e-01
2.185700000000292221e+03,8.548023879706160288e-01
2.185800000000292130e+03,8.548115920059122796e-01
2.185900000000292493e+03,8.548207950586805826e-01
2.186000000000292403e+03,8.548299971290684862e-01
2.186100000000292312e+03,8.548391982172230952e-01
2.186200000000292675e+03,8.548483983232922911e-01
2.186300000000292584e+03,8.548575974474229566e-01
2.186400000000292493e+03,8.548667955897626403e-01
2.186500000000292403e+03,8.548759927504586686e-01
2.186600000000292312e+03,8.548851889296581463e-01
2.186700000000292675e+03,8.548943841275085109e-01
2.186800000000292584e+03,8.549035783441568670e-01
2.186900000000292493e+03,8.549127715797503191e-01
2.187000000000292857e+03,8.549219638344364158e-01
2.187100000000292766e+03,8.549311551083617067e-01
2.187200000000292675e+03,8.549403454016736292e-01
2.187300000000292584e+03,8.549495347145193991e-01
2.187400000000292493e+03,8.549587230470457877e-01
2.187500000000292857e+03,8.549679103993998996e-01
2.187600000000292766e+03,8.549770967717288395e-01
2.187700000000292675e+03,8.549862821641793786e-01
2.187800000000293039e+03,8.549954665768986217e-01
2.187900000000292948e+03,8.550046500100333402e-01
2.188000000000292857e+03,8.550138324637304166e-01
2.188100000000292766e+03,8.550230139381368444e-01
2.188200000000292675e+03,8.550321944333993951e-01
2.188300000000293039e+03,8.550413739496648402e-01
2.188400000000292948e+03,8.550505524870798402e-01
2.188500000000292857e+03,8.550597300457913885e-01
2.188600000000293221e+03,8.550689066259460347e-01
2.188700000000293130e+03,8.550780822276904392e-01
2.188800000000293039e+03,8.550872568511712624e-01
2.188900000000292948e+03,8.550964304965351648e-01
2.189000000000292857e+03,8.551056031639286958e-01
2.189100000000293221e+03,8.551147748534986270e-01
2.189200000000293130e+03,8.551239455653912858e-01
2.189300000000293039e+03,8.551331152997533325e-01
2.189400000000293403e+03,8.551422840567312056e-01
2.189500000000293312e+03,8.551514518364713435e-01
2.189600000000293221e+03,8.551606186391200737e-01
2.189700000000293130e+03,8.551697844648239455e-01
2.189800000000293039e+03,8.551789493137295084e-01
2.189900000000293403e+03,8.551881131859827567e-01
2.190000000000293312e+03,8.551972760817302399e-01
2.190100000000293221e+03,8.552064380011180633e-01
2.190200000000293585e+03,8.552155989442928874e-01
2.190300000000293494e+03,8.552247589114004844e-01
2.190400000000293403e+03,8.552339179025872928e-01
2.190500000000293312e+03,8.552430759179994180e-01
2.190600000000293221e+03,8.552522329577831872e-01
2.190700000000293585e+03,8.552613890220845949e-01
2.190800000000293494e+03,8.552705441110497464e-01
2.190900000000293403e+03,8.552796982248247470e-01
2.191000000000293767e+03,8.552888513635557022e-01
2.191100000000293676e+03,8.552980035273883841e-01
2.191200000000293585e+03,8.553071547164691202e-01
2.191300000000293494e+03,8.553163049309435717e-01
2.191400000000293403e+03,8.553254541709578440e-01
2.191500000000293767e+03,8.553346024366579314e-01
2.191600000000293676e+03,8.553437497281894952e-01
2.191700000000293585e+03,8.553528960456985297e-01
2.191800000000293949e+03,8.553620413893308072e-01
2.191900000000293858e+03,8.553711857592321000e-01
2.192000000000293767e+03,8.553803291555482913e-01
2.192100000000293676e+03,8.553894715784249314e-01
2.192200000000293585e+03,8.553986130280079037e-01
2.192300000000293949e+03,8.554077535044428693e-01
2.192400000000293858e+03,8.554168930078753785e-01
2.192500000000293767e+03,8.554260315384512037e-01
2.192600000000294131e+03,8.554351690963158950e-01
2.192700000000294040e+03,8.554443056816150026e-01
2.192800000000293949e+03,8.554534412944941879e-01
2.192900000000293858e+03,8.554625759350986680e-01
2.193000000000293767e+03,8.554717096035743262e-01
2.193100000000294131e+03,8.554808423000663797e-01
2.193200000000294040e+03,8.554899740247202677e-01
2.193300000000293949e+03,8.554991047776816515e-01
2.193400000000294312e+03,8.555082345590955262e-01
2.193500000000294222e+03,8.555173633691075530e-01
2.193600000000294131e+03,8.555264912078629491e-01
2.193700000000294040e+03,8.555356180755069317e-01
2.193800000000293949e+03,8.555447439721849401e-01
2.193900000000294312e+03,8.555538688980421913e-01
2.194000000000294222e+03,8.555629928532237916e-01
2.194100000000294131e+03,8.555721158378749580e-01
2.194200000000294494e+03,8.555812378521410189e-01
2.194300000000294403e+03,8.555903588961668582e-01
2.194400000000294312e+03,8.555994789700978043e-01
2.194500000000294222e+03,8.556085980740787411e-01
2.194600000000294131e+03,8.556177162082548859e-01
2.194700000000294494e+03,8.556268333727712339e-01
2.194800000000294403e+03,8.556359495677726690e-01
2.194900000000294312e+03,8.556450647934042975e-01
2.195000000000294676e+03,8.556541790498108924e-01
2.195100000000294585e+03,8.556632923371376709e-01
2.195200000000294494e+03,8.556724046555291840e-01
2.195300000000294403e+03,8.556815160051304270e-01
2.195400000000294312e+03,8.556906263860862838e-01
2.195500000000294676e+03,8.556997357985416386e-01
2.195600000000294585e+03,8.557088442426410424e-01
2.195700000000294494e+03,8.557179517185293793e-01
2.195800000000294858e+03,8.557270582263513115e-01
2.195900000000294767e+03,8.557361637662516118e-01
2.196000000000294676e+03,8.557452683383748315e-01
2.196100000000294585e+03,8.557543719428658546e-01
2.196200000000294494e+03,8.557634745798690101e-01
2.196300000000294858e+03,8.557725762495290711e-01
2.196400000000294767e+03,8.557816769519904776e-01
2.196500000000294676e+03,8.557907766873978916e-01
2.196600000000295040e+03,8.557998754558957533e-01
2.196700000000294949e+03,8.558089732576283915e-01
2.196800000000294858e+03,8.558180700927405793e-01
2.196900000000294767e+03,8.558271659613763127e-01
2.197000000000294676e+03,8.558362608636803648e-01
2.197100000000295040e+03,8.558453547997969535e-01
2.197200000000294949e+03,8.558544477698705188e-01
2.197300000000294858e+03,8.558635397740452788e-01
2.197400000000295222e+03,8.558726308124654514e-01
2.197500000000295131e+03,8.558817208852752545e-01
2.197600000000295040e+03,8.558908099926192392e-01
2.197700000000294949e+03,8.558998981346414014e-01
2.197800000000294858e+03,8.559089853114857371e-01
2.197900000000295222e+03,8.559180715232967973e-01
2.198000000000295131e+03,8.559271567702183559e-01
2.198100000000295040e+03,8.559362410523946307e-01
2.198200000000295404e+03,8.559453243699698399e-01
2.198300000000295313e+03,8.559544067230878683e-01
2.198400000000295222e+03,8.559634881118924898e-01
2.198500000000295131e+03,8.559725685365281445e-01
2.198600000000295040e+03,8.559816479971386061e-01
2.198700000000295404e+03,8.559907264938677596e-01
2.198800000000295313e+03,8.559998040268594899e-01
2.198900000000295222e+03,8.560088805962577929e-01
2.199000000000295586e+03,8.560179562022064426e-01
2.199100000000295495e+03,8.560270308448492127e-01
2.199200000000295404e+03,8.560361045243299882e-01
2.199300000000295313e+03,8.560451772407925430e-01
2.199400000000295222e+03,8.560542489943805400e-01
2.199500000000295586e+03,8.560633197852376419e-01
2.199600000000295495e+03,8.560723896135077338e-01
2.199700000000295404e+03,8.560814584793343673e-01
2.199800000000295768e+03,8.560905263828612055e-01
2.199900000000295677e+03,8.560995933242316891e-01
2.200000000000295586e+03,8.561086593035895920e-01
2.200100000000295495e+03,8.561177243210784660e-01
2.200200000000295404e+03,8.561267883768416409e-01
2.200300000000295768e+03,8.561358514710228906e-01
2.200400000000295677e+03,8.561449136037654339e-01
2.200500000000295586e+03,8.561539747752128227e-01
2.200600000000295950e+03,8.561630349855086086e-01
2.200700000000295859e+03,8.561720942347957886e-01
2.200800000000295768e+03,8.561811525232181364e-01
2.200900000000295677e+03,8.561902098509187597e-01
2.201000000000295586e+03,8.561992662180409885e-01
2.201100000000295950e+03,8.562083216247282635e-01
2.201200000000295859e+03,8.562173760711235815e-01
2.201300000000295768e+03,8.562264295573703832e-01
2.201400000000296131e+03,8.562354820836118874e-01
2.201500000000296041e+03,8.562445336499909798e-01
2.201600000000295950e+03,8.562535842566509903e-01
2.201700000000295859e+03,8.562626339037351375e-01
2.201800000000295768e+03,8.562716825913864183e-01
2.201900000000296131e+03,8.562807303197478292e-01
2.202000000000296041e+03,8.562897770889624782e-01
2.202100000000295950e+03,8.562988228991732509e-01
2.202200000000296313e+03,8.563078677505234770e-01
2.202300000000296222e+03,8.563169116431555983e-01
2.202400000000296131e+03,8.563259545772129444e-01
2.202500000000296041e+03,8.563349965528382901e-01
2.202600000000295950e+03,8.563440375701745211e-01
2.202700000000296313e+03,8.563530776293645230e-01
2.202800000000296222e+03,8.563621167305509596e-01
2.202900000000296131e+03,8.563711548738767165e-01
2.203000000000296495e+03,8.563801920594846795e-01
2.203100000000296404e+03,8.563892282875174011e-01
2.203200000000296313e+03,8.563982635581177671e-01
2.203300000000296222e+03,8.564072978714282192e-01
2.203400000000296131e+03,8.564163312275917539e-01
2.203500000000296495e+03,8.564253636267505909e-01
2.203600000000296404e+03,8.564343950690477270e-01
2.203700000000296313e+03,8.564434255546254926e-01
2.203800000000296677e+03,8.564524550836266625e-01
2.203900000000296586e+03,8.564614836561934563e-01
2.204000000000296495e+03,8.564705112724685376e-01
2.204100000000296404e+03,8.564795379325944591e-01
2.204200000000296313e+03,8.564885636367135513e-01
2.204300000000296677e+03,8.564975883849682559e-01
2.204400000000296586e+03,8.565066121775009034e-01
2.204500000000296495e+03,8.565156350144539354e-01
2.204600000000296859e+03,8.565246568959696827e-01
2.204700000000296768e+03,8.565336778221903646e-01
2.204800000000296677e+03,8.565426977932585340e-01
2.204900000000296586e+03,8.565517168093160771e-01
2.205000000000296495e+03,8.565607348705054358e-01
2.205100000000296859e+03,8.565697519769688295e-01
2.205200000000296768e+03,8.565787681288482558e-01
2.205300000000296677e+03,8.565877833262860452e-01
2.205400000000297041e+03,8.565967975694241954e-01
2.205500000000296950e+03,8.566058108584049258e-01
2.205600000000296859e+03,8.566148231933701229e-01
2.205700000000296768e+03,8.566238345744620064e-01
2.205800000000296677e+03,8.566328450018225737e-01
2.205900000000297041e+03,8.566418544755938225e-01
2.206000000000296950e+03,8.566508629959175281e-01
2.206100000000296859e+03,8.566598705629356880e-01
2.206200000000297223e+03,8.566688771767905219e-01
2.206300000000297132e+03,8.566778828376233612e-01
2.206400000000297041e+03,8.566868875455765364e-01
2.206500000000296950e+03,8.566958913007916010e-01
2.206600000000296859e+03,8.567048941034105525e-01
2.206700000000297223e+03,8.567138959535749443e-01
2.206800000000297132e+03,8.567228968514266629e-01
2.206900000000297041e+03,8.567318967971073729e-01
2.207000000000297405e+03,8.567408957907588496e-01
2.207100000000297314e+03,8.567498938325226465e-01
2.207200000000297223e+03,8.567588909225405391e-01
2.207300000000297132e+03,8.567678870609538588e-01
2.207400000000297041e+03,8.567768822479046031e-01
2.207500000000297405e+03,8.567858764835341034e-01
2.207600000000297314e+03,8.567948697679838022e-01
2.207700000000297223e+03,8.568038621013953637e-01
2.207800000000297587e+03,8.568128534839103416e-01
2.207900000000297496e+03,8.568218439156698452e-01
2.208000000000297405e+03,8.568308333968156498e-01
2.208100000000297314e+03,8.568398219274889760e-01
2.208200000000297223e+03,8.568488095078312661e-01
2.208300000000297587e+03,8.568577961379837404e-01
2.208400000000297496e+03,8.568667818180879525e-01
2.208500000000297405e+03,8.568757665482850117e-01
2.208600000000297769e+03,8.568847503287162493e-01
2.208700000000297678e+03,8.568937331595227747e-01
2.208800000000297587e+03,8.569027150408460303e-01
2.208900000000297496e+03,8.569116959728270144e-01
2.209000000000297405e+03,8.569206759556069475e-01
2.209100000000297769e+03,8.569296549893271608e-01
2.209200000000297678e+03,8.569386330741284308e-01
2.209300000000297587e+03,8.569476102101519777e-01
2.209400000000297950e+03,8.569565863975387998e-01
2.209500000000297860e+03,8.569655616364300066e-01
2.209600000000297769e+03,8.569745359269667073e-01
2.209700000000297678e+03,8.569835092692895673e-01
2.209800000000297587e+03,8.569924816635396958e-01
2.209900000000297950e+03,8.570014531098582022e-01
2.210000000000297860e+03,8.570104236083856408e-01
2.210100000000297769e+03,8.570193931592631209e-01
2.210200000000298132e+03,8.570283617626314188e-01
2.210300000000298041e+03,8.570373294186311997e-01
2.210400000000297950e+03,8.570462961274034619e-01
2.210500000000297860e+03,8.570552618890888708e-01
2.210600000000297769e+03,8.570642267038282025e-01
2.210700000000298132e+03,8.570731905717622334e-01
2.210800000000298041e+03,8.570821534930314067e-01
2.210900000000297950e+03,8.570911154677764987e-01
2.211000000000298314e+03,8.571000764961381746e-01
2.211100000000298223e+03,8.571090365782570997e-01
2.211200000000298132e+03,8.571179957142738282e-01
2.211300000000298041e+03,8.571269539043286922e-01
2.211400000000297950e+03,8.571359111485624682e-01
2.211500000000298314e+03,8.571448674471155993e-01
2.211600000000298223e+03,8.571538228001284176e-01
2.211700000000298132e+03,8.571627772077414775e-01
2.211800000000298496e+03,8.571717306700953332e-01
2.211900000000298405e+03,8.571806831873299837e-01
2.212000000000298314e+03,8.571896347595860943e-01
2.212100000000298223e+03,8.571985853870039973e-01
2.212200000000298132e+03,8.572075350697240248e-01
2.212300000000298496e+03,8.572164838078862870e-01
2.212400000000298405e+03,8.572254316016311160e-01
2.212500000000298314e+03,8.572343784510987330e-01
2.212600000000298678e+03,8.572433243564295813e-01
2.212700000000298587e+03,8.572522693177634379e-01
2.212800000000298496e+03,8.572612133352407460e-01
2.212900000000298405e+03,8.572701564090015047e-01
2.213000000000298314e+03,8.572790985391859353e-01
2.213100000000298678e+03,8.572880397259340368e-01
2.213200000000298587e+03,8.572969799693858084e-01
2.213300000000298496e+03,8.573059192696811381e-01
2.213400000000298860e+03,8.573148576269604693e-01
2.213500000000298769e+03,8.573237950413633568e-01
2.213600000000298678e+03,8.573327315130297999e-01
2.213700000000298587e+03,8.573416670420997976e-01
2.213800000000298496e+03,8.573506016287133491e-01
2.213900000000298860e+03,8.573595352730102315e-01
2.214000000000298769e+03,8.573684679751302218e-01
2.214100000000298678e+03,8.573773997352130971e-01
2.214200000000299042e+03,8.573863305533988566e-01
2.214300000000298951e+03,8.573952604298269442e-01
2.214400000000298860e+03,8.574041893646373591e-01
2.214500000000298769e+03,8.574131173579695453e-01
2.214600000000298678e+03,8.574220444099635019e-01
2.214700000000299042e+03,8.574309705207586729e-01
2.214800000000298951e+03,8.574398956904947244e-01
2.214900000000298860e+03,8.574488199193113225e-01
2.215000000000299224e+03,8.574577432073479111e-01
2.215100000000299133e+03,8.574666655547441563e-01
2.215200000000299042e+03,8.574755869616395021e-01
2.215300000000298951e+03,8.574845074281733925e-01
2.215400000000298860e+03,8.574934269544854937e-01
2.215500000000299224e+03,8.575023455407151385e-01
2.215600000000299133e+03,8.575112631870017710e-01
2.215700000000299042e+03,8.575201798934846131e-01
2.215800000000299406e+03,8.575290956603032200e-01
2.215900000000299315e+03,8.575380104875969245e-01
2.216000000000299224e+03,8.575469243755049487e-01
2.216100000000299133e+03,8.575558373241666255e-01
2.216200000000299042e+03,8.575647493337212879e-01
2.216300000000299406e+03,8.575736604043079359e-01
2.216400000000299315e+03,8.575825705360660134e-01
2.216500000000299224e+03,8.575914797291346314e-01
2.216600000000299588e+03,8.576003879836530119e-01
2.216700000000299497e+03,8.576092952997601548e-01
2.216800000000299406e+03,8.576182016775950601e-01
2.216900000000299315e+03,8.576271071172971716e-01
2.217000000000299224e+03,8.576360116190051563e-01
2.217100000000299588e+03,8.576449151828582362e-01
2.217200000000299497e+03,8.576538178089954112e-01
2.217300000000299406e+03,8.576627194975556812e-01
2.217400000000299769e+03,8.576716202486778240e-01
2.217500000000299679e+03,8.576805200625009507e-01
2.217600000000299588e+03,8.576894189391638390e-01
2.217700000000299497e+03,8.576983168788053780e-01
2.217800000000299406e+03,8.577072138815643454e-01
2.217900000000299769e+03,8.577161099475798522e-01
2.218000000000299679e+03,8.577250050769902323e-01
2.218100000000299588e+03,8.577338992699345965e-01
2.218200000000299951e+03,8.577427925265516118e-01
2.218300000000299860e+03,8.577516848469799449e-01
2.218400000000299769e+03,8.577605762313581517e-01
2.218500000000299679e+03,8.577694666798251211e-01
2.218600000000299588e+03,8.577783561925192979e-01
2.218700000000299951e+03,8.577872447695795710e-01
2.218800000000299860e+03,8.577961324111441632e-01
2.218900000000299769e+03,8.578050191173518524e-01
2.219000000000300133e+03,8.578139048883410833e-01
2.219100000000300042e+03,8.578227897242504119e-01
2.219200000000299951e+03,8.578316736252182828e-01
2.219300000000299860e+03,8.578405565913830300e-01
2.219400000000299769e+03,8.578494386228833202e-01
2.219500000000300133e+03,8.578583197198575983e-01
2.219600000000300042e+03,8.578671998824437539e-01
2.219700000000299951e+03,8.578760791107806760e-01
2.219800000000300315e+03,8.578849574050064763e-01
2.219900000000300224e+03,8.578938347652592666e-01
2.220000000000300133e+03,8.579027111916776027e-01
2.220100000000300042e+03,8.579115866843995963e-01
2.220200000000299951e+03,8.579204612435633592e-01
2.220300000000300315e+03,8.579293348693074472e-01
2.220400000000300224e+03,8.579382075617696390e-01
2.220500000000300133e+03,8.579470793210881574e-01
2.220600000000300497e+03,8.579559501474013361e-01
2.220700000000300406e+03,8.579648200408469538e-01
2.220800000000300315e+03,8.579736890015633444e-01
2.220900000000300224e+03,8.579825570296882864e-01
2.221000000000300133e+03,8.579914241253600027e-01
2.221100000000300497e+03,8.580002902887163829e-01
2.221200000000300406e+03,8.580091555198954278e-01
2.221300000000300315e+03,8.580180198190350271e-01
2.221400000000300679e+03,8.580268831862730705e-01
2.221500000000300588e+03,8.580357456217474477e-01
2.221600000000300497e+03,8.580446071255961593e-01
2.221700000000300406e+03,8.580534676979567621e-01
2.221800000000300315e+03,8.580623273389672567e-01
2.221900000000300679e+03,8.580711860487654219e-01
2.222000000000300588e+03,8.580800438274889252e-01
2.222100000000300497e+03,8.580889006752755455e-01
2.222200000000300861e+03,8.580977565922629502e-01
2.222300000000300770e+03,8.581066115785888071e-01
2.222400000000300679e+03,8.581154656343906728e-01
2.222500000000300588e+03,8.581243187598064370e-01
2.222600000000300497e+03,8.581331709549734343e-01
2.222700000000300861e+03,8.581420222200294434e-01
2.222800000000300770e+03,8.581508725551119099e-01
2.222900000000300679e+03,8.581597219603582793e-01
2.223000000000301043e+03,8.581685704359061084e-01
2.223100000000300952e+03,8.581774179818929538e-01
2.223200000000300861e+03,8.581862645984560389e-01
2.223300000000300770e+03,8.581951102857329206e-01
2.223400000000300679e+03,8.582039550438611553e-01
2.223500000000301043e+03,8.582127988729778556e-01
2.223600000000300952e+03,8.582216417732203562e-01
2.223700000000300861e+03,8.582304837447261026e-01
2.223800000000301225e+03,8.582393247876323183e-01
2.223900000000301134e+03,8.582481649020763381e-01
2.224000000000301043e+03,8.582570040881951634e-01
2.224100000000300952e+03,8.582658423461263508e-01
2.224200000000300861e+03,8.582746796760067909e-01
2.224300000000301225e+03,8.582835160779739292e-01
2.224400000000301134e+03,8.582923515521645452e-01
2.224500000000301043e+03,8.583011860987160846e-01
2.224600000000301407e+03,8.583100197177654378e-01
2.224700000000301316e+03,8.583188524094496064e-01
2.224800000000301225e+03,8.583276841739058138e-01
2.224900000000301134e+03,8.583365150112709507e-01
2.225000000000301043e+03,8.583453449216819076e-01
2.225100000000301407e+03,8.583541739052759079e-01
2.225200000000301316e+03,8.583630019621896201e-01
2.225300000000301225e+03,8.583718290925600458e-01
2.225400000000301588e+03,8.583806552965240755e-01
2.225500000000301497e+03,8.583894805742184886e-01
2.225600000000301407e+03,8.583983049257801756e-01
2.225700000000301316e+03,8.584071283513459161e-01
2.225800000000301225e+03,8.584159508510524894e-01
2.225900000000301588e+03,8.584247724250367861e-01
2.226000000000301497e+03,8.584335930734351416e-01
2.226100000000301407e+03,8.584424127963845574e-01
2.226200000000301770e+03,8.584512315940218130e-01
2.226300000000301679e+03,8.584600494664832437e-01
2.226400000000301588e+03,8.584688664139055181e-01
2.226500000000301497e+03,8.584776824364254155e-01
2.226600000000301407e+03,8.584864975341794935e-01
2.226700000000301770e+03,8.584953117073041984e-01
2.226800000000301679e+03,8.585041249559359766e-01
2.226900000000301588e+03,8.585129372802112746e-01
2.227000000000301952e+03,8.585217486802668718e-01
2.227100000000301861e+03,8.585305591562391037e-01
2.227200000000301770e+03,8.585393687082641945e-01
2.227300000000301679e+03,8.585481773364787017e-01
2.227400000000301588e+03,8.585569850410188497e-01
2.227500000000301952e+03,8.585657918220211959e-01
2.227600000000301861e+03,8.585745976796217427e-01
2.227700000000301770e+03,8.585834026139570474e-01
2.227800000000302134e+03,8.585922066251633344e-01
2.227900000000302043e+03,8.586010097133767172e-01
2.228000000000301952e+03,8.586098118787335309e-01
2.228100000000301861e+03,8.586186131213700001e-01
2.228200000000301770e+03,8.586274134414220160e-01
2.228300000000302134e+03,8.586362128390259141e-01
2.228400000000302043e+03,8.586450113143179186e-01
2.228500000000301952e+03,8.586538088674339209e-01
2.228600000000302316e+03,8.586626054985100343e-01
2.228700000000302225e+03,8.586714012076821501e-01
2.228800000000302134e+03,8.586801959950866037e-01
2.228900000000302043e+03,8.586889898608591754e-01
2.229000000000301952e+03,8.586977828051357564e-01
2.229100000000302316e+03,8.587065748280524602e-01
2.229200000000302225e+03,8.587153659297450670e-01
2.229300000000302134e+03,8.587241561103493570e-01
2.229400000000302498e+03,8.587329453700015547e-01
2.229500000000302407e+03,8.587417337088371072e-01
2.229600000000302316e+03,8.587505211269919059e-01
2.229700000000302225e+03,8.587593076246019530e-01
2.229800000000302134e+03,8.587680932018026958e-01
2.229900000000302498e+03,8.587768778587300256e-01
2.230000000000302407e+03,8.587856615955196116e-01
2.230100000000302316e+03,8.587944444123072341e-01
2.230200000000302680e+03,8.588032263092284513e-01
2.230300000000302589e+03,8.588120072864188215e-01
2.230400000000302498e+03,8.588207873440140139e-01
2.230500000000302407e+03,8.588295664821494757e-01
2.230600000000302316e+03,8.588383447009610983e-01
2.230700000000302680e+03,8.588471220005841067e-01
2.230800000000302589e+03,8.588558983811541703e-01
2.230900000000302498e+03,8.588646738428066252e-01
2.231000000000302862e+03,8.588734483856769186e-01
2.231100000000302771e+03,8.588822220099006088e-01
2.231200000000302680e+03,8.588909947156130320e-01
2.231300000000302589e+03,8.588997665029494133e-01
2.231400000000302498e+03,8.589085373720453109e-01
2.231500000000302862e+03,8.589173073230361721e-01
2.231600000000302771e+03,8.589260763560568890e-01
2.231700000000302680e+03,8.589348444712430197e-01
2.231800000000303044e+03,8.589436116687296785e-01
2.231900000000302953e+03,8.589523779486522015e-01
2.232000000000302862e+03,8.589611433111455918e-01
2.232100000000302771e+03,8.589699077563452967e-01
2.232200000000302680e+03,8.589786712843862082e-01
2.232300000000303044e+03,8.589874338954036626e-01
2.232400000000302953e+03,8.589961955895326629e-01
2.232500000000302862e+03,8.590049563669082122e-01
2.232600000000303226e+03,8.590137162276654248e-01
2.232700000000303135e+03,8.590224751719391927e-01
2.232800000000303044e+03,8.590312331998647410e-01
2.232900000000302953e+03,8.590399903115769620e-01
2.233000000000302862e+03,8.590487465072107476e-01
2.233100000000303226e+03,8.590575017869009899e-01
2.233200000000303135e+03,8.590662561507824702e-01
2.233300000000303044e+03,8.590750095989905244e-01
2.233400000000303407e+03,8.590837621316594896e-01
2.233500000000303316e+03,8.590925137489243690e-01
2.233600000000303226e+03,8.591012644509199436e-01
2.233700000000303135e+03,8.591100142377809945e-01
2.233800000000303044e+03,8.591187631096423027e-01
2.233900000000303407e+03,8.591275110666386494e-01
2.234000000000303316e+03,8.591362581089044825e-01
2.234100000000303226e+03,8.591450042365745832e-01
2.234200000000303589e+03,8.591537494497838434e-01
2.234300000000303498e+03,8.591624937486666003e-01
2.234400000000303407e+03,8.591712371333574128e-01
2.234500000000303316e+03,8.591799796039908399e-01
2.234600000000303226e+03,8.591887211607016628e-01
2.234700000000303589e+03,8.591974618036242184e-01
2.234800000000303498e+03,8.592062015328931768e-01
2.234900000000303407e+03,8.592149403486426529e-01
2.235000000000303771e+03,8.592236782510074278e-01
2.235100000000303680e+03,8.592324152401218385e-01
2.235200000000303589e+03,8.592411513161201109e-01
2.235300000000303498e+03,8.592498864791368041e-01
2.235400000000303407e+03,8.592586207293060330e-01
2.235500000000303771e+03,8.592673540667624676e-01
2.235600000000303680e+03,8.592760864916401120e-01
2.235700000000303589e+03,8.592848180040731920e-01
2.235800000000303953e+03,8.592935486041962667e-01
2.235900000000303862e+03,8.593022782921433400e-01
2.236000000000303771e+03,8.593110070680485268e-01
2.236100000000303680e+03,8.593197349320459422e-01
2.236200000000303589e+03,8.593284618842701450e-01
2.236300000000303953e+03,8.593371879248549172e-01
2.236400000000303862e+03,8.593459130539341517e-01
2.236500000000303771e+03,8.593546372716425186e-01
2.236600000000304135e+03,8.593633605781134666e-01
2.236700000000304044e+03,8.593720829734813327e-01
2.236800000000303953e+03,8.593808044578800098e-01
2.236900000000303862e+03,8.593895250314435019e-01
2.237000000000303771e+03,8.593982446943055908e-01
2.237100000000304135e+03,8.594069634466005025e-01
2.237200000000304044e+03,8.594156812884617969e-01
2.237300000000303953e+03,8.594243982200235887e-01
2.237400000000304317e+03,8.594331142414196600e-01
2.237500000000304226e+03,8.594418293527836816e-01
2.237600000000304135e+03,8.594505435542496574e-01
2.237700000000304044e+03,8.594592568459511472e-01
2.237800000000303953e+03,8.594679692280220440e-01
2.237900000000304317e+03,8.594766807005960185e-01
2.238000000000304226e+03,8.594853912638067417e-01
2.238100000000304135e+03,8.594941009177878843e-01
2.238200000000304499e+03,8.595028096626731173e-01
2.238300000000304408e+03,8.595115174985960005e-01
2.238400000000304317e+03,8.595202244256902047e-01
2.238500000000304226e+03,8.595289304440890676e-01
2.238600000000304135e+03,8.595376355539265933e-01
2.238700000000304499e+03,8.595463397553357865e-01
2.238800000000304408e+03,8.595550430484505400e-01
2.238900000000304317e+03,8.595637454334039695e-01
2.239000000000304681e+03,8.595724469103298571e-01
2.239100000000304590e+03,8.595811474793613183e-01
2.239200000000304499e+03,8.595898471406319130e-01
2.239300000000304408e+03,8.595985458942749791e-01
2.239400000000304317e+03,8.596072437404239652e-01
2.239500000000304681e+03,8.596159406792120983e-01
2.239600000000304590e+03,8.596246367107724939e-01
2.239700000000304499e+03,8.596333318352386010e-01
2.239800000000304863e+03,8.596420260527437573e-01
2.239900000000304772e+03,8.596507193634209676e-01
2.240000000000304681e+03,8.596594117674035695e-01
2.240100000000304590e+03,8.596681032648246790e-01
2.240200000000304499e+03,8.596767938558175226e-01
2.240300000000304863e+03,8.596854835405149942e-01
2.240400000000304772e+03,8.596941723190504314e-01
2.240500000000304681e+03,8.597028601915568391e-01
2.240600000000305045e+03,8.597115471581672219e-01
2.240700000000304954e+03,8.597202332190144736e-01
2.240800000000304863e+03,8.597289183742318208e-01
2.240900000000304772e+03,8.597376026239521574e-01
2.241000000000304681e+03,8.597462859683082659e-01
2.241100000000305045e+03,8.597549684074333731e-01
2.241200000000304954e+03,8.597636499414601507e-01
2.241300000000304863e+03,8.597723305705216035e-01
2.241400000000305226e+03,8.597810102947505140e-01
2.241500000000305135e+03,8.597896891142795539e-01
2.241600000000305045e+03,8.597983670292417280e-01
2.241700000000304954e+03,8.598070440397697078e-01
2.241800000000304863e+03,8.598157201459963872e-01
2.241900000000305226e+03,8.598243953480542157e-01
2.242000000000305135e+03,8.598330696460760869e-01
2.242100000000305045e+03,8.598417430401947836e-01
2.242200000000305408e+03,8.598504155305426444e-01
2.242300000000305317e+03,8.598590871172525629e-01
2.242400000000305226e+03,8.598677578004568778e-01
2.242500000000305135e+03,8.598764275802884827e-01
2.242600000000305045e+03,8.598850964568797162e-01
2.242700000000305408e+03,8.598937644303631389e-01
2.242800000000305317e+03,8.599024315008712005e-01
2.242900000000305226e+03,8.599110976685365726e-01
2.243000000000305590e+03,8.599197629334914827e-01
2.243100000000305499e+03,8.599284272958684916e-01
2.243200000000305408e+03,8.599370907557999377e-01
2.243300000000305317e+03,8.599457533134181597e-01
2.243400000000305226e+03,8.599544149688556072e-01
2.243500000000305590e+03,8.599630757222446187e-01
2.243600000000305499e+03,8.599717355737173108e-01
2.243700000000305408e+03,8.599803945234062441e-01
2.243800000000305772e+03,8.599890525714436462e-01
2.243900000000305681e+03,8.599977097179614116e-01
2.244000000000305590e+03,8.600063659630919899e-01
2.244100000000305499e+03,8.600150213069674976e-01
2.244200000000305408e+03,8.600236757497201623e-01
2.244300000000305772e+03,8.600323292914822115e-01
2.244400000000305681e+03,8.600409819323854288e-01
2.244500000000305590e+03,8.600496336725621527e-01
2.244600000000305954e+03,8.600582845121444997e-01
2.244700000000305863e+03,8.600669344512642533e-01
2.244800000000305772e+03,8.600755834900535302e-01
2.244900000000305681e+03,8.600842316286443356e-01
2.245000000000305590e+03,8.600928788671686753e-01
2.245100000000305954e+03,8.601015252057584437e-01
2.245200000000305863e+03,8.601101706445455353e-01
2.245300000000305772e+03,8.601188151836617335e-01
2.245400000000306136e+03,8.601274588232391549e-01
2.245500000000306045e+03,8.601361015634093610e-01
2.245600000000305954e+03,8.601447434043043572e-01
2.245700000000305863e+03,8.601533843460558160e-01
2.245800000000305772e+03,8.601620243887956319e-01
2.245900000000306136e+03,8.601706635326554773e-01
2.246000000000306045e+03,8.601793017777669137e-01
2.246100000000305954e+03,8.601879391242618356e-01
2.246200000000306318e+03,8.601965755722719154e-01
2.246300000000306227e+03,8.602052111219287145e-01
2.246400000000306136e+03,8.602138457733636834e-01
2.246500000000306045e+03,8.602224795267086055e-01
2.246600000000305954e+03,8.602311123820950423e-01
2.246700000000306318e+03,8.602397443396546661e-01
2.246800000000306227e+03,8.602483753995188165e-01
2.246900000000306136e+03,8.602570055618188327e-01
2.247000000000306500e+03,8.602656348266866093e-01
2.247100000000306409e+03,8.602742631942531526e-01
2.247200000000306318e+03,8.602828906646501350e-01
2.247300000000306227e+03,8.602915172380090070e-01
2.247400000000306136e+03,8.603001429144609968e-01
2.247500000000306500e+03,8.603087676941374440e-01
2.247600000000306409e+03,8.603173915771696878e-01
2.247700000000306318e+03,8.603260145636891787e-01
2.247800000000306682e+03,8.603346366538269230e-01
2.247900000000306591e+03,8.603432578477143711e-01
2.248000000000306500e+03,8.603518781454826403e-01
2.248100000000306409e+03,8.603604975472630700e-01
2.248200000000306318e+03,8.603691160531866666e-01
2.248300000000306682e+03,8.603777336633847694e-01
2.248400000000306591e+03,8.603863503779883848e-01
2.248500000000306500e+03,8.603949661971285190e-01
2.248600000000306864e+03,8.604035811209365114e-01
2.248700000000306773e+03,8.604121951495431464e-01
2.248800000000306682e+03,8.604208082830797633e-01
2.248900000000306591e+03,8.604294205216770353e-01
2.249000000000306500e+03,8.604380318654660798e-01
2.249100000000306864e+03,8.604466423145779030e-01
2.249200000000306773e+03,8.604552518691435115e-01
2.249300000000306682e+03,8.604638605292935782e-01
2.249400000000307045e+03,8.604724682951591097e-01
2.249500000000306954e+03,8.604810751668711122e-01
2.249600000000306864e+03,8.604896811445601479e-01
2.249700000000306773e+03,8.604982862283571121e-01
2.249800000000306682e+03,8.605068904183930112e-01
2.249900000000307045e+03,8.605154937147982963e-01
2.250000000000306954e+03,8.605240961177039738e-01
2.250100000000306864e+03,8.605326976272404949e-01
2.250200000000307227e+03,8.605412982435388658e-01
2.250300000000307136e+03,8.605498979667294268e-01
2.250400000000307045e+03,8.605584967969430732e-01
2.250500000000306954e+03,8.605670947343102561e-01
2.250600000000306864e+03,8.605756917789616489e-01
2.250700000000307227e+03,8.605842879310278137e-01
2.250800000000307136e+03,8.605928831906393128e-01
2.250900000000307045e+03,8.606014775579265974e-01
2.251000000000307409e+03,8.606100710330202297e-01
2.251100000000307318e+03,8.606186636160506609e-01
2.251200000000307227e+03,8.606272553071483422e-01
2.251300000000307136e+03,8.606358461064436138e-01
2.251400000000307045e+03,8.606444360140669270e-01
2.251500000000307409e+03,8.606530250301488438e-01
2.251600000000307318e+03,8.606616131548194826e-01
2.251700000000307227e+03,8.606702003882091834e-01
2.251800000000307591e+03,8.606787867304483974e-01
2.251900000000307500e+03,8.606873721816673539e-01
2.252000000000307409e+03,8.606959567419961710e-01
2.252100000000307318e+03,8.607045404115651888e-01
2.252200000000307227e+03,8.607131231905046365e-01
2.252300000000307591e+03,8.607217050789446322e-01
2.252400000000307500e+03,8.607302860770154052e-01
2.252500000000307409e+03,8.607388661848469624e-01
2.252600000000307773e+03,8.607474454025696442e-01
2.252700000000307682e+03,8.607560237303132356e-01
2.252800000000307591e+03,8.607646011682080767e-01
2.252900000000307500e+03,8.607731777163839526e-01
2.253000000000307409e+03,8.607817533749709815e-01
2.253100000000307773e+03,8.607903281440993926e-01
2.253200000000307682e+03,8.607989020238987488e-01
2.253300000000307591e+03,8.608074750144992793e-01
2.253400000000307955e+03,8.608160471160307692e-01
2.253500000000307864e+03,8.608246183286231146e-01
2.253600000000307773e+03,8.608331886524062115e-01
2.253700000000307682e+03,8.608417580875098452e-01
2.253800000000307591e+03,8.608503266340640225e-01
2.253900000000307955e+03,8.608588942921983067e-01
2.254000000000307864e+03,8.608674610620425938e-01
2.254100000000307773e+03,8.608760269437266688e-01
2.254200000000308137e+03,8.608845919373800948e-01
2.254300000000308046e+03,8.608931560431327679e-01
2.254400000000307955e+03,8.609017192611142510e-01
2.254500000000307864e+03,8.609102815914542184e-01
2.254600000000307773e+03,8.609188430342822329e-01
2.254700000000308137e+03,8.609274035897279687e-01
2.254800000000308046e+03,8.609359632579210997e-01
2.254900000000307955e+03,8.609445220389910780e-01
2.255000000000308319e+03,8.609530799330673556e-01
2.255100000000308228e+03,8.609616369402796066e-01
2.255200000000308137e+03,8.609701930607571718e-01
2.255300000000308046e+03,8.609787482946296144e-01
2.255400000000307955e+03,8.609873026420262754e-01
2.255500000000308319e+03,8.609958561030766067e-01
2.255600000000308228e+03,8.610044086779101713e-01
2.255700000000308137e+03,8.610129603666559772e-01
2.255800000000308501e+03,8.610215111694436985e-01
2.255900000000308410e+03,8.610300610864024540e-01
2.256000000000308319e+03,8.610386101176615847e-01
2.256100000000308228e+03,8.610471582633503207e-01
2.256200000000308137e+03,8.610557055235980028e-01
2.256300000000308501e+03,8.610642518985338612e-01
2.256400000000308410e+03,8.610727973882870145e-01
2.256500000000308319e+03,8.610813419929865820e-01
2.256600000000308683e+03,8.610898857127619044e-01
2.256700000000308592e+03,8.610984285477418787e-01
2.256800000000308501e+03,8.611069704980557349e-01
2.256900000000308410e+03,8.611155115638324808e-01
2.257000000000308319e+03,8.611240517452013465e-01
2.257100000000308683e+03,8.611325910422912289e-01
2.257200000000308592e+03,8.611411294552310247e-01
2.257300000000308501e+03,8.611496669841498530e-01
2.257400000000308864e+03,8.611582036291768327e-01
2.257500000000308773e+03,8.611667393904404166e-01
2.257600000000308683e+03,8.611752742680699457e-01
2.257700000000308592e+03,8.611838082621942059e-01
2.257800000000308501e+03,8.611923413729419829e-01
2.257900000000308864e+03,8.612008736004421738e-01
2.258000000000308773e+03,8.612094049448235644e-01
2.258100000000308683e+03,8.612179354062149406e-01
2.258200000000309046e+03,8.612264649847450881e-01
2.258300000000308955e+03,8.612349936805427930e-01
2.258400000000308864e+03,8.612435214937367300e-01
2.258500000000308773e+03,8.612520484244554630e-01
2.258600000000308683e+03,8.612605744728277779e-01
2.258700000000309046e+03,8.612690996389824605e-01
2.258800000000308955e+03,8.612776239230480746e-01
2.258900000000308864e+03,8.612861473251530731e-01
2.259000000000309228e+03,8.612946698454261307e-01
2.259100000000309137e+03,8.613031914839955894e-01
2.259200000000309046e+03,8.613117122409904569e-01
2.259300000000308955e+03,8.613202321165387421e-01
2.259400000000308864e+03,8.613287511107692307e-01
2.259500000000309228e+03,8.613372692238102646e-01
2.259600000000309137e+03,8.613457864557902965e-01
2.259700000000309046e+03,8.613543028068377794e-01
2.259800000000309410e+03,8.613628182770810549e-01
2.259900000000309319e+03,8.613713328666484648e-01
2.260000000000309228e+03,8.613798465756683509e-01
2.260100000000309137e+03,8.613883594042689440e-01
2.260200000000309046e+03,8.613968713525788079e-01
2.260300000000309410e+03,8.614053824207260623e-01
2.260400000000309319e+03,8.614138926088388271e-01
2.260500000000309228e+03,8.614224019170454438e-01
2.260600000000309592e+03,8.614309103454741434e-01
2.260700000000309501e+03,8.614394178942529345e-01
2.260800000000309410e+03,8.614479245635101590e-01
2.260900000000309319e+03,8.614564303533737144e-01
2.261000000000309228e+03,8.614649352639720536e-01
2.261100000000309592e+03,8.614734392954329634e-01
2.261200000000309501e+03,8.614819424478845633e-01
2.261300000000309410e+03,8.614904447214549732e-01
2.261400000000309774e+03,8.614989461162720907e-01
2.261500000000309683e+03,8.615074466324639246e-01
2.261600000000309592e+03,8.615159462701584836e-01
2.261700000000309501e+03,8.615244450294835543e-01
2.261800000000309410e+03,8.615329429105671455e-01
2.261900000000309774e+03,8.615414399135372658e-01
2.262000000000309683e+03,8.615499360385217020e-01
2.262100000000309592e+03,8.615584312856482407e-01
2.262200000000309956e+03,8.615669256550445576e-01
2.262300000000309865e+03,8.615754191468387724e-01
2.262400000000309774e+03,8.615839117611584497e-01
2.262500000000309683e+03,8.615924034981314872e-01
2.262600000000309592e+03,8.616008943578854495e-01
2.262700000000309956e+03,8.616093843405481234e-01
2.262800000000309865e+03,8.616178734462470734e-01
2.262900000000309774e+03,8.616263616751100862e-01
2.263000000000310138e+03,8.616348490272647265e-01
2.263100000000310047e+03,8.616433355028385588e-01
2.263200000000309956e+03,8.616518211019591478e-01
2.263300000000309865e+03,8.616603058247542801e-01
2.263400000000309774e+03,8.616687896713512984e-01
2.263500000000310138e+03,8.616772726418776562e-01
2.263600000000310047e+03,8.616857547364610292e-01
2.263700000000309956e+03,8.616942359552287600e-01
2.263800000000310320e+03,8.617027162983083022e-01
2.263900000000310229e+03,8.617111957658269983e-01
2.264000000000310138e+03,8.617196743579124130e-01
2.264100000000310047e+03,8.617281520746917778e-01
2.264200000000309956e+03,8.617366289162925463e-01
2.264300000000310320e+03,8.617451048828418392e-01
2.264400000000310229e+03,8.617535799744672209e-01
2.264500000000310138e+03,8.617620541912958121e-01
2.264600000000310501e+03,8.617705275334549553e-01
2.264700000000310411e+03,8.617790000010717710e-01
2.264800000000310320e+03,8.617874715942734909e-01
2.264900000000310229e+03,8.617959423131873464e-01
2.265000000000310138e+03,8.618044121579404582e-01
2.265100000000310501e+03,8.618128811286600577e-01
2.265200000000310411e+03,8.618213492254729324e-01
2.265300000000310320e+03,8.618298164485065360e-01
2.265400000000310683e+03,8.618382827978878780e-01
2.265500000000310592e+03,8.618467482737438567e-01
2.265600000000310501e+03,8.618552128762015929e-01
2.265700000000310411e+03,8.618636766053879850e-01
2.265800000000310320e+03,8.618721394614300424e-01
2.265900000000310683e+03,8.618806014444548858e-01
2.266000000000310592e+03,8.618890625545890805e-01
2.266100000000310501e+03,8.618975227919598581e-01
2.266200000000310865e+03,8.619059821566938950e-01
2.266300000000310774e+03,8.619144406489183119e-01
2.266400000000310683e+03,8.619228982687595630e-01
2.266500000000310592e+03,8.619313550163446580e-01
2.266600000000310501e+03,8.619398108918002732e-01
2.266700000000310865e+03,8.619482658952534182e-01
2.266800000000310774e+03,8.619567200268305474e-01
2.266900000000310683e+03,8.619651732866585592e-01
2.267000000000311047e+03,8.619736256748641301e-01
2.267100000000310956e+03,8.619820771915738256e-01
2.267200000000310865e+03,8.619905278369142110e-01
2.267300000000310774e+03,8.619989776110121849e-01
2.267400000000310683e+03,8.620074265139940906e-01
2.267500000000311047e+03,8.620158745459867156e-01
2.267600000000310956e+03,8.620243217071164032e-01
2.267700000000310865e+03,8.620327679975097190e-01
2.267800000000311229e+03,8.620412134172932284e-01
2.267900000000311138e+03,8.620496579665934966e-01
2.268000000000311047e+03,8.620581016455367562e-01
2.268100000000310956e+03,8.620665444542496836e-01
2.268200000000310865e+03,8.620749863928585111e-01
2.268300000000311229e+03,8.620834274614896930e-01
2.268400000000311138e+03,8.620918676602695729e-01
2.268500000000311047e+03,8.621003069893244941e-01
2.268600000000311411e+03,8.621087454487807999e-01
2.268700000000311320e+03,8.621171830387647228e-01
2.268800000000311229e+03,8.621256197594024950e-01
2.268900000000311138e+03,8.621340556108205710e-01
2.269000000000311047e+03,8.621424905931450722e-01
2.269100000000311411e+03,8.621509247065020087e-01
2.269200000000311320e+03,8.621593579510179461e-01
2.269300000000311229e+03,8.621677903268186727e-01
2.269400000000311593e+03,8.621762218340304207e-01
2.269500000000311502e+03,8.621846524727793115e-01
2.269600000000311411e+03,8.621930822431914665e-01
2.269700000000311320e+03,8.622015111453930070e-01
2.269800000000311229e+03,8.622099391795097212e-01
2.269900000000311593e+03,8.622183663456679525e-01
2.270000000000311502e+03,8.622267926439934893e-01
2.270100000000311411e+03,8.622352180746123418e-01
2.270200000000311775e+03,8.622436426376504093e-01
2.270300000000311684e+03,8.622520663332337021e-01
2.270400000000311593e+03,8.622604891614880085e-01
2.270500000000311502e+03,8.622689111225392278e-01
2.270600000000311411e+03,8.622773322165133703e-01
2.270700000000311775e+03,8.622857524435361132e-01
2.270800000000311684e+03,8.622941718037333558e-01
2.270900000000311593e+03,8.623025902972307755e-01
2.271000000000311957e+03,8.623110079241540493e-01
2.271100000000311866e+03,8.623194246846291877e-01
2.271200000000311775e+03,8.623278405787816459e-01
2.271300000000311684e+03,8.623362556067372120e-01
2.271400000000311593e+03,8.623446697686215634e-01
2.271500000000311957e+03,8.623530830645603773e-01
2.271600000000311866e+03,8.623614954946792199e-01
2.271700000000311775e+03,8.623699070591036575e-01
2.271800000000312139e+03,8.623783177579594783e-01
2.271900000000312048e+03,8.623867275913719155e-01
2.272000000000311957e+03,8.623951365594666463e-01
2.272100000000311866e+03,8.624035446623691259e-01
2.272200000000311775e+03,8.624119519002050316e-01
2.272300000000312139e+03,8.624203582730995965e-01
2.272400000000312048e+03,8.624287637811782758e-01
2.272500000000311957e+03,8.624371684245666358e-01
2.272600000000312320e+03,8.624455722033899097e-01
2.272700000000312230e+03,8.624539751177734415e-01
2.272800000000312139e+03,8.624623771678426865e-01
2.272900000000312048e+03,8.624707783537229888e-01
2.273000000000311957e+03,8.624791786755395817e-01
2.273100000000312320e+03,8.624875781334176983e-01
2.273200000000312230e+03,8.624959767274825717e-01
2.273300000000312139e+03,8.625043744578595462e-01
2.273400000000312502e+03,8.625127713246738548e-01
2.273500000000312411e+03,8.625211673280505087e-01
2.273600000000312320e+03,8.625295624681147411e-01
2.273700000000312230e+03,8.625379567449916740e-01
2.273800000000312139e+03,8.625463501588064297e-01
2.273900000000312502e+03,8.625547427096842412e-01
2.274000000000312411e+03,8.625631343977498977e-01
2.274100000000312320e+03,8.625715252231286323e-01
2.274200000000312684e+03,8.625799151859454561e-01
2.274300000000312593e+03,8.625883042863252692e-01
2.274400000000312502e+03,8.625966925243930827e-01
2.274500000000312411e+03,8.626050799002739078e-01
2.274600000000312320e+03,8.626134664140925334e-01
2.274700000000312684e+03,8.626218520659740818e-01
2.274800000000312593e+03,8.626302368560432310e-01
2.274900000000312502e+03,8.626386207844249920e-01
2.275000000000312866e+03,8.626470038512442651e-01
2.275100000000312775e+03,8.626553860566255061e-01
2.275200000000312684e+03,8.626637674006937262e-01
2.275300000000312593e+03,8.626721478835738255e-01
2.275400000000312502e+03,8.626805275053904820e-01
2.275500000000312866e+03,8.626889062662681518e-01
2.275600000000312775e+03,8.626972841663319569e-01
2.275700000000312684e+03,8.627056612057061313e-01
2.275800000000313048e+03,8.627140373845156862e-01
2.275900000000312957e+03,8.627224127028850775e-01
2.276000000000312866e+03,8.627307871609389833e-01
2.276100000000312775e+03,8.627391607588017486e-01
2.276200000000312684e+03,8.627475334965983844e-01
2.276300000000313048e+03,8.627559053744531248e-01
2.276400000000312957e+03,8.627642763924905367e-01
2.276500000000312866e+03,8.627726465508350762e-01
2.276600000000313230e+03,8.627810158496113102e-01
2.276700000000313139e+03,8.627893842889435838e-01
2.276800000000313048e+03,8.627977518689563530e-01
2.276900000000312957e+03,8.628061185897740737e-01
2.277000000000312866e+03,8.628144844515209799e-01
2.277100000000313230e+03,8.628228494543216387e-01
2.277200000000313139e+03,8.628312135983001729e-01
2.277300000000313048e+03,8.628395768835810387e-01
2.277400000000313412e+03,8.628479393102885808e-01
2.277500000000313321e+03,8.628563008785468114e-01
2.277600000000313230e+03,8.628646615884800752e-01
2.277700000000313139e+03,8.628730214402127174e-01
2.277800000000313048e+03,8.628813804338687499e-01
2.277900000000313412e+03,8.628897385695726285e-01
2.278000000000313321e+03,8.628980958474481433e-01
2.278100000000313230e+03,8.629064522676196392e-01
2.278200000000313594e+03,8.629148078302112390e-01
2.278300000000313503e+03,8.629231625353469548e-01
2.278400000000313412e+03,8.629315163831507984e-01
2.278500000000313321e+03,8.629398693737466708e-01
2.278600000000313230e+03,8.629482215072590279e-01
2.278700000000313594e+03,8.629565727838115485e-01
2.278800000000313503e+03,8.629649232035281337e-01
2.278900000000313412e+03,8.629732727665329062e-01
2.279000000000313776e+03,8.629816214729497670e-01
2.279100000000313685e+03,8.629899693229025059e-01
2.279200000000313594e+03,8.629983163165150239e-01
2.279300000000313503e+03,8.630066624539113329e-01
2.279400000000313412e+03,8.630150077352150007e-01
2.279500000000313776e+03,8.630233521605501501e-01
2.279600000000313685e+03,8.630316957300402381e-01
2.279700000000313594e+03,8.630400384438092765e-01
2.279800000000313958e+03,8.630483803019808331e-01
2.279900000000313867e+03,8.630567213046788089e-01
2.280000000000313776e+03,8.630650614520267716e-01
2.280100000000313685e+03,8.630734007441482891e-01
2.280200000000313594e+03,8.630817391811672623e-01
2.280300000000313958e+03,8.630900767632071480e-01
2.280400000000313867e+03,8.630984134903915139e-01
2.280500000000313776e+03,8.631067493628441500e-01
2.280600000000314139e+03,8.631150843806884021e-01
2.280700000000314049e+03,8.631234185440480600e-01
2.280800000000313958e+03,8.631317518530462474e-01
2.280900000000313867e+03,8.631400843078066432e-01
2.281000000000313776e+03,8.631484159084528152e-01
2.281100000000314139e+03,8.631567466551081091e-01
2.281200000000314049e+03,8.631650765478959819e-01
2.281300000000313958e+03,8.631734055869398903e-01
2.281400000000314321e+03,8.631817337723630690e-01
2.281500000000314230e+03,8.631900611042889748e-01
2.281600000000314139e+03,8.631983875828408426e-01
2.281700000000314049e+03,8.632067132081421290e-01
2.281800000000313958e+03,8.632150379803159579e-01
2.281900000000314321e+03,8.632233618994857860e-01
2.282000000000314230e+03,8.632316849657745150e-01
2.282100000000314139e+03,8.632400071793057128e-01
2.282200000000314503e+03,8.632483285402025031e-01
2.282300000000314412e+03,8.632566490485878985e-01
2.282400000000314321e+03,8.632649687045852449e-01
2.282500000000314230e+03,8.632732875083175550e-01
2.282600000000314139e+03,8.632816054599079525e-01
2.282700000000314503e+03,8.632899225594795611e-01
2.282800000000314412e+03,8.632982388071552826e-01
2.282900000000314321e+03,8.633065542030583517e-01
2.283000000000314685e+03,8.633148687473117810e-01
2.283100000000314594e+03,8.633231824400383614e-01
2.283200000000314503e+03,8.633314952813613274e-01
2.283300000000314412e+03,8.633398072714033589e-01
2.283400000000314321e+03,8.633481184102875794e-01
2.283500000000314685e+03,8.633564286981368907e-01
2.283600000000314594e+03,8.633647381350740835e-01
2.283700000000314503e+03,8.633730467212219484e-01
2.283800000000314867e+03,8.633813544567033871e-01
2.283900000000314776e+03,8.633896613416413013e-01
2.284000000000314685e+03,8.633979673761583706e-01
2.284100000000314594e+03,8.634062725603773858e-01
2.284200000000314503e+03,8.634145768944212485e-01
2.284300000000314867e+03,8.634228803784124162e-01
2.284400000000314776e+03,8.634311830124736797e-01
2.284500000000314685e+03,8.634394847967278297e-01
2.284600000000315049e+03,8.634477857312974347e-01
2.284700000000314958e+03,8.634560858163051744e-01
2.284800000000314867e+03,8.634643850518735064e-01
2.284900000000314776e+03,8.634726834381252214e-01
2.285000000000314685e+03,8.634809809751827769e-01
2.285100000000315049e+03,8.634892776631686306e-01
2.285200000000314958e+03,8.634975735022054621e-01
2.285300000000314867e+03,8.635058684924157291e-01
2.285400000000315231e+03,8.635141626339218890e-01
2.285500000000315140e+03,8.635224559268462885e-01
2.285600000000315049e+03,8.635307483713116072e-01
2.285700000000314958e+03,8.635390399674399697e-01
2.285800000000314867e+03,8.635473307153538336e-01
2.285900000000315231e+03,8.635556206151758785e-01
2.286000000000315140e+03,8.635639096670278958e-01
2.286100000000315049e+03,8.635721978710326763e-01
2.286200000000315413e+03,8.635804852273122334e-01
2.286300000000315322e+03,8.635887717359890248e-01
2.286400000000315231e+03,8.635970573971851749e-01
2.286500000000315140e+03,8.636053422110229194e-01
2.286600000000315049e+03,8.636136261776246048e-01
2.286700000000315413e+03,8.636219092971121336e-01
2.286800000000315322e+03,8.636301915696079634e-01
2.286900000000315231e+03,8.636384729952341077e-01
2.287000000000315595e+03,8.636467535741126911e-01
2.287100000000315504e+03,8.636550333063657270e-01
2.287200000000315413e+03,8.636633121921153400e-01
2.287300000000315322e+03,8.636715902314837656e-01
2.287400000000315231e+03,8.636798674245926843e-01
2.287500000000315595e+03,8.636881437715644427e-01
2.287600000000315504e+03,8.636964192725206102e-01
2.287700000000315413e+03,8.637046939275835333e-01
2.287800000000315777e+03,8.637129677368750036e-01
2.287900000000315686e+03,8.637212407005170345e-01
2.288000000000315595e+03,8.637295128186313065e-01
2.288100000000315504e+03,8.637377840913398330e-01
2.288200000000315413e+03,8.637460545187645167e-01
2.288300000000315777e+03,8.637543241010271489e-01
2.288400000000315686e+03,8.637625928382492990e-01
2.288500000000315595e+03,8.637708607305529807e-01
2.288600000000315958e+03,8.637791277780599852e-01
2.288700000000315868e+03,8.637873939808921042e-01
2.288800000000315777e+03,8.637956593391707960e-01
2.288900000000315686e+03,8.638039238530177411e-01
2.289000000000315595e+03,8.638121875225549529e-01
2.289100000000315958e+03,8.638204503479037788e-01
2.289200000000315868e+03,8.638287123291860103e-01
2.289300000000315777e+03,8.638369734665231059e-01
2.289400000000316140e+03,8.638452337600367459e-01
2.289500000000316049e+03,8.638534932098484997e-01
2.289600000000315958e+03,8.638617518160798259e-01
2.289700000000315868e+03,8.638700095788522937e-01
2.289800000000315777e+03,8.638782664982873616e-01
2.289900000000316140e+03,8.638865225745065990e-01
2.290000000000316049e+03,8.638947778076312423e-01
2.290100000000315958e+03,8.639030321977829718e-01
2.290200000000316322e+03,8.639112857450830241e-01
2.290300000000316231e+03,8.639195384496527463e-01
2.290400000000316140e+03,8.639277903116135970e-01
2.290500000000316049e+03,8.639360413310870346e-01
2.290600000000315958e+03,8.639442915081939622e-01
2.290700000000316322e+03,8.639525408430562825e-01
2.290800000000316231e+03,8.639607893357946766e-01
2.290900000000316140e+03,8.639690369865306030e-01
2.291000000000316504e+03,8.639772837953855200e-01
2.291100000000316413e+03,8.639855297624802200e-01
2.291200000000316322e+03,8.639937748879361612e-01
2.291300000000316231e+03,8.640020191718744691e-01
2.291400000000316140e+03,8.640102626144162690e-01
2.291500000000316504e+03,8.640185052156825751e-01
2.291600000000316413e+03,8.640267469757946239e-01
2.291700000000316322e+03,8.640349878948734297e-01
2.291800000000316686e+03,8.640432279730400067e-01
2.291900000000316595e+03,8.640514672104152583e-01
2.292000000000316504e+03,8.640597056071205317e-01
2.292100000000316413e+03,8.640679431632765084e-01
2.292200000000316322e+03,8.640761798790043136e-01
2.292300000000316686e+03,8.640844157544248505e-01
2.292400000000316595e+03,8.640926507896589115e-01
2.292500000000316504e+03,8.641008849848275108e-01
2.292600000000316868e+03,8.641091183400514408e-01
2.292700000000316777e+03,8.641173508554517158e-01
2.292800000000316686e+03,8.641255825311489058e-01
2.292900000000316595e+03,8.641338133672640254e-01
2.293000000000316504e+03,8.641420433639177556e-01
2.293100000000316868e+03,8.641502725212311109e-01
2.293200000000316777e+03,8.641585008393243283e-01
2.293300000000316686e+03,8.641667283183185333e-01
2.293400000000317050e+03,8.641749549583342960e-01
2.293500000000316959e+03,8.641831807594922976e-01
2.293600000000316868e+03,8.641914057219131085e-01
2.293700000000316777e+03,8.641996298457174097e-01
2.293800000000316686e+03,8.642078531310259937e-01
2.293900000000317050e+03,8.642160755779590975e-01
2.294000000000316959e+03,8.642242971866375134e-01
2.294100000000316868e+03,8.642325179571818117e-01
2.294200000000317232e+03,8.642407378897123404e-01
2.294300000000317141e+03,8.642489569843497810e-01
2.294400000000317050e+03,8.642571752412144814e-01
2.294500000000316959e+03,8.642653926604267900e-01
2.294600000000316868e+03,8.642736092421073879e-01
2.294700000000317232e+03,8.642818249863765123e-01
2.294800000000317141e+03,8.642900398933547335e-01
2.294900000000317050e+03,8.642982539631621774e-01
2.295000000000317414e+03,8.643064671959193035e-01
2.295100000000317323e+03,8.643146795917464598e-01
2.295200000000317232e+03,8.643228911507637724e-01
2.295300000000317141e+03,8.643311018730918116e-01
2.295400000000317050e+03,8.643393117588505925e-01
2.295500000000317414e+03,8.643475208081605743e-01
2.295600000000317323e+03,8.643557290211416611e-01
2.295700000000317232e+03,8.643639363979142010e-01
2.295800000000317596e+03,8.643721429385984312e-01
2.295900000000317505e+03,8.643803486433143668e-01
2.296000000000317414e+03,8.643885535121821340e-01
2.296100000000317323e+03,8.643967575453220809e-01
2.296200000000317232e+03,8.644049607428540005e-01
2.296300000000317596e+03,8.644131631048980191e-01
2.296400000000317505e+03,8.644213646315742627e-01
2.296500000000317414e+03,8.644295653230026355e-01
2.296600000000317777e+03,8.644377651793031525e-01
2.296700000000317686e+03,8.644459642005958289e-01
2.296800000000317596e+03,8.644541623870005687e-01
2.296900000000317505e+03,8.644623597386372760e-01
2.297000000000317414e+03,8.644705562556259659e-01
2.297100000000317777e+03,8.644787519380865426e-01
2.297200000000317686e+03,8.644869467861385770e-01
2.297300000000317596e+03,8.644951407999021953e-01
2.297400000000317959e+03,8.645033339794970795e-01
2.297500000000317868e+03,8.645115263250431337e-01
2.297600000000317777e+03,8.645197178366600399e-01
2.297700000000317686e+03,8.645279085144674802e-01
2.297800000000317596e+03,8.645360983585853587e-01
2.297900000000317959e+03,8.645442873691332464e-01
2.298000000000317868e+03,8.645524755462309363e-01
2.298100000000317777e+03,8.645606628899979995e-01
2.298200000000318141e+03,8.645688494005541180e-01
2.298300000000318050e+03,8.645770350780189739e-01
2.298400000000317959e+03,8.645852199225119161e-01
2.298500000000317868e+03,8.645934039341528488e-01
2.298600000000317777e+03,8.646015871130611208e-01
2.298700000000318141e+03,8.646097694593564142e-01
2.298800000000318050e+03,8.646179509731580781e-01
2.298900000000317959e+03,8.646261316545856834e-01
2.299000000000318323e+03,8.646343115037586902e-01
2.299100000000318232e+03,8.646424905207964473e-01
2.299200000000318141e+03,8.646506687058185259e-01
2.299300000000318050e+03,8.646588460589442748e-01
2.299400000000317959e+03,8.646670225802930432e-01
2.299500000000318323e+03,8.646751982699844019e-01
2.299600000000318232e+03,8.646833731281372559e-01
2.299700000000318141e+03,8.646915471548712873e-01
2.299800000000318505e+03,8.646997203503056229e-01
2.299900000000318414e+03,8.647078927145595006e-01
2.300000000000318323e+03,8.647160642477523806e-01
2.300100000000318232e+03,8.647242349500031677e-01
2.300200000000318141e+03,8.647324048214314329e-01
2.300300000000318505e+03,8.647405738621561921e-01
2.300400000000318414e+03,8.647487420722965723e-01
2.300500000000318323e+03,8.647569094519717003e-01
2.300600000000318687e+03,8.647650760013008142e-01
2.300700000000318596e+03,8.647732417204028188e-01
2.300800000000318505e+03,8.647814066093968410e-01
2.300900000000318414e+03,8.647895706684021189e-01
2.301000000000318323e+03,8.647977338975375572e-01
2.301100000000318687e+03,8.648058962969221719e-01
2.301200000000318596e+03,8.648140578666748679e-01
2.301300000000318505e+03,8.648222186069148831e-01
2.301400000000318869e+03,8.648303785177609004e-01
2.301500000000318778e+03,8.648385375993318247e-01
2.301600000000318687e+03,8.648466958517466718e-01
2.301700000000318596e+03,8.648548532751242357e-01
2.301800000000318505e+03,8.648630098695836432e-01
2.301900000000318869e+03,8.648711656352433552e-01
2.302000000000318778e+03,8.648793205722223876e-01
2.302100000000318687e+03,8.648874746806396452e-01
2.302200000000319051e+03,8.648956279606136999e-01
2.302300000000318960e+03,8.649037804122632345e-01
2.302400000000318869e+03,8.649119320357072649e-01
2.302500000000318778e+03,8.649200828310642519e-01
2.302600000000318687e+03,8.649282327984529894e-01
2.302700000000319051e+03,8.649363819379921603e-01
2.302800000000318960e+03,8.649445302498004473e-01
2.302900000000318869e+03,8.649526777339962003e-01
2.303000000000319233e+03,8.649608243906983240e-01
2.303100000000319142e+03,8.649689702200251684e-01
2.303200000000319051e+03,8.649771152220955273e-01
2.303300000000318960e+03,8.649852593970278614e-01
2.303400000000318869e+03,8.649934027449405205e-01
2.303500000000319233e+03,8.650015452659521875e-01
2.303600000000319142e+03,8.650096869601812122e-01
2.303700000000319051e+03,8.650178278277460553e-01
2.303800000000319415e+03,8.650259678687652887e-01
2.303900000000319324e+03,8.650341070833570400e-01
2.304000000000319233e+03,8.650422454716399923e-01
2.304100000000319142e+03,8.650503830337322730e-01
2.304200000000319051e+03,8.650585197697523432e-01
2.304300000000319415e+03,8.650666556798186635e-01
2.304400000000319324e+03,8.650747907640491396e-01
2.304500000000319233e+03,8.650829250225623435e-01
2.304600000000319596e+03,8.650910584554765137e-01
2.304700000000319505e+03,8.650991910629097781e-01
2.304800000000319415e+03,8.651073228449803754e-01
2.304900000000319324e+03,8.651154538018065443e-01
2.305000000000319233e+03,8.651235839335065236e-01
2.305100000000319596e+03,8.651317132401982191e-01
2.305200000000319505e+03,8.651398417219999804e-01
2.305300000000319415e+03,8.651479693790298242e-01
2.305400000000319778e+03,8.651560962114057673e-01
2.305500000000319687e+03,8.651642222192460485e-01
2.305600000000319596e+03,8.651723474026685734e-01
2.305700000000319505e+03,8.651804717617913587e-01
2.305800000000319415e+03,8.651885952967324211e-01
2.305900000000319778e+03,8.651967180076097774e-01
2.306000000000319687e+03,8.652048398945413332e-01
2.306100000000319596e+03,8.652129609576449942e-01
2.306200000000319960e+03,8.652210811970387772e-01
2.306300000000319869e+03,8.652292006128404767e-01
2.306400000000319778e+03,8.652373192051679984e-01
2.306500000000319687e+03,8.652454369741391371e-01
2.306600000000319596e+03,8.652535539198719095e-01
2.306700000000319960e+03,8.652616700424837770e-01
2.306800000000319869e+03,8.652697853420927565e-01
2.306900000000319778e+03,8.652778998188166426e-01
2.307000000000320142e+03,8.652860134727731189e-01
2.307100000000320051e+03,8.652941263040797581e-01
2.307200000000319960e+03,8.653022383128544659e-01
2.307300000000319869e+03,8.653103494992148148e-01
2.307400000000319778e+03,8.653184598632784885e-01
2.307500000000320142e+03,8.653265694051631707e-01
2.307600000000320051e+03,8.653346781249862119e-01
2.307700000000319960e+03,8.653427860228655177e-01
2.307800000000320324e+03,8.653508930989185499e-01
2.307900000000320233e+03,8.653589993532627700e-01
2.308000000000320142e+03,8.653671047860158616e-01
2.308100000000320051e+03,8.653752093972951753e-01
2.308200000000319960e+03,8.653833131872182838e-01
2.308300000000320324e+03,8.653914161559025375e-01
2.308400000000320233e+03,8.653995183034656202e-01
2.308500000000320142e+03,8.654076196300246604e-01
2.308600000000320506e+03,8.654157201356972307e-01
2.308700000000320415e+03,8.654238198206006816e-01
2.308800000000320324e+03,8.654319186848522527e-01
2.308900000000320233e+03,8.654400167285695167e-01
2.309000000000320142e+03,8.654481139518694910e-01
2.309100000000320506e+03,8.654562103548697483e-01
2.309200000000320415e+03,8.654643059376874170e-01
2.309300000000320324e+03,8.654724007004397368e-01
2.309400000000320688e+03,8.654804946432438362e-01
2.309500000000320597e+03,8.654885877662171767e-01
2.309600000000320506e+03,8.654966800694766649e-01
2.309700000000320415e+03,8.655047715531397623e-01
2.309800000000320324e+03,8.655128622173232644e-01
2.309900000000320688e+03,8.655209520621446329e-01
2.310000000000320597e+03,8.655290410877207741e-01
2.310100000000320506e+03,8.655371292941687056e-01
2.310200000000320870e+03,8.655452166816056669e-01
2.310300000000320779e+03,8.655533032501485646e-01
2.310400000000320688e+03,8.655613889999144162e-01
2.310500000000320597e+03,8.655694739310202390e-01
2.310600000000320506e+03,8.655775580435830507e-01
2.310700000000320870e+03,8.655856413377198688e-01
2.310800000000320779e+03,8.655937238135474887e-01
2.310900000000320688e+03,8.656018054711827059e-01
2.311000000000321052e+03,8.656098863107426489e-01
2.311100000000320961e+03,8.656179663323441131e-01
2.311200000000320870e+03,8.656260455361037831e-01
2.311300000000320779e+03,8.656341239221386763e-01
2.311400000000320688e+03,8.656422014905654772e-01
2.311500000000321052e+03,8.656502782415012032e-01
2.311600000000320961e+03,8.656583541750622057e-01
2.311700000000320870e+03,8.656664292913656134e-01
2.311800000000321234e+03,8.656745035905278884e-01
2.311900000000321143e+03,8.656825770726658265e-01
2.312000000000321052e+03,8.656906497378960008e-01
2.312100000000320961e+03,8.656987215863353180e-01
2.312200000000320870e+03,8.657067926181001294e-01
2.312300000000321234e+03,8.657148628333071194e-01
2.312400000000321143e+03,8.657229322320729725e-01
2.312500000000321052e+03,8.657310008145141511e-01
2.312600000000321415e+03,8.657390685807473396e-01
2.312700000000321324e+03,8.657471355308890004e-01
2.312800000000321234e+03,8.657552016650553739e-01
2.312900000000321143e+03,8.657632669833633665e-01
2.313000000000321052e+03,8.657713314859293297e-01
2.313100000000321415e+03,8.657793951728695037e-01
2.313200000000321324e+03,8.657874580443004620e-01
2.313300000000321234e+03,8.657955201003386669e-01
2.313400000000321597e+03,8.658035813411003589e-01
2.313500000000321506e+03,8.658116417667018894e-01
2.313600000000321415e+03,8.658197013772598316e-01
2.313700000000321324e+03,8.658277601728900930e-01
2.313800000000321234e+03,8.658358181537093579e-01
2.313900000000321597e+03,8.658438753198336446e-01
2.314000000000321506e+03,8.658519316713793046e-01
2.314100000000321415e+03,8.658599872084625781e-01
2.314200000000321779e+03,8.658680419311997056e-01
2.314300000000321688e+03,8.658760958397068164e-01
2.314400000000321597e+03,8.658841489341000397e-01
2.314500000000321506e+03,8.658922012144956160e-01
2.314600000000321415e+03,8.659002526810094524e-01
2.314700000000321779e+03,8.659083033337580115e-01
2.314800000000321688e+03,8.659163531728572005e-01
2.314900000000321597e+03,8.659244021984230377e-01
2.315000000000321961e+03,8.659324504105716525e-01
2.315100000000321870e+03,8.659404978094188410e-01
2.315200000000321779e+03,8.659485443950808436e-01
2.315300000000321688e+03,8.659565901676735677e-01
2.315400000000321597e+03,8.659646351273130316e-01
2.315500000000321961e+03,8.659726792741150314e-01
2.315600000000321870e+03,8.659807226081955855e-01
2.315700000000321779e+03,8.659887651296706013e-01
2.315800000000322143e+03,8.659968068386558748e-01
2.315900000000322052e+03,8.660048477352673135e-01
2.316000000000321961e+03,8.660128878196207136e-01
2.316100000000321870e+03,8.660209270918318714e-01
2.316200000000321779e+03,8.660289655520165830e-01
2.316300000000322143e+03,8.660370032002907559e-01
2.316400000000322052e+03,8.660450400367699642e-01
2.316500000000321961e+03,8.660530760615700041e-01
2.316600000000322325e+03,8.660611112748065610e-01
2.316700000000322234e+03,8.660691456765953200e-01
2.316800000000322143e+03,8.660771792670517444e-01
2.316900000000322052e+03,8.660852120462918524e-01
2.317000000000321961e+03,8.660932440144311073e-01
2.317100000000322325e+03,8.661012751715850833e-01
2.317200000000322234e+03,8.661093055178693545e-01
2.317300000000322143e+03,8.661173350533996063e-01
2.317400000000322507e+03,8.661253637782911907e-01
2.317500000000322416e+03,8.661333916926595711e-01
2.317600000000322325e+03,8.661414187966205436e-01
2.317700000000322234e+03,8.661494450902893494e-01
2.317800000000322143e+03,8.661574705737813407e-01
2.317900000000322507e+03,8.661654952472123137e-01
2.318000000000322416e+03,8.661735191106973986e-01
2.318100000000322325e+03,8.661815421643521695e-01
2.318200000000322689e+03,8.661895644082917567e-01
2.318300000000322598e+03,8.661975858426316233e-01
2.318400000000322507e+03,8.662056064674871214e-01
2.318500000000322416e+03,8.662136262829736033e-01
2.318600000000322325e+03,8.662216452892063101e-01
2.318700000000322689e+03,8.662296634863005940e-01
2.318800000000322598e+03,8.662376808743714740e-01
2.318900000000322507e+03,8.662456974535344134e-01
2.319000000000322871e+03,8.662537132239044313e-01
2.319100000000322780e+03,8.662617281855968798e-01
2.319200000000322689e+03,8.662697423387267781e-01
2.319300000000322598e+03,8.662777556834091452e-01
2.319400000000322507e+03,8.662857682197595555e-01
2.319500000000322871e+03,8.662937799478926948e-01
2.319600000000322780e+03,8.663017908679236934e-01
2.319700000000322689e+03,8.663098009799679033e-01
2.319800000000323053e+03,8.663178102841400108e-01
2.319900000000322962e+03,8.663258187805551458e-01
2.320000000000322871e+03,8.663338264693284385e-01
2.320100000000322780e+03,8.663418333505745750e-01
2.320200000000322689e+03,8.663498394244086853e-01
2.320300000000323053e+03,8.663578446909458997e-01
2.320400000000322962e+03,8.663658491503007930e-01
2.320500000000322871e+03,8.663738528025883845e-01
2.320600000000323234e+03,8.663818556479235822e-01
2.320700000000323143e+03,8.663898576864210721e-01
2.320800000000323053e+03,8.663978589181959844e-01
2.320900000000322962e+03,8.664058593433628941e-01
2.321000000000322871e+03,8.664138589620365982e-01
2.321100000000323234e+03,8.664218577743320049e-01
2.321200000000323143e+03,8.664298557803638001e-01
2.321300000000323053e+03,8.664378529802465589e-01
2.321400000000323416e+03,8.664458493740950784e-01
2.321500000000323325e+03,8.664538449620240446e-01
2.321600000000323234e+03,8.664618397441482545e-01
2.321700000000323143e+03,8.664698337205821721e-01
2.321800000000323053e+03,8.664778268914405945e-01
2.321900000000323416e+03,8.664858192568378747e-01
2.322000000000323325e+03,8.664938108168888098e-01
2.322100000000323234e+03,8.665018015717077526e-01
2.322200000000323598e+03,8.665097915214095003e-01
2.322300000000323507e+03,8.665177806661082949e-01
2.322400000000323416e+03,8.665257690059188223e-01
2.322500000000323325e+03,8.665337565409555465e-01
2.322600000000323234e+03,8.665417432713328205e-01
2.322700000000323598e+03,8.665497291971652194e-01
2.322800000000323507e+03,8.665577143185669851e-01
2.322900000000323416e+03,8.665656986356526925e-01
2.323000000000323780e+03,8.665736821485365837e-01
2.323100000000323689e+03,8.665816648573330117e-01
2.323200000000323598e+03,8.665896467621563293e-01
2.323300000000323507e+03,8.665976278631208896e-01
2.323400000000323416e+03,8.666056081603410455e-01
2.323500000000323780e+03,8.666135876539309280e-01
2.323600000000323689e+03,8.666215663440047789e-01
2.323700000000323598e+03,8.666295442306768404e-01
2.323800000000323962e+03,8.666375213140614653e-01
2.323900000000323871e+03,8.666454975942726735e-01
2.324000000000323780e+03,8.666534730714247070e-01
2.324100000000323689e+03,8.666614477456316967e-01
2.324200000000323598e+03,8.666694216170076626e-01
2.324300000000323962e+03,8.666773946856669575e-01
2.324400000000323871e+03,8.666853669517234904e-01
2.324500000000323780e+03,8.666933384152912812e-01
2.324600000000324144e+03,8.667013090764845717e-01
2.324700000000324053e+03,8.667092789354170490e-01
2.324800000000323962e+03,8.667172479922030659e-01
2.324900000000323871e+03,8.667252162469564203e-01
2.325000000000323780e+03,8.667331836997910210e-01
2.325100000000324144e+03,8.667411503508211101e-01
2.325200000000324053e+03,8.667491162001601523e-01
2.325300000000323962e+03,8.667570812479223896e-01
2.325400000000324326e+03,8.667650454942215088e-01
2.325500000000324235e+03,8.667730089391716408e-01
2.325600000000324144e+03,8.667809715828862505e-01
2.325700000000324053e+03,8.667889334254793576e-01
2.325800000000323962e+03,8.667968944670647602e-01
2.325900000000324326e+03,8.668048547077561450e-01
2.326000000000324235e+03,8.668128141476674209e-01
2.326100000000324144e+03,8.668207727869121637e-01
2.326200000000324508e+03,8.668287306256041713e-01
2.326300000000324417e+03,8.668366876638571306e-01
2.326400000000324326e+03,8.668446439017846172e-01
2.326500000000324235e+03,8.668525993395004292e-01
2.326600000000324144e+03,8.668605539771180313e-01
2.326700000000324508e+03,8.668685078147512213e-01
2.326800000000324417e+03,8.668764608525134641e-01
2.326900000000324326e+03,8.668844130905183354e-01
2.327000000000324690e+03,8.668923645288795221e-01
2.327100000000324599e+03,8.669003151677102670e-01
2.327200000000324508e+03,8.669082650071244789e-01
2.327300000000324417e+03,8.669162140472351785e-01
2.327400000000324326e+03,8.669241622881561637e-01
2.327500000000324690e+03,8.669321097300008994e-01
2.327600000000324599e+03,8.669400563728824061e-01
2.327700000000324508e+03,8.669480022169145927e-01
2.327800000000324872e+03,8.669559472622107021e-01
2.327900000000324781e+03,8.669638915088838660e-01
2.328000000000324690e+03,8.669718349570476601e-01
2.328100000000324599e+03,8.669797776068153272e-01
2.328200000000324508e+03,8.669877194583002211e-01
2.328300000000324872e+03,8.669956605116155846e-01
2.328400000000324781e+03,8.670036007668746603e-01
2.328500000000324690e+03,8.670115402241906910e-01
2.328600000000325053e+03,8.670194788836769195e-01
2.328700000000324962e+03,8.670274167454465886e-01
2.328800000000324872e+03,8.670353538096128299e-01
2.328900000000324781e+03,8.670432900762887751e-01
2.329000000000324690e+03,8.670512255455875561e-01
2.329100000000325053e+03,8.670591602176224155e-01
2.329200000000324962e+03,8.670670940925063741e-01
2.329300000000324872e+03,8.670750271703524525e-01
2.329400000000325235e+03,8.670829594512737826e-01
2.329500000000325144e+03,8.670908909353833849e-01
2.329600000000325053e+03,8.670988216227942802e-01
2.329700000000324962e+03,8.671067515136193782e-01
2.329800000000324872e+03,8.671146806079716995e-01
2.329900000000325235e+03,8.671226089059643760e-01
2.330000000000325144e+03,8.671305364077100952e-01
2.330100000000325053e+03,8.671384631133219889e-01
2.330200000000325417e+03,8.671463890229128557e-01
2.330300000000325326e+03,8.671543141365953833e-01
2.330400000000325235e+03,8.671622384544827034e-01
2.330500000000325144e+03,8.671701619766875035e-01
2.330600000000325053e+03,8.671780847033226935e-01
2.330700000000325417e+03,8.671860066345010720e-01
2.330800000000325326e+03,8.671939277703352156e-01
2.330900000000325235e+03,8.672018481109380339e-01
2.331000000000325599e+03,8.672097676564223256e-01
2.331100000000325508e+03,8.672176864069006674e-01
2.331200000000325417e+03,8.672256043624857469e-01
2.331300000000325326e+03,8.672335215232903627e-01
2.331400000000325235e+03,8.672414378894269804e-01
2.331500000000325599e+03,8.672493534610085097e-01
2.331600000000325508e+03,8.672572682381471942e-01
2.331700000000325417e+03,8.672651822209560546e-01
2.331800000000325781e+03,8.672730954095472233e-01
2.331900000000325690e+03,8.672810078040334991e-01
2.332000000000325599e+03,8.672889194045273475e-01
2.332100000000325508e+03,8.672968302111413452e-01
2.332200000000325417e+03,8.673047402239879577e-01
2.332300000000325781e+03,8.673126494431795397e-01
2.332400000000325690e+03,8.673205578688286677e-01
2.332500000000325599e+03,8.673284655010478073e-01
2.332600000000325963e+03,8.673363723399492020e-01
2.332700000000325872e+03,8.673442783856452065e-01
2.332800000000325781e+03,8.673521836382483974e-01
2.332900000000325690e+03,8.673600880978710181e-01
2.333000000000325599e+03,8.673679917646254234e-01
2.333100000000325963e+03,8.673758946386240787e-01
2.333200000000325872e+03,8.673837967199788945e-01
2.333300000000325781e+03,8.673916980088022255e-01
2.333400000000326145e+03,8.673995985052066482e-01
2.333500000000326054e+03,8.674074982093040731e-01
2.333600000000325963e+03,8.674153971212068548e-01
2.333700000000325872e+03,8.674232952410270148e-01
2.333800000000325781e+03,8.674311925688767966e-01
2.333900000000326145e+03,8.674390891048685548e-01
2.334000000000326054e+03,8.674469848491140889e-01
2.334100000000325963e+03,8.674548798017256424e-01
2.334200000000326327e+03,8.674627739628154588e-01
2.334300000000326236e+03,8.674706673324952266e-01
2.334400000000326145e+03,8.674785599108774115e-01
2.334500000000326054e+03,8.674864516980737017e-01
2.334600000000325963e+03,8.674943426941962299e-01
2.334700000000326327e+03,8.675022328993571286e-01
2.334800000000326236e+03,8.675101223136679751e-01
2.334900000000326145e+03,8.675180109372411241e-01
2.335000000000326509e+03,8.675258987701882640e-01
2.335100000000326418e+03,8.675337858126213053e-01
2.335200000000326327e+03,8.675416720646522695e-01
2.335300000000326236e+03,8.675495575263929560e-01
2.335400000000326145e+03,8.675574421979551643e-01
2.335500000000326509e+03,8.675653260794506938e-01
2.335600000000326418e+03,8.675732091709913441e-01
2.335700000000326327e+03,8.675810914726891365e-01
2.335800000000326690e+03,8.675889729846554266e-01
2.335900000000326600e+03,8.675968537070022357e-01
2.336000000000326509e+03,8.676047336398411414e-01
2.336100000000326418e+03,8.676126127832840540e-01
2.336200000000326327e+03,8.676204911374424400e-01
2.336300000000326690e+03,8.676283687024282099e-01
2.336400000000326600e+03,8.676362454783526079e-01
2.336500000000326509e+03,8.676441214653275447e-01
2.336600000000326872e+03,8.676519966634645975e-01
2.336700000000326781e+03,8.676598710728753439e-01
2.336800000000326690e+03,8.676677446936712501e-01
2.336900000000326600e+03,8.676756175259638937e-01
2.337000000000326509e+03,8.676834895698647410e-01
2.337100000000326872e+03,8.676913608254855914e-01
2.337200000000326781e+03,8.676992312929375784e-01
2.337300000000326690e+03,8.677071009723322792e-01
2.337400000000327054e+03,8.677149698637811603e-01
2.337500000000326963e+03,8.677228379673955772e-01
2.337600000000326872e+03,8.677307052832871070e-01
2.337700000000326781e+03,8.677385718115668833e-01
2.337800000000326690e+03,8.677464375523463724e-01
2.337900000000327054e+03,8.677543025057369297e-01
2.338000000000326963e+03,8.677621666718499105e-01
2.338100000000326872e+03,8.677700300507964482e-01
2.338200000000327236e+03,8.677778926426882311e-01
2.338300000000327145e+03,8.677857544476359486e-01
2.338400000000327054e+03,8.677936154657512891e-01
2.338500000000326963e+03,8.678014756971451638e-01
2.338600000000326872e+03,8.678093351419290391e-01
2.338700000000327236e+03,8.678171938002139374e-01
2.338800000000327145e+03,8.678250516721111030e-01
2.338900000000327054e+03,8.678329087577316692e-01
2.339000000000327418e+03,8.678407650571866583e-01
2.339100000000327327e+03,8.678486205705872036e-01
2.339200000000327236e+03,8.678564752980444386e-01
2.339300000000327145e+03,8.678643292396693854e-01
2.339400000000327054e+03,8.678721823955730663e-01
2.339500000000327418e+03,8.678800347658666148e-01
2.339600000000327327e+03,8.678878863506609420e-01
2.339700000000327236e+03,8.678957371500669593e-01
2.339800000000327600e+03,8.679035871641958000e-01
2.339900000000327509e+03,8.679114363931582643e-01
2.340000000000327418e+03,8.679192848370652635e-01
2.340100000000327327e+03,8.679271324960277090e-01
2.340200000000327236e+03,8.679349793701566229e-01
2.340300000000327600e+03,8.679428254595628056e-01
2.340400000000327509e+03,8.679506707643569463e-01
2.340500000000327418e+03,8.679585152846499563e-01
2.340600000000327782e+03,8.679663590205527468e-01
2.340700000000327691e+03,8.679742019721761181e-01
2.340800000000327600e+03,8.679820441396304265e-01
2.340900000000327509e+03,8.679898855230269161e-01
2.341000000000327418e+03,8.679977261224760543e-01
2.341100000000327782e+03,8.680055659380886413e-01
2.341200000000327691e+03,8.680134049699752552e-01
2.341300000000327600e+03,8.680212432182466964e-01
2.341400000000327964e+03,8.680290806830134320e-01
2.341500000000327873e+03,8.680369173643861513e-01
2.341600000000327782e+03,8.680447532624755436e-01
2.341700000000327691e+03,8.680525883773920759e-01
2.341800000000327600e+03,8.680604227092463265e-01
2.341900000000327964e+03,8.680682562581489847e-01
2.342000000000327873e+03,8.680760890242104066e-01
2.342100000000327782e+03,8.680839210075410595e-01
2.342200000000328146e+03,8.680917522082517435e-01
2.342300000000328055e+03,8.680995826264525927e-01
2.342400000000327964e+03,8.681074122622539635e-01
2.342500000000327873e+03,8.681152411157666560e-01
2.342600000000327782e+03,8.681230691871009153e-01
2.342700000000328146e+03,8.681308964763670977e-01
2.342800000000328055e+03,8.681387229836754482e-01
2.342900000000327964e+03,8.681465487091365452e-01
2.343000000000328328e+03,8.681543736528605226e-01
2.343100000000328237e+03,8.681621978149577368e-01
2.343200000000328146e+03,8.681700211955385438e-01
2.343300000000328055e+03,8.681778437947130778e-01
2.343400000000327964e+03,8.681856656125918059e-01
2.343500000000328328e+03,8.681934866492847513e-01
2.343600000000328237e+03,8.682013069049021592e-01
2.343700000000328146e+03,8.682091263795542746e-01
2.343800000000328509e+03,8.682169450733512317e-01
2.343900000000328419e+03,8.682247629864030536e-01
2.344000000000328328e+03,8.682325801188200964e-01
2.344100000000328237e+03,8.682403964707123833e-01
2.344200000000328146e+03,8.682482120421899374e-01
2.344300000000328509e+03,8.682560268333630038e-01
2.344400000000328419e+03,8.682638408443413836e-01
2.344500000000328328e+03,8.682716540752350998e-01
2.344600000000328691e+03,8.682794665261543976e-01
2.344700000000328600e+03,8.682872781972090781e-01
2.344800000000328509e+03,8.682950890885092754e-01
2.344900000000328419e+03,8.683028992001647905e-01
2.345000000000328328e+03,8.683107085322855356e-01
2.345100000000328691e+03,8.683185170849815337e-01
2.345200000000328600e+03,8.683263248583626970e-01
2.345300000000328509e+03,8.683341318525386043e-01
2.345400000000328873e+03,8.683419380676195010e-01
2.345500000000328782e+03,8.683497435037150769e-01
2.345600000000328691e+03,8.683575481609349112e-01
2.345700000000328600e+03,8.683653520393891379e-01
2.345800000000328509e+03,8.683731551391873360e-01
2.345900000000328873e+03,8.683809574604394177e-01
2.346000000000328782e+03,8.683887590032548509e-01
2.346100000000328691e+03,8.683965597677435477e-01
2.346200000000329055e+03,8.684043597540151982e-01
2.346300000000328964e+03,8.684121589621793813e-01
2.346400000000328873e+03,8.684199573923457871e-01
2.346500000000328782e+03,8.684277550446241056e-01
2.346600000000328691e+03,8.684355519191239159e-01
2.346700000000329055e+03,8.684433480159546859e-01
2.346800000000328964e+03,8.684511433352263277e-01
2.346900000000328873e+03,8.684589378770479762e-01
2.347000000000329237e+03,8.684667316415294325e-01
2.347100000000329146e+03,8.684745246287801645e-01
2.347200000000329055e+03,8.684823168389096404e-01
2.347300000000328964e+03,8.684901082720273280e-01
2.347400000000328873e+03,8.684978989282428063e-01
2.347500000000329237e+03,8.685056888076653214e-01
2.347600000000329146e+03,8.685134779104043412e-01
2.347700000000329055e+03,8.685212662365694447e-01
2.347800000000329419e+03,8.685290537862697668e-01
2.347900000000329328e+03,8.685368405596147756e-01
2.348000000000329237e+03,8.685446265567137170e-01
2.348100000000329146e+03,8.685524117776762809e-01
2.348200000000329055e+03,8.685601962226111583e-01
2.348300000000329419e+03,8.685679798916281502e-01
2.348400000000329328e+03,8.685757627848362805e-01
2.348500000000329237e+03,8.685835449023449062e-01
2.348600000000329601e+03,8.685913262442630511e-01
2.348700000000329510e+03,8.685991068107001833e-01
2.348800000000329419e+03,8.686068866017652157e-01
2.348900000000329328e+03,8.686146656175675052e-01
2.349000000000329237e+03,8.686224438582161866e-01
2.349100000000329601e+03,8.686302213238202841e-01
2.349200000000329510e+03,8.686379980144889323e-01
2.349300000000329419e+03,8.686457739303312664e-01
2.349400000000329783e+03,8.686535490714563101e-01
2.349500000000329692e+03,8.686613234379730875e-01
2.349600000000329601e+03,8.686690970299907333e-01
2.349700000000329510e+03,8.686768698476181605e-01
2.349800000000329419e+03,8.686846418909642820e-01
2.349900000000329783e+03,8.686924131601382326e-01
2.350000000000329692e+03,8.687001836552489253e-01
2.350100000000329601e+03,8.687079533764051620e-01
2.350200000000329965e+03,8.687157223237160775e-01
2.350300000000329874e+03,8.687234904972903626e-01
2.350400000000329783e+03,8.687312578972369304e-01
2.350500000000329692e+03,8.687390245236645825e-01
2.350600000000329601e+03,8.687467903766822319e-01
2.350700000000329965e+03,8.687545554563989025e-01
2.350800000000329874e+03,8.687623197629229521e-01
2.350900000000329783e+03,8.687700832963634046e-01
2.351000000000330147e+03,8.687778460568290617e-01
2.351100000000330056e+03,8.687856080444283924e-01
2.351200000000329965e+03,8.687933692592704205e-01
2.351300000000329874e+03,8.688011297014637258e-01
2.351400000000329783e+03,8.688088893711168881e-01
2.351500000000330147e+03,8.688166482683387093e-01
2.351600000000330056e+03,8.688244063932377692e-01
2.351700000000329965e+03,8.688321637459226476e-01
2.351800000000330328e+03,8.688399203265020354e-01
2.351900000000330238e+03,8.688476761350844013e-01
2.352000000000330147e+03,8.688554311717783252e-01
2.352100000000330056e+03,8.688631854366923868e-01
2.352200000000329965e+03,8.688709389299351660e-01
2.352300000000330328e+03,8.688786916516150205e-01
2.352400000000330238e+03,8.688864436018405302e-01
2.352500000000330147e+03,8.688941947807200528e-01
2.352600000000330510e+03,8.689019451883621681e-01
2.352700000000330419e+03,8.689096948248752339e-01
2.352800000000330328e+03,8.689174436903677190e-01
2.352900000000330238e+03,8.689251917849479812e-01
2.353000000000330147e+03,8.689329391087242671e-01
2.353100000000330510e+03,8.689406856618050456e-01
2.353200000000330419e+03,8.689484314442984525e-01
2.353300000000330328e+03,8.689561764563130675e-01
2.353400000000330692e+03,8.689639206979571373e-01
2.353500000000330601e+03,8.689716641693387977e-01
2.353600000000330510e+03,8.689794068705662955e-01
2.353700000000330419e+03,8.689871488017479884e-01
2.353800000000330328e+03,8.689948899629919010e-01
2.353900000000330692e+03,8.690026303544065023e-01
2.354000000000330601e+03,8.690103699760997058e-01
2.354100000000330510e+03,8.690181088281797583e-01
2.354200000000330874e+03,8.690258469107549066e-01
2.354300000000330783e+03,8.690335842239330644e-01
2.354400000000330692e+03,8.690413207678223673e-01
2.354500000000330601e+03,8.690490565425309510e-01
2.354600000000330510e+03,8.690567915481668404e-01
2.354700000000330874e+03,8.690645257848381711e-01
2.354800000000330783e+03,8.690722592526528567e-01
2.354900000000330692e+03,8.690799919517189220e-01
2.355000000000331056e+03,8.690877238821442807e-01
2.355100000000330965e+03,8.690954550440370685e-01
2.355200000000330874e+03,8.691031854375048660e-01
2.355300000000330783e+03,8.691109150626560309e-01
2.355400000000330692e+03,8.691186439195982549e-01
2.355500000000331056e+03,8.691263720084393407e-01
2.355600000000330965e+03,8.691340993292873129e-01
2.355700000000330874e+03,8.691418258822498633e-01
2.355800000000331238e+03,8.691495516674350164e-01
2.355900000000331147e+03,8.691572766849504639e-01
2.356000000000331056e+03,8.691650009349038974e-01
2.356100000000330965e+03,8.691727244174031197e-01
2.356200000000330874e+03,8.691804471325559334e-01
2.356300000000331238e+03,8.691881690804702520e-01
2.356400000000331147e+03,8.691958902612534343e-01
2.356500000000331056e+03,8.692036106750132829e-01
2.356600000000331420e+03,8.692113303218577114e-01
2.356700000000331329e+03,8.692190492018939674e-01
2.356800000000331238e+03,8.692267673152300755e-01
2.356900000000331147e+03,8.692344846619732834e-01
2.357000000000331056e+03,8.692422012422315047e-01
2.357100000000331420e+03,8.692499170561119870e-01
2.357200000000331329e+03,8.692576321037226439e-01
2.357300000000331238e+03,8.692653463851707230e-01
2.357400000000331602e+03,8.692730599005640268e-01
2.357500000000331511e+03,8.692807726500096921e-01
2.357600000000331420e+03,8.692884846336154103e-01
2.357700000000331329e+03,8.692961958514886511e-01
2.357800000000331238e+03,8.693039063037367731e-01
2.357900000000331602e+03,8.693116159904672458e-01
2.358000000000331511e+03,8.693193249117875387e-01
2.358100000000331420e+03,8.693270330678048996e-01
2.358200000000331784e+03,8.693347404586267979e-01
2.358300000000331693e+03,8.693424470843604812e-01
2.358400000000331602e+03,8.693501529451134191e-01
2.358500000000331511e+03,8.693578580409927481e-01
2.358600000000331420e+03,8.693655623721057157e-01
2.358700000000331784e+03,8.693732659385599026e-01
2.358800000000331693e+03,8.693809687404622233e-01
2.358900000000331602e+03,8.693886707779201473e-01
2.359000000000331966e+03,8.693963720510407001e-01
2.359100000000331875e+03,8.694040725599311292e-01
2.359200000000331784e+03,8.694117723046986823e-01
2.359300000000331693e+03,8.694194712854503848e-01
2.359400000000331602e+03,8.694271695022933732e-01
2.359500000000331966e+03,8.694348669553350062e-01
2.359600000000331875e+03,8.694425636446820871e-01
2.359700000000331784e+03,8.694502595704417525e-01
2.359800000000332147e+03,8.694579547327212499e-01
2.359900000000332057e+03,8.694656491316274938e-01
2.360000000000331966e+03,8.694733427672672876e-01
2.360100000000331875e+03,8.694810356397479900e-01
2.360200000000331784e+03,8.694887277491762934e-01
2.360300000000332147e+03,8.694964190956595562e-01
2.360400000000332057e+03,8.695041096793041380e-01
2.360500000000331966e+03,8.695117995002175082e-01
2.360600000000332329e+03,8.695194885585062483e-01
2.360700000000332238e+03,8.695271768542772728e-01
2.360800000000332147e+03,8.695348643876374961e-01
2.360900000000332057e+03,8.695425511586938327e-01
2.361000000000331966e+03,8.695502371675530862e-01
2.361100000000332329e+03,8.695579224143220598e-01
2.361200000000332238e+03,8.695656068991073351e-01
2.361300000000332147e+03,8.695732906220160485e-01
2.361400000000332511e+03,8.695809735831546705e-01
2.361500000000332420e+03,8.695886557826301155e-01
2.361600000000332329e+03,8.695963372205488540e-01
2.361700000000332238e+03,8.696040178970179113e-01
2.361800000000332147e+03,8.696116978121436469e-01
2.361900000000332511e+03,8.696193769660329753e-01
2.362000000000332420e+03,8.696270553587923668e-01
2.362100000000332329e+03,8.696347329905284029e-01
2.362200000000332693e+03,8.696424098613479980e-01
2.362300000000332602e+03,8.696500859713574005e-01
2.362400000000332511e+03,8.696577613206631918e-01
2.362500000000332420e+03,8.696654359093719533e-01
2.362600000000332329e+03,8.696731097375903774e-01
2.362700000000332693e+03,8.696807828054249345e-01
2.362800000000332602e+03,8.696884551129817620e-01
2.362900000000332511e+03,8.696961266603677743e-01
2.363000000000332875e+03,8.697037974476892197e-01
2.363100000000332784e+03,8.697114674750524577e-01
2.363200000000332693e+03,8.697191367425640696e-01
2.363300000000332602e+03,8.697268052503303037e-01
2.363400000000332511e+03,8.697344729984575196e-01
2.363500000000332875e+03,8.697421399870521874e-01
2.363600000000332784e+03,8.697498062162206667e-01
2.363700000000332693e+03,8.697574716860690947e-01
2.363800000000333057e+03,8.697651363967038307e-01
2.363900000000332966e+03,8.697728003482312342e-01
2.364000000000332875e+03,8.697804635407575535e-01
2.364100000000332784e+03,8.697881259743889260e-01
2.364200000000332693e+03,8.697957876492315998e-01
2.364300000000333057e+03,8.698034485653919345e-01
2.364400000000332966e+03,8.698111087229758454e-01
2.364500000000332875e+03,8.698187681220896916e-01
2.364600000000333239e+03,8.698264267628397217e-01
2.364700000000333148e+03,8.698340846453317399e-01
2.364800000000333057e+03,8.698417417696719944e-01
2.364900000000332966e+03,8.698493981359666227e-01
2.365000000000332875e+03,8.698570537443216510e-01
2.365100000000333239e+03,8.698647085948432167e-01
2.365200000000333148e+03,8.698723626876372350e-01
2.365300000000333057e+03,8.698800160228097322e-01
2.365400000000333421e+03,8.698876686004668457e-01
2.365500000000333330e+03,8.698953204207143797e-01
2.365600000000333239e+03,8.699029714836581384e-01
2.365700000000333148e+03,8.699106217894044812e-01
2.365800000000333057e+03,8.699182713380591014e-01
2.365900000000333421e+03,8.699259201297279143e-01
2.366000000000333330e+03,8.699335681645167240e-01
2.366100000000333239e+03,8.699412154425314458e-01
2.366200000000333603e+03,8.699488619638779952e-01
2.366300000000333512e+03,8.699565077286620651e-01
2.366400000000333421e+03,8.699641527369895710e-01
2.366500000000333330e+03,8.699717969889663172e-01
2.366600000000333239e+03,8.699794404846978857e-01
2.366700000000333603e+03,8.699870832242903029e-01
2.366800000000333512e+03,8.699947252078490401e-01
2.366900000000333421e+03,8.700023664354799013e-01
2.367000000000333785e+03,8.700100069072888020e-01
2.367100000000333694e+03,8.700176466233809913e-01
2.367200000000333603e+03,8.700252855838622734e-01
2.367300000000333512e+03,8.700329237888385636e-01
2.367400000000333421e+03,8.700405612384151111e-01
2.367500000000333785e+03,8.700481979326977200e-01
2.367600000000333694e+03,8.700558338717918616e-01
2.367700000000333603e+03,8.700634690558032291e-01
2.367800000000333966e+03,8.700711034848372938e-01
2.367900000000333876e+03,8.700787371589996377e-01
2.368000000000333785e+03,8.700863700783955101e-01
2.368100000000333694e+03,8.700940022431306042e-01
2.368200000000333603e+03,8.701016336533103912e-01
2.368300000000333966e+03,8.701092643090403422e-01
2.368400000000333876e+03,8.701168942104258175e-01
2.368500000000333785e+03,8.701245233575722882e-01
2.368600000000334148e+03,8.701321517505850034e-01
2.368700000000334057e+03,8.701397793895694344e-01
2.368800000000333966e+03,8.701474062746310523e-01
2.368900000000333876e+03,8.701550324058749952e-01
2.369000000000333785e+03,8.701626577834066234e-01
2.369100000000334148e+03,8.701702824073314080e-01
2.369200000000334057e+03,8.701779062777542650e-01
2.369300000000333966e+03,8.701855293947807768e-01
2.369400000000334330e+03,8.701931517585161924e-01
2.369500000000334239e+03,8.702007733690656499e-01
2.369600000000334148e+03,8.702083942265341765e-01
2.369700000000334057e+03,8.702160143310271323e-01
2.369800000000333966e+03,8.702236336826497665e-01
2.369900000000334330e+03,8.702312522815071061e-01
2.370000000000334239e+03,8.702388701277041783e-01
2.370100000000334148e+03,8.702464872213463432e-01
2.370200000000334512e+03,8.702541035625386279e-01
2.370300000000334421e+03,8.702617191513858375e-01
2.370400000000334330e+03,8.702693339879934431e-01
2.370500000000334239e+03,8.702769480724661388e-01
2.370600000000334148e+03,8.702845614049091738e-01
2.370700000000334512e+03,8.702921739854272420e-01
2.370800000000334421e+03,8.702997858141258147e-01
2.370900000000334330e+03,8.703073968911093639e-01
2.371000000000334694e+03,8.703150072164831386e-01
2.371100000000334603e+03,8.703226167903518329e-01
2.371200000000334512e+03,8.703302256128205849e-01
2.371300000000334421e+03,8.703378336839940888e-01
2.371400000000334330e+03,8.703454410039773714e-01
2.371500000000334694e+03,8.703530475728752380e-01
2.371600000000334603e+03,8.703606533907923826e-01
2.371700000000334512e+03,8.703682584578338322e-01
2.371800000000334876e+03,8.703758627741042808e-01
2.371900000000334785e+03,8.703834663397084226e-01
2.372000000000334694e+03,8.703910691547510625e-01
2.372100000000334603e+03,8.703986712193370057e-01
2.372200000000334512e+03,8.704062725335708350e-01
2.372300000000334876e+03,8.704138730975575777e-01
2.372400000000334785e+03,8.704214729114014837e-01
2.372500000000334694e+03,8.704290719752074690e-01
2.372600000000335058e+03,8.704366702890801166e-01
2.372700000000334967e+03,8.704442678531241206e-01
2.372800000000334876e+03,8.704518646674438420e-01
2.372900000000334785e+03,8.704594607321441968e-01
2.373000000000334694e+03,8.704670560473296570e-01
2.373100000000335058e+03,8.704746506131045836e-01
2.373200000000334967e+03,8.704822444295737816e-01
2.373300000000334876e+03,8.704898374968416119e-01
2.373400000000335240e+03,8.704974298150126577e-01
2.373500000000335149e+03,8.705050213841911688e-01
2.373600000000335058e+03,8.705126122044819503e-01
2.373700000000334967e+03,8.705202022759891411e-01
2.373800000000334876e+03,8.705277915988174353e-01
2.373900000000335240e+03,8.705353801730709717e-01
2.374000000000335149e+03,8.705429679988542224e-01
2.374100000000335058e+03,8.705505550762716593e-01
2.374200000000335422e+03,8.705581414054276435e-01
2.374300000000335331e+03,8.705657269864262027e-01
2.374400000000335240e+03,8.705733118193719200e-01
2.374500000000335149e+03,8.705808959043691564e-01
2.374600000000335058e+03,8.705884792415219398e-01
2.374700000000335422e+03,8.705960618309346311e-01
2.374800000000335331e+03,8.706036436727115913e-01
2.374900000000335240e+03,8.706112247669568482e-01
2.375000000000335604e+03,8.706188051137747630e-01
2.375100000000335513e+03,8.706263847132693634e-01
2.375200000000335422e+03,8.706339635655447884e-01
2.375300000000335331e+03,8.706415416707053989e-01
2.375400000000335240e+03,8.706491190288551119e-01
2.375500000000335604e+03,8.706566956400982882e-01
2.375600000000335513e+03,8.706642715045386227e-01
2.375700000000335422e+03,8.706718466222804764e-01
2.375800000000335785e+03,8.706794209934279882e-01
2.375900000000335694e+03,8.706869946180848530e-01
2.376000000000335604e+03,8.706945674963554316e-01
2.376100000000335513e+03,8.707021396283434189e-01
2.376200000000335422e+03,8.707097110141530649e-01
2.376300000000335785e+03,8.707172816538881754e-01
2.376400000000335694e+03,8.707248515476526673e-01
2.376500000000335604e+03,8.707324206955504575e-01
2.376600000000335967e+03,8.707399890976855739e-01
2.376700000000335876e+03,8.707475567541619332e-01
2.376800000000335785e+03,8.707551236650831195e-01
2.376900000000335694e+03,8.707626898305532714e-01
2.377000000000335604e+03,8.707702552506760840e-01
2.377100000000335967e+03,8.707778199255554741e-01
2.377200000000335876e+03,8.707853838552950254e-01
2.377300000000335785e+03,8.707929470399986549e-01
2.377400000000336149e+03,8.708005094797702794e-01
2.377500000000336058e+03,8.708080711747133718e-01
2.377600000000335967e+03,8.708156321249316267e-01
2.377700000000335876e+03,8.708231923305290723e-01
2.377800000000335785e+03,8.708307517916090701e-01
2.377900000000336149e+03,8.708383105082755371e-01
2.378000000000336058e+03,8.708458684806318351e-01
2.378100000000335967e+03,8.708534257087818808e-01
2.378200000000336331e+03,8.708609821928290362e-01
2.378300000000336240e+03,8.708685379328769960e-01
2.378400000000336149e+03,8.708760929290294550e-01
2.378500000000336058e+03,8.708836471813898861e-01
2.378600000000335967e+03,8.708912006900616509e-01
2.378700000000336331e+03,8.708987534551484444e-01
2.378800000000336240e+03,8.709063054767537393e-01
2.378900000000336149e+03,8.709138567549811194e-01
2.379000000000336513e+03,8.709214072899338355e-01
2.379100000000336422e+03,8.709289570817154713e-01
2.379200000000336331e+03,8.709365061304293887e-01
2.379300000000336240e+03,8.709440544361790604e-01
2.379400000000336149e+03,8.709516019990678481e-01
2.379500000000336513e+03,8.709591488191991138e-01
2.379600000000336422e+03,8.709666948966762190e-01
2.379700000000336331e+03,8.709742402316024146e-01
2.379800000000336695e+03,8.709817848240811733e-01
2.379900000000336604e+03,8.709893286742157459e-01
2.380000000000336513e+03,8.709968717821093831e-01
2.380100000000336422e+03,8.710044141478653357e-01
2.380200000000336331e+03,8.710119557715867433e-01
2.380300000000336695e+03,8.710194966533770788e-01
2.380400000000336604e+03,8.710270367933394819e-01
2.380500000000336513e+03,8.710345761915767593e-01
2.380600000000336877e+03,8.710421148481927167e-01
2.380700000000336786e+03,8.710496527632900499e-01
2.380800000000336695e+03,8.710571899369721205e-01
2.380900000000336604e+03,8.710647263693418463e-01
2.381000000000336513e+03,8.710722620605025890e-01
2.381100000000336877e+03,8.710797970105570442e-01
2.381200000000336786e+03,8.710873312196086848e-01
2.381300000000336695e+03,8.710948646877603174e-01
2.381400000000337059e+03,8.711023974151149707e-01
2.381500000000336968e+03,8.711099294017757844e-01
2.381600000000336877e+03,8.711174606478455651e-01
2.381700000000336786e+03,8.711249911534273416e-01
2.381800000000336695e+03,8.711325209186241425e-01
2.381900000000337059e+03,8.711400499435389966e-01
2.382000000000336968e+03,8.711475782282745994e-01
2.382100000000336877e+03,8.711551057729337577e-01
2.382200000000337241e+03,8.711626325776197222e-01
2.382300000000337150e+03,8.711701586424351884e-01
2.382400000000337059e+03,8.711776839674827411e-01
2.382500000000336968e+03,8.711852085528655198e-01
2.382600000000336877e+03,8.711927323986863314e-01
2.382700000000337241e+03,8.712002555050477604e-01
2.382800000000337150e+03,8.712077778720526133e-01
2.382900000000337059e+03,8.712152994998039190e-01
2.383000000000337423e+03,8.712228203884040401e-01
2.383100000000337332e+03,8.712303405379558940e-01
2.383200000000337241e+03,8.712378599485620656e-01
2.383300000000337150e+03,8.712453786203253614e-01
2.383400000000337059e+03,8.712528965533484770e-01
2.383500000000337423e+03,8.712604137477338861e-01
2.383600000000337332e+03,8.712679302035842843e-01
2.383700000000337241e+03,8.712754459210022562e-01
2.383800000000337604e+03,8.712829609000903863e-01
2.383900000000337513e+03,8.712904751409513704e-01
2.384000000000337423e+03,8.712979886436875709e-01
2.384100000000337332e+03,8.713055014084015726e-01
2.384200000000337241e+03,8.713130134351960709e-01
2.384300000000337604e+03,8.713205247241733176e-01
2.384400000000337513e+03,8.713280352754358971e-01
2.384500000000337423e+03,8.713355450890862830e-01
2.384600000000337786e+03,8.713430541652268380e-01
2.384700000000337695e+03,8.713505625039601465e-01
2.384800000000337604e+03,8.713580701053885713e-01
2.384900000000337513e+03,8.713655769696142528e-01
2.385000000000337423e+03,8.713730830967397756e-01
2.385100000000337786e+03,8.713805884868677243e-01
2.385200000000337695e+03,8.713880931400999064e-01
2.385300000000337604e+03,8.713955970565390174e-01
2.385400000000337968e+03,8.714031002362871980e-01
2.385500000000337877e+03,8.714106026794468107e-01
2.385600000000337786e+03,8.714181043861201070e-01
2.385700000000337695e+03,8.714256053564092275e-01
2.385800000000337604e+03,8.714331055904165346e-01
2.385900000000337968e+03,8.714406050882441690e-01
2.386000000000337877e+03,8.714481038499943821e-01
2.386100000000337786e+03,8.714556018757692035e-01
2.386200000000338150e+03,8.714630991656708847e-01
2.386300000000338059e+03,8.714705957198016772e-01
2.386400000000337968e+03,8.714780915382633886e-01
2.386500000000337877e+03,8.714855866211584923e-01
2.386600000000337786e+03,8.714930809685886848e-01
2.386700000000338150e+03,8.715005745806563286e-01
2.386800000000338059e+03,8.715080674574633424e-01
2.386900000000337968e+03,8.715155595991116444e-01
2.387000000000338332e+03,8.715230510057034863e-01
2.387100000000338241e+03,8.715305416773407865e-01
2.387200000000338150e+03,8.715380316141254635e-01
2.387300000000338059e+03,8.715455208161594358e-01
2.387400000000337968e+03,8.715530092835446219e-01
2.387500000000338332e+03,8.715604970163830512e-01
2.387600000000338241e+03,8.715679840147766422e-01
2.387700000000338150e+03,8.715754702788270913e-01
2.387800000000338514e+03,8.715829558086365392e-01
2.387900000000338423e+03,8.715904406043065711e-01
2.388000000000338332e+03,8.715979246659391055e-01
2.388100000000338241e+03,8.716054079936360610e-01
2.388200000000338150e+03,8.716128905874991339e-01
2.388300000000338514e+03,8.716203724476300208e-01
2.388400000000338423e+03,8.716278535741305289e-01
2.388500000000338332e+03,8.716353339671025768e-01
2.388600000000338696e+03,8.716428136266476390e-01
2.388700000000338605e+03,8.716502925528676338e-01
2.388800000000338514e+03,8.716577707458639246e-01
2.388900000000338423e+03,8.716652482057385409e-01
2.389000000000338332e+03,8.716727249325929572e-01
2.389100000000338696e+03,8.716802009265287587e-01
2.389200000000338605e+03,8.716876761876476420e-01
2.389300000000338514e+03,8.716951507160511925e-01
2.389400000000338878e+03,8.717026245118409955e-01
2.389500000000338787e+03,8.717100975751186365e-01
2.389600000000338696e+03,8.717175699059854788e-01
2.389700000000338605e+03,8.717250415045431078e-01
2.389800000000338514e+03,8.717325123708933310e-01
2.389900000000338878e+03,8.717399825051372897e-01
2.390000000000338787e+03,8.717474519073765693e-01
2.390100000000338696e+03,8.717549205777126442e-01
2.390200000000339060e+03,8.717623885162469888e-01
2.390300000000338969e+03,8.717698557230808554e-01
2.390400000000338878e+03,8.717773221983157184e-01
2.390500000000338787e+03,8.717847879420529411e-01
2.390600000000338696e+03,8.717922529543941090e-01
2.390700000000339060e+03,8.717997172354402524e-01
2.390800000000338969e+03,8.718071807852928456e-01
2.390900000000338878e+03,8.718146436040531411e-01
2.391000000000339242e+03,8.718221056918226131e-01
2.391100000000339151e+03,8.718295670487022919e-01
2.391200000000339060e+03,8.718370276747934300e-01
2.391300000000338969e+03,8.718444875701975016e-01
2.391400000000338878e+03,8.718519467350155372e-01
2.391500000000339242e+03,8.718594051693487890e-01
2.391600000000339151e+03,8.718668628732983983e-01
2.391700000000339060e+03,8.718743198469656175e-01
2.391800000000339423e+03,8.718817760904516989e-01
2.391900000000339332e+03,8.718892316038574508e-01
2.392000000000339242e+03,8.718966863872841255e-01
2.392100000000339151e+03,8.719041404408328644e-01
2.392200000000339060e+03,8.719115937646046977e-01
2.392300000000339423e+03,8.719190463587008777e-01
2.392400000000339332e+03,8.719264982232221017e-01
2.392500000000339242e+03,8.719339493582697331e-01
2.392600000000339605e+03,8.719413997639445801e-01
2.392700000000339514e+03,8.719488494403476730e-01
2.392800000000339423e+03,8.719562983875799311e-01
2.392900000000339332e+03,8.719637466057422737e-01
2.393000000000339242e+03,8.719711940949358420e-01
2.393100000000339605e+03,8.719786408552614443e-01
2.393200000000339514e+03,8.719860868868197779e-01
2.393300000000339423e+03,8.719935321897120950e-01
2.393400000000339787e+03,8.720009767640388709e-01
2.393500000000339696e+03,8.720084206099012469e-01
2.393600000000339605e+03,8.720158637274000313e-01
2.393700000000339514e+03,8.720233061166358102e-01
2.393800000000339423e+03,8.720307477777096139e-01
2.393900000000339787e+03,8.720381887107220287e-01
2.394000000000339696e+03,8.720456289157740848e-01
2.394100000000339605e+03,8.720530683929661464e-01
2.394200000000339969e+03,8.720605071423992438e-01
2.394300000000339878e+03,8.720679451641738522e-01
2.394400000000339787e+03,8.720753824583908909e-01
2.394500000000339696e+03,8.720828190251508349e-01
2.394600000000339605e+03,8.720902548645542707e-01
2.394700000000339969e+03,8.720976899767021173e-01
2.394800000000339878e+03,8.721051243616947390e-01
2.394900000000339787e+03,8.721125580196329441e-01
2.395000000000340151e+03,8.721199909506170966e-01
2.395100000000340060e+03,8.721274231547478939e-01
2.395200000000339969e+03,8.721348546321258111e-01
2.395300000000339878e+03,8.721422853828514343e-01
2.395400000000339787e+03,8.721497154070252389e-01
2.395500000000340151e+03,8.721571447047475889e-01
2.395600000000340060e+03,8.721645732761191816e-01
2.395700000000339969e+03,8.721720011212403811e-01
2.395800000000340333e+03,8.721794282402116627e-01
2.395900000000340242e+03,8.721868546331333905e-01
2.396000000000340151e+03,8.721942803001058175e-01
2.396100000000340060e+03,8.722017052412296412e-01
2.396200000000339969e+03,8.722091294566050035e-01
2.396300000000340333e+03,8.722165529463322686e-01
2.396400000000340242e+03,8.722239757105119118e-01
2.396500000000340151e+03,8.722313977492440751e-01
2.396600000000340515e+03,8.722388190626292337e-01
2.396700000000340424e+03,8.722462396507674187e-01
2.396800000000340333e+03,8.722536595137591053e-01
2.396900000000340242e+03,8.722610786517046577e-01
2.397000000000340151e+03,8.722684970647037739e-01
2.397100000000340515e+03,8.722759147528571511e-01
2.397200000000340424e+03,8.722833317162649314e-01
2.397300000000340333e+03,8.722907479550270349e-01
2.397400000000340697e+03,8.722981634692438258e-01
2.397500000000340606e+03,8.723055782590153351e-01
2.397600000000340515e+03,8.723129923244418160e-01
2.397700000000340424e+03,8.723204056656231886e-01
2.397800000000340333e+03,8.723278182826595950e-01
2.397900000000340697e+03,8.723352301756511773e-01
2.398000000000340606e+03,8.723426413446979666e-01
2.398100000000340515e+03,8.723500517898998829e-01
2.398200000000340879e+03,8.723574615113571795e-01
2.398300000000340788e+03,8.723648705091694433e-01
2.398400000000340697e+03,8.723722787834371495e-01
2.398500000000340606e+03,8.723796863342599961e-01
2.398600000000340515e+03,8.723870931617377922e-01
2.398700000000340879e+03,8.723944992659706799e-01
2.398800000000340788e+03,8.724019046470584682e-01
2.398900000000340697e+03,8.724093093051011882e-01
2.399000000000341061e+03,8.724167132401986491e-01
2.399100000000340970e+03,8.724241164524505487e-01
2.399200000000340879e+03,8.724315189419568073e-01
2.399300000000340788e+03,8.724389207088173448e-01
2.399400000000340697e+03,8.724463217531318593e-01
2.399500000000341061e+03,8.724537220750001598e-01
2.399600000000340970e+03,8.724611216745220554e-01
2.399700000000340879e+03,8.724685205517972442e-01
2.399800000000341242e+03,8.724759187069255351e-01
2.399900000000341151e+03,8.724833161400066261e-01
2.400000000000341061e+03,8.724907128511399934e-01
2.400100000000340970e+03,8.724981088404255569e-01
2.400200000000340879e+03,8.725055041079630147e-01
2.400300000000341242e+03,8.725128986538518427e-01
2.400400000000341151e+03,8.725202924781917391e-01
2.400500000000341061e+03,8.725276855810824017e-01
2.400600000000341424e+03,8.725350779626234177e-01
2.400700000000341333e+03,8.725424696229141519e-01
2.400800000000341242e+03,8.725498605620543024e-01
2.400900000000341151e+03,8.725572507801433453e-01
2.401000000000341061e+03,8.725646402772809784e-01
2.401100000000341424e+03,8.725720290535664558e-01
2.401200000000341333e+03,8.725794171090994755e-01
2.401300000000341242e+03,8.725868044439794025e-01
2.401400000000341606e+03,8.725941910583057126e-01
2.401500000000341515e+03,8.726015769521777710e-01
2.401600000000341424e+03,8.726089621256951645e-01
2.401700000000341333e+03,8.726163465789571472e-01
2.401800000000341242e+03,8.726237303120631950e-01
2.401900000000341606e+03,8.726311133251125618e-01
2.402000000000341515e+03,8.726384956182046126e-01
2.402100000000341424e+03,8.726458771914388235e-01
2.402200000000341788e+03,8.726532580449143373e-01
2.402300000000341697e+03,8.726606381787306299e-01
2.402400000000341606e+03,8.726680175929867334e-01
2.402500000000341515e+03,8.726753962877820125e-01
2.402600000000341424e+03,8.726827742632157214e-01
2.402700000000341788e+03,8.726901515193872250e-01
2.402800000000341697e+03,8.726975280563955550e-01
2.402900000000341606e+03,8.727049038743400766e-01
2.403000000000341970e+03,8.727122789733195996e-01
2.403100000000341879e+03,8.727196533534335998e-01
2.403200000000341788e+03,8.727270270147811093e-01
2.403300000000341697e+03,8.727343999574613820e-01
2.403400000000341606e+03,8.727417721815732277e-01
2.403500000000341970e+03,8.727491436872161223e-01
2.403600000000341879e+03,8.727565144744888759e-01
2.403700000000341788e+03,8.727638845434905202e-01
2.403800000000342152e+03,8.727712538943201981e-01
2.403900000000342061e+03,8.727786225270768306e-01
2.404000000000341970e+03,8.727859904418594494e-01
2.404100000000341879e+03,8.727933576387671977e-01
2.404200000000341788e+03,8.728007241178987741e-01
2.404300000000342152e+03,8.728080898793534326e-01
2.404400000000342061e+03,8.728154549232297610e-01
2.404500000000341970e+03,8.728228192496267912e-01
2.404600000000342334e+03,8.728301828586435551e-01
2.404700000000342243e+03,8.728375457503787516e-01
2.404800000000342152e+03,8.728449079249314124e-01
2.404900000000342061e+03,8.728522693824002365e-01
2.405000000000341970e+03,8.728596301228840337e-01
2.405100000000342334e+03,8.728669901464818359e-01
2.405200000000342243e+03,8.728743494532921199e-01
2.405300000000342152e+03,8.728817080434138065e-01
2.405400000000342516e+03,8.728890659169458166e-01
2.405500000000342425e+03,8.728964230739866270e-01
2.405600000000342334e+03,8.729037795146350476e-01
2.405700000000342243e+03,8.729111352389898881e-01
2.405800000000342152e+03,8.729184902471496255e-01
2.405900000000342516e+03,8.729258445392131804e-01
2.406000000000342425e+03,8.729331981152790298e-01
2.406100000000342334e+03,8.729405509754457615e-01
2.406200000000342698e+03,8.729479031198121852e-01
2.406300000000342607e+03,8.729552545484766668e-01
2.406400000000342516e+03,8.729626052615380161e-01
2.406500000000342425e+03,8.729699552590947098e-01
2.406600000000342334e+03,8.729773045412452248e-01
2.406700000000342698e+03,8.729846531080881489e-01
2.406800000000342607e+03,8.729920009597220698e-01
2.406900000000342516e+03,8.729993480962452423e-01
2.407000000000342880e+03,8.730066945177565874e-01
2.407100000000342789e+03,8.730140402243540265e-01
2.407200000000342698e+03,8.730213852161363697e-01
2.407300000000342607e+03,8.730287294932020936e-01
2.407400000000342516e+03,8.730360730556492310e-01
2.407500000000342880e+03,8.730434159035764807e-01
2.407600000000342789e+03,8.730507580370822085e-01
2.407700000000342698e+03,8.730580994562646691e-01
2.407800000000343061e+03,8.730654401612222282e-01
2.407900000000342970e+03,8.730727801520531406e-01
2.408000000000342880e+03,8.730801194288558831e-01
2.408100000000342789e+03,8.730874579917285994e-01
2.408200000000342698e+03,8.730947958407696552e-01
2.408300000000343061e+03,8.731021329760773053e-01
2.408400000000342970e+03,8.731094693977495824e-01
2.408500000000342880e+03,8.731168051058849633e-01
2.408600000000343243e+03,8.731241401005815916e-01
2.408700000000343152e+03,8.731314743819376112e-01
2.408800000000343061e+03,8.731388079500510546e-01
2.408900000000342970e+03,8.731461408050202877e-01
2.409000000000342880e+03,8.731534729469435652e-01
2.409100000000343243e+03,8.731608043759185867e-01
2.409200000000343152e+03,8.731681350920437179e-01
2.409300000000343061e+03,8.731754650954169916e-01
2.409400000000343425e+03,8.731827943861365515e-01
2.409500000000343334e+03,8.731901229643002083e-01
2.409600000000343243e+03,8.731974508300063276e-01
2.409700000000343152e+03,8.732047779833526091e-01
2.409800000000343061e+03,8.732121044244373076e-01
2.409900000000343425e+03,8.732194301533582337e-01
2.410000000000343334e+03,8.732267551702133090e-01
2.410100000000343243e+03,8.732340794751007884e-01
2.410200000000343607e+03,8.732414030681181494e-01
2.410300000000343516e+03,8.732487259493636467e-01
2.410400000000343425e+03,8.732560481189350909e-01
2.410500000000343334e+03,8.732633695769301818e-01
2.410600000000343243e+03,8.732706903234470630e-01
2.410700000000343607e+03,8.732780103585835452e-01
2.410800000000343516e+03,8.732853296824371059e-01
2.410900000000343425e+03,8.732926482951058889e-01
2.411000000000343789e+03,8.732999661966877047e-01
2.411100000000343698e+03,8.733072833872799201e-01
2.411200000000343607e+03,8.733145998669807897e-01
2.411300000000343516e+03,8.733219156358877910e-01
2.411400000000343425e+03,8.733292306940986238e-01
2.411500000000343789e+03,8.733365450417113207e-01
2.411600000000343698e+03,8.733438586788231373e-01
2.411700000000343607e+03,8.733511716055318841e-01
2.411800000000343971e+03,8.733584838219352608e-01
2.411900000000343880e+03,8.733657953281309672e-01
2.412000000000343789e+03,8.733731061242165916e-01
2.412100000000343698e+03,8.733804162102895008e-01
2.412200000000343607e+03,8.733877255864476163e-01
2.412300000000343971e+03,8.733950342527883048e-01
2.412400000000343880e+03,8.734023422094092659e-01
2.412500000000343789e+03,8.734096494564078661e-01
2.412600000000344153e+03,8.734169559938818050e-01
2.412700000000344062e+03,8.734242618219283383e-01
2.412800000000343971e+03,8.734315669406450544e-01
2.412900000000343880e+03,8.734388713501295420e-01
2.413000000000343789e+03,8.734461750504791677e-01
2.413100000000344153e+03,8.734534780417914090e-01
2.413200000000344062e+03,8.734607803241635215e-01
2.413300000000343971e+03,8.734680818976930938e-01
2.413400000000344335e+03,8.734753827624772704e-01
2.413500000000344244e+03,8.734826829186136399e-01
2.413600000000344153e+03,8.734899823661994578e-01
2.413700000000344062e+03,8.734972811053320907e-01
2.413800000000343971e+03,8.735045791361087941e-01
2.413900000000344335e+03,8.735118764586269346e-01
2.414000000000344244e+03,8.735191730729837678e-01
2.414100000000344153e+03,8.735264689792765491e-01
2.414200000000344517e+03,8.735337641776025341e-01
2.414300000000344426e+03,8.735410586680587564e-01
2.414400000000344335e+03,8.735483524507426933e-01
2.414500000000344244e+03,8.735556455257514896e-01
2.414600000000344153e+03,8.735629378931821787e-01
2.414700000000344517e+03,8.735702295531320161e-01
2.414800000000344426e+03,8.735775205056982573e-01
2.414900000000344335e+03,8.735848107509778249e-01
2.415000000000344698e+03,8.735921002890678633e-01
2.415100000000344608e+03,8.735993891200656281e-01
2.415200000000344517e+03,8.736066772440679307e-01
2.415300000000344426e+03,8.736139646611720266e-01
2.415400000000344335e+03,8.736212513714749495e-01
2.415500000000344698e+03,8.736285373750737326e-01
2.415600000000344608e+03,8.736358226720651876e-01
2.415700000000344517e+03,8.736431072625464589e-01
2.415800000000344880e+03,8.736503911466145800e-01
2.415900000000344789e+03,8.736576743243663623e-01
2.416000000000344698e+03,8.736649567958988394e-01
2.416100000000344608e+03,8.736722385613089337e-01
2.416200000000344517e+03,8.736795196206934566e-01
2.416300000000344880e+03,8.736867999741493307e-01
2.416400000000344789e+03,8.736940796217734784e-01
2.416500000000344698e+03,8.737013585636626001e-01
2.416600000000345062e+03,8.737086367999139513e-01
2.416700000000344971e+03,8.737159143306237885e-01
2.416800000000344880e+03,8.737231911558893671e-01
2.416900000000344789e+03,8.737304672758071655e-01
2.417000000000344698e+03,8.737377426904739952e-01
2.417100000000345062e+03,8.737450173999868897e-01
2.417200000000344971e+03,8.737522914044423272e-01
2.417300000000344880e+03,8.737595647039370084e-01
2.417400000000345244e+03,8.737668372985677445e-01
2.417500000000345153e+03,8.737741091884312361e-01
2.417600000000345062e+03,8.737813803736239615e-01
2.417700000000344971e+03,8.737886508542428432e-01
2.417800000000344880e+03,8.737959206303842485e-01
2.417900000000345244e+03,8.738031897021451000e-01
2.418000000000345153e+03,8.738104580696216539e-01
2.418100000000345062e+03,8.738177257329107217e-01
2.418200000000345426e+03,8.738249926921088928e-01
2.418300000000345335e+03,8.738322589473124236e-01
2.418400000000345244e+03,8.738395244986182364e-01
2.418500000000345153e+03,8.738467893461224767e-01
2.418600000000345062e+03,8.738540534899220669e-01
2.418700000000345426e+03,8.738613169301130412e-01
2.418800000000345335e+03,8.738685796667922112e-01
2.418900000000345244e+03,8.738758417000558332e-01
2.419000000000345608e+03,8.738831030300003855e-01
2.419100000000345517e+03,8.738903636567223465e-01
2.419200000000345426e+03,8.738976235803179726e-01
2.419300000000345335e+03,8.739048828008837422e-01
2.419400000000345244e+03,8.739121413185160225e-01
2.419500000000345608e+03,8.739193991333111811e-01
2.419600000000345517e+03,8.739266562453654741e-01
2.419700000000345426e+03,8.739339126547752690e-01
2.419800000000345790e+03,8.739411683616368220e-01
2.419900000000345699e+03,8.739484233660465007e-01
2.420000000000345608e+03,8.739556776681003392e-01
2.420100000000345517e+03,8.739629312678949269e-01
2.420200000000345426e+03,8.739701841655261871e-01
2.420300000000345790e+03,8.739774363610904873e-01
2.420400000000345699e+03,8.739846878546840836e-01
2.420500000000345608e+03,8.739919386464028994e-01
2.420600000000345972e+03,8.739991887363433021e-01
2.420700000000345881e+03,8.740064381246015479e-01
2.420800000000345790e+03,8.740136868112734492e-01
2.420900000000345699e+03,8.740209347964552622e-01
2.421000000000345608e+03,8.740281820802431323e-01
2.421100000000345972e+03,8.740354286627332048e-01
2.421200000000345881e+03,8.740426745440214029e-01
2.421300000000345790e+03,8.740499197242036500e-01
2.421400000000346154e+03,8.740571642033763133e-01
2.421500000000346063e+03,8.740644079816352052e-01
2.421600000000345972e+03,8.740716510590762489e-01
2.421700000000345881e+03,8.740788934357955897e-01
2.421800000000345790e+03,8.740861351118890399e-01
2.421900000000346154e+03,8.740933760874527447e-01
2.422000000000346063e+03,8.741006163625824055e-01
2.422100000000345972e+03,8.741078559373739454e-01
2.422200000000346336e+03,8.741150948119235098e-01
2.422300000000346245e+03,8.741223329863266889e-01
2.422400000000346154e+03,8.741295704606795169e-01
2.422500000000346063e+03,8.741368072350776952e-01
2.422600000000345972e+03,8.741440433096171470e-01
2.422700000000346336e+03,8.741512786843937954e-01
2.422800000000346245e+03,8.741585133595031198e-01
2.422900000000346154e+03,8.741657473350412655e-01
2.423000000000346517e+03,8.741729806111037115e-01
2.423100000000346427e+03,8.741802131877862703e-01
2.423200000000346336e+03,8.741874450651847539e-01
2.423300000000346245e+03,8.741946762433948637e-01
2.423400000000346154e+03,8.742019067225121898e-01
2.423500000000346517e+03,8.742091365026325445e-01
2.423600000000346427e+03,8.742163655838514069e-01
2.423700000000346336e+03,8.742235939662644784e-01
2.423800000000346699e+03,8.742308216499675710e-01
2.423900000000346608e+03,8.742380486350560531e-01
2.424000000000346517e+03,8.742452749216256258e-01
2.424100000000346427e+03,8.742525005097718793e-01
2.424200000000346336e+03,8.742597253995902928e-01
2.424300000000346699e+03,8.742669495911766786e-01
2.424400000000346608e+03,8.742741730846260717e-01
2.424500000000346517e+03,8.742813958800343954e-01
2.424600000000346881e+03,8.742886179774970179e-01
2.424700000000346790e+03,8.742958393771093073e-01
2.424800000000346699e+03,8.743030600789669649e-01
2.424900000000346608e+03,8.743102800831651367e-01
2.425000000000346517e+03,8.743174993897996350e-01
2.425100000000346881e+03,8.743247179989653839e-01
2.425200000000346790e+03,8.743319359107580846e-01
2.425300000000346699e+03,8.743391531252732163e-01
2.425400000000347063e+03,8.743463696426059251e-01
2.425500000000346972e+03,8.743535854628514681e-01
2.425600000000346881e+03,8.743608005861054355e-01
2.425700000000346790e+03,8.743680150124629735e-01
2.425800000000346699e+03,8.743752287420194502e-01
2.425900000000347063e+03,8.743824417748701228e-01
2.426000000000346972e+03,8.743896541111101373e-01
2.426100000000346881e+03,8.743968657508349729e-01
2.426200000000347245e+03,8.744040766941396647e-01
2.426300000000347154e+03,8.744112869411194700e-01
2.426400000000347063e+03,8.744184964918695346e-01
2.426500000000346972e+03,8.744257053464852270e-01
2.426600000000346881e+03,8.744329135050614710e-01
2.426700000000347245e+03,8.744401209676936348e-01
2.426800000000347154e+03,8.744473277344765316e-01
2.426900000000347063e+03,8.744545338055056405e-01
2.427000000000347427e+03,8.744617391808758855e-01
2.427100000000347336e+03,8.744689438606823018e-01
2.427200000000347245e+03,8.744761478450200354e-01
2.427300000000347154e+03,8.744833511339838994e-01
2.427400000000347063e+03,8.744905537276692620e-01
2.427500000000347427e+03,8.744977556261709362e-01
2.427600000000347336e+03,8.745049568295840681e-01
2.427700000000347245e+03,8.745121573380033597e-01
2.427800000000347609e+03,8.745193571515240683e-01
2.427900000000347518e+03,8.745265562702410067e-01
2.428000000000347427e+03,8.745337546942489881e-01
2.428100000000347336e+03,8.745409524236431587e-01
2.428200000000347245e+03,8.745481494585183313e-01
2.428300000000347609e+03,8.745553457989692081e-01
2.428400000000347518e+03,8.745625414450909352e-01
2.428500000000347427e+03,8.745697363969782145e-01
2.428600000000347791e+03,8.745769306547258592e-01
2.428700000000347700e+03,8.745841242184287934e-01
2.428800000000347609e+03,8.745913170881816079e-01
2.428900000000347518e+03,8.745985092640791159e-01
2.429000000000347427e+03,8.746057007462163524e-01
2.429100000000347791e+03,8.746128915346879085e-01
2.429200000000347700e+03,8.746200816295883751e-01
2.429300000000347609e+03,8.746272710310125653e-01
2.429400000000347973e+03,8.746344597390554032e-01
2.429500000000347882e+03,8.746416477538111467e-01
2.429600000000347791e+03,8.746488350753746088e-01
2.429700000000347700e+03,8.746560217038406027e-01
2.429800000000347609e+03,8.746632076393037192e-01
2.429900000000347973e+03,8.746703928818585494e-01
2.430000000000347882e+03,8.746775774315994623e-01
2.430100000000347791e+03,8.746847612886213819e-01
2.430200000000348155e+03,8.746919444530186771e-01
2.430300000000348064e+03,8.746991269248860501e-01
2.430400000000347973e+03,8.747063087043178697e-01
2.430500000000347882e+03,8.747134897914085050e-01
2.430600000000347791e+03,8.747206701862528799e-01
2.430700000000348155e+03,8.747278498889452525e-01
2.430800000000348064e+03,8.747350288995799916e-01
2.430900000000347973e+03,8.747422072182517994e-01
2.431000000000348336e+03,8.747493848450549336e-01
2.431100000000348246e+03,8.747565617800837634e-01
2.431200000000348155e+03,8.747637380234327686e-01
2.431300000000348064e+03,8.747709135751964293e-01
2.431400000000347973e+03,8.747780884354690034e-01
2.431500000000348336e+03,8.747852626043447488e-01
2.431600000000348246e+03,8.747924360819182565e-01
2.431700000000348155e+03,8.747996088682836735e-01
2.431800000000348518e+03,8.748067809635352576e-01
2.431900000000348427e+03,8.748139523677674889e-01
2.432000000000348336e+03,8.748211230810744032e-01
2.432100000000348246e+03,8.748282931035504806e-01
2.432200000000348155e+03,8.748354624352897568e-01
2.432300000000348518e+03,8.748426310763866010e-01
2.432400000000348427e+03,8.748497990269351599e-01
2.432500000000348336e+03,8.748569662870296915e-01
2.432600000000348700e+03,8.748641328567642317e-01
2.432700000000348609e+03,8.748712987362329274e-01
2.432800000000348518e+03,8.748784639255300366e-01
2.432900000000348427e+03,8.748856284247495951e-01
2.433000000000348336e+03,8.748927922339858609e-01
2.433100000000348700e+03,8.748999553533328699e-01
2.433200000000348609e+03,8.749071177828844359e-01
2.433300000000348518e+03,8.749142795227350389e-01
2.433400000000348882e+03,8.749214405729783817e-01
2.433500000000348791e+03,8.749286009337086112e-01
2.433600000000348700e+03,8.749357606050197633e-01
2.433700000000348609e+03,8.749429195870058740e-01
2.433800000000348518e+03,8.749500778797607570e-01
2.433900000000348882e+03,8.749572354833784482e-01
2.434000000000348791e+03,8.749643923979529836e-01
2.434100000000348700e+03,8.749715486235781770e-01
2.434200000000349064e+03,8.749787041603479532e-01
2.434300000000348973e+03,8.749858590083562371e-01
2.434400000000348882e+03,8.749930131676968426e-01
2.434500000000348791e+03,8.750001666384638055e-01
2.434600000000348700e+03,8.750073194207508287e-01
2.434700000000349064e+03,8.750144715146516150e-01
2.434800000000348973e+03,8.750216229202603113e-01
2.434900000000348882e+03,8.750287736376703984e-01
2.435000000000349246e+03,8.750359236669759122e-01
2.435100000000349155e+03,8.750430730082704445e-01
2.435200000000349064e+03,8.750502216616478091e-01
2.435300000000348973e+03,8.750573696272015978e-01
2.435400000000348882e+03,8.750645169050257355e-01
2.435500000000349246e+03,8.750716634952138140e-01
2.435600000000349155e+03,8.750788093978594251e-01
2.435700000000349064e+03,8.750859546130563826e-01
2.435800000000349428e+03,8.750930991408983894e-01
2.435900000000349337e+03,8.751002429814789263e-01
2.436000000000349246e+03,8.751073861348916960e-01
2.436100000000349155e+03,8.751145286012301794e-01
2.436200000000349064e+03,8.751216703805880792e-01
2.436300000000349428e+03,8.751288114730589873e-01
2.436400000000349337e+03,8.751359518787363845e-01
2.436500000000349246e+03,8.751430915977138625e-01
2.436600000000349610e+03,8.751502306300849021e-01
2.436700000000349519e+03,8.751573689759429842e-01
2.436800000000349428e+03,8.751645066353815894e-01
2.436900000000349337e+03,8.751716436084941986e-01
2.437000000000349246e+03,8.751787798953744035e-01
2.437100000000349610e+03,8.751859154961154630e-01
2.437200000000349519e+03,8.751930504108108577e-01
2.437300000000349428e+03,8.752001846395540685e-01
2.437400000000349792e+03,8.752073181824382431e-01
2.437500000000349701e+03,8.752144510395570842e-01
2.437600000000349610e+03,8.752215832110036287e-01
2.437700000000349519e+03,8.752287146968715792e-01
2.437800000000349428e+03,8.752358454972538615e-01
2.437900000000349792e+03,8.752429756122441784e-01
2.438000000000349701e+03,8.752501050419355666e-01
2.438100000000349610e+03,8.752572337864212848e-01
2.438200000000349974e+03,8.752643618457948138e-01
2.438300000000349883e+03,8.752714892201491903e-01
2.438400000000349792e+03,8.752786159095776730e-01
2.438500000000349701e+03,8.752857419141735207e-01
2.438600000000349610e+03,8.752928672340299920e-01
2.438700000000349974e+03,8.752999918692401238e-01
2.438800000000349883e+03,8.753071158198971746e-01
2.438900000000349792e+03,8.753142390860942923e-01
2.439000000000350155e+03,8.753213616679246245e-01
2.439100000000350065e+03,8.753284835654810969e-01
2.439200000000349974e+03,8.753356047788569683e-01
2.439300000000349883e+03,8.753427253081453863e-01
2.439400000000349792e+03,8.753498451534393876e-01
2.439500000000350155e+03,8.753569643148318979e-01
2.439600000000350065e+03,8.753640827924159540e-01
2.439700000000349974e+03,8.753712005862848144e-01
2.439800000000350337e+03,8.753783176965311830e-01
2.439900000000350246e+03,8.753854341232483183e-01
2.440000000000350155e+03,8.753925498665288130e-01
2.440100000000350065e+03,8.753996649264660368e-01
2.440200000000349974e+03,8.754067793031526934e-01
2.440300000000350337e+03,8.754138929966817084e-01
2.440400000000350246e+03,8.754210060071461186e-01
2.440500000000350155e+03,8.754281183346386275e-01
2.440600000000350519e+03,8.754352299792522718e-01
2.440700000000350428e+03,8.754423409410797552e-01
2.440800000000350337e+03,8.754494512202142253e-01
2.440900000000350246e+03,8.754565608167480528e-01
2.441000000000350155e+03,8.754636697307743853e-01
2.441100000000350519e+03,8.754707779623859265e-01
2.441200000000350428e+03,8.754778855116753800e-01
2.441300000000350337e+03,8.754849923787355603e-01
2.441400000000350701e+03,8.754920985636592823e-01
2.441500000000350610e+03,8.754992040665391384e-01
2.441600000000350519e+03,8.755063088874679433e-01
2.441700000000350428e+03,8.755134130265382897e-01
2.441800000000350337e+03,8.755205164838429921e-01
2.441900000000350701e+03,8.755276192594746432e-01
2.442000000000350610e+03,8.755347213535259465e-01
2.442100000000350519e+03,8.755418227660893837e-01
2.442200000000350883e+03,8.755489234972576584e-01
2.442300000000350792e+03,8.755560235471233632e-01
2.442400000000350701e+03,8.755631229157792017e-01
2.442500000000350610e+03,8.755702216033175445e-01
2.442600000000350519e+03,8.755773196098312061e-01
2.442700000000350883e+03,8.755844169354124462e-01
2.442800000000350792e+03,8.755915135801538574e-01
2.442900000000350701e+03,8.755986095441479211e-01
2.443000000000351065e+03,8.756057048274872301e-01
2.443100000000350974e+03,8.756127994302642659e-01
2.443200000000350883e+03,8.756198933525713990e-01
2.443300000000350792e+03,8.756269865945010000e-01
2.443400000000350701e+03,8.756340791561456616e-01
2.443500000000351065e+03,8.756411710375977542e-01
2.443600000000350974e+03,8.756482622389495374e-01
2.443700000000350883e+03,8.756553527602934928e-01
2.443800000000351247e+03,8.756624426017219909e-01
2.443900000000351156e+03,8.756695317633274023e-01
2.444000000000351065e+03,8.756766202452018755e-01
2.444100000000350974e+03,8.756837080474378920e-01
2.444200000000350883e+03,8.756907951701277115e-01
2.444300000000351247e+03,8.756978816133635934e-01
2.444400000000351156e+03,8.757049673772377973e-01
2.444500000000351065e+03,8.757120524618425828e-01
2.444600000000351429e+03,8.757191368672703202e-01
2.444700000000351338e+03,8.757262205936129362e-01
2.444800000000351247e+03,8.757333036409626903e-01
2.444900000000351156e+03,8.757403860094120640e-01
2.445000000000351065e+03,8.757474676990528728e-01
2.445100000000351429e+03,8.757545487099774872e-01
2.445200000000351338e+03,8.757616290422779448e-01
2.445300000000351247e+03,8.757687086960462830e-01
2.445400000000351611e+03,8.757757876713748724e-01
2.445500000000351520e+03,8.757828659683555284e-01
2.445600000000351429e+03,8.757899435870805105e-01
2.445700000000351338e+03,8.757970205276417452e-01
2.445800000000351247e+03,8.758040967901312701e-01
2.445900000000351611e+03,8.758111723746413446e-01
2.446000000000351520e+03,8.758182472812636732e-01
2.446100000000351429e+03,8.758253215100902933e-01
2.446200000000351793e+03,8.758323950612133535e-01
2.446300000000351702e+03,8.758394679347246692e-01
2.446400000000351611e+03,8.758465401307162779e-01
2.446500000000351520e+03,8.758536116492801060e-01
2.446600000000351429e+03,8.758606824905079691e-01
2.446700000000351793e+03,8.758677526544917935e-01
2.446800000000351702e+03,8.758748221413233948e-01
2.446900000000351611e+03,8.758818909510948103e-01
2.447000000000351974e+03,8.758889590838979666e-01
2.447100000000351884e+03,8.758960265398243461e-01
2.447200000000351793e+03,8.759030933189659862e-01
2.447300000000351702e+03,8.759101594214147024e-01
2.447400000000351611e+03,8.759172248472621991e-01
2.447500000000351974e+03,8.759242895966002918e-01
2.447600000000351884e+03,8.759313536695206848e-01
2.447700000000351793e+03,8.759384170661151936e-01
2.447800000000352156e+03,8.759454797864755227e-01
2.447900000000352065e+03,8.759525418306932654e-01
2.448000000000351974e+03,8.759596031988603482e-01
2.448100000000351884e+03,8.759666638910681424e-01
2.448200000000351793e+03,8.759737239074086856e-01
2.448300000000352156e+03,8.759807832479732381e-01
2.448400000000352065e+03,8.759878419128535043e-01
2.448500000000351974e+03,8.759948999021412996e-01
2.448600000000352338e+03,8.760019572159281065e-01
2.448700000000352247e+03,8.760090138543055183e-01
2.448800000000352156e+03,8.760160698173650173e-01
2.448900000000352065e+03,8.760231251051980861e-01
2.449000000000351974e+03,8.760301797178965399e-01
2.449100000000352338e+03,8.760372336555518613e-01
2.449200000000352247e+03,8.760442869182551995e-01
2.449300000000352156e+03,8.760513395060983699e-01
2.449400000000352520e+03,8.760583914191726329e-01
2.449500000000352429e+03,8.760654426575695819e-01
2.449600000000352338e+03,8.760724932213806992e-01
2.449700000000352247e+03,8.760795431106972453e-01
2.449800000000352156e+03,8.760865923256107024e-01
2.449900000000352520e+03,8.760936408662125530e-01
2.450000000000352429e+03,8.761006887325940573e-01
2.450100000000352338e+03,8.761077359248464758e-01
2.450200000000352702e+03,8.761147824430612907e-01
2.450300000000352611e+03,8.761218282873298735e-01
2.450400000000352520e+03,8.761288734577433734e-01
2.450500000000352429e+03,8.761359179543932729e-01
2.450600000000352338e+03,8.761429617773707212e-01
2.450700000000352702e+03,8.761500049267670898e-01
2.450800000000352611e+03,8.761570474026734168e-01
2.450900000000352520e+03,8.761640892051811846e-01
2.451000000000352884e+03,8.761711303343815427e-01
2.451100000000352793e+03,8.761781707903655292e-01
2.451200000000352702e+03,8.761852105732244045e-01
2.451300000000352611e+03,8.761922496830494289e-01
2.451400000000352520e+03,8.761992881199317518e-01
2.451500000000352884e+03,8.762063258839624114e-01
2.451600000000352793e+03,8.762133629752325570e-01
2.451700000000352702e+03,8.762203993938332269e-01
2.451800000000353066e+03,8.762274351398557926e-01
2.451900000000352975e+03,8.762344702133910701e-01
2.452000000000352884e+03,8.762415046145300979e-01
2.452100000000352793e+03,8.762485383433641362e-01
2.452200000000352702e+03,8.762555713999840012e-01
2.452300000000353066e+03,8.762626037844808424e-01
2.452400000000352975e+03,8.762696354969454759e-01
2.452500000000352884e+03,8.762766665374691621e-01
2.452600000000353248e+03,8.762836969061426062e-01
2.452700000000353157e+03,8.762907266030568465e-01
2.452800000000353066e+03,8.762977556283028102e-01
2.452900000000352975e+03,8.763047839819715357e-01
2.453000000000352884e+03,8.763118116641537281e-01
2.453100000000353248e+03,8.763188386749404257e-01
2.453200000000353157e+03,8.763258650144223338e-01
2.453300000000353066e+03,8.763328906826904907e-01
2.453400000000353430e+03,8.763399156798356016e-01
2.453500000000353339e+03,8.763469400059485936e-01
2.453600000000353248e+03,8.763539636611201722e-01
2.453700000000353157e+03,8.763609866454411534e-01
2.453800000000353066e+03,8.763680089590023536e-01
2.453900000000353430e+03,8.763750306018945890e-01
2.454000000000353339e+03,8.763820515742084538e-01
2.454100000000353248e+03,8.763890718760347642e-01
2.454200000000353612e+03,8.763960915074643365e-01
2.454300000000353521e+03,8.764031104685876539e-01
2.454400000000353430e+03,8.764101287594955325e-01
2.454500000000353339e+03,8.764171463802785667e-01
2.454600000000353248e+03,8.764241633310273505e-01
2.454700000000353612e+03,8.764311796118328113e-01
2.454800000000353521e+03,8.764381952227852102e-01
2.454900000000353430e+03,8.764452101639753634e-01
2.455000000000353793e+03,8.764522244354939762e-01
2.455100000000353702e+03,8.764592380374313096e-01
2.455200000000353612e+03,8.764662509698780690e-01
2.455300000000353521e+03,8.764732632329247375e-01
2.455400000000353430e+03,8.764802748266619092e-01
2.455500000000353793e+03,8.764872857511802895e-01
2.455600000000353702e+03,8.764942960065699173e-01
2.455700000000353612e+03,8.765013055929216090e-01
2.455800000000353975e+03,8.765083145103257367e-01
2.455900000000353884e+03,8.765153227588726725e-01
2.456000000000353793e+03,8.765223303386530107e-01
2.456100000000353702e+03,8.765293372497571234e-01
2.456200000000353612e+03,8.765363434922751606e-01
2.456300000000353975e+03,8.765433490662979388e-01
2.456400000000353884e+03,8.765503539719156079e-01
2.456500000000353793e+03,8.765573582092183180e-01
2.456600000000354157e+03,8.765643617782967745e-01
2.456700000000354066e+03,8.765713646792411273e-01
2.456800000000353975e+03,8.765783669121416377e-01
2.456900000000353884e+03,8.765853684770885668e-01
2.457000000000353793e+03,8.765923693741723977e-01
2.457100000000354157e+03,8.765993696034832805e-01
2.457200000000354066e+03,8.766063691651113654e-01
2.457300000000353975e+03,8.766133680591469135e-01
2.457400000000354339e+03,8.766203662856802969e-01
2.457500000000354248e+03,8.766273638448016658e-01
2.457600000000354157e+03,8.766343607366010593e-01
2.457700000000354066e+03,8.766413569611686274e-01
2.457800000000353975e+03,8.766483525185948533e-01
2.457900000000354339e+03,8.766553474089695541e-01
2.458000000000354248e+03,8.766623416323828799e-01
2.458100000000354157e+03,8.766693351889249808e-01
2.458200000000354521e+03,8.766763280786861179e-01
2.458300000000354430e+03,8.766833203017559972e-01
2.458400000000354339e+03,8.766903118582249910e-01
2.458500000000354248e+03,8.766973027481830272e-01
2.458600000000354157e+03,8.767042929717200339e-01
2.458700000000354521e+03,8.767112825289263833e-01
2.458800000000354430e+03,8.767182714198916704e-01
2.458900000000354339e+03,8.767252596447061563e-01
2.459000000000354703e+03,8.767322472034595471e-01
2.459100000000354612e+03,8.767392340962419928e-01
2.459200000000354521e+03,8.767462203231433104e-01
2.459300000000354430e+03,8.767532058842534282e-01
2.459400000000354339e+03,8.767601907796623850e-01
2.459500000000354703e+03,8.767671750094599981e-01
2.459600000000354612e+03,8.767741585737359733e-01
2.459700000000354521e+03,8.767811414725803498e-01
2.459800000000354885e+03,8.767881237060831667e-01
2.459900000000354794e+03,8.767951052743337970e-01
2.460000000000354703e+03,8.768020861774222796e-01
2.460100000000354612e+03,8.768090664154384317e-01
2.460200000000354521e+03,8.768160459884719593e-01
2.460300000000354885e+03,8.768230248966127904e-01
2.460400000000354794e+03,8.768300031399504091e-01
2.460500000000354703e+03,8.768369807185748543e-01
2.460600000000355067e+03,8.768439576325754992e-01
2.460700000000354976e+03,8.768509338820423826e-01
2.460800000000354885e+03,8.768579094670648777e-01
2.460900000000354794e+03,8.768648843877329124e-01
2.461000000000354703e+03,8.768718586441360818e-01
2.461100000000355067e+03,8.768788322363639809e-01
2.461200000000354976e+03,8.768858051645063156e-01
2.461300000000354885e+03,8.768927774286524590e-01
2.461400000000355249e+03,8.768997490288922281e-01
2.461500000000355158e+03,8.769067199653152178e-01
2.461600000000355067e+03,8.769136902380109122e-01
2.461700000000354976e+03,8.769206598470687952e-01
2.461800000000354885e+03,8.769276287925784619e-01
2.461900000000355249e+03,8.769345970746295071e-01
2.462000000000355158e+03,8.769415646933114150e-01
2.462100000000355067e+03,8.769485316487134474e-01
2.462200000000355431e+03,8.769554979409254214e-01
2.462300000000355340e+03,8.769624635700365989e-01
2.462400000000355249e+03,8.769694285361363528e-01
2.462500000000355158e+03,8.769763928393142782e-01
2.462600000000355067e+03,8.769833564796597480e-01
2.462700000000355431e+03,8.769903194572620242e-01
2.462800000000355340e+03,8.769972817722105907e-01
2.462900000000355249e+03,8.770042434245948204e-01
2.463000000000355612e+03,8.770112044145039754e-01
2.463100000000355521e+03,8.770181647420275395e-01
2.463200000000355431e+03,8.770251244072546637e-01
2.463300000000355340e+03,8.770320834102748320e-01
2.463400000000355249e+03,8.770390417511770842e-01
2.463500000000355612e+03,8.770459994300509043e-01
2.463600000000355521e+03,8.770529564469855544e-01
2.463700000000355431e+03,8.770599128020700741e-01
2.463800000000355794e+03,8.770668684953939476e-01
2.463900000000355703e+03,8.770738235270462146e-01
2.464000000000355612e+03,8.770807778971160262e-01
2.464100000000355521e+03,8.770877316056926443e-01
2.464200000000355431e+03,8.770946846528652197e-01
2.464300000000355794e+03,8.771016370387230143e-01
2.464400000000355703e+03,8.771085887633550682e-01
2.464500000000355612e+03,8.771155398268504211e-01
2.464600000000355976e+03,8.771224902292982240e-01
2.464700000000355885e+03,8.771294399707876277e-01
2.464800000000355794e+03,8.771363890514075612e-01
2.464900000000355703e+03,8.771433374712472864e-01
2.465000000000355612e+03,8.771502852303958431e-01
2.465100000000355976e+03,8.771572323289419382e-01
2.465200000000355885e+03,8.771641787669749446e-01
2.465300000000355794e+03,8.771711245445836802e-01
2.465400000000356158e+03,8.771780696618570738e-01
2.465500000000356067e+03,8.771850141188842764e-01
2.465600000000355976e+03,8.771919579157539948e-01
2.465700000000355885e+03,8.771989010525554908e-01
2.465800000000355794e+03,8.772058435293773604e-01
2.465900000000356158e+03,8.772127853463086433e-01
2.466000000000356067e+03,8.772197265034382685e-01
2.466100000000355976e+03,8.772266670008550538e-01
2.466200000000356340e+03,8.772336068386478170e-01
2.466300000000356249e+03,8.772405460169055980e-01
2.466400000000356158e+03,8.772474845357169926e-01
2.466500000000356067e+03,8.772544223951709297e-01
2.466600000000355976e+03,8.772613595953560051e-01
2.466700000000356340e+03,8.772682961363614806e-01
2.466800000000356249e+03,8.772752320182755081e-01
2.466900000000356158e+03,8.772821672411873495e-01
2.467000000000356522e+03,8.772891018051854894e-01
2.467100000000356431e+03,8.772960357103586349e-01
2.467200000000356340e+03,8.773029689567956035e-01
2.467300000000356249e+03,8.773099015445849913e-01
2.467400000000356158e+03,8.773168334738156160e-01
2.467500000000356522e+03,8.773237647445759624e-01
2.467600000000356431e+03,8.773306953569547373e-01
2.467700000000356340e+03,8.773376253110405365e-01
2.467800000000356704e+03,8.773445546069220669e-01
2.467900000000356613e+03,8.773514832446879241e-01
2.468000000000356522e+03,8.773584112244265931e-01
2.468100000000356431e+03,8.773653385462266696e-01
2.468200000000356340e+03,8.773722652101768604e-01
2.468300000000356704e+03,8.773791912163654283e-01
2.468400000000356613e+03,8.773861165648810800e-01
2.468500000000356522e+03,8.773930412558123004e-01
2.468600000000356886e+03,8.773999652892475742e-01
2.468700000000356795e+03,8.774068886652753863e-01
2.468800000000356704e+03,8.774138113839841102e-01
2.468900000000356613e+03,8.774207334454623419e-01
2.469000000000356522e+03,8.774276548497984551e-01
2.469100000000356886e+03,8.774345755970807126e-01
2.469200000000356795e+03,8.774414956873978211e-01
2.469300000000356704e+03,8.774484151208379323e-01
2.469400000000357068e+03,8.774553338974895311e-01
2.469500000000356977e+03,8.774622520174407692e-01
2.469600000000356886e+03,8.774691694807802422e-01
2.469700000000356795e+03,8.774760862875962131e-01
2.469800000000356704e+03,8.774830024379769444e-01
2.469900000000357068e+03,8.774899179320105880e-01
2.470000000000356977e+03,8.774968327697858506e-01
2.470100000000356886e+03,8.775037469513904398e-01
2.470200000000357250e+03,8.775106604769131735e-01
2.470300000000357159e+03,8.775175733464417593e-01
2.470400000000357068e+03,8.775244855600647931e-01
2.470500000000356977e+03,8.775313971178702044e-01
2.470600000000356886e+03,8.775383080199463670e-01
2.470700000000357250e+03,8.775452182663815437e-01
2.470800000000357159e+03,8.775521278572636641e-01
2.470900000000357068e+03,8.775590367926809909e-01
2.471000000000357431e+03,8.775659450727215649e-01
2.471100000000357340e+03,8.775728526974736488e-01
2.471200000000357250e+03,8.775797596670250611e-01
2.471300000000357159e+03,8.775866659814643977e-01
2.471400000000357068e+03,8.775935716408791443e-01
2.471500000000357431e+03,8.776004766453577854e-01
2.471600000000357340e+03,8.776073809949880289e-01
2.471700000000357250e+03,8.776142846898581373e-01
2.471800000000357613e+03,8.776211877300560404e-01
2.471900000000357522e+03,8.776280901156697789e-01
2.472000000000357431e+03,8.776349918467872824e-01
2.472100000000357340e+03,8.776418929234964805e-01
2.472200000000357250e+03,8.776487933458853030e-01
2.472300000000357613e+03,8.776556931140419016e-01
2.472400000000357522e+03,8.776625922280538727e-01
2.472500000000357431e+03,8.776694906880092573e-01
2.472600000000357795e+03,8.776763884939959848e-01
2.472700000000357704e+03,8.776832856461019849e-01
2.472800000000357613e+03,8.776901821444148544e-01
2.472900000000357522e+03,8.776970779890227448e-01
2.473000000000357431e+03,8.777039731800132527e-01
2.473100000000357795e+03,8.777108677174744189e-01
2.473200000000357704e+03,8.777177616014937289e-01
2.473300000000357613e+03,8.777246548321593345e-01
2.473400000000357977e+03,8.777315474095587211e-01
2.473500000000357886e+03,8.777384393337795965e-01
2.473600000000357795e+03,8.777453306049100012e-01
2.473700000000357704e+03,8.777522212230373100e-01
2.473800000000357613e+03,8.777591111882496744e-01
2.473900000000357977e+03,8.777660005006342470e-01
2.474000000000357886e+03,8.777728891602791794e-01
2.474100000000357795e+03,8.777797771672716243e-01
2.474200000000358159e+03,8.777866645216998442e-01
2.474300000000358068e+03,8.777935512236509918e-01
2.474400000000357977e+03,8.778004372732128857e-01
2.474500000000357886e+03,8.778073226704731225e-01
2.474600000000357795e+03,8.778142074155191876e-01
2.474700000000358159e+03,8.778210915084387889e-01
2.474800000000358068e+03,8.778279749493193007e-01
2.474900000000357977e+03,8.778348577382484308e-01
2.475000000000358341e+03,8.778417398753136647e-01
2.475100000000358250e+03,8.778486213606023769e-01
2.475200000000358159e+03,8.778555021942023862e-01
2.475300000000358068e+03,8.778623823762008449e-01
2.475400000000357977e+03,8.778692619066854608e-01
2.475500000000358341e+03,8.778761407857434973e-01
2.475600000000358250e+03,8.778830190134624400e-01
2.475700000000358159e+03,8.778898965899296636e-01
2.475800000000358523e+03,8.778967735152327645e-01
2.475900000000358432e+03,8.779036497894590063e-01
2.476000000000358341e+03,8.779105254126957636e-01
2.476100000000358250e+03,8.779174003850302999e-01
2.476200000000358159e+03,8.779242747065502117e-01
2.476300000000358523e+03,8.779311483773426517e-01
2.476400000000358432e+03,8.779380213974949942e-01
2.476500000000358341e+03,8.779448937670945030e-01
2.476600000000358705e+03,8.779517654862284415e-01
2.476700000000358614e+03,8.779586365549841842e-01
2.476800000000358523e+03,8.779655069734488837e-01
2.476900000000358432e+03,8.779723767417098035e-01
2.477000000000358341e+03,8.779792458598542071e-01
2.477100000000358705e+03,8.779861143279692470e-01
2.477200000000358614e+03,8.779929821461421868e-01
2.477300000000358523e+03,8.779998493144602900e-01
2.477400000000358887e+03,8.780067158330105981e-01
2.477500000000358796e+03,8.780135817018802635e-01
2.477600000000358705e+03,8.780204469211563278e-01
2.477700000000358614e+03,8.780273114909261656e-01
2.477800000000358523e+03,8.780341754112765962e-01
2.477900000000358887e+03,8.780410386822949942e-01
2.478000000000358796e+03,8.780479013040682901e-01
2.478100000000358705e+03,8.780547632766835253e-01
2.478200000000359069e+03,8.780616246002278524e-01
2.478300000000358978e+03,8.780684852747882019e-01
2.478400000000358887e+03,8.780753453004516151e-01
2.478500000000358796e+03,8.780822046773051337e-01
2.478600000000358705e+03,8.780890634054356880e-01
2.478700000000359069e+03,8.780959214849303196e-01
2.478800000000358978e+03,8.781027789158759589e-01
2.478900000000358887e+03,8.781096356983595363e-01
2.479000000000359250e+03,8.781164918324679824e-01
2.479100000000359159e+03,8.781233473182882276e-01
2.479200000000359069e+03,8.781302021559072024e-01
2.479300000000358978e+03,8.781370563454116152e-01
2.479400000000358887e+03,8.781439098868885074e-01
2.479500000000359250e+03,8.781507627804248095e-01
2.479600000000359159e+03,8.781576150261071190e-01
2.479700000000359069e+03,8.781644666240223662e-01
2.479800000000359432e+03,8.781713175742575928e-01
2.479900000000359341e+03,8.781781678768991739e-01
2.480000000000359250e+03,8.781850175320341512e-01
2.480100000000359159e+03,8.781918665397493440e-01
2.480200000000359069e+03,8.781987149001312387e-01
2.480300000000359432e+03,8.782055626132668769e-01
2.480400000000359341e+03,8.782124096792427448e-01
2.480500000000359250e+03,8.782192560981456619e-01
2.480600000000359614e+03,8.782261018700623367e-01
2.480700000000359523e+03,8.782329469950793666e-01
2.480800000000359432e+03,8.782397914732833488e-01
2.480900000000359341e+03,8.782466353047611030e-01
2.481000000000359250e+03,8.782534784895992264e-01
2.481100000000359614e+03,8.782603210278844275e-01
2.481200000000359523e+03,8.782671629197029706e-01
2.481300000000359432e+03,8.782740041651416751e-01
2.481400000000359796e+03,8.782808447642871386e-01
2.481500000000359705e+03,8.782876847172259582e-01
2.481600000000359614e+03,8.782945240240445095e-01
2.481700000000359523e+03,8.783013626848293898e-01
2.481800000000359432e+03,8.783082006996671964e-01
2.481900000000359796e+03,8.783150380686443048e-01
2.482000000000359705e+03,8.783218747918472014e-01
2.482100000000359614e+03,8.783287108693623724e-01
2.482200000000359978e+03,8.783355463012764153e-01
2.482300000000359887e+03,8.783423810876757054e-01
2.482400000000359796e+03,8.783492152286465071e-01
2.482500000000359705e+03,8.783560487242753068e-01
2.482600000000359614e+03,8.783628815746487017e-01
2.482700000000359978e+03,8.783697137798528454e-01
2.482800000000359887e+03,8.783765453399741130e-01
2.482900000000359796e+03,8.783833762550989910e-01
2.483000000000360160e+03,8.783902065253137437e-01
2.483100000000360069e+03,8.783970361507045244e-01
2.483200000000359978e+03,8.784038651313580415e-01
2.483300000000359887e+03,8.784106934673601152e-01
2.483400000000359796e+03,8.784175211587974541e-01
2.483500000000360160e+03,8.784243482057559893e-01
2.483600000000360069e+03,8.784311746083220962e-01
2.483700000000359978e+03,8.784380003665821501e-01
2.483800000000360342e+03,8.784448254806220824e-01
2.483900000000360251e+03,8.784516499505282683e-01
2.484000000000360160e+03,8.784584737763869722e-01
2.484100000000360069e+03,8.784652969582841253e-01
2.484200000000359978e+03,8.784721194963061031e-01
2.484300000000360342e+03,8.784789413905390587e-01
2.484400000000360251e+03,8.784857626410690346e-01
2.484500000000360160e+03,8.784925832479820729e-01
2.484600000000360524e+03,8.784994032113643270e-01
2.484700000000360433e+03,8.785062225313019502e-01
2.484800000000360342e+03,8.785130412078809847e-01
2.484900000000360251e+03,8.785198592411875840e-01
2.485000000000360160e+03,8.785266766313075681e-01
2.485100000000360524e+03,8.785334933783270905e-01
2.485200000000360433e+03,8.785403094823320824e-01
2.485300000000360342e+03,8.785471249434088081e-01
2.485400000000360706e+03,8.785539397616429769e-01
2.485500000000360615e+03,8.785607539371205199e-01
2.485600000000360524e+03,8.785675674699277016e-01
2.485700000000360433e+03,8.785743803601501201e-01
2.485800000000360342e+03,8.785811926078739287e-01
2.485900000000360706e+03,8.785880042131849477e-01
2.486000000000360615e+03,8.785948151761689973e-01
2.486100000000360524e+03,8.786016254969121198e-01
2.486200000000360887e+03,8.786084351755000244e-01
2.486300000000360797e+03,8.786152442120188644e-01
2.486400000000360706e+03,8.786220526065540160e-01
2.486500000000360615e+03,8.786288603591915214e-01
2.486600000000360524e+03,8.786356674700173119e-01
2.486700000000360887e+03,8.786424739391170968e-01
2.486800000000360797e+03,8.786492797665766963e-01
2.486900000000360706e+03,8.786560849524815975e-01
2.487000000000361069e+03,8.786628894969179537e-01
2.487100000000360978e+03,8.786696933999712522e-01
2.487200000000360887e+03,8.786764966617272021e-01
2.487300000000360797e+03,8.786832992822716237e-01
2.487400000000360706e+03,8.786901012616901152e-01
2.487500000000361069e+03,8.786969026000684968e-01
2.487600000000360978e+03,8.787037032974921447e-01
2.487700000000360887e+03,8.787105033540471011e-01
2.487800000000361251e+03,8.787173027698186312e-01
2.487900000000361160e+03,8.787241015448925552e-01
2.488000000000361069e+03,8.787308996793544713e-01
2.488100000000360978e+03,8.787376971732898667e-01
2.488200000000360887e+03,8.787444940267843396e-01
2.488300000000361251e+03,8.787512902399235992e-01
2.488400000000361160e+03,8.787580858127929107e-01
2.488500000000361069e+03,8.787648807454780941e-01
2.488600000000361433e+03,8.787716750380645259e-01
2.488700000000361342e+03,8.787784686906375820e-01
2.488800000000361251e+03,8.787852617032828606e-01
2.488900000000361160e+03,8.787920540760860710e-01
2.489000000000361069e+03,8.787988458091322563e-01
2.489100000000361433e+03,8.788056369025072367e-01
2.489200000000361342e+03,8.788124273562961664e-01
2.489300000000361251e+03,8.788192171705844213e-01
2.489400000000361615e+03,8.788260063454577109e-01
2.489500000000361524e+03,8.788327948810010781e-01
2.489600000000361433e+03,8.788395827773002322e-01
2.489700000000361342e+03,8.788463700344402163e-01
2.489800000000361251e+03,8.788531566525065175e-01
2.489900000000361615e+03,8.788599426315845120e-01
2.490000000000361524e+03,8.788667279717593539e-01
2.490100000000361433e+03,8.788735126731165304e-01
2.490200000000361797e+03,8.788802967357410845e-01
2.490300000000361706e+03,8.788870801597186144e-01
2.490400000000361615e+03,8.788938629451340523e-01
2.490500000000361524e+03,8.789006450920726632e-01
2.490600000000361433e+03,8.789074266006199343e-01
2.490700000000361797e+03,8.789142074708609087e-01
2.490800000000361706e+03,8.789209877028807405e-01
2.490900000000361615e+03,8.789277672967648058e-01
2.491000000000361979e+03,8.789345462525979258e-01
2.491100000000361888e+03,8.789413245704654765e-01
2.491200000000361797e+03,8.789481022504526120e-01
2.491300000000361706e+03,8.789548792926444865e-01
2.491400000000361615e+03,8.789616556971260319e-01
2.491500000000361979e+03,8.789684314639825136e-01
2.491600000000361888e+03,8.789752065932988634e-01
2.491700000000361797e+03,8.789819810851601245e-01
2.491800000000362161e+03,8.789887549396516730e-01
2.491900000000362070e+03,8.789955281568582190e-01
2.492000000000361979e+03,8.790023007368648056e-01
2.492100000000361888e+03,8.790090726797565868e-01
2.492200000000361797e+03,8.790158439856183836e-01
2.492300000000362161e+03,8.790226146545354613e-01
2.492400000000362070e+03,8.790293846865924188e-01
2.492500000000361979e+03,8.790361540818745212e-01
2.492600000000362343e+03,8.790429228404663675e-01
2.492700000000362252e+03,8.790496909624532229e-01
2.492800000000362161e+03,8.790564584479197974e-01
2.492900000000362070e+03,8.790632252969510230e-01
2.493000000000361979e+03,8.790699915096318318e-01
2.493100000000362343e+03,8.790767570860469338e-01
2.493200000000362252e+03,8.790835220262812610e-01
2.493300000000362161e+03,8.790902863304197457e-01
2.493400000000362525e+03,8.790970499985470976e-01
2.493500000000362434e+03,8.791038130307481380e-01
2.493600000000362343e+03,8.791105754271076878e-01
2.493700000000362252e+03,8.791173371877104570e-01
2.493800000000362161e+03,8.791240983126413777e-01
2.493900000000362525e+03,8.791308588019849379e-01
2.494000000000362434e+03,8.791376186558259587e-01
2.494100000000362343e+03,8.791443778742492610e-01
2.494200000000362706e+03,8.791511364573394438e-01
2.494300000000362616e+03,8.791578944051813282e-01
2.494400000000362525e+03,8.791646517178594022e-01
2.494500000000362434e+03,8.791714083954584869e-01
2.494600000000362343e+03,8.791781644380630700e-01
2.494700000000362706e+03,8.791849198457579728e-01
2.494800000000362616e+03,8.791916746186276832e-01
2.494900000000362525e+03,8.791984287567566891e-01
2.495000000000362888e+03,8.792051822602299227e-01
2.495100000000362797e+03,8.792119351291316498e-01
2.495200000000362706e+03,8.792186873635465805e-01
2.495300000000362616e+03,8.792254389635590917e-01
2.495400000000362525e+03,8.792321899292540044e-01
2.495500000000362888e+03,8.792389402607155846e-01
2.495600000000362797e+03,8.792456899580285423e-01
2.495700000000362706e+03,8.792524390212770324e-01
2.495800000000363070e+03,8.792591874505458760e-01
2.495900000000362979e+03,8.792659352459194499e-01
2.496000000000362888e+03,8.792726824074820202e-01
2.496100000000362797e+03,8.792794289353181858e-01
2.496200000000362706e+03,8.792861748295122126e-01
2.496300000000363070e+03,8.792929200901486997e-01
2.496400000000362979e+03,8.792996647173119129e-01
2.496500000000362888e+03,8.793064087110862292e-01
2.496600000000363252e+03,8.793131520715561367e-01
2.496700000000363161e+03,8.793198947988057901e-01
2.496800000000363070e+03,8.793266368929195664e-01
2.496900000000362979e+03,8.793333783539818427e-01
2.497000000000362888e+03,8.793401191820767737e-01
2.497100000000363252e+03,8.793468593772889585e-01
2.497200000000363161e+03,8.793535989397024411e-01
2.497300000000363070e+03,8.793603378694013761e-01
2.497400000000363434e+03,8.793670761664701407e-01
2.497500000000363343e+03,8.793738138309931118e-01
2.497600000000363252e+03,8.793805508630543333e-01
2.497700000000363161e+03,8.793872872627378490e-01
2.497800000000363070e+03,8.793940230301281469e-01
2.497900000000363434e+03,8.794007581653093819e-01
2.498000000000363343e+03,8.794074926683653759e-01
2.498100000000363252e+03,8.794142265393807278e-01
2.498200000000363616e+03,8.794209597784391486e-01
2.498300000000363525e+03,8.794276923856251260e-01
2.498400000000363434e+03,8.794344243610224821e-01
2.498500000000363343e+03,8.794411557047153716e-01
2.498600000000363252e+03,8.794478864167878385e-01
2.498700000000363616e+03,8.794546164973241487e-01
2.498800000000363525e+03,8.794613459464081240e-01
2.498900000000363434e+03,8.794680747641238083e-01
2.499000000000363798e+03,8.794748029505553566e-01
2.499100000000363707e+03,8.794815305057867016e-01
2.499200000000363616e+03,8.794882574299017763e-01
2.499300000000363525e+03,8.794949837229845135e-01
2.499400000000363434e+03,8.795017093851190682e-01
2.499500000000363798e+03,8.795084344163891510e-01
2.499600000000363707e+03,8.795151588168789170e-01
2.499700000000363616e+03,8.795218825866720769e-01
2.499800000000363980e+03,8.795286057258526746e-01
2.499900000000363889e+03,8.795353282345044210e-01
2.500000000000363798e+03,8.795420501127114710e-01
2.500100000000363707e+03,8.795487713605574243e-01
2.500200000000363616e+03,8.795554919781262138e-01
2.500300000000363980e+03,8.795622119655016613e-01
2.500400000000363889e+03,8.795689313227676998e-01
2.500500000000363798e+03,8.795756500500078179e-01
2.500600000000364162e+03,8.795823681473062816e-01
2.500700000000364071e+03,8.795890856147463577e-01
2.500800000000363980e+03,8.795958024524122010e-01
2.500900000000363889e+03,8.796025186603874113e-01
2.501000000000363798e+03,8.796092342387555885e-01
2.501100000000364162e+03,8.796159491876005543e-01
2.501200000000364071e+03,8.796226635070061306e-01
2.501300000000363980e+03,8.796293771970558062e-01
2.501400000000364344e+03,8.796360902578332919e-01
2.501500000000364253e+03,8.796428026894224095e-01
2.501600000000364162e+03,8.796495144919066478e-01
2.501700000000364071e+03,8.796562256653696066e-01
2.501800000000363980e+03,8.796629362098948857e-01
2.501900000000364344e+03,8.796696461255664179e-01
2.502000000000364253e+03,8.796763554124673590e-01
2.502100000000364162e+03,8.796830640706816418e-01
2.502200000000364525e+03,8.796897721002925330e-01
2.502300000000364435e+03,8.796964795013837435e-01
2.502400000000364344e+03,8.797031862740386510e-01
2.502500000000364253e+03,8.797098924183409663e-01
2.502600000000364162e+03,8.797165979343740672e-01
2.502700000000364525e+03,8.797233028222215534e-01
2.502800000000364435e+03,8.797300070819668028e-01
2.502900000000364344e+03,8.797367107136931930e-01
2.503000000000364707e+03,8.797434137174844349e-01
2.503100000000364616e+03,8.797501160934236841e-01
2.503200000000364525e+03,8.797568178415946516e-01
2.503300000000364435e+03,8.797635189620802709e-01
2.503400000000364344e+03,8.797702194549644750e-01
2.503500000000364707e+03,8.797769193203303084e-01
2.503600000000364616e+03,8.797836185582612600e-01
2.503700000000364525e+03,8.797903171688404855e-01
2.503800000000364889e+03,8.797970151521515847e-01
2.503900000000364798e+03,8.798037125082777132e-01
2.504000000000364707e+03,8.798104092373022489e-01
2.504100000000364616e+03,8.798171053393084584e-01
2.504200000000364525e+03,8.798238008143796085e-01
2.504300000000364889e+03,8.798304956625989659e-01
2.504400000000364798e+03,8.798371898840496863e-01
2.504500000000364707e+03,8.798438834788151475e-01
2.504600000000365071e+03,8.798505764469786161e-01
2.504700000000364980e+03,8.798572687886230259e-01
2.504800000000364889e+03,8.798639605038318656e-01
2.504900000000364798e+03,8.798706515926881799e-01
2.505000000000364707e+03,8.798773420552750135e-01
2.505100000000365071e+03,8.798840318916757441e-01
2.505200000000364980e+03,8.798907211019734165e-01
2.505300000000364889e+03,8.798974096862510752e-01
2.505400000000365253e+03,8.799040976445919870e-01
2.505500000000365162e+03,8.799107849770790857e-01
2.505600000000365071e+03,8.799174716837955268e-01
2.505700000000364980e+03,8.799241577648243551e-01
2.505800000000364889e+03,8.799308432202486152e-01
2.505900000000365253e+03,8.799375280501514629e-01
2.506000000000365162e+03,8.799442122546157208e-01
2.506100000000365071e+03,8.799508958337244335e-01
2.506200000000365435e+03,8.799575787875607569e-01
2.506300000000365344e+03,8.799642611162076244e-01
2.506400000000365253e+03,8.799709428197477479e-01
2.506500000000365162e+03,8.799776238982643939e-01
2.506600000000365071e+03,8.799843043518403851e-01
2.506700000000365435e+03,8.799909841805586552e-01
2.506800000000365344e+03,8.799976633845020269e-01
2.506900000000365253e+03,8.800043419637535447e-01
2.507000000000365617e+03,8.800110199183960313e-01
2.507100000000365526e+03,8.800176972485123095e-01
2.507200000000365435e+03,8.800243739541853127e-01
2.507300000000365344e+03,8.800310500354977528e-01
2.507400000000365253e+03,8.800377254925325632e-01
2.507500000000365617e+03,8.800444003253725667e-01
2.507600000000365526e+03,8.800510745341005858e-01
2.507700000000365435e+03,8.800577481187992213e-01
2.507800000000365799e+03,8.800644210795515177e-01
2.507900000000365708e+03,8.800710934164398536e-01
2.508000000000365617e+03,8.800777651295473847e-01
2.508100000000365526e+03,8.800844362189566006e-01
2.508200000000365435e+03,8.800911066847501019e-01
2.508300000000365799e+03,8.800977765270110442e-01
2.508400000000365708e+03,8.801044457458215842e-01
2.508500000000365617e+03,8.801111143412647664e-01
2.508600000000365981e+03,8.801177823134230804e-01
2.508700000000365890e+03,8.801244496623791269e-01
2.508800000000365799e+03,8.801311163882157285e-01
2.508900000000365708e+03,8.801377824910152636e-01
2.509000000000365617e+03,8.801444479708605551e-01
2.509100000000365981e+03,8.801511128278340923e-01
2.509200000000365890e+03,8.801577770620183649e-01
2.509300000000365799e+03,8.801644406734959736e-01
2.509400000000366163e+03,8.801711036623496298e-01
2.509500000000366072e+03,8.801777660286616012e-01
2.509600000000365981e+03,8.801844277725147103e-01
2.509700000000365890e+03,8.801910888939912248e-01
2.509800000000365799e+03,8.801977493931736340e-01
2.509900000000366163e+03,8.802044092701445388e-01
2.510000000000366072e+03,8.802110685249864286e-01
2.510100000000365981e+03,8.802177271577814599e-01
2.510200000000366344e+03,8.802243851686124554e-01
2.510300000000366254e+03,8.802310425575615715e-01
2.510400000000366163e+03,8.802376993247112980e-01
2.510500000000366072e+03,8.802443554701440132e-01
2.510600000000365981e+03,8.802510109939422067e-01
2.510700000000366344e+03,8.802576658961881462e-01
2.510800000000366254e+03,8.802643201769640990e-01
2.510900000000366163e+03,8.802709738363525549e-01
2.511000000000366526e+03,8.802776268744356702e-01
2.511100000000366435e+03,8.802842792912959347e-01
2.511200000000366344e+03,8.802909310870155046e-01
2.511300000000366254e+03,8.802975822616767587e-01
2.511400000000366163e+03,8.803042328153618534e-01
2.511500000000366526e+03,8.803108827481531673e-01
2.511600000000366435e+03,8.803175320601328568e-01
2.511700000000366344e+03,8.803241807513831896e-01
2.511800000000366708e+03,8.803308288219864330e-01
2.511900000000366617e+03,8.803374762720245217e-01
2.512000000000366526e+03,8.803441231015799451e-01
2.512100000000366435e+03,8.803507693107347487e-01
2.512200000000366344e+03,8.803574148995710891e-01
2.512300000000366708e+03,8.803640598681711227e-01
2.512400000000366617e+03,8.803707042166168950e-01
2.512500000000366526e+03,8.803773479449907846e-01
2.512600000000366890e+03,8.803839910533746149e-01
2.512700000000366799e+03,8.803906335418504314e-01
2.512800000000366708e+03,8.803972754105005016e-01
2.512900000000366617e+03,8.804039166594067600e-01
2.513000000000366526e+03,8.804105572886513631e-01
2.513100000000366890e+03,8.804171972983163563e-01
2.513200000000366799e+03,8.804238366884836742e-01
2.513300000000366708e+03,8.804304754592352511e-01
2.513400000000367072e+03,8.804371136106531326e-01
2.513500000000366981e+03,8.804437511428193641e-01
2.513600000000366890e+03,8.804503880558158802e-01
2.513700000000366799e+03,8.804570243497246151e-01
2.513800000000366708e+03,8.804636600246275036e-01
2.513900000000367072e+03,8.804702950806063688e-01
2.514000000000366981e+03,8.804769295177432564e-01
2.514100000000366890e+03,8.804835633361199898e-01
2.514200000000367254e+03,8.804901965358186144e-01
2.514300000000367163e+03,8.804968291169206207e-01
2.514400000000367072e+03,8.805034610795081651e-01
2.514500000000366981e+03,8.805100924236630711e-01
2.514600000000366890e+03,8.805167231494670510e-01
2.514700000000367254e+03,8.805233532570019284e-01
2.514800000000367163e+03,8.805299827463495266e-01
2.514900000000367072e+03,8.805366116175916691e-01
2.515000000000367436e+03,8.805432398708100683e-01
2.515100000000367345e+03,8.805498675060864366e-01
2.515200000000367254e+03,8.805564945235025975e-01
2.515300000000367163e+03,8.805631209231402634e-01
2.515400000000367072e+03,8.805697467050811467e-01
2.515500000000367436e+03,8.805763718694069597e-01
2.515600000000367345e+03,8.805829964161993040e-01
2.515700000000367254e+03,8.805896203455398918e-01
2.515800000000367618e+03,8.805962436575104357e-01
2.515900000000367527e+03,8.806028663521926481e-01
2.516000000000367436e+03,8.806094884296679082e-01
2.516100000000367345e+03,8.806161098900179285e-01
2.516200000000367254e+03,8.806227307333244214e-01
2.516300000000367618e+03,8.806293509596689884e-01
2.516400000000367527e+03,8.806359705691330086e-01
2.516500000000367436e+03,8.806425895617980837e-01
2.516600000000367800e+03,8.806492079377460369e-01
2.516700000000367709e+03,8.806558256970581366e-01
2.516800000000367618e+03,8.806624428398158733e-01
2.516900000000367527e+03,8.806690593661009592e-01
2.517000000000367436e+03,8.806756752759946627e-01
2.517100000000367800e+03,8.806822905695788073e-01
2.517200000000367709e+03,8.806889052469343282e-01
2.517300000000367618e+03,8.806955193081431599e-01
2.517400000000367982e+03,8.807021327532865707e-01
2.517500000000367891e+03,8.807087455824458289e-01
2.517600000000367800e+03,8.807153577957025359e-01
2.517700000000367709e+03,8.807219693931380711e-01
2.517800000000367618e+03,8.807285803748337027e-01
2.517900000000367982e+03,8.807351907408709213e-01
2.518000000000367891e+03,8.807418004913309950e-01
2.518100000000367800e+03,8.807484096262953033e-01
2.518200000000368163e+03,8.807550181458451144e-01
2.518300000000368073e+03,8.807616260500619187e-01
2.518400000000367982e+03,8.807682333390268736e-01
2.518500000000367891e+03,8.807748400128211363e-01
2.518600000000367800e+03,8.807814460715263083e-01
2.518700000000368163e+03,8.807880515152234358e-01
2.518800000000368073e+03,8.807946563439937870e-01
2.518900000000367982e+03,8.808012605579185195e-01
2.519000000000368345e+03,8.808078641570791234e-01
2.519100000000368254e+03,8.808144671415564231e-01
2.519200000000368163e+03,8.808210695114319089e-01
2.519300000000368073e+03,8.808276712667865160e-01
2.519400000000367982e+03,8.808342724077016239e-01
2.519500000000368345e+03,8.808408729342583898e-01
2.519600000000368254e+03,8.808474728465378600e-01
2.519700000000368163e+03,8.808540721446209698e-01
2.519800000000368527e+03,8.808606708285890985e-01
2.519900000000368436e+03,8.808672688985232924e-01
2.520000000000368345e+03,8.808738663545045977e-01
2.520100000000368254e+03,8.808804631966139498e-01
2.520200000000368163e+03,8.808870594249326169e-01
2.520300000000368527e+03,8.808936550395415344e-01
2.520400000000368436e+03,8.809002500405216374e-01
2.520500000000368345e+03,8.809068444279540833e-01
2.520600000000368709e+03,8.809134382019199183e-01
2.520700000000368618e+03,8.809200313625000778e-01
2.520800000000368527e+03,8.809266239097753859e-01
2.520900000000368436e+03,8.809332158438268889e-01
2.521000000000368345e+03,8.809398071647356332e-01
2.521100000000368709e+03,8.809463978725824429e-01
2.521200000000368618e+03,8.809529879674482533e-01
2.521300000000368527e+03,8.809595774494138887e-01
2.521400000000368891e+03,8.809661663185603953e-01
2.521500000000368800e+03,8.809727545749685973e-01
2.521600000000368709e+03,8.809793422187193190e-01
2.521700000000368618e+03,8.809859292498933847e-01
2.521800000000368527e+03,8.809925156685716185e-01
2.521900000000368891e+03,8.809991014748349558e-01
2.522000000000368800e+03,8.810056866687641097e-01
2.522100000000368709e+03,8.810122712504399045e-01
2.522200000000369073e+03,8.810188552199431644e-01
2.522300000000368982e+03,8.810254385773546026e-01
2.522400000000368891e+03,8.810320213227549324e-01
2.522500000000368800e+03,8.810386034562249780e-01
2.522600000000368709e+03,8.810451849778453415e-01
2.522700000000369073e+03,8.810517658876969582e-01
2.522800000000368982e+03,8.810583461858603194e-01
2.522900000000368891e+03,8.810649258724161381e-01
2.523000000000369255e+03,8.810715049474452387e-01
2.523100000000369164e+03,8.810780834110280013e-01
2.523200000000369073e+03,8.810846612632453612e-01
2.523300000000368982e+03,8.810912385041778094e-01
2.523400000000368891e+03,8.810978151339059483e-01
2.523500000000369255e+03,8.811043911525104910e-01
2.523600000000369164e+03,8.811109665600718177e-01
2.523700000000369073e+03,8.811175413566707526e-01
2.523800000000369437e+03,8.811241155423876759e-01
2.523900000000369346e+03,8.811306891173031897e-01
2.524000000000369255e+03,8.811372620814978962e-01
2.524100000000369164e+03,8.811438344350521756e-01
2.524200000000369073e+03,8.811504061780466301e-01
2.524300000000369437e+03,8.811569773105618619e-01
2.524400000000369346e+03,8.811635478326781401e-01
2.524500000000369255e+03,8.811701177444760669e-01
2.524600000000369619e+03,8.811766870460361334e-01
2.524700000000369528e+03,8.811832557374386088e-01
2.524800000000369437e+03,8.811898238187639842e-01
2.524900000000369346e+03,8.811963912900928619e-01
2.525000000000369255e+03,8.812029581515054000e-01
2.525100000000369619e+03,8.812095244030819785e-01
2.525200000000369528e+03,8.812160900449031997e-01
2.525300000000369437e+03,8.812226550770492217e-01
2.525400000000369801e+03,8.812292194996005357e-01
2.525500000000369710e+03,8.812357833126372997e-01
2.525600000000369619e+03,8.812423465162400049e-01
2.525700000000369528e+03,8.812489091104888095e-01
2.525800000000369437e+03,8.812554710954640935e-01
2.525900000000369801e+03,8.812620324712461262e-01
2.526000000000369710e+03,8.812685932379151765e-01
2.526100000000369619e+03,8.812751533955515137e-01
2.526200000000369982e+03,8.812817129442352959e-01
2.526300000000369891e+03,8.812882718840469032e-01
2.526400000000369801e+03,8.812948302150662716e-01
2.526500000000369710e+03,8.813013879373738924e-01
2.526600000000369619e+03,8.813079450510498125e-01
2.526700000000369982e+03,8.813145015561741902e-01
2.526800000000369891e+03,8.813210574528271835e-01
2.526900000000369801e+03,8.813276127410889504e-01
2.527000000000370164e+03,8.813341674210397603e-01
2.527100000000370073e+03,8.813407214927594380e-01
2.527200000000369982e+03,8.813472749563283637e-01
2.527300000000369891e+03,8.813538278118264735e-01
2.527400000000369801e+03,8.813603800593338145e-01
2.527500000000370164e+03,8.813669316989305447e-01
2.527600000000370073e+03,8.813734827306967112e-01
2.527700000000369982e+03,8.813800331547123612e-01
2.527800000000370346e+03,8.813865829710573196e-01
2.527900000000370255e+03,8.813931321798119667e-01
2.528000000000370164e+03,8.813996807810559053e-01
2.528100000000370073e+03,8.814062287748694047e-01
2.528200000000369982e+03,8.814127761613322898e-01
2.528300000000370346e+03,8.814193229405246077e-01
2.528400000000370255e+03,8.814258691125260725e-01
2.528500000000370164e+03,8.814324146774169533e-01
2.528600000000370528e+03,8.814389596352769640e-01
2.528700000000370437e+03,8.814455039861860408e-01
2.528800000000370346e+03,8.814520477302240087e-01
2.528900000000370255e+03,8.814585908674708037e-01
2.529000000000370164e+03,8.814651333980063619e-01
2.529100000000370528e+03,8.814716753219103973e-01
2.529200000000370437e+03,8.814782166392627349e-01
2.529300000000370346e+03,8.814847573501434219e-01
2.529400000000370710e+03,8.814912974546319502e-01
2.529500000000370619e+03,8.814978369528082558e-01
2.529600000000370528e+03,8.815043758447521638e-01
2.529700000000370437e+03,8.815109141305434992e-01
2.529800000000370346e+03,8.815174518102618650e-01
2.529900000000370710e+03,8.815239888839870863e-01
2.530000000000370619e+03,8.815305253517987660e-01
2.530100000000370528e+03,8.815370612137767292e-01
2.530200000000370892e+03,8.815435964700008009e-01
2.530300000000370801e+03,8.815501311205502510e-01
2.530400000000370710e+03,8.815566651655052377e-01
2.530500000000370619e+03,8.815631986049452529e-01
2.530600000000370528e+03,8.815697314389497885e-01
2.530700000000370892e+03,8.815762636675985586e-01
2.530800000000370801e+03,8.815827952909712772e-01
2.530900000000370710e+03,8.815893263091474363e-01
2.531000000000371074e+03,8.815958567222068609e-01
2.531100000000370983e+03,8.816023865302288209e-01
2.531200000000370892e+03,8.816089157332929194e-01
2.531300000000370801e+03,8.816154443314788702e-01
2.531400000000370710e+03,8.816219723248661655e-01
2.531500000000371074e+03,8.816284997135342971e-01
2.531600000000370983e+03,8.816350264975627571e-01
2.531700000000370892e+03,8.816415526770311484e-01
2.531800000000371256e+03,8.816480782520188519e-01
2.531900000000371165e+03,8.816546032226053597e-01
2.532000000000371074e+03,8.816611275888701638e-01
2.532100000000370983e+03,8.816676513508927560e-01
2.532200000000370892e+03,8.816741745087522952e-01
2.532300000000371256e+03,8.816806970625284956e-01
2.532400000000371165e+03,8.816872190123007380e-01
2.532500000000371074e+03,8.816937403581484034e-01
2.532600000000371438e+03,8.817002611001507617e-01
2.532700000000371347e+03,8.817067812383871939e-01
2.532800000000371256e+03,8.817133007729371919e-01
2.532900000000371165e+03,8.817198197038799146e-01
2.533000000000371074e+03,8.817263380312947429e-01
2.533100000000371438e+03,8.817328557552610580e-01
2.533200000000371347e+03,8.817393728758581295e-01
2.533300000000371256e+03,8.817458893931652275e-01
2.533400000000371620e+03,8.817524053072617329e-01
2.533500000000371529e+03,8.817589206182265826e-01
2.533600000000371438e+03,8.817654353261393796e-01
2.533700000000371347e+03,8.817719494310792827e-01
2.533800000000371256e+03,8.817784629331253399e-01
2.533900000000371620e+03,8.817849758323569320e-01
2.534000000000371529e+03,8.817914881288531070e-01
2.534100000000371438e+03,8.817979998226932459e-01
2.534200000000371801e+03,8.818045109139562854e-01
2.534300000000371710e+03,8.818110214027214955e-01
2.534400000000371620e+03,8.818175312890680351e-01
2.534500000000371529e+03,8.818240405730749520e-01
2.534600000000371438e+03,8.818305492548214053e-01
2.534700000000371801e+03,8.818370573343865537e-01
2.534800000000371710e+03,8.818435648118495562e-01
2.534900000000371620e+03,8.818500716872891276e-01
2.535000000000371983e+03,8.818565779607846489e-01
2.535100000000371892e+03,8.818630836324150568e-01
2.535200000000371801e+03,8.818695887022593993e-01
2.535300000000371710e+03,8.818760931703968353e-01
2.535400000000371620e+03,8.818825970369060796e-01
2.535500000000371983e+03,8.818891003018662911e-01
2.535600000000371892e+03,8.818956029653565176e-01
2.535700000000371801e+03,8.819021050274554741e-01
2.535800000000372165e+03,8.819086064882425413e-01
2.535900000000372074e+03,8.819151073477963232e-01
2.536000000000371983e+03,8.819216076061957565e-01
2.536100000000371892e+03,8.819281072635198893e-01
2.536200000000371801e+03,8.819346063198475472e-01
2.536300000000372165e+03,8.819411047752576671e-01
2.536400000000372074e+03,8.819476026298290749e-01
2.536500000000371983e+03,8.819540998836405965e-01
2.536600000000372347e+03,8.819605965367713907e-01
2.536700000000372256e+03,8.819670925892997282e-01
2.536800000000372165e+03,8.819735880413048790e-01
2.536900000000372074e+03,8.819800828928654468e-01
2.537000000000371983e+03,8.819865771440603686e-01
2.537100000000372347e+03,8.819930707949683590e-01
2.537200000000372256e+03,8.819995638456680220e-01
2.537300000000372165e+03,8.820060562962384054e-01
2.537400000000372529e+03,8.820125481467581130e-01
2.537500000000372438e+03,8.820190393973058596e-01
2.537600000000372347e+03,8.820255300479603600e-01
2.537700000000372256e+03,8.820320200988002179e-01
2.537800000000372165e+03,8.820385095499044814e-01
2.537900000000372529e+03,8.820449984013514211e-01
2.538000000000372438e+03,8.820514866532198628e-01
2.538100000000372347e+03,8.820579743055885213e-01
2.538200000000372711e+03,8.820644613585360005e-01
2.538300000000372620e+03,8.820709478121407932e-01
2.538400000000372529e+03,8.820774336664817250e-01
2.538500000000372438e+03,8.820839189216371778e-01
2.538600000000372347e+03,8.820904035776857555e-01
2.538700000000372711e+03,8.820968876347062837e-01
2.538800000000372620e+03,8.821033710927771443e-01
2.538900000000372529e+03,8.821098539519768300e-01
2.539000000000372893e+03,8.821163362123838336e-01
2.539100000000372802e+03,8.821228178740768699e-01
2.539200000000372711e+03,8.821292989371343207e-01
2.539300000000372620e+03,8.821357794016346787e-01
2.539400000000372529e+03,8.821422592676565477e-01
2.539500000000372893e+03,8.821487385352781985e-01
2.539600000000372802e+03,8.821552172045781237e-01
2.539700000000372711e+03,8.821616952756348162e-01
2.539800000000373075e+03,8.821681727485267688e-01
2.539900000000372984e+03,8.821746496233322521e-01
2.540000000000372893e+03,8.821811259001298700e-01
2.540100000000372802e+03,8.821876015789976710e-01
2.540200000000372711e+03,8.821940766600143702e-01
2.540300000000373075e+03,8.822005511432581271e-01
2.540400000000372984e+03,8.822070250288074345e-01
2.540500000000372893e+03,8.822134983167404521e-01
2.540600000000373257e+03,8.822199710071356726e-01
2.540700000000373166e+03,8.822264431000713669e-01
2.540800000000373075e+03,8.822329145956256946e-01
2.540900000000372984e+03,8.822393854938770374e-01
2.541000000000372893e+03,8.822458557949036662e-01
2.541100000000373257e+03,8.822523254987839625e-01
2.541200000000373166e+03,8.822587946055958641e-01
2.541300000000373075e+03,8.822652631154178637e-01
2.541400000000373439e+03,8.822717310283281211e-01
2.541500000000373348e+03,8.822781983444046849e-01
2.541600000000373257e+03,8.822846650637259369e-01
2.541700000000373166e+03,8.822911311863699257e-01
2.541800000000373075e+03,8.822975967124149221e-01
2.541900000000373439e+03,8.823040616419390858e-01
2.542000000000373348e+03,8.823105259750203544e-01
2.542100000000373257e+03,8.823169897117371097e-01
2.542200000000373620e+03,8.823234528521674003e-01
2.542300000000373529e+03,8.823299153963891639e-01
2.542400000000373439e+03,8.823363773444805602e-01
2.542500000000373348e+03,8.823428386965198600e-01
2.542600000000373257e+03,8.823492994525847788e-01
2.542700000000373620e+03,8.823557596127536984e-01
2.542800000000373529e+03,8.823622191771044454e-01
2.542900000000373439e+03,8.823686781457150685e-01
2.543000000000373802e+03,8.823751365186636164e-01
2.543100000000373711e+03,8.823815942960280267e-01
2.543200000000373620e+03,8.823880514778863482e-01
2.543300000000373529e+03,8.823945080643165184e-01
2.543400000000373439e+03,8.824009640553964751e-01
2.543500000000373802e+03,8.824074194512042668e-01
2.543600000000373711e+03,8.824138742518176093e-01
2.543700000000373620e+03,8.824203284573146622e-01
2.543800000000373984e+03,8.824267820677731411e-01
2.543900000000373893e+03,8.824332350832710947e-01
2.544000000000373802e+03,8.824396875038862387e-01
2.544100000000373711e+03,8.824461393296963996e-01
2.544200000000373620e+03,8.824525905607797371e-01
2.544300000000373984e+03,8.824590411972138559e-01
2.544400000000373893e+03,8.824654912390764716e-01
2.544500000000373802e+03,8.824719406864456328e-01
2.544600000000374166e+03,8.824783895393991662e-01
2.544700000000374075e+03,8.824848377980145653e-01
2.544800000000373984e+03,8.824912854623698788e-01
2.544900000000373893e+03,8.824977325325426003e-01
2.545000000000373802e+03,8.825041790086107785e-01
2.545100000000374166e+03,8.825106248906519069e-01
2.545200000000374075e+03,8.825170701787439231e-01
2.545300000000373984e+03,8.825235148729643209e-01
2.545400000000374348e+03,8.825299589733909267e-01
2.545500000000374257e+03,8.825364024801014562e-01
2.545600000000374166e+03,8.825428453931734030e-01
2.545700000000374075e+03,8.825492877126845936e-01
2.545800000000373984e+03,8.825557294387125218e-01
2.545900000000374348e+03,8.825621705713350140e-01
2.546000000000374257e+03,8.825686111106294529e-01
2.546100000000374166e+03,8.825750510566736651e-01
2.546200000000374530e+03,8.825814904095451441e-01
2.546300000000374439e+03,8.825879291693214945e-01
2.546400000000374348e+03,8.825943673360800990e-01
2.546500000000374257e+03,8.826008049098987840e-01
2.546600000000374166e+03,8.826072418908548212e-01
2.546700000000374530e+03,8.826136782790260371e-01
2.546800000000374439e+03,8.826201140744897033e-01
2.546900000000374348e+03,8.826265492773234245e-01
2.547000000000374712e+03,8.826329838876046940e-01
2.547100000000374621e+03,8.826394179054110056e-01
2.547200000000374530e+03,8.826458513308196308e-01
2.547300000000374439e+03,8.826522841639081740e-01
2.547400000000374348e+03,8.826587164047542400e-01
2.547500000000374712e+03,8.826651480534349892e-01
2.547600000000374621e+03,8.826715791100278041e-01
2.547700000000374530e+03,8.826780095746102894e-01
2.547800000000374894e+03,8.826844394472597166e-01
2.547900000000374803e+03,8.826908687280533572e-01
2.548000000000374712e+03,8.826972974170688158e-01
2.548100000000374621e+03,8.827037255143832528e-01
2.548200000000374530e+03,8.827101530200740509e-01
2.548300000000374894e+03,8.827165799342185926e-01
2.548400000000374803e+03,8.827230062568941493e-01
2.548500000000374712e+03,8.827294319881777707e-01
2.548600000000375076e+03,8.827358571281470612e-01
2.548700000000374985e+03,8.827422816768791813e-01
2.548800000000374894e+03,8.827487056344515137e-01
2.548900000000374803e+03,8.827551290009409968e-01
2.549000000000374712e+03,8.827615517764251241e-01
2.549100000000375076e+03,8.827679739609809451e-01
2.549200000000374985e+03,8.827743955546857313e-01
2.549300000000374894e+03,8.827808165576167543e-01
2.549400000000375258e+03,8.827872369698510635e-01
2.549500000000375167e+03,8.827936567914659305e-01
2.549600000000375076e+03,8.828000760225384047e-01
2.549700000000374985e+03,8.828064946631456467e-01
2.549800000000374894e+03,8.828129127133648169e-01
2.549900000000375258e+03,8.828193301732729648e-01
2.550000000000375167e+03,8.828257470429473619e-01
2.550100000000375076e+03,8.828321633224649467e-01
2.550200000000375439e+03,8.828385790119027687e-01
2.550300000000375348e+03,8.828449941113379884e-01
2.550400000000375258e+03,8.828514086208475442e-01
2.550500000000375167e+03,8.828578225405085966e-01
2.550600000000375076e+03,8.828642358703980841e-01
2.550700000000375439e+03,8.828706486105930562e-01
2.550800000000375348e+03,8.828770607611704513e-01
2.550900000000375258e+03,8.828834723222074299e-01
2.551000000000375621e+03,8.828898832937805974e-01
2.551100000000375530e+03,8.828962936759673363e-01
2.551200000000375439e+03,8.829027034688443631e-01
2.551300000000375348e+03,8.829091126724886163e-01
2.551400000000375258e+03,8.829155212869770342e-01
2.551500000000375621e+03,8.829219293123866663e-01
2.551600000000375530e+03,8.829283367487941181e-01
2.551700000000375439e+03,8.829347435962764390e-01
2.551800000000375803e+03,8.829411498549105675e-01
2.551900000000375712e+03,8.829475555247732199e-01
2.552000000000375621e+03,8.829539606059412238e-01
2.552100000000375530e+03,8.829603650984916285e-01
2.552200000000375439e+03,8.829667690025010396e-01
2.552300000000375803e+03,8.829731723180463954e-01
2.552400000000375712e+03,8.829795750452044123e-01
2.552500000000375621e+03,8.829859771840519178e-01
2.552600000000375985e+03,8.829923787346655173e-01
2.552700000000375894e+03,8.829987796971221492e-01
2.552800000000375803e+03,8.830051800714985299e-01
2.552900000000375712e+03,8.830115798578712649e-01
2.553000000000375621e+03,8.830179790563171816e-01
2.553100000000375985e+03,8.830243776669129963e-01
2.553200000000375894e+03,8.830307756897353144e-01
2.553300000000375803e+03,8.830371731248608524e-01
2.553400000000376167e+03,8.830435699723663268e-01
2.553500000000376076e+03,8.830499662323283427e-01
2.553600000000375985e+03,8.830563619048233948e-01
2.553700000000375894e+03,8.830627569899283102e-01
2.553800000000375803e+03,8.830691514877196946e-01
2.553900000000376167e+03,8.830755453982741532e-01
2.554000000000376076e+03,8.830819387216681804e-01
2.554100000000375985e+03,8.830883314579782706e-01
2.554200000000376349e+03,8.830947236072811402e-01
2.554300000000376258e+03,8.831011151696533945e-01
2.554400000000376167e+03,8.831075061451713060e-01
2.554500000000376076e+03,8.831138965339117020e-01
2.554600000000375985e+03,8.831202863359508548e-01
2.554700000000376349e+03,8.831266755513654809e-01
2.554800000000376258e+03,8.831330641802318526e-01
2.554900000000376167e+03,8.831394522226264643e-01
2.555000000000376531e+03,8.831458396786259213e-01
2.555100000000376440e+03,8.831522265483066070e-01
2.555200000000376349e+03,8.831586128317449047e-01
2.555300000000376258e+03,8.831649985290173088e-01
2.555400000000376167e+03,8.831713836402002027e-01
2.555500000000376531e+03,8.831777681653699696e-01
2.555600000000376440e+03,8.831841521046029930e-01
2.555700000000376349e+03,8.831905354579756562e-01
2.555800000000376713e+03,8.831969182255643425e-01
2.555900000000376622e+03,8.832033004074452132e-01
2.556000000000376531e+03,8.832096820036947626e-01
2.556100000000376440e+03,8.832160630143894853e-01
2.556200000000376349e+03,8.832224434396053203e-01
2.556300000000376713e+03,8.832288232794188731e-01
2.556400000000376622e+03,8.832352025339061941e-01
2.556500000000376531e+03,8.832415812031436664e-01
2.556600000000376895e+03,8.832479592872075624e-01
2.556700000000376804e+03,8.832543367861741546e-01
2.556800000000376713e+03,8.832607137001196040e-01
2.556900000000376622e+03,8.832670900291199612e-01
2.557000000000376531e+03,8.832734657732517203e-01
2.557100000000376895e+03,8.832798409325910427e-01
2.557200000000376804e+03,8.832862155072138677e-01
2.557300000000376713e+03,8.832925894971966896e-01
2.557400000000377077e+03,8.832989629026153366e-01
2.557500000000376986e+03,8.833053357235461922e-01
2.557600000000376895e+03,8.833117079600653065e-01
2.557700000000376804e+03,8.833180796122488410e-01
2.557800000000376713e+03,8.833244506801727347e-01
2.557900000000377077e+03,8.833308211639132601e-01
2.558000000000376986e+03,8.833371910635463564e-01
2.558100000000376895e+03,8.833435603791481849e-01
2.558200000000377258e+03,8.833499291107949070e-01
2.558300000000377167e+03,8.833562972585622397e-01
2.558400000000377077e+03,8.833626648225264555e-01
2.558500000000376986e+03,8.833690318027637156e-01
2.558600000000376895e+03,8.833753981993496263e-01
2.558700000000377258e+03,8.833817640123603487e-01
2.558800000000377167e+03,8.833881292418720443e-01
2.558900000000377077e+03,8.833944938879604303e-01
2.559000000000377440e+03,8.834008579507015568e-01
2.559100000000377349e+03,8.834072214301713633e-01
2.559200000000377258e+03,8.834135843264457888e-01
2.559300000000377167e+03,8.834199466396006617e-01
2.559400000000377077e+03,8.834263083697119212e-01
2.559500000000377440e+03,8.834326695168556176e-01
2.559600000000377349e+03,8.834390300811074681e-01
2.559700000000377258e+03,8.834453900625433009e-01
2.559800000000377622e+03,8.834517494612390553e-01
2.559900000000377531e+03,8.834581082772705596e-01
2.560000000000377440e+03,8.834644665107135308e-01
2.560100000000377349e+03,8.834708241616439084e-01
2.560200000000377258e+03,8.834771812301375205e-01
2.560300000000377622e+03,8.834835377162699732e-01
2.560400000000377531e+03,8.834898936201173170e-01
2.560500000000377440e+03,8.834962489417550469e-01
2.560600000000377804e+03,8.835026036812589911e-01
2.560700000000377713e+03,8.835089578387049780e-01
2.560800000000377622e+03,8.835153114141687247e-01
2.560900000000377531e+03,8.835216644077258374e-01
2.561000000000377440e+03,8.835280168194520334e-01
2.561100000000377804e+03,8.835343686494232518e-01
2.561200000000377713e+03,8.835407198977146548e-01
2.561300000000377622e+03,8.835470705644024036e-01
2.561400000000377986e+03,8.835534206495618825e-01
2.561500000000377895e+03,8.835597701532688086e-01
2.561600000000377804e+03,8.835661190755987882e-01
2.561700000000377713e+03,8.835724674166274273e-01
2.561800000000377622e+03,8.835788151764302212e-01
2.561900000000377986e+03,8.835851623550829981e-01
2.562000000000377895e+03,8.835915089526612531e-01
2.562100000000377804e+03,8.835978549692403705e-01
2.562200000000378168e+03,8.836042004048960674e-01
2.562300000000378077e+03,8.836105452597038390e-01
2.562400000000377986e+03,8.836168895337391804e-01
2.562500000000377895e+03,8.836232332270776979e-01
2.562600000000377804e+03,8.836295763397947756e-01
2.562700000000378168e+03,8.836359188719659086e-01
2.562800000000378077e+03,8.836422608236665921e-01
2.562900000000377986e+03,8.836486021949724323e-01
2.563000000000378350e+03,8.836549429859585914e-01
2.563100000000378259e+03,8.836612831967006754e-01
2.563200000000378168e+03,8.836676228272741795e-01
2.563300000000378077e+03,8.836739618777543770e-01
2.563400000000377986e+03,8.836803003482167629e-01
2.563500000000378350e+03,8.836866382387366103e-01
2.563600000000378259e+03,8.836929755493894145e-01
2.563700000000378168e+03,8.836993122802504486e-01
2.563800000000378532e+03,8.837056484313952076e-01
2.563900000000378441e+03,8.837119840028987428e-01
2.564000000000378350e+03,8.837183189948366602e-01
2.564100000000378259e+03,8.837246534072840110e-01
2.564200000000378168e+03,8.837309872403164013e-01
2.564300000000378532e+03,8.837373204940088822e-01
2.564400000000378441e+03,8.837436531684368379e-01
2.564500000000378350e+03,8.837499852636754305e-01
2.564600000000378714e+03,8.837563167798001551e-01
2.564700000000378623e+03,8.837626477168858408e-01
2.564800000000378532e+03,8.837689780750079827e-01
2.564900000000378441e+03,8.837753078542417429e-01
2.565000000000378350e+03,8.837816370546622835e-01
2.565100000000378714e+03,8.837879656763448777e-01
2.565200000000378623e+03,8.837942937193645765e-01
2.565300000000378532e+03,8.838006211837967641e-01
2.565400000000378895e+03,8.838069480697162694e-01
2.565500000000378805e+03,8.838132743771984767e-01
2.565600000000378714e+03,8.838196001063183260e-01
2.565700000000378623e+03,8.838259252571510904e-01
2.565800000000378532e+03,8.838322498297718210e-01
2.565900000000378895e+03,8.838385738242555689e-01
2.566000000000378805e+03,8.838448972406773851e-01
2.566100000000378714e+03,8.838512200791124318e-01
2.566200000000379077e+03,8.838575423396356490e-01
2.566300000000378986e+03,8.838638640223221987e-01
2.566400000000378895e+03,8.838701851272469101e-01
2.566500000000378805e+03,8.838765056544849452e-01
2.566600000000378714e+03,8.838828256041112441e-01
2.566700000000379077e+03,8.838891449762008579e-01
2.566800000000378986e+03,8.838954637708287265e-01
2.566900000000378895e+03,8.839017819880697902e-01
2.567000000000379259e+03,8.839080996279989888e-01
2.567100000000379168e+03,8.839144166906912625e-01
2.567200000000379077e+03,8.839207331762216624e-01
2.567300000000378986e+03,8.839270490846647954e-01
2.567400000000378895e+03,8.839333644160958237e-01
2.567500000000379259e+03,8.839396791705896872e-01
2.567600000000379168e+03,8.839459933482211040e-01
2.567700000000379077e+03,8.839523069490647922e-01
2.567800000000379441e+03,8.839586199731959137e-01
2.567900000000379350e+03,8.839649324206891867e-01
2.568000000000379259e+03,8.839712442916194401e-01
2.568100000000379168e+03,8.839775555860613920e-01
2.568200000000379077e+03,8.839838663040898714e-01
2.568300000000379441e+03,8.839901764457798183e-01
2.568400000000379350e+03,8.839964860112058398e-01
2.568500000000379259e+03,8.840027950004427648e-01
2.568600000000379623e+03,8.840091034135653114e-01
2.568700000000379532e+03,8.840154112506484196e-01
2.568800000000379441e+03,8.840217185117663634e-01
2.568900000000379350e+03,8.840280251969943048e-01
2.569000000000379259e+03,8.840343313064066288e-01
2.569100000000379623e+03,8.840406368400783865e-01
2.569200000000379532e+03,8.840469417980838518e-01
2.569300000000379441e+03,8.840532461804978537e-01
2.569400000000379805e+03,8.840595499873952212e-01
2.569500000000379714e+03,8.840658532188503393e-01
2.569600000000379623e+03,8.840721558749378151e-01
2.569700000000379532e+03,8.840784579557324774e-01
2.569800000000379441e+03,8.840847594613088223e-01
2.569900000000379805e+03,8.840910603917414567e-01
2.570000000000379714e+03,8.840973607471048767e-01
2.570100000000379623e+03,8.841036605274738003e-01
2.570200000000379987e+03,8.841099597329226123e-01
2.570300000000379896e+03,8.841162583635259198e-01
2.570400000000379805e+03,8.841225564193583297e-01
2.570500000000379714e+03,8.841288539004941160e-01
2.570600000000379623e+03,8.841351508070079968e-01
2.570700000000379987e+03,8.841414471389745788e-01
2.570800000000379896e+03,8.841477428964680252e-01
2.570900000000379805e+03,8.841540380795630538e-01
2.571000000000380169e+03,8.841603326883340497e-01
2.571100000000380078e+03,8.841666267228552867e-01
2.571200000000379987e+03,8.841729201832013718e-01
2.571300000000379896e+03,8.841792130694466900e-01
2.571400000000379805e+03,8.841855053816656262e-01
2.571500000000380169e+03,8.841917971199326765e-01
2.571600000000380078e+03,8.841980882843218925e-01
2.571700000000379987e+03,8.842043788749081035e-01
2.571800000000380351e+03,8.842106688917652502e-01
2.571900000000380260e+03,8.842169583349680506e-01
2.572000000000380169e+03,8.842232472045904457e-01
2.572100000000380078e+03,8.842295355007071533e-01
2.572200000000379987e+03,8.842358232233921145e-01
2.572300000000380351e+03,8.842421103727198251e-01
2.572400000000380260e+03,8.842483969487644480e-01
2.572500000000380169e+03,8.842546829516004792e-01
2.572600000000380533e+03,8.842609683813018595e-01
2.572700000000380442e+03,8.842672532379430850e-01
2.572800000000380351e+03,8.842735375215983185e-01
2.572900000000380260e+03,8.842798212323417228e-01
2.573000000000380169e+03,8.842861043702474610e-01
2.573100000000380533e+03,8.842923869353899180e-01
2.573200000000380442e+03,8.842986689278431456e-01
2.573300000000380351e+03,8.843049503476813067e-01
2.573400000000380714e+03,8.843112311949785642e-01
2.573500000000380624e+03,8.843175114698091921e-01
2.573600000000380533e+03,8.843237911722471312e-01
2.573700000000380442e+03,8.843300703023665443e-01
2.573800000000380351e+03,8.843363488602415945e-01
2.573900000000380714e+03,8.843426268459464445e-01
2.574000000000380624e+03,8.843489042595550353e-01
2.574100000000380533e+03,8.843551811011415298e-01
2.574200000000380896e+03,8.843614573707799797e-01
2.574300000000380805e+03,8.843677330685443261e-01
2.574400000000380714e+03,8.843740081945088427e-01
2.574500000000380624e+03,8.843802827487472484e-01
2.574600000000380533e+03,8.843865567313338172e-01
2.574700000000380896e+03,8.843928301423423788e-01
2.574800000000380805e+03,8.843991029818469851e-01
2.574900000000380714e+03,8.844053752499216881e-01
2.575000000000381078e+03,8.844116469466402064e-01
2.575100000000380987e+03,8.844179180720768141e-01
2.575200000000380896e+03,8.844241886263051189e-01
2.575300000000380805e+03,8.844304586093993947e-01
2.575400000000380714e+03,8.844367280214331384e-01
2.575500000000381078e+03,8.844429968624806238e-01
2.575600000000380987e+03,8.844492651326156807e-01
2.575700000000380896e+03,8.844555328319119170e-01
2.575800000000381260e+03,8.844617999604434955e-01
2.575900000000381169e+03,8.844680665182840240e-01
2.576000000000381078e+03,8.844743325055075545e-01
2.576100000000380987e+03,8.844805979221878056e-01
2.576200000000380896e+03,8.844868627683987183e-01
2.576300000000381260e+03,8.844931270442139004e-01
2.576400000000381169e+03,8.844993907497072927e-01
2.576500000000381078e+03,8.845056538849526140e-01
2.576600000000381442e+03,8.845119164500235831e-01
2.576700000000381351e+03,8.845181784449939189e-01
2.576800000000381260e+03,8.845244398699375621e-01
2.576900000000381169e+03,8.845307007249280096e-01
2.577000000000381078e+03,8.845369610100392022e-01
2.577100000000381442e+03,8.845432207253447476e-01
2.577200000000381351e+03,8.845494798709183648e-01
2.577300000000381260e+03,8.845557384468335504e-01
2.577400000000381624e+03,8.845619964531642454e-01
2.577500000000381533e+03,8.845682538899839464e-01
2.577600000000381442e+03,8.845745107573663724e-01
2.577700000000381351e+03,8.845807670553850199e-01
2.577800000000381260e+03,8.845870227841137190e-01
2.577900000000381624e+03,8.845932779436258553e-01
2.578000000000381533e+03,8.845995325339952586e-01
2.578100000000381442e+03,8.846057865552952038e-01
2.578200000000381806e+03,8.846120400075995205e-01
2.578300000000381715e+03,8.846182928909818166e-01
2.578400000000381624e+03,8.846245452055153669e-01
2.578500000000381533e+03,8.846307969512740010e-01
2.578600000000381442e+03,8.846370481283308829e-01
2.578700000000381806e+03,8.846432987367598422e-01
2.578800000000381715e+03,8.846495487766342647e-01
2.578900000000381624e+03,8.846557982480276472e-01
2.579000000000381988e+03,8.846620471510134864e-01
2.579100000000381897e+03,8.846682954856651682e-01
2.579200000000381806e+03,8.846745432520561891e-01
2.579300000000381715e+03,8.846807904502600461e-01
2.579400000000381624e+03,8.846870370803500139e-01
2.579500000000381988e+03,8.846932831423997001e-01
2.579600000000381897e+03,8.846995286364823796e-01
2.579700000000381806e+03,8.847057735626713271e-01
2.579800000000382170e+03,8.847120179210401503e-01
2.579900000000382079e+03,8.847182617116622350e-01
2.580000000000381988e+03,8.847245049346106338e-01
2.580100000000381897e+03,8.847307475899589546e-01
2.580200000000381806e+03,8.847369896777803611e-01
2.580300000000382170e+03,8.847432311981483499e-01
2.580400000000382079e+03,8.847494721511360849e-01
2.580500000000381988e+03,8.847557125368169517e-01
2.580600000000382352e+03,8.847619523552641141e-01
2.580700000000382261e+03,8.847681916065508467e-01
2.580800000000382170e+03,8.847744302907505354e-01
2.580900000000382079e+03,8.847806684079364548e-01
2.581000000000381988e+03,8.847869059581815465e-01
2.581100000000382352e+03,8.847931429415593074e-01
2.581200000000382261e+03,8.847993793581429012e-01
2.581300000000382170e+03,8.848056152080053804e-01
2.581400000000382533e+03,8.848118504912201310e-01
2.581500000000382443e+03,8.848180852078602054e-01
2.581600000000382352e+03,8.848243193579986565e-01
2.581700000000382261e+03,8.848305529417087589e-01
2.581800000000382170e+03,8.848367859590636764e-01
2.581900000000382533e+03,8.848430184101365725e-01
2.582000000000382443e+03,8.848492502950003891e-01
2.582100000000382352e+03,8.848554816137282897e-01
2.582200000000382715e+03,8.848617123663934381e-01
2.582300000000382624e+03,8.848679425530687759e-01
2.582400000000382533e+03,8.848741721738275778e-01
2.582500000000382443e+03,8.848804012287425635e-01
2.582600000000382352e+03,8.848866297178872298e-01
2.582700000000382715e+03,8.848928576413341851e-01
2.582800000000382624e+03,8.848990849991565932e-01
2.582900000000382533e+03,8.849053117914273958e-01
2.583000000000382897e+03,8.849115380182198676e-01
2.583100000000382806e+03,8.849177636796066171e-01
2.583200000000382715e+03,8.849239887756606970e-01
2.583300000000382624e+03,8.849302133064552711e-01
2.583400000000382533e+03,8.849364372720630589e-01
2.583500000000382897e+03,8.849426606725571132e-01
2.583600000000382806e+03,8.849488835080102644e-01
2.583700000000382715e+03,8.849551057784954544e-01
2.583800000000383079e+03,8.849613274840856247e-01
2.583900000000382988e+03,8.849675486248534950e-01
2.584000000000382897e+03,8.849737692008722290e-01
2.584100000000382806e+03,8.849799892122144351e-01
2.584200000000382715e+03,8.849862086589529442e-01
2.584300000000383079e+03,8.849924275411608088e-01
2.584400000000382988e+03,8.849986458589107485e-01
2.584500000000382897e+03,8.850048636122754830e-01
2.584600000000383261e+03,8.850110808013278429e-01
2.584700000000383170e+03,8.850172974261406589e-01
2.584800000000383079e+03,8.850235134867866504e-01
2.584900000000382988e+03,8.850297289833386483e-01
2.585000000000382897e+03,8.850359439158694830e-01
2.585100000000383261e+03,8.850421582844516522e-01
2.585200000000383170e+03,8.850483720891580974e-01
2.585300000000383079e+03,8.850545853300613164e-01
2.585400000000383443e+03,8.850607980072342507e-01
2.585500000000383352e+03,8.850670101207493978e-01
2.585600000000383261e+03,8.850732216706795885e-01
2.585700000000383170e+03,8.850794326570973203e-01
2.585800000000383079e+03,8.850856430800754238e-01
2.585900000000383443e+03,8.850918529396865075e-01
2.586000000000383352e+03,8.850980622360030692e-01
2.586100000000383261e+03,8.851042709690978283e-01
2.586200000000383625e+03,8.851104791390433935e-01
2.586300000000383534e+03,8.851166867459123733e-01
2.586400000000383443e+03,8.851228937897771543e-01
2.586500000000383352e+03,8.851291002707105671e-01
2.586600000000383261e+03,8.851353061887851092e-01
2.586700000000383625e+03,8.851415115440732784e-01
2.586800000000383534e+03,8.851477163366475720e-01
2.586900000000383443e+03,8.851539205665805987e-01
2.587000000000383807e+03,8.851601242339448561e-01
2.587100000000383716e+03,8.851663273388127307e-01
2.587200000000383625e+03,8.851725298812568310e-01
2.587300000000383534e+03,8.851787318613495437e-01
2.587400000000383443e+03,8.851849332791633662e-01
2.587500000000383807e+03,8.851911341347709072e-01
2.587600000000383716e+03,8.851973344282442202e-01
2.587700000000383625e+03,8.852035341596561357e-01
2.587800000000383989e+03,8.852097333290789294e-01
2.587900000000383898e+03,8.852159319365849877e-01
2.588000000000383807e+03,8.852221299822465861e-01
2.588100000000383716e+03,8.852283274661361112e-01
2.588200000000383625e+03,8.852345243883261716e-01
2.588300000000383989e+03,8.852407207488890428e-01
2.588400000000383898e+03,8.852469165478968893e-01
2.588500000000383807e+03,8.852531117854222087e-01
2.588600000000384171e+03,8.852593064615372764e-01
2.588700000000384080e+03,8.852655005763143681e-01
2.588800000000383989e+03,8.852716941298257591e-01
2.588900000000383898e+03,8.852778871221438362e-01
2.589000000000383807e+03,8.852840795533407636e-01
2.589100000000384171e+03,8.852902714234888171e-01
2.589200000000384080e+03,8.852964627326602720e-01
2.589300000000383989e+03,8.853026534809274040e-01
2.589400000000384352e+03,8.853088436683623774e-01
2.589500000000384262e+03,8.853150332950374679e-01
2.589600000000384171e+03,8.853212223610249509e-01
2.589700000000384080e+03,8.853274108663966580e-01
2.589800000000383989e+03,8.853335988112250865e-01
2.589900000000384352e+03,8.853397861955824011e-01
2.590000000000384262e+03,8.853459730195405442e-01
2.590100000000384171e+03,8.853521592831719023e-01
2.590200000000384534e+03,8.853583449865484178e-01
2.590300000000384443e+03,8.853645301297422554e-01
2.590400000000384352e+03,8.853707147128255794e-01
2.590500000000384262e+03,8.853768987358704434e-01
2.590600000000384171e+03,8.853830821989489008e-01
2.590700000000384534e+03,8.853892651021330051e-01
2.590800000000384443e+03,8.853954474454949208e-01
2.590900000000384352e+03,8.854016292291067014e-01
2.591000000000384716e+03,8.854078104530402893e-01
2.591100000000384625e+03,8.854139911173676269e-01
2.591200000000384534e+03,8.854201712221608789e-01
2.591300000000384443e+03,8.854263507674919875e-01
2.591400000000384352e+03,8.854325297534328953e-01
2.591500000000384716e+03,8.854387081800556558e-01
2.591600000000384625e+03,8.854448860474323224e-01
2.591700000000384534e+03,8.854510633556345045e-01
2.591800000000384898e+03,8.854572401047345886e-01
2.591900000000384807e+03,8.854634162948040732e-01
2.592000000000384716e+03,8.854695919259151227e-01
2.592100000000384625e+03,8.854757669981395685e-01
2.592200000000384534e+03,8.854819415115493531e-01
2.592300000000384898e+03,8.854881154662164189e-01
2.592400000000384807e+03,8.854942888622124864e-01
2.592500000000384716e+03,8.855004616996093869e-01
2.592600000000385080e+03,8.855066339784791740e-01
2.592700000000384989e+03,8.855128056988934571e-01
2.592800000000384898e+03,8.855189768609241785e-01
2.592900000000384807e+03,8.855251474646431697e-01
2.593000000000384716e+03,8.855313175101221512e-01
2.593100000000385080e+03,8.855374869974328433e-01
2.593200000000384989e+03,8.855436559266471885e-01
2.593300000000384898e+03,8.855498242978369072e-01
2.593400000000385262e+03,8.855559921110737198e-01
2.593500000000385171e+03,8.855621593664292357e-01
2.593600000000385080e+03,8.855683260639753973e-01
2.593700000000384989e+03,8.855744922037839251e-01
2.593800000000384898e+03,8.855806577859262063e-01
2.593900000000385262e+03,8.855868228104744055e-01
2.594000000000385171e+03,8.855929872774996880e-01
2.594100000000385080e+03,8.855991511870742183e-01
2.594200000000385444e+03,8.856053145392692727e-01
2.594300000000385353e+03,8.856114773341566826e-01
2.594400000000385262e+03,8.856176395718079464e-01
2.594500000000385171e+03,8.856238012522947844e-01
2.594600000000385080e+03,8.856299623756888062e-01
2.594700000000385444e+03,8.856361229420617320e-01
2.594800000000385353e+03,8.856422829514848383e-01
2.594900000000385262e+03,8.856484424040299563e-01
2.595000000000385626e+03,8.856546012997684736e-01
2.595100000000385535e+03,8.856607596387722214e-01
2.595200000000385444e+03,8.856669174211122542e-01
2.595300000000385353e+03,8.856730746468606252e-01
2.595400000000385262e+03,8.856792313160885000e-01
2.595500000000385626e+03,8.856853874288674877e-01
2.595600000000385535e+03,8.856915429852690869e-01
2.595700000000385444e+03,8.856976979853647958e-01
2.595800000000385808e+03,8.857038524292260018e-01
2.595900000000385717e+03,8.857100063169243143e-01
2.596000000000385626e+03,8.857161596485310096e-01
2.596100000000385535e+03,8.857223124241175860e-01
2.596200000000385444e+03,8.857284646437555420e-01
2.596300000000385808e+03,8.857346163075161538e-01
2.596400000000385717e+03,8.857407674154709198e-01
2.596500000000385626e+03,8.857469179676911164e-01
2.596600000000385990e+03,8.857530679642481308e-01
2.596700000000385899e+03,8.857592174052134615e-01
2.596800000000385808e+03,8.857653662906583847e-01
2.596900000000385717e+03,8.857715146206541768e-01
2.597000000000385626e+03,8.857776623952723360e-01
2.597100000000385990e+03,8.857838096145839168e-01
2.597200000000385899e+03,8.857899562786604175e-01
2.597300000000385808e+03,8.857961023875731144e-01
2.597400000000386171e+03,8.858022479413931727e-01
2.597500000000386081e+03,8.858083929401919798e-01
2.597600000000385990e+03,8.858145373840407011e-01
2.597700000000385899e+03,8.858206812730107238e-01
2.597800000000385808e+03,8.858268246071731022e-01
2.597900000000386171e+03,8.858329673865992238e-01
2.598000000000386081e+03,8.858391096113600316e-01
2.598100000000385990e+03,8.858452512815271351e-01
2.598200000000386353e+03,8.858513923971713666e-01
2.598300000000386262e+03,8.858575329583640023e-01
2.598400000000386171e+03,8.858636729651763186e-01
2.598500000000386081e+03,8.858698124176792588e-01
2.598600000000385990e+03,8.858759513159442101e-01
2.598700000000386353e+03,8.858820896600420047e-01
2.598800000000386262e+03,8.858882274500440301e-01
2.598900000000386171e+03,8.858943646860212295e-01
2.599000000000386535e+03,8.859005013680448792e-01
2.599100000000386444e+03,8.859066374961859225e-01
2.599200000000386353e+03,8.859127730705153025e-01
2.599300000000386262e+03,8.859189080911041847e-01
2.599400000000386171e+03,8.859250425580237343e-01
2.599500000000386535e+03,8.859311764713450055e-01
2.599600000000386444e+03,8.859373098311387196e-01
2.599700000000386353e+03,8.859434426374761529e-01
2.599800000000386717e+03,8.859495748904282486e-01
2.599900000000386626e+03,8.859557065900659500e-01
