9.550000000000125056e+02,7.903618394001658487e+01
9.551000000000125283e+02,7.903618394001658487e+01
9.552000000000125510e+02,7.903618394001658487e+01
9.553000000000125738e+02,7.903618394001658487e+01
9.554000000000125965e+02,7.903618394001658487e+01
9.555000000000126192e+02,7.903618394001657066e+01
9.556000000000126420e+02,7.903618394001658487e+01
9.557000000000126647e+02,7.903618394001658487e+01
9.558000000000126875e+02,7.903618394001658487e+01
9.559000000000127102e+02,7.903618394001658487e+01
9.560000000000127329e+02,7.903618394001554748e+01
9.561000000000127557e+02,7.902823316458260194e+01
9.562000000000127784e+02,7.902079170170674161e+01
9.563000000000128011e+02,7.901381213171097784e+01
9.564000000000128239e+02,7.900725274441849422e+01
9.565000000000128466e+02,7.900107670495722800e+01
9.566000000000128694e+02,7.899525136166948869e+01
9.567000000000128921e+02,7.898974766866443531e+01
9.568000000000129148e+02,7.898453970145328640e+01
9.569000000000129376e+02,7.897960424861953754e+01
9.570000000000129603e+02,7.897492046595409931e+01
9.571000000000129830e+02,7.896737725510681116e+01
9.572000000000130058e+02,7.896021664546813668e+01
9.573000000000130285e+02,7.895341024797578200e+01
9.574000000000130512e+02,7.894693241440701570e+01
9.575000000000130740e+02,7.894075991440405460e+01
9.576000000000130967e+02,7.893487165711820808e+01
9.577000000000131195e+02,7.892924845044333892e+01
9.578000000000131422e+02,7.892387279204682216e+01
9.579000000000131649e+02,7.891872868740421154e+01
9.580000000000131877e+02,7.891380149085199491e+01
9.581000000000132104e+02,7.890655581438541333e+01
9.582000000000132331e+02,7.889959563750983307e+01
9.583000000000132559e+02,7.889290441204293813e+01
9.584000000000132786e+02,7.888646684445355106e+01
9.585000000000133014e+02,7.888026877916702517e+01
9.586000000000133241e+02,7.887429709465713756e+01
9.587000000000133468e+02,7.886853961071953734e+01
9.588000000000133696e+02,7.886298500554730140e+01
9.589000000000133923e+02,7.885762274142095407e+01
9.590000000000134150e+02,7.885244299798641521e+01
9.591000000000134378e+02,7.884550299894532088e+01
9.592000000000134605e+02,7.883876688324303927e+01
9.593000000000134833e+02,7.883222579641368100e+01
9.594000000000135060e+02,7.882587138939669558e+01
9.595000000000135287e+02,7.881969578298401302e+01
9.596000000000135515e+02,7.881369153522683746e+01
9.597000000000135742e+02,7.880785161151841578e+01
9.598000000000135969e+02,7.880216935709981385e+01
9.599000000000136197e+02,7.879663847176325930e+01
9.600000000000136424e+02,7.879125298655011989e+01
9.601000000000136652e+02,7.878456437414577351e+01
9.602000000000136879e+02,7.877801076822743198e+01
9.603000000000137106e+02,7.877158812207240146e+01
9.604000000000137334e+02,7.876529254908811595e+01
9.605000000000137561e+02,7.875912031496936550e+01
9.606000000000137788e+02,7.875306783031177815e+01
9.607000000000138016e+02,7.874713164365124385e+01
9.608000000000138243e+02,7.874130843490063114e+01
9.609000000000138471e+02,7.873559500915777676e+01
9.610000000000138698e+02,7.872998829086029104e+01
9.611000000000138925e+02,7.872354517288324871e+01
9.612000000000139153e+02,7.871717608024788149e+01
9.613000000000139380e+02,7.871087974451884861e+01
9.614000000000139607e+02,7.870465492607597469e+01
9.615000000000139835e+02,7.869850041330066404e+01
9.616000000000140062e+02,7.869241502178965675e+01
9.617000000000140290e+02,7.868639759359520269e+01
9.618000000000140517e+02,7.868044699649041718e+01
9.619000000000140744e+02,7.867456212325919296e+01
9.620000000000140972e+02,7.866874189100921910e+01
9.621000000000141199e+02,7.866252678808307053e+01
9.622000000000141426e+02,7.865633051702066325e+01
9.623000000000141654e+02,7.865015299236020496e+01
9.624000000000141881e+02,7.864399412915618370e+01
9.625000000000142109e+02,7.863785384297560199e+01
9.626000000000142336e+02,7.863173204989404041e+01
9.627000000000142563e+02,7.862562866649177806e+01
9.628000000000142791e+02,7.861954360985012613e+01
9.629000000000143018e+02,7.861347679754756257e+01
9.630000000000143245e+02,7.860742814765612252e+01
9.631000000000143473e+02,7.860145525794342802e+01
9.632000000000143700e+02,7.859545002995551499e+01
9.633000000000143928e+02,7.858941220035187314e+01
9.634000000000144155e+02,7.858334150292488118e+01
9.635000000000144382e+02,7.857723766856071279e+01
9.636000000000144610e+02,7.857110042519963145e+01
9.637000000000144837e+02,7.856492949779548951e+01
9.638000000000145064e+02,7.855872460827463044e+01
9.639000000000145292e+02,7.855248547549423677e+01
9.640000000000145519e+02,7.854621181519981121e+01
9.641000000000145747e+02,7.854046463216943152e+01
9.642000000000145974e+02,7.853463663436684783e+01
9.643000000000146201e+02,7.852872610514131679e+01
9.644000000000146429e+02,7.852273127887559667e+01
9.645000000000146656e+02,7.851665033922765247e+01
9.646000000000146883e+02,7.851048141729590668e+01
9.647000000000147111e+02,7.850422258970405665e+01
9.648000000000147338e+02,7.849787187660189147e+01
9.649000000000147566e+02,7.849142723957717749e+01
9.650000000000147793e+02,7.848488657947444835e+01
9.651000000000148020e+02,7.847939755940295470e+01
9.652000000000148248e+02,7.847378150307977762e+01
9.653000000000148475e+02,7.846803394874002890e+01
9.654000000000148702e+02,7.846215022320239996e+01
9.655000000000148930e+02,7.845612542919677423e+01
9.656000000000149157e+02,7.844995443176925676e+01
9.657000000000149385e+02,7.844363184368557995e+01
9.658000000000149612e+02,7.843715200974514801e+01
9.659000000000149839e+02,7.843050898991012332e+01
9.660000000000150067e+02,7.842369654114392574e+01
9.661000000000150294e+02,7.841845758929105159e+01
9.662000000000150521e+02,7.841304604359656594e+01
9.663000000000150749e+02,7.840745323222976992e+01
9.664000000000150976e+02,7.840166989251952145e+01
9.665000000000151203e+02,7.839568611976243062e+01
9.666000000000151431e+02,7.838949131061457365e+01
9.667000000000151658e+02,7.838307410038662226e+01
9.668000000000151886e+02,7.837642229346150202e+01
9.669000000000152113e+02,7.836952278593916787e+01
9.670000000000152340e+02,7.836236147947596464e+01
9.671000000000152568e+02,7.835742581196151946e+01
9.672000000000152795e+02,7.835227374677329237e+01
9.673000000000153022e+02,7.834689073344304688e+01
9.674000000000153250e+02,7.834126088710647196e+01
9.675000000000153477e+02,7.833536683194510886e+01
9.676000000000153705e+02,7.832918952205686480e+01
9.677000000000153932e+02,7.832270803586480667e+01
9.678000000000154159e+02,7.831589933938917625e+01
9.679000000000154387e+02,7.830873801273790491e+01
9.680000000000154614e+02,7.830119593297179392e+01
9.681000000000154841e+02,7.829629497264073734e+01
9.682000000000155069e+02,7.829117217041611809e+01
9.683000000000155296e+02,7.828581211499695769e+01
9.684000000000155524e+02,7.828019793375054292e+01
9.685000000000155751e+02,7.827431111529853069e+01
9.686000000000155978e+02,7.826813130561305343e+01
9.687000000000156206e+02,7.826163607289058177e+01
9.688000000000156433e+02,7.825480063547948362e+01
9.689000000000156660e+02,7.824759754590682803e+01
9.690000000000156888e+02,7.823999632251063474e+01
9.691000000000157115e+02,7.823228435951909887e+01
9.692000000000157343e+02,7.822500113732934324e+01
9.693000000000157570e+02,7.821811186961592455e+01
9.694000000000157797e+02,7.821158543418802367e+01
9.695000000000158025e+02,7.820539390292650239e+01
9.696000000000158252e+02,7.819951214227467062e+01
9.697000000000158479e+02,7.819391747222971389e+01
9.698000000000158707e+02,7.818858937407838994e+01
9.699000000000158934e+02,7.818350923893791560e+01
9.700000000000159162e+02,7.817866015060560869e+01
9.701000000000159389e+02,7.817129383231164752e+01
9.702000000000159616e+02,7.816425179204371432e+01
9.703000000000159844e+02,7.815751307805159342e+01
9.704000000000160071e+02,7.815105850546808597e+01
9.705000000000160298e+02,7.814487047390085195e+01
9.706000000000160526e+02,7.813893280716469292e+01
9.707000000000160753e+02,7.813323061208109266e+01
9.708000000000160981e+02,7.812775015375001431e+01
9.709000000000161208e+02,7.812247874509490941e+01
9.710000000000161435e+02,7.811740464881047785e+01
9.711000000000161663e+02,7.811032897234566974e+01
9.712000000000161890e+02,7.810349345460120674e+01
9.713000000000162117e+02,7.809688607261261950e+01
9.714000000000162345e+02,7.809049559277710273e+01
9.715000000000162572e+02,7.808431150711815860e+01
9.716000000000162800e+02,7.807832397562756910e+01
9.717000000000163027e+02,7.807252377401920285e+01
9.718000000000163254e+02,7.806690224631098829e+01
9.719000000000163482e+02,7.806145126172268078e+01
9.720000000000163709e+02,7.805616317543743321e+01
9.721000000000163936e+02,7.804933427850737360e+01
9.722000000000164164e+02,7.804267502808740176e+01
9.723000000000164391e+02,7.803617918008511367e+01
9.724000000000164619e+02,7.802984079312494714e+01
9.725000000000164846e+02,7.802365421042308924e+01
9.726000000000165073e+02,7.801761404294902036e+01
9.727000000000165301e+02,7.801171515376901766e+01
9.728000000000165528e+02,7.800595264347508362e+01
9.729000000000165755e+02,7.800032183661336660e+01
9.730000000000165983e+02,7.799481826903215165e+01
9.731000000000166210e+02,7.798824602364673808e+01
9.732000000000166438e+02,7.798178128539713327e+01
9.733000000000166665e+02,7.797542143782098378e+01
9.734000000000166892e+02,7.796916394867724875e+01
9.735000000000167120e+02,7.796300636658429539e+01
9.736000000000167347e+02,7.795694631781815076e+01
9.737000000000167574e+02,7.795098150326131758e+01
9.738000000000167802e+02,7.794510969549469337e+01
9.739000000000168029e+02,7.793932873602408051e+01
9.740000000000168257e+02,7.793363653263475044e+01
9.741000000000168484e+02,7.792727907740038518e+01
9.742000000000168711e+02,7.792097392845352033e+01
9.743000000000168939e+02,7.791472044290993892e+01
9.744000000000169166e+02,7.790851798837769593e+01
9.745000000000169393e+02,7.790236594274414017e+01
9.746000000000169621e+02,7.789626369396775374e+01
9.747000000000169848e+02,7.789021063987532045e+01
9.748000000000170076e+02,7.788420618796371286e+01
9.749000000000170303e+02,7.787824975520663884e+01
9.750000000000170530e+02,7.787234076786580772e+01
9.751000000000170758e+02,7.786621007703789132e+01
9.752000000000170985e+02,7.786008081839266026e+01
9.753000000000171212e+02,7.785395299142831504e+01
9.754000000000171440e+02,7.784782659564328355e+01
9.755000000000171667e+02,7.784170163053626368e+01
9.756000000000171894e+02,7.783557809560612384e+01
9.757000000000172122e+02,7.782945599035203088e+01
9.758000000000172349e+02,7.782333531427335060e+01
9.759000000000172577e+02,7.781721606686969039e+01
9.760000000000172804e+02,7.781109824764092764e+01
9.761000000000173031e+02,7.780517954010487358e+01
9.762000000000173259e+02,7.779921453389556518e+01
9.763000000000173486e+02,7.779320268362769752e+01
9.764000000000173713e+02,7.778714343531623854e+01
9.765000000000173941e+02,7.778103622620622559e+01
9.766000000000174168e+02,7.777488048459856884e+01
9.767000000000174396e+02,7.776867562967157710e+01
9.768000000000174623e+02,7.776242107129836256e+01
9.769000000000174850e+02,7.775611620985966965e+01
9.770000000000175078e+02,7.774976043605241216e+01
9.771000000000175305e+02,7.774408178228431154e+01
9.772000000000175532e+02,7.773831148472424957e+01
9.773000000000175760e+02,7.773244730686360526e+01
9.774000000000175987e+02,7.772648693882287319e+01
9.775000000000176215e+02,7.772042799431788751e+01
9.776000000000176442e+02,7.771426800747447317e+01
9.777000000000176669e+02,7.770800442948235798e+01
9.778000000000176897e+02,7.770163462507875352e+01
9.779000000000177124e+02,7.769515586885157177e+01
9.780000000000177351e+02,7.768856534135154845e+01
9.781000000000177579e+02,7.768312145889763087e+01
9.782000000000177806e+02,7.767754182935860285e+01
9.783000000000178034e+02,7.767182131120520694e+01
9.784000000000178261e+02,7.766595449993549494e+01
9.785000000000178488e+02,7.765993571104417015e+01
9.786000000000178716e+02,7.765375896165114966e+01
9.787000000000178943e+02,7.764741795066454699e+01
9.788000000000179170e+02,7.764090603733956186e+01
9.789000000000179398e+02,7.763421621808016937e+01
9.790000000000179625e+02,7.762734110131341936e+01
9.791000000000179853e+02,7.762214911836473163e+01
9.792000000000180080e+02,7.761677807078847025e+01
9.793000000000180307e+02,7.761121853248438640e+01
9.794000000000180535e+02,7.760546040393963096e+01
9.795000000000180762e+02,7.759949285099835947e+01
9.796000000000180989e+02,7.759330423682673938e+01
9.797000000000181217e+02,7.758688204617428141e+01
9.798000000000181444e+02,7.758021280089462834e+01
9.799000000000181672e+02,7.757328196552553834e+01
9.800000000000181899e+02,7.756607384153667795e+01
9.801000000000182126e+02,7.756116249093678050e+01
9.802000000000182354e+02,7.755602925360949484e+01
9.803000000000182581e+02,7.755065874532257908e+01
9.804000000000182808e+02,7.754503412600278978e+01
9.805000000000183036e+02,7.753913692335147800e+01
9.806000000000183263e+02,7.753294683017927014e+01
9.807000000000183491e+02,7.752644147077509729e+01
9.808000000000183718e+02,7.751959613064535404e+01
9.809000000000183945e+02,7.751238344274328540e+01
9.810000000000184173e+02,7.750477302179169214e+01
9.811000000000184400e+02,7.749938656526904879e+01
9.812000000000184627e+02,7.749385167565367283e+01
9.813000000000184855e+02,7.748816213173293477e+01
9.814000000000185082e+02,7.748231135970553396e+01
9.815000000000185310e+02,7.747629240784365834e+01
9.816000000000185537e+02,7.747009791893843555e+01
9.817000000000185764e+02,7.746372010029858757e+01
9.818000000000185992e+02,7.745715069104572592e+01
9.819000000000186219e+02,7.745038092641702576e+01
9.820000000000186446e+02,7.744340149875175427e+01
9.821000000000186674e+02,7.743836235614941188e+01
9.822000000000186901e+02,7.743358605976027320e+01
9.823000000000187129e+02,7.742905256686491100e+01
9.824000000000187356e+02,7.742474382198045646e+01
9.825000000000187583e+02,7.742064351652462051e+01
9.826000000000187811e+02,7.741673688253547425e+01
9.827000000000188038e+02,7.741301051494684771e+01
9.828000000000188265e+02,7.740945221791132269e+01
9.829000000000188493e+02,7.740605087145870300e+01
9.830000000000188720e+02,7.740279631541783090e+01
9.831000000000188948e+02,7.739796582863945673e+01
9.832000000000189175e+02,7.739333567300896277e+01
9.833000000000189402e+02,7.738889363942119815e+01
9.834000000000189630e+02,7.738462849112339370e+01
9.835000000000189857e+02,7.738052986880535400e+01
9.836000000000190084e+02,7.737658820659341075e+01
9.837000000000190312e+02,7.737279465751450402e+01
9.838000000000190539e+02,7.736914102720734832e+01
9.839000000000190767e+02,7.736561971483601496e+01
9.840000000000190994e+02,7.736222366030834507e+01
9.841000000000191221e+02,7.735756128130586262e+01
9.842000000000191449e+02,7.735304845989436728e+01
9.843000000000191676e+02,7.734867811351281830e+01
9.844000000000191903e+02,7.734444359985972994e+01
9.845000000000192131e+02,7.734033868320801730e+01
9.846000000000192358e+02,7.733635750376589613e+01
9.847000000000192586e+02,7.733249454976728998e+01
9.848000000000192813e+02,7.732874463201241610e+01
9.849000000000193040e+02,7.732510286061101112e+01
9.850000000000193268e+02,7.732156462370886629e+01
9.851000000000193495e+02,7.731706115008503843e+01
9.852000000000193722e+02,7.731266369752067646e+01
9.853000000000193950e+02,7.730836856564134507e+01
9.854000000000194177e+02,7.730417222429407786e+01
9.855000000000194404e+02,7.730007130387080849e+01
9.856000000000194632e+02,7.729606258628425053e+01
9.857000000000194859e+02,7.729214299654587705e+01
9.858000000000195087e+02,7.728830959489934571e+01
9.859000000000195314e+02,7.728455956946731931e+01
9.860000000000195541e+02,7.728089022937267316e+01
9.861000000000195769e+02,7.727653661946015973e+01
9.862000000000195996e+02,7.727225067949575532e+01
9.863000000000196223e+02,7.726803084391383436e+01
9.864000000000196451e+02,7.726387559507236347e+01
9.865000000000196678e+02,7.725978346143305941e+01
9.866000000000196906e+02,7.725575301582385634e+01
9.867000000000197133e+02,7.725178287377944741e+01
9.868000000000197360e+02,7.724787169195565184e+01
9.869000000000197588e+02,7.724401816661396936e+01
9.870000000000197815e+02,7.724022103217249935e+01
9.871000000000198042e+02,7.723601025114987806e+01
9.872000000000198270e+02,7.723183253209791133e+01
9.873000000000198497e+02,7.722768748714821641e+01
9.874000000000198725e+02,7.722357473447576126e+01
9.875000000000198952e+02,7.721949389818179554e+01
9.876000000000199179e+02,7.721544460817911215e+01
9.877000000000199407e+02,7.721142650008039254e+01
9.878000000000199634e+02,7.720743921508869789e+01
9.879000000000199861e+02,7.720348239989081662e+01
9.880000000000200089e+02,7.719955570655277199e+01
9.881000000000200316e+02,7.719548860365931375e+01
9.882000000000200544e+02,7.719142262084824324e+01
9.883000000000200771e+02,7.718735775765689766e+01
9.884000000000200998e+02,7.718329401362288422e+01
9.885000000000201226e+02,7.717923138828408014e+01
9.886000000000201453e+02,7.717516988117860421e+01
9.887000000000201680e+02,7.717110949184481683e+01
9.888000000000201908e+02,7.716705021982137680e+01
9.889000000000202135e+02,7.716299206464712768e+01
9.890000000000202363e+02,7.715893502586126829e+01
9.891000000000202590e+02,7.715500267092323838e+01
9.892000000000202817e+02,7.715104135384648032e+01
9.893000000000203045e+02,7.714705075348530272e+01
9.894000000000203272e+02,7.714303054392840409e+01
9.895000000000203499e+02,7.713898039441014021e+01
9.896000000000203727e+02,7.713489996921977365e+01
9.897000000000203954e+02,7.713078892760870531e+01
9.898000000000204182e+02,7.712664692369567376e+01
9.899000000000204409e+02,7.712247360636972360e+01
9.900000000000204636e+02,7.711826861919097098e+01
9.901000000000204864e+02,7.711405973828739491e+01
9.902000000000205091e+02,7.710978668395489422e+01
9.903000000000205318e+02,7.710544797722576504e+01
9.904000000000205546e+02,7.710104209333405834e+01
9.905000000000205773e+02,7.709656745992873539e+01
9.906000000000206001e+02,7.709202245520297936e+01
9.907000000000206228e+02,7.708740540593421997e+01
9.908000000000206455e+02,7.708271458543040922e+01
9.909000000000206683e+02,7.707794821137689212e+01
9.910000000000206910e+02,7.707310444357875667e+01
9.911000000000207137e+02,7.706906490403265764e+01
9.912000000000207365e+02,7.706493013937944170e+01
9.913000000000207592e+02,7.706069674230941757e+01
9.914000000000207820e+02,7.705636114099181100e+01
9.915000000000208047e+02,7.705191958902359772e+01
9.916000000000208274e+02,7.704736815463245136e+01
9.917000000000208502e+02,7.704270270906808094e+01
9.918000000000208729e+02,7.703791891411039217e+01
9.919000000000208956e+02,7.703301220861457921e+01
9.920000000000209184e+02,7.702797779400606260e+01
9.921000000000209411e+02,7.702412287965337612e+01
9.922000000000209639e+02,7.702014235069087533e+01
9.923000000000209866e+02,7.701602996558979441e+01
9.924000000000210093e+02,7.701177906235250248e+01
9.925000000000210321e+02,7.700738252249914240e+01
9.926000000000210548e+02,7.700283273128846417e+01
9.927000000000210775e+02,7.699812153370473311e+01
9.928000000000211003e+02,7.699324018567632777e+01
9.929000000000211230e+02,7.698817929991139408e+01
9.930000000000211458e+02,7.698292878564554087e+01
9.931000000000211685e+02,7.697925973302511693e+01
9.932000000000211912e+02,7.697543429240893431e+01
9.933000000000212140e+02,7.697144224735248486e+01
9.934000000000212367e+02,7.696727247171483555e+01
9.935000000000212594e+02,7.696291282610141593e+01
9.936000000000212822e+02,7.695835003983093259e+01
9.937000000000213049e+02,7.695356957600918690e+01
9.938000000000213277e+02,7.694855547682021779e+01
9.939000000000213504e+02,7.694329018556597077e+01
9.940000000000213731e+02,7.693775434127326207e+01
9.941000000000213959e+02,7.693409039289900875e+01
9.942000000000214186e+02,7.693026847005491220e+01
9.943000000000214413e+02,7.692627813081472254e+01
9.944000000000214641e+02,7.692210799225397011e+01
9.945000000000214868e+02,7.691774562200632204e+01
9.946000000000215095e+02,7.691317741446970047e+01
9.947000000000215323e+02,7.690838844906500071e+01
9.948000000000215550e+02,7.690336232743763389e+01
9.949000000000215778e+02,7.689808098585844220e+01
9.950000000000216005e+02,7.689252447830239134e+01
9.951000000000216232e+02,7.688691972558640941e+01
9.952000000000216460e+02,7.688161068094319717e+01
9.953000000000216687e+02,7.687657454342321728e+01
9.954000000000216914e+02,7.687179079746611876e+01
9.955000000000217142e+02,7.686724093356352228e+01
9.956000000000217369e+02,7.686290820891521491e+01
9.957000000000217597e+02,7.685877744155430946e+01
9.958000000000217824e+02,7.685483483260547644e+01
9.959000000000218051e+02,7.685106781229104911e+01
9.960000000000218279e+02,7.684746490606381997e+01
9.961000000000218506e+02,7.684424373803287267e+01
9.962000000000218733e+02,7.684115906816454356e+01
9.963000000000218961e+02,7.683820240023545978e+01
9.964000000000219188e+02,7.683536592881092986e+01
9.965000000000219416e+02,7.683264247043740625e+01
9.966000000000219643e+02,7.683002540289903948e+01
9.967000000000219870e+02,7.682750861145629528e+01
9.968000000000220098e+02,7.682508644114834340e+01
9.969000000000220325e+02,7.682275365437598680e+01
9.970000000000220552e+02,7.682050539309493331e+01
9.971000000000220780e+02,7.681738669602439984e+01
9.972000000000221007e+02,7.681437179179293651e+01
9.973000000000221235e+02,7.681145558374267068e+01
9.974000000000221462e+02,7.680863330353125207e+01
9.975000000000221689e+02,7.680590048511399459e+01
9.976000000000221917e+02,7.680325294116181567e+01
9.977000000000222144e+02,7.680068674165281095e+01
9.978000000000222371e+02,7.679819819440709239e+01
9.979000000000222599e+02,7.679578382736249864e+01
9.980000000000222826e+02,7.679344037241175158e+01
9.981000000000223054e+02,7.679043390841628991e+01
9.982000000000223281e+02,7.678750274376015739e+01
9.983000000000223508e+02,7.678464408453132251e+01
9.984000000000223736e+02,7.678185527334977678e+01
9.985000000000223963e+02,7.677913378112829434e+01
9.986000000000224190e+02,7.677647719942248727e+01
9.987000000000224418e+02,7.677388323332202447e+01
9.988000000000224645e+02,7.677134969483846305e+01
9.989000000000224873e+02,7.676887449675014352e+01
9.990000000000225100e+02,7.676645564686690193e+01
9.991000000000225327e+02,7.676354697463322907e+01
9.992000000000225555e+02,7.676068882378525871e+01
9.993000000000225782e+02,7.675787988937979378e+01
9.994000000000226009e+02,7.675511891103151640e+01
9.995000000000226237e+02,7.675240467102712216e+01
9.996000000000226464e+02,7.674973599253462453e+01
9.997000000000226692e+02,7.674711173790208818e+01
9.998000000000226919e+02,7.674453080704047636e+01
9.999000000000227146e+02,7.674199213588610746e+01
1.000000000000022737e+03,7.673949469493780384e+01
1.000100000000022760e+03,7.673666408587264698e+01
1.000200000000022783e+03,7.673386185319853325e+01
1.000300000000022806e+03,7.673108757234058430e+01
1.000400000000022828e+03,7.672834082715208126e+01
1.000500000000022851e+03,7.672562120970623312e+01
1.000600000000022874e+03,7.672292832009436836e+01
1.000700000000022897e+03,7.672026176622976834e+01
1.000800000000022919e+03,7.671762116365741235e+01
1.000900000000022942e+03,7.671500613536919388e+01
1.001000000000022965e+03,7.671241631162443753e+01
1.001100000000022987e+03,7.670968331807981144e+01
1.001200000000023010e+03,7.670695806879903955e+01
1.001300000000023033e+03,7.670424053091224437e+01
1.001400000000023056e+03,7.670153067173534112e+01
1.001500000000023078e+03,7.669882845876858823e+01
1.001600000000023101e+03,7.669613385969552155e+01
1.001700000000023124e+03,7.669344684238143373e+01
1.001800000000023147e+03,7.669076737487225159e+01
1.001900000000023169e+03,7.668809542539318613e+01
1.002000000000023192e+03,7.668543096234751033e+01
1.002100000000023215e+03,7.668277586121875800e+01
1.002200000000023238e+03,7.668010916604379190e+01
1.002300000000023260e+03,7.667743080071474537e+01
1.002400000000023283e+03,7.667474068845621105e+01
1.002500000000023306e+03,7.667203875181773753e+01
1.002600000000023329e+03,7.666932491266661032e+01
1.002700000000023351e+03,7.666659909218016367e+01
1.002800000000023374e+03,7.666386121083823468e+01
1.002900000000023397e+03,7.666111118841537575e+01
1.003000000000023419e+03,7.665834894397309540e+01
1.003100000000023442e+03,7.665579692900817577e+01
1.003200000000023465e+03,7.665321496675923640e+01
1.003300000000023488e+03,7.665060252697878695e+01
1.003400000000023510e+03,7.664795906682695659e+01
1.003500000000023533e+03,7.664528403049536109e+01
1.003600000000023556e+03,7.664257684881764021e+01
1.003700000000023579e+03,7.663983693886552828e+01
1.003800000000023601e+03,7.663706370353061459e+01
1.003900000000023624e+03,7.663425653109032964e+01
1.004000000000023647e+03,7.663141479475835638e+01
1.004100000000023670e+03,7.662899301562252674e+01
1.004200000000023692e+03,7.662652415410771312e+01
1.004300000000023715e+03,7.662400682372697247e+01
1.004400000000023738e+03,7.662143958301442126e+01
1.004500000000023761e+03,7.661882093277293393e+01
1.004600000000023783e+03,7.661614931315462229e+01
1.004700000000023806e+03,7.661342310056241445e+01
1.004800000000023829e+03,7.661064060435981560e+01
1.004900000000023851e+03,7.660780006337469672e+01
1.005000000000023874e+03,7.660489964218197656e+01
1.005100000000023897e+03,7.660256924391187283e+01
1.005200000000023920e+03,7.660017431004803257e+01
1.005300000000023942e+03,7.659771212217899006e+01
1.005400000000023965e+03,7.659517980704335116e+01
1.005500000000023988e+03,7.659257432534458587e+01
1.005600000000024011e+03,7.658989245958197500e+01
1.005700000000024033e+03,7.658713080079556335e+01
1.005800000000024056e+03,7.658428573410981244e+01
1.005900000000024079e+03,7.658135342294757208e+01
1.006000000000024102e+03,7.657832979176940569e+01
1.006100000000024124e+03,7.657610801466580597e+01
1.006200000000024147e+03,7.657380459484400603e+01
1.006300000000024170e+03,7.657141494793771130e+01
1.006400000000024193e+03,7.656893413980795060e+01
1.006500000000024215e+03,7.656635685253651502e+01
1.006600000000024238e+03,7.656367734637258593e+01
1.006700000000024261e+03,7.656088941706062201e+01
1.006800000000024284e+03,7.655798634788062884e+01
1.006900000000024306e+03,7.655496085562147357e+01
1.007000000000024329e+03,7.655180502957213662e+01
1.007100000000024352e+03,7.654970932423478303e+01
1.007200000000024374e+03,7.654751518335504556e+01
1.007300000000024397e+03,7.654521550484531645e+01
1.007400000000024420e+03,7.654280248656445451e+01
1.007500000000024443e+03,7.654026753788322424e+01
1.007600000000024465e+03,7.653760117749608582e+01
1.007700000000024488e+03,7.653479291491812830e+01
1.007800000000024511e+03,7.653183111254455184e+01
1.007900000000024534e+03,7.652870282444891359e+01
1.008000000000024556e+03,7.652539360721161188e+01
1.008100000000024579e+03,7.652270158787736420e+01
1.008200000000024602e+03,7.652002060685433094e+01
1.008300000000024625e+03,7.651735059638947689e+01
1.008400000000024647e+03,7.651469148928309494e+01
1.008500000000024670e+03,7.651204321888322113e+01
1.008600000000024693e+03,7.650940571908000720e+01
1.008700000000024716e+03,7.650677892430029203e+01
1.008800000000024738e+03,7.650416276950211625e+01
1.008900000000024761e+03,7.650155719016936473e+01
1.009000000000024784e+03,7.649896212230630965e+01
1.009100000000024806e+03,7.649574431870088631e+01
1.009200000000024829e+03,7.649267635834645773e+01
1.009300000000024852e+03,7.648974801278562552e+01
1.009400000000024875e+03,7.648694996379020949e+01
1.009500000000024897e+03,7.648427370431330985e+01
1.009600000000024920e+03,7.648171145209964550e+01
1.009700000000024943e+03,7.647925607410591908e+01
1.009800000000024966e+03,7.647690102018556502e+01
1.009900000000024988e+03,7.647464026473959109e+01
1.010000000000025011e+03,7.647246825523887992e+01
1.010100000000025034e+03,7.647100160668152569e+01
1.010200000000025057e+03,7.646958976095984895e+01
1.010300000000025079e+03,7.646822970276224396e+01
1.010400000000025102e+03,7.646691863400081957e+01
1.010500000000025125e+03,7.646565395459631986e+01
1.010600000000025148e+03,7.646443324526740071e+01
1.010700000000025170e+03,7.646325425208428328e+01
1.010800000000025193e+03,7.646211487257936312e+01
1.010900000000025216e+03,7.646101314323476572e+01
1.011000000000025238e+03,7.645994722819007450e+01
1.011100000000025261e+03,7.645853713170910737e+01
1.011200000000025284e+03,7.645716814763943603e+01
1.011300000000025307e+03,7.645583850382102753e+01
1.011400000000025329e+03,7.645454652850358457e+01
1.011500000000025352e+03,7.645329064333444080e+01
1.011600000000025375e+03,7.645206935692597483e+01
1.011700000000025398e+03,7.645088125894739051e+01
1.011800000000025420e+03,7.644972501469179349e+01
1.011900000000025443e+03,7.644859936007438250e+01
1.012000000000025466e+03,7.644750309702241964e+01
1.012100000000025489e+03,7.644614061480990586e+01
1.012200000000025511e+03,7.644480757001724669e+01
1.012300000000025534e+03,7.644350301881517851e+01
1.012400000000025557e+03,7.644222605729613917e+01
1.012500000000025580e+03,7.644097581938559927e+01
1.012600000000025602e+03,7.643975147488322364e+01
1.012700000000025625e+03,7.643855222762441315e+01
1.012800000000025648e+03,7.643737731375377109e+01
1.012900000000025670e+03,7.643622600010272095e+01
1.013000000000025693e+03,7.643509758266370113e+01
1.013100000000025716e+03,7.643376236907964483e+01
1.013200000000025739e+03,7.643244649642025479e+01
1.013300000000025761e+03,7.643114954746960166e+01
1.013400000000025784e+03,7.642987111692613666e+01
1.013500000000025807e+03,7.642861081098040188e+01
1.013600000000025830e+03,7.642736824691061770e+01
1.013700000000025852e+03,7.642614305269516706e+01
1.013800000000025875e+03,7.642493486664122315e+01
1.013900000000025898e+03,7.642374333702882439e+01
1.014000000000025921e+03,7.642256812176943015e+01
1.014100000000025943e+03,7.642128008791145533e+01
1.014200000000025966e+03,7.642000185028656745e+01
1.014300000000025989e+03,7.641873329755922839e+01
1.014400000000026012e+03,7.641747432007467467e+01
1.014500000000026034e+03,7.641622480982729826e+01
1.014600000000026057e+03,7.641498466042972382e+01
1.014700000000026080e+03,7.641375376708268163e+01
1.014800000000026102e+03,7.641253202654550591e+01
1.014900000000026125e+03,7.641131933710713042e+01
1.015000000000026148e+03,7.641011559855799362e+01
1.015100000000026171e+03,7.640887075823212626e+01
1.015200000000026193e+03,7.640762693006331574e+01
1.015300000000026216e+03,7.640638411281760511e+01
1.015400000000026239e+03,7.640514230526306960e+01
1.015500000000026262e+03,7.640390150616974552e+01
1.015600000000026284e+03,7.640266171430970132e+01
1.015700000000026307e+03,7.640142292845696659e+01
1.015800000000026330e+03,7.640018514738760302e+01
1.015900000000026353e+03,7.639894836987963345e+01
1.016000000000026375e+03,7.639771259471304177e+01
1.016100000000026398e+03,7.639649926984048989e+01
1.016200000000026421e+03,7.639527862166255545e+01
1.016300000000026444e+03,7.639405058367628953e+01
1.016400000000026466e+03,7.639281508857099823e+01
1.016500000000026489e+03,7.639157206821609236e+01
1.016600000000026512e+03,7.639032145364851090e+01
1.016700000000026535e+03,7.638906317505993115e+01
1.016800000000026557e+03,7.638779716178375168e+01
1.016900000000026580e+03,7.638652334228203244e+01
1.017000000000026603e+03,7.638524164413180984e+01
1.017100000000026625e+03,7.638407635043681410e+01
1.017200000000026648e+03,7.638289581164747233e+01
1.017300000000026671e+03,7.638169972662531393e+01
1.017400000000026694e+03,7.638048778624803958e+01
1.017500000000026716e+03,7.637925967314313880e+01
1.017600000000026739e+03,7.637801506141093455e+01
1.017700000000026762e+03,7.637675361633613136e+01
1.017800000000026785e+03,7.637547499408776730e+01
1.017900000000026807e+03,7.637417884140675994e+01
1.018000000000026830e+03,7.637286479528067673e+01
1.018100000000026853e+03,7.637223888687154272e+01
1.018200000000026876e+03,7.637160015085055420e+01
1.018300000000026898e+03,7.637094818879384661e+01
1.018400000000026921e+03,7.637028258560492588e+01
1.018500000000026944e+03,7.636960290863339651e+01
1.018600000000026967e+03,7.636890870673708775e+01
1.018700000000026989e+03,7.636819950928338585e+01
1.018800000000027012e+03,7.636747482508540941e+01
1.018900000000027035e+03,7.636673414126723003e+01
1.019000000000027057e+03,7.636597692205366172e+01
1.019100000000027080e+03,7.636538857723658680e+01
1.019200000000027103e+03,7.636478349274580069e+01
1.019300000000027126e+03,7.636416094385172926e+01
1.019400000000027148e+03,7.636352016337681903e+01
1.019500000000027171e+03,7.636286033854166533e+01
1.019600000000027194e+03,7.636218060752553072e+01
1.019700000000027217e+03,7.636148005571091346e+01
1.019800000000027239e+03,7.636075771157767633e+01
1.019900000000027262e+03,7.636001254220782641e+01
1.020000000000027285e+03,7.635924344835750333e+01
1.020100000000027308e+03,7.635867127582655201e+01
1.020200000000027330e+03,7.635807780652682197e+01
1.020300000000027353e+03,7.635746182888350120e+01
1.020400000000027376e+03,7.635682203764309861e+01
1.020500000000027399e+03,7.635615702464116339e+01
1.020600000000027421e+03,7.635546526845585902e+01
1.020700000000027444e+03,7.635474512278794634e+01
1.020800000000027467e+03,7.635399480337987654e+01
1.020900000000027489e+03,7.635321237325578636e+01
1.021000000000027512e+03,7.635239572602483804e+01
1.021100000000027535e+03,7.635187359532888252e+01
1.021200000000027558e+03,7.635132684668640479e+01
1.021300000000027580e+03,7.635075369699383430e+01
1.021400000000027603e+03,7.635015218668441150e+01
1.021500000000027626e+03,7.634952015734491226e+01
1.021600000000027649e+03,7.634885522583695661e+01
1.021700000000027671e+03,7.634815475426840692e+01
1.021800000000027694e+03,7.634741581501774021e+01
1.021900000000027717e+03,7.634663514983346033e+01
1.022000000000027740e+03,7.634580912180352641e+01
1.022100000000027762e+03,7.634507254748878324e+01
1.022200000000027785e+03,7.634434660969318998e+01
1.022300000000027808e+03,7.634363107967298845e+01
1.022400000000027831e+03,7.634292573519671521e+01
1.022500000000027853e+03,7.634223036031512777e+01
1.022600000000027876e+03,7.634154474514070898e+01
1.022700000000027899e+03,7.634086868563655059e+01
1.022800000000027921e+03,7.634020198341384855e+01
1.022900000000027944e+03,7.633954444553775431e+01
1.023000000000027967e+03,7.633889588434136897e+01
1.023100000000027990e+03,7.633807522567957449e+01
1.023200000000028012e+03,7.633729113961410917e+01
1.023300000000028035e+03,7.633654123465058206e+01
1.023400000000028058e+03,7.633582332335419096e+01
1.023500000000028081e+03,7.633513540103960793e+01
1.023600000000028103e+03,7.633447562707657141e+01
1.023700000000028126e+03,7.633384230844448837e+01
1.023800000000028149e+03,7.633323388522615005e+01
1.023900000000028172e+03,7.633264891777943717e+01
1.024000000000028194e+03,7.633208607536461443e+01
1.024100000000028103e+03,7.633233354855272523e+01
1.024200000000028240e+03,7.633257212399942659e+01
1.024300000000028376e+03,7.633280227309931831e+01
1.024400000000028285e+03,7.633302443452612351e+01
1.024500000000028194e+03,7.633323901702324576e+01
1.024600000000028331e+03,7.633344640191363339e+01
1.024700000000028467e+03,7.633364694536125228e+01
1.024800000000028376e+03,7.633384098041227617e+01
1.024900000000028285e+03,7.633402881884090618e+01
1.025000000000028422e+03,7.633421075282085155e+01
1.025100000000028558e+03,7.633443600180537203e+01
1.025200000000028467e+03,7.633465489105873303e+01
1.025300000000028376e+03,7.633486768617470375e+01
1.025400000000028513e+03,7.633507463816113159e+01
1.025500000000028649e+03,7.633527598442780970e+01
1.025600000000028558e+03,7.633547194969484906e+01
1.025700000000028467e+03,7.633566274682947039e+01
1.025800000000028604e+03,7.633584857761725573e+01
1.025900000000028740e+03,7.633602963347394166e+01
1.026000000000028649e+03,7.633620609610328245e+01
1.026100000000028558e+03,7.633643310565724960e+01
1.026200000000028695e+03,7.633665532171467305e+01
1.026300000000028831e+03,7.633687289451729896e+01
1.026400000000028740e+03,7.633708596809320568e+01
1.026500000000028649e+03,7.633729468057460110e+01
1.026600000000028786e+03,7.633749916449656325e+01
1.026700000000028922e+03,7.633769954707760519e+01
1.026800000000028831e+03,7.633789595048371268e+01
1.026900000000028740e+03,7.633808849207662206e+01
1.027000000000028876e+03,7.633827728464768825e+01
1.027100000000029013e+03,7.633849069234287299e+01
1.027200000000028922e+03,7.633870103078797342e+01
1.027300000000028831e+03,7.633890836572363980e+01
1.027400000000028967e+03,7.633911276102634247e+01
1.027500000000029104e+03,7.633931427877395492e+01
1.027600000000029013e+03,7.633951297930876478e+01
1.027700000000028922e+03,7.633970892129748620e+01
1.027800000000029058e+03,7.633990216178916910e+01
1.027900000000029195e+03,7.634009275627057889e+01
1.028000000000029104e+03,7.634028075871921715e+01
1.028100000000029013e+03,7.634048713192680680e+01
1.028200000000029149e+03,7.634069187988407634e+01
1.028300000000029286e+03,7.634089502171470087e+01
1.028400000000029195e+03,7.634109657624352963e+01
1.028500000000029104e+03,7.634129656200234137e+01
1.028600000000029240e+03,7.634149499723557142e+01
1.028700000000029377e+03,7.634169189990585380e+01
1.028800000000029286e+03,7.634188728769943566e+01
1.028900000000029195e+03,7.634208117803142102e+01
1.029000000000029331e+03,7.634227358805102881e+01
1.029100000000029468e+03,7.634248172834817581e+01
1.029200000000029377e+03,7.634268956689297170e+01
1.029300000000029286e+03,7.634289710434114795e+01
1.029400000000029422e+03,7.634310434134653178e+01
1.029500000000029559e+03,7.634331127856107457e+01
1.029600000000029468e+03,7.634351791663479503e+01
1.029700000000029377e+03,7.634372425621587865e+01
1.029800000000029513e+03,7.634393029795063512e+01
1.029900000000029650e+03,7.634413604248348406e+01
1.030000000000029559e+03,7.634434149045702611e+01
1.030100000000029468e+03,7.634453645083667084e+01
1.030200000000029604e+03,7.634473238979711596e+01
1.030300000000029740e+03,7.634492931472475163e+01
1.030400000000029650e+03,7.634512723308041870e+01
1.030500000000029559e+03,7.634532615240044606e+01
1.030600000000029695e+03,7.634552608029760279e+01
1.030700000000029831e+03,7.634572702446206449e+01
1.030800000000029740e+03,7.634592899266230859e+01
1.030900000000029650e+03,7.634613199274629380e+01
1.031000000000029786e+03,7.634633603264232704e+01
1.031100000000029922e+03,7.634652816073152337e+01
1.031200000000029831e+03,7.634672252924725910e+01
1.031300000000029740e+03,7.634691917760814306e+01
1.031400000000029877e+03,7.634711814616298398e+01
1.031500000000030013e+03,7.634731947621833115e+01
1.031600000000029922e+03,7.634752321006712350e+01
1.031700000000029831e+03,7.634772939101829081e+01
1.031800000000029968e+03,7.634793806342743494e+01
1.031900000000030104e+03,7.634814927272863372e+01
1.032000000000030013e+03,7.634836306546768014e+01
1.032100000000029922e+03,7.634944697028180371e+01
1.032200000000030059e+03,7.635055105695759892e+01
1.032300000000030195e+03,7.635167589445889291e+01
1.032400000000030104e+03,7.635282207333933968e+01
1.032500000000030013e+03,7.635399020677614601e+01
1.032600000000030150e+03,7.635518093166395204e+01
1.032700000000030286e+03,7.635639490977273169e+01
1.032800000000030195e+03,7.635763282897427473e+01
1.032900000000030104e+03,7.635889540454186886e+01
1.033000000000030241e+03,7.636018338052834054e+01
1.033100000000030377e+03,7.636123429738444202e+01
1.033200000000030286e+03,7.636231260314170299e+01
1.033300000000030195e+03,7.636341938264735063e+01
1.033400000000030332e+03,7.636455577880816747e+01
1.033500000000030468e+03,7.636572299652719664e+01
1.033600000000030377e+03,7.636692230696520767e+01
1.033700000000030286e+03,7.636815505215869848e+01
1.033800000000030423e+03,7.636942265002927854e+01
1.033900000000030559e+03,7.637072659982436562e+01
1.034000000000030468e+03,7.637206848803248249e+01
1.034100000000030377e+03,7.637306581427971253e+01
1.034200000000030514e+03,7.637409724924145848e+01
1.034300000000030650e+03,7.637516457314478657e+01
1.034400000000030559e+03,7.637626969229687290e+01
1.034500000000030468e+03,7.637741465044776135e+01
1.034600000000030604e+03,7.637860164140460029e+01
1.034700000000030741e+03,7.637983302306105315e+01
1.034800000000030650e+03,7.638111133303087286e+01
1.034900000000030559e+03,7.638243930610336463e+01
1.035000000000030695e+03,7.638381989377370473e+01
1.035100000000030832e+03,7.638478281795045177e+01
1.035200000000030741e+03,7.638578747286373982e+01
1.035300000000030650e+03,7.638683663135698509e+01
1.035400000000030786e+03,7.638793331749727145e+01
1.035500000000030923e+03,7.638908083568625784e+01
1.035600000000030832e+03,7.639028280391508474e+01
1.035700000000030741e+03,7.639154319186803832e+01
1.035800000000030877e+03,7.639286636472083103e+01
1.035900000000031014e+03,7.639425713365088200e+01
1.036000000000030923e+03,7.639572081429199102e+01
1.036100000000030832e+03,7.639681882304525118e+01
1.036200000000030968e+03,7.639793327635106834e+01
1.036300000000031105e+03,7.639906454642455458e+01
1.036400000000031014e+03,7.640021301679941246e+01
1.036500000000030923e+03,7.640137908276150824e+01
1.036600000000031059e+03,7.640256315180249658e+01
1.036700000000031196e+03,7.640376564409449145e+01
1.036800000000031105e+03,7.640498699298737506e+01
1.036900000000031014e+03,7.640622764552931301e+01
1.037000000000031150e+03,7.640748806301250795e+01
1.037100000000031287e+03,7.640892716461159750e+01
1.037200000000031196e+03,7.641029994394006053e+01
1.037300000000031105e+03,7.641161088251138267e+01
1.037400000000031241e+03,7.641286406696811184e+01
1.037500000000031378e+03,7.641406323163492686e+01
1.037600000000031287e+03,7.641521179568530897e+01
1.037700000000031196e+03,7.641631289570024421e+01
1.037800000000031332e+03,7.641736941427237184e+01
1.037900000000031469e+03,7.641838400520454400e+01
1.038000000000031378e+03,7.641935911576715057e+01
1.038100000000031287e+03,7.642103762959189339e+01
1.038200000000031423e+03,7.642265297001929980e+01
1.038300000000031559e+03,7.642420863761384453e+01
1.038400000000031469e+03,7.642570787899947504e+01
1.038500000000031378e+03,7.642715370947621523e+01
1.038600000000031514e+03,7.642854893326223475e+01
1.038700000000031650e+03,7.642989616164661015e+01
1.038800000000031559e+03,7.643119782930067174e+01
1.038900000000031469e+03,7.643245620896189507e+01
1.039000000000031605e+03,7.643367342467693959e+01
1.039100000000031741e+03,7.643530748812435149e+01
1.039200000000031650e+03,7.643689236018298061e+01
1.039300000000031559e+03,7.643843022918015606e+01
1.039400000000031696e+03,7.643992315553994388e+01
1.039500000000031832e+03,7.644137308099323036e+01
1.039600000000031741e+03,7.644278183700320994e+01
1.039700000000031650e+03,7.644415115248314407e+01
1.039800000000031787e+03,7.644548266087505795e+01
1.039900000000031923e+03,7.644677790664978545e+01
1.040000000000031832e+03,7.644803835128352887e+01
1.040100000000031741e+03,7.644963290086445795e+01
1.040200000000031878e+03,7.645119043974909800e+01
1.040300000000032014e+03,7.645271224172384450e+01
1.040400000000031923e+03,7.645419952278540165e+01
1.040500000000031832e+03,7.645565344438124100e+01
1.040600000000031969e+03,7.645707511643450971e+01
1.040700000000032105e+03,7.645846560016988747e+01
1.040800000000032014e+03,7.645982591075548385e+01
1.040900000000031923e+03,7.646115701977441859e+01
1.041000000000032060e+03,7.646245985753932928e+01
1.041100000000032196e+03,7.646400769741737236e+01
1.041200000000032105e+03,7.646552964008490960e+01
1.041300000000032014e+03,7.646702633008685268e+01
1.041400000000032151e+03,7.646849839075498778e+01
1.041500000000032287e+03,7.646994642507367246e+01
1.041600000000032196e+03,7.647137101650318414e+01
1.041700000000032105e+03,7.647277272976371876e+01
1.041800000000032242e+03,7.647415211158183013e+01
1.041900000000032378e+03,7.647550969140122845e+01
1.042000000000032287e+03,7.647684598206063811e+01
1.042100000000032196e+03,7.647835350808765043e+01
1.042200000000032333e+03,7.647984518361019468e+01
1.042300000000032469e+03,7.648132125730521125e+01
1.042400000000032378e+03,7.648278197267468670e+01
1.042500000000032287e+03,7.648422756817964796e+01
1.042600000000032423e+03,7.648565827736995004e+01
1.042700000000032560e+03,7.648707432900999947e+01
1.042800000000032469e+03,7.648847594720076870e+01
1.042900000000032378e+03,7.648986335149793092e+01
1.043000000000032514e+03,7.649123675702664116e+01
1.043100000000032651e+03,7.649270526441992502e+01
1.043200000000032560e+03,7.649416727521128223e+01
1.043300000000032469e+03,7.649562283241650107e+01
1.043400000000032605e+03,7.649707197867249420e+01
1.043500000000032742e+03,7.649851475624136299e+01
1.043600000000032651e+03,7.649995120701456131e+01
1.043700000000032560e+03,7.650138137251698822e+01
1.043800000000032696e+03,7.650280529391091022e+01
1.043900000000032833e+03,7.650422301199995445e+01
1.044000000000032742e+03,7.650563456723301670e+01
1.044100000000032651e+03,7.650705687336822791e+01
1.044200000000032787e+03,7.650848153367590498e+01
1.044300000000032924e+03,7.650990855400574731e+01
1.044400000000032833e+03,7.651133794022688051e+01
1.044500000000032742e+03,7.651276969822788487e+01
1.044600000000032878e+03,7.651420383391688063e+01
1.044700000000033015e+03,7.651564035322168422e+01
1.044800000000032924e+03,7.651707926208977995e+01
1.044900000000032833e+03,7.651852056648844780e+01
1.045000000000032969e+03,7.651996427240490561e+01
1.045100000000033106e+03,7.652135491770226849e+01
1.045200000000033015e+03,7.652275646392584463e+01
1.045300000000032924e+03,7.652416903975451135e+01
1.045400000000033060e+03,7.652559277590044928e+01
1.045500000000033197e+03,7.652702780514940173e+01
1.045600000000033106e+03,7.652847426240207085e+01
1.045700000000033015e+03,7.652993228471632392e+01
1.045800000000033151e+03,7.653140201135052223e+01
1.045900000000033288e+03,7.653288358380780210e+01
1.046000000000033197e+03,7.653437714588157803e+01
1.046100000000033106e+03,7.653592502603315495e+01
1.046200000000033242e+03,7.653749495808548886e+01
1.046300000000033378e+03,7.653908741666364790e+01
1.046400000000033288e+03,7.654070289011161776e+01
1.046500000000033197e+03,7.654234188099161429e+01
1.046600000000033333e+03,7.654400490660543710e+01
1.046700000000033469e+03,7.654569249953861743e+01
1.046800000000033378e+03,7.654740520822923600e+01
1.046900000000033288e+03,7.654914359756220676e+01
1.047000000000033424e+03,7.655090824949012074e+01
1.047100000000033560e+03,7.655240802255059407e+01
1.047200000000033469e+03,7.655393931480799097e+01
1.047300000000033378e+03,7.655550313042412824e+01
1.047400000000033515e+03,7.655710051667379901e+01
1.047500000000033651e+03,7.655873256628358092e+01
1.047600000000033560e+03,7.656040041992470435e+01
1.047700000000033469e+03,7.656210526887176115e+01
1.047800000000033606e+03,7.656384835784025711e+01
1.047900000000033742e+03,7.656563098801737510e+01
1.048000000000033651e+03,7.656745452030109789e+01
1.048100000000033560e+03,7.656891248329579014e+01
1.048200000000033697e+03,7.657041171940429081e+01
1.048300000000033833e+03,7.657195400637503724e+01
1.048400000000033742e+03,7.657354122554052367e+01
1.048500000000033651e+03,7.657517536947320025e+01
1.048600000000033788e+03,7.657685855033062694e+01
1.048700000000033924e+03,7.657859300896323873e+01
1.048800000000033833e+03,7.658038112486754301e+01
1.048900000000033742e+03,7.658222542707748914e+01
1.049000000000033879e+03,7.658412860609867323e+01
1.049100000000034015e+03,7.658550908132430379e+01
1.049200000000033924e+03,7.658693975144248611e+01
1.049300000000033833e+03,7.658842340482041777e+01
1.049400000000033970e+03,7.658996304024971380e+01
1.049500000000034106e+03,7.659156188717786051e+01
1.049600000000034015e+03,7.659322342831943331e+01
1.049700000000033924e+03,7.659495142498052189e+01
1.049800000000034061e+03,7.659674994548370819e+01
1.049900000000034197e+03,7.659862339714590007e+01
1.050000000000034106e+03,7.660057656233779255e+01
1.050100000000034015e+03,7.660191175960731869e+01
1.050200000000034152e+03,7.660330765490468252e+01
1.050300000000034288e+03,7.660476848349313173e+01
1.050400000000034197e+03,7.660629888404479004e+01
1.050500000000034106e+03,7.660790394784307011e+01
1.050600000000034242e+03,7.660958927536658791e+01
1.050700000000034379e+03,7.661136104157937154e+01
1.050800000000034288e+03,7.661322607153142883e+01
1.050900000000034197e+03,7.661519192822078139e+01
1.051000000000034333e+03,7.661726701510102089e+01
1.051100000000034470e+03,7.661901660335071540e+01
1.051200000000034379e+03,7.662073954042040214e+01
1.051300000000034288e+03,7.662243643066639720e+01
1.051400000000034424e+03,7.662410786030913812e+01
1.051500000000034561e+03,7.662575439810844102e+01
1.051600000000034470e+03,7.662737659600878715e+01
1.051700000000034379e+03,7.662897498975614496e+01
1.051800000000034515e+03,7.663055009948796226e+01
1.051900000000034652e+03,7.663210243029740809e+01
1.052000000000034561e+03,7.663363247277358425e+01
1.052100000000034470e+03,7.663561485409564966e+01
1.052200000000034606e+03,7.663751327957008641e+01
1.052300000000034743e+03,7.663933297202305539e+01
1.052400000000034652e+03,7.664107872987105452e+01
1.052500000000034561e+03,7.664275496937221988e+01
1.052600000000034697e+03,7.664436576192868245e+01
1.052700000000034834e+03,7.664591486710337165e+01
1.052800000000034743e+03,7.664740576191478283e+01
1.052900000000034652e+03,7.664884166689027722e+01
1.053000000000034788e+03,7.665022556928886388e+01
1.053100000000034925e+03,7.665214865056198335e+01
1.053200000000034834e+03,7.665400506391137014e+01
1.053300000000034743e+03,7.665579821705840402e+01
1.053400000000034879e+03,7.665753128936839289e+01
1.053500000000035016e+03,7.665920725066337127e+01
1.053600000000034925e+03,7.666082887820540748e+01
1.053700000000034834e+03,7.666239877205426012e+01
1.053800000000034970e+03,7.666391936897848325e+01
1.053900000000035106e+03,7.666539295507617169e+01
1.054000000000035016e+03,7.666682167724322028e+01
1.054100000000034925e+03,7.666851768628316677e+01
1.054200000000035061e+03,7.667016664780243218e+01
1.054300000000035197e+03,7.667177049267651512e+01
1.054400000000035106e+03,7.667333104754693807e+01
1.054500000000035016e+03,7.667485004176104724e+01
1.054600000000035152e+03,7.667632911376477978e+01
1.054700000000035288e+03,7.667776981699785210e+01
1.054800000000035197e+03,7.667917362533610515e+01
1.054900000000035106e+03,7.668054193812083952e+01
1.055000000000035243e+03,7.668187608481186146e+01
1.055100000000035379e+03,7.668354055543706238e+01
1.055200000000035288e+03,7.668516950749267380e+01
1.055300000000035197e+03,7.668676406588632233e+01
1.055400000000035334e+03,7.668832530851925355e+01
1.055500000000035470e+03,7.668985426871635980e+01
1.055600000000035379e+03,7.669135193750685175e+01
1.055700000000035288e+03,7.669281926576643116e+01
1.055800000000035425e+03,7.669425716623044309e+01
1.055900000000035561e+03,7.669566651538731605e+01
1.056000000000035470e+03,7.669704815526009156e+01
1.056100000000035379e+03,7.669865986628637700e+01
1.056200000000035516e+03,7.670024694146117383e+01
1.056300000000035652e+03,7.670180994135807850e+01
1.056400000000035561e+03,7.670334940967137527e+01
1.056500000000035470e+03,7.670486587384664290e+01
1.056600000000035607e+03,7.670635984568313859e+01
1.056700000000035743e+03,7.670783182190983496e+01
1.056800000000035652e+03,7.670928228473596278e+01
1.056900000000035561e+03,7.671071170237775050e+01
1.057000000000035698e+03,7.671212052956238381e+01
1.057100000000035834e+03,7.671368735540336559e+01
1.057200000000035743e+03,7.671523937800502324e+01
1.057300000000035652e+03,7.671677680617057149e+01
1.057400000000035789e+03,7.671829984479471420e+01
1.057500000000035925e+03,7.671980869495459388e+01
1.057600000000035834e+03,7.672130355399828261e+01
1.057700000000035743e+03,7.672278461563084306e+01
1.057800000000035880e+03,7.672425206999801617e+01
1.057900000000036016e+03,7.672570610376759248e+01
1.058000000000035925e+03,7.672714690020858086e+01
1.058100000000035834e+03,7.672868179274561840e+01
1.058200000000035971e+03,7.673021099672642720e+01
1.058300000000036107e+03,7.673173454371655566e+01
1.058400000000036016e+03,7.673325246504842312e+01
1.058500000000035925e+03,7.673476479182352250e+01
1.058600000000036061e+03,7.673627155491448093e+01
1.058700000000036198e+03,7.673777278496721976e+01
1.058800000000036107e+03,7.673926851240297253e+01
1.058900000000036016e+03,7.674075876742037394e+01
1.059000000000036152e+03,7.674224357999749202e+01
1.059100000000036289e+03,7.674373537749464447e+01
1.059200000000036198e+03,7.674523021851086924e+01
1.059300000000036107e+03,7.674672811236962389e+01
1.059400000000036243e+03,7.674822906843250792e+01
1.059500000000036380e+03,7.674973309609937644e+01
1.059600000000036289e+03,7.675124020480863862e+01
1.059700000000036198e+03,7.675275040403738558e+01
1.059800000000036334e+03,7.675426370330168879e+01
1.059900000000036471e+03,7.675578011215661434e+01
1.060000000000036380e+03,7.675729964019659235e+01
1.060100000000036289e+03,7.675876113893657759e+01
1.060200000000036425e+03,7.676023417807560634e+01
1.060300000000036562e+03,7.676171889484473354e+01
1.060400000000036471e+03,7.676321542865954939e+01
1.060500000000036380e+03,7.676472392116373555e+01
1.060600000000036516e+03,7.676624451627378676e+01
1.060700000000036653e+03,7.676777736022481236e+01
1.060800000000036562e+03,7.676932260161729005e+01
1.060900000000036471e+03,7.677088039146526910e+01
1.061000000000036607e+03,7.677245088324539779e+01
1.061100000000036744e+03,7.677386401207878919e+01
1.061200000000036653e+03,7.677529688167510358e+01
1.061300000000036562e+03,7.677674990859809157e+01
1.061400000000036698e+03,7.677822352121476968e+01
1.061500000000036835e+03,7.677971816011648798e+01
1.061600000000036744e+03,7.678123427855817340e+01
1.061700000000036653e+03,7.678277234291648767e+01
1.061800000000036789e+03,7.678433283316823577e+01
1.061900000000036925e+03,7.678591624338965005e+01
1.062000000000036835e+03,7.678752308227785761e+01
1.062100000000036744e+03,7.678859910819751633e+01
1.062200000000036880e+03,7.678969706568078379e+01
1.062300000000037016e+03,7.679081763214500711e+01
1.062400000000036925e+03,7.679196151319628427e+01
1.062500000000036835e+03,7.679312944411127262e+01
1.062600000000036971e+03,7.679432219141308735e+01
1.062700000000037107e+03,7.679554055454906347e+01
1.062800000000037016e+03,7.679678536767772812e+01
1.062900000000036925e+03,7.679805750157322564e+01
1.063000000000037062e+03,7.679935786565668820e+01
1.063100000000037198e+03,7.680040644114011172e+01
1.063200000000037107e+03,7.680148363094923525e+01
1.063300000000037016e+03,7.680259062256064340e+01
1.063400000000037153e+03,7.680372867007871207e+01
1.063500000000037289e+03,7.680489909897494272e+01
1.063600000000037198e+03,7.680610331123793344e+01
1.063700000000037107e+03,7.680734279097569583e+01
1.063800000000037244e+03,7.680861911051751179e+01
1.063900000000037380e+03,7.680993393706810934e+01
1.064000000000037289e+03,7.681128903997321800e+01
1.064100000000037198e+03,7.681228688534882565e+01
1.064200000000037335e+03,7.681331954492293335e+01
1.064300000000037471e+03,7.681438887301175100e+01
1.064400000000037380e+03,7.681549685800098359e+01
1.064500000000037289e+03,7.681664563468558526e+01
1.064600000000037426e+03,7.681783749799801342e+01
1.064700000000037562e+03,7.681907491831071866e+01
1.064800000000037471e+03,7.682036055852748291e+01
1.064900000000037380e+03,7.682169729321267937e+01
1.065000000000037517e+03,7.682308823004719045e+01
1.065100000000037653e+03,7.682404688459233455e+01
1.065200000000037562e+03,7.682504719378202651e+01
1.065300000000037471e+03,7.682609193282270610e+01
1.065400000000037608e+03,7.682718412904779370e+01
1.065500000000037744e+03,7.682832709121535686e+01
1.065600000000037653e+03,7.682952444298804551e+01
1.065700000000037562e+03,7.683078016130932042e+01
1.065800000000037699e+03,7.683209862053189454e+01
1.065900000000037835e+03,7.683348464333002426e+01
1.066000000000037744e+03,7.683494355964478473e+01
1.066100000000037653e+03,7.683615633220442476e+01
1.066200000000037790e+03,7.683736514434679066e+01
1.066300000000037926e+03,7.683857001543991316e+01
1.066400000000037835e+03,7.683977096472571588e+01
1.066500000000037744e+03,7.684096801132109533e+01
1.066600000000037880e+03,7.684216117421888725e+01
1.066700000000038017e+03,7.684335047228886140e+01
1.066800000000037926e+03,7.684453592427874469e+01
1.066900000000037835e+03,7.684571754881527283e+01
1.067000000000037971e+03,7.684689536440511404e+01
1.067100000000038108e+03,7.684832389615081638e+01
1.067200000000038017e+03,7.684969209620351194e+01
1.067300000000037926e+03,7.685100370753900734e+01
1.067400000000038062e+03,7.685226216978750813e+01
1.067500000000038199e+03,7.685347064935378114e+01
1.067600000000038108e+03,7.685463206601836816e+01
1.067700000000038017e+03,7.685574911649014496e+01
1.067800000000038153e+03,7.685682429531053117e+01
1.067900000000038290e+03,7.685785991345001378e+01
1.068000000000038199e+03,7.685885811488938657e+01
1.068100000000038108e+03,7.686022935870335004e+01
1.068200000000038244e+03,7.686155278401751900e+01
1.068300000000038381e+03,7.686283084928142273e+01
1.068400000000038290e+03,7.686406584725858693e+01
1.068500000000038199e+03,7.686525991875321040e+01
1.068600000000038335e+03,7.686641506499432808e+01
1.068700000000038472e+03,7.686753315882837967e+01
1.068800000000038381e+03,7.686861595485163434e+01
1.068900000000038290e+03,7.686966509859799146e+01
1.069000000000038426e+03,7.687068213488331025e+01
1.069100000000038563e+03,7.687202893279416571e+01
1.069200000000038472e+03,7.687333769443600318e+01
1.069300000000038381e+03,7.687461000870261785e+01
1.069400000000038517e+03,7.687584737720577266e+01
1.069500000000038654e+03,7.687705122018721227e+01
1.069600000000038563e+03,7.687822288195670239e+01
1.069700000000038472e+03,7.687936363589963662e+01
1.069800000000038608e+03,7.688047468909348936e+01
1.069900000000038744e+03,7.688155718656838644e+01
1.070000000000038654e+03,7.688261221524322764e+01
1.070100000000038563e+03,7.688355943156885530e+01
1.070200000000038699e+03,7.688448568382564474e+01
1.070300000000038835e+03,7.688539166037047323e+01
1.070400000000038744e+03,7.688627801975015075e+01
1.070500000000038654e+03,7.688714539229792422e+01
1.070600000000038790e+03,7.688799438162816102e+01
1.070700000000038926e+03,7.688882556603745400e+01
1.070800000000038835e+03,7.688963949981808810e+01
1.070900000000038744e+03,7.689043671449080364e+01
1.071000000000038881e+03,7.689121771996234145e+01
1.071100000000039017e+03,7.689214424136298476e+01
1.071200000000038926e+03,7.689305560248803317e+01
1.071300000000038835e+03,7.689395217240972613e+01
1.071400000000038972e+03,7.689483430831681687e+01
1.071500000000039108e+03,7.689570235598894499e+01
1.071600000000039017e+03,7.689655665024872633e+01
1.071700000000038926e+03,7.689739751539219981e+01
1.071800000000039063e+03,7.689822526559939320e+01
1.071900000000039199e+03,7.689904020532560480e+01
1.072000000000039108e+03,7.689984262967490736e+01
1.072100000000039017e+03,7.690074729878621440e+01
1.072200000000039154e+03,7.690164218048532518e+01
1.072300000000039290e+03,7.690252743274942304e+01
1.072400000000039199e+03,7.690340321017396263e+01
1.072500000000039108e+03,7.690426966406285203e+01
1.072600000000039245e+03,7.690512694251543735e+01
1.072700000000039381e+03,7.690597519051094366e+01
1.072800000000039290e+03,7.690681454999023003e+01
1.072900000000039199e+03,7.690764515993494399e+01
1.073000000000039336e+03,7.690846715644431697e+01
1.073100000000039472e+03,7.690935571089254097e+01
1.073200000000039381e+03,7.691023947631730096e+01
1.073300000000039290e+03,7.691111849133145029e+01
1.073400000000039427e+03,7.691199279413392276e+01
1.073500000000039563e+03,7.691286242251517535e+01
1.073600000000039472e+03,7.691372741386261680e+01
1.073700000000039381e+03,7.691458780516603611e+01
1.073800000000039518e+03,7.691544363302281795e+01
1.073900000000039654e+03,7.691629493364320069e+01
1.074000000000039563e+03,7.691714174285529282e+01
1.074100000000039472e+03,7.691800302435888170e+01
1.074200000000039608e+03,7.691886432380287886e+01
1.074300000000039745e+03,7.691972564118786693e+01
1.074400000000039654e+03,7.692058697651437171e+01
1.074500000000039563e+03,7.692144832978297586e+01
1.074600000000039699e+03,7.692230970099423359e+01
1.074700000000039836e+03,7.692317109014872756e+01
1.074800000000039745e+03,7.692403249724698355e+01
1.074900000000039654e+03,7.692489392228957001e+01
1.075000000000039790e+03,7.692575536527705538e+01
1.075100000000039927e+03,7.692659863655386232e+01
1.075200000000039836e+03,7.692744654744487320e+01
1.075300000000039745e+03,7.692829913634587058e+01
1.075400000000039881e+03,7.692915644207758419e+01
1.075500000000040018e+03,7.693001850389137530e+01
1.075600000000039927e+03,7.693088536147537582e+01
1.075700000000039836e+03,7.693175705496049943e+01
1.075800000000039972e+03,7.693263362492673707e+01
1.075900000000040109e+03,7.693351511240929597e+01
1.076000000000040018e+03,7.693440155890510823e+01
1.076100000000039927e+03,7.693521845796529135e+01
1.076200000000040063e+03,7.693604446638681793e+01
1.076300000000040200e+03,7.693687973739370989e+01
1.076400000000040109e+03,7.693772442766581321e+01
1.076500000000040018e+03,7.693857869743671074e+01
1.076600000000040154e+03,7.693944271059511664e+01
1.076700000000040291e+03,7.694031663478959615e+01
1.076800000000040200e+03,7.694120064153715077e+01
1.076900000000040109e+03,7.694209490633528503e+01
1.077000000000040245e+03,7.694299960877822286e+01
1.077100000000040382e+03,7.694379581295787318e+01
1.077200000000040291e+03,7.694460560535571858e+01
1.077300000000040200e+03,7.694542933681539409e+01
1.077400000000040336e+03,7.694626737036364261e+01
1.077500000000040473e+03,7.694712008174376194e+01
1.077600000000040382e+03,7.694798785997726043e+01
1.077700000000040291e+03,7.694887110795581009e+01
1.077800000000040427e+03,7.694977024306477631e+01
1.077900000000040563e+03,7.695068569784092460e+01
1.078000000000040473e+03,7.695161792066615192e+01
1.078100000000040382e+03,7.695214615538897363e+01
1.078200000000040518e+03,7.695268673935255777e+01
1.078300000000040654e+03,7.695324011073566339e+01
1.078400000000040563e+03,7.695380672869515593e+01
1.078500000000040473e+03,7.695438707463682704e+01
1.078600000000040609e+03,7.695498165357936671e+01
1.078700000000040745e+03,7.695559099562028393e+01
1.078800000000040654e+03,7.695621565751204685e+01
1.078900000000040563e+03,7.695685622435885875e+01
1.079000000000040700e+03,7.695751331144461460e+01
1.079100000000040836e+03,7.695802845413705029e+01
1.079200000000040745e+03,7.695855917841129212e+01
1.079300000000040654e+03,7.695910620206997521e+01
1.079400000000040791e+03,7.695967028769311469e+01
1.079500000000040927e+03,7.696025224618480820e+01
1.079600000000040836e+03,7.696085294066288895e+01
1.079700000000040745e+03,7.696147329073004073e+01
1.079800000000040882e+03,7.696211427717142328e+01
1.079900000000041018e+03,7.696277694712892981e+01
1.080000000000040927e+03,7.696346241980937464e+01
1.080100000000040836e+03,7.696394735556162914e+01
1.080200000000040973e+03,7.696445065882620895e+01
1.080300000000041109e+03,7.696497339328392684e+01
1.080400000000041018e+03,7.696551670636399933e+01
1.080500000000040927e+03,7.696608183765182787e+01
1.080600000000041064e+03,7.696667012833069066e+01
1.080700000000041200e+03,7.696728303180815089e+01
1.080800000000041109e+03,7.696792212570503011e+01
1.080900000000041018e+03,7.696858912541466680e+01
1.081000000000041155e+03,7.696928589947795274e+01
1.081100000000041291e+03,7.696975621869059125e+01
1.081200000000041200e+03,7.697024762531799524e+01
1.081300000000041109e+03,7.697076157010862119e+01
1.081400000000041246e+03,7.697129964001021563e+01
1.081500000000041382e+03,7.697186357453735184e+01
1.081600000000041291e+03,7.697245528455741237e+01
1.081700000000041200e+03,7.697307687392238051e+01
1.081800000000041337e+03,7.697373066446256473e+01
1.081900000000041473e+03,7.697441922496798838e+01
1.082000000000041382e+03,7.697514540491994239e+01
1.082100000000041291e+03,7.697587288297755492e+01
1.082200000000041427e+03,7.697656731352674342e+01
1.082300000000041564e+03,7.697723089845290190e+01
1.082400000000041473e+03,7.697786564828206224e+01
1.082500000000041382e+03,7.697847340252707227e+01
1.082600000000041518e+03,7.697905584749156560e+01
1.082700000000041655e+03,7.697961453189533643e+01
1.082800000000041564e+03,7.698015088062551570e+01
1.082900000000041473e+03,7.698066620687067996e+01
1.083000000000041609e+03,7.698116172285590153e+01
1.083100000000041746e+03,7.698186308133867328e+01
1.083200000000041655e+03,7.698253779985222423e+01
1.083300000000041564e+03,7.698318736792225536e+01
1.083400000000041700e+03,7.698381316606071323e+01
1.083500000000041837e+03,7.698441647555956990e+01
1.083600000000041746e+03,7.698499848724742378e+01
1.083700000000041655e+03,7.698556030933471561e+01
1.083800000000041791e+03,7.698610297445658546e+01
1.083900000000041928e+03,7.698662744600721908e+01
1.084000000000041837e+03,7.698713462384775141e+01
1.084100000000041746e+03,7.698780220325653545e+01
1.084200000000041882e+03,7.698844884382540954e+01
1.084300000000042019e+03,7.698907551547347339e+01
1.084400000000041928e+03,7.698968312912658973e+01
1.084500000000041837e+03,7.699027254113524066e+01
1.084600000000041973e+03,7.699084455730152854e+01
1.084700000000042110e+03,7.699139993655445835e+01
1.084800000000042019e+03,7.699193939430945477e+01
1.084900000000041928e+03,7.699246360554279534e+01
1.085000000000042064e+03,7.699297320760922503e+01
1.085100000000042201e+03,7.699362710579455893e+01
1.085200000000042110e+03,7.699426443784426510e+01
1.085300000000042019e+03,7.699488582542389281e+01
1.085400000000042155e+03,7.699549185947822139e+01
1.085500000000042292e+03,7.699608310210571460e+01
1.085600000000042201e+03,7.699666008829748876e+01
1.085700000000042110e+03,7.699722332755180787e+01
1.085800000000042246e+03,7.699777330537484943e+01
1.085900000000042382e+03,7.699831048467628136e+01
1.086000000000042292e+03,7.699883530706883050e+01
1.086100000000042201e+03,7.699924440417116500e+01
1.086200000000042337e+03,7.699964543999479361e+01
1.086300000000042473e+03,7.700003865048687146e+01
1.086400000000042382e+03,7.700042426247559035e+01
1.086500000000042292e+03,7.700080249410640931e+01
1.086600000000042428e+03,7.700117355525365781e+01
1.086700000000042564e+03,7.700153764790879052e+01
1.086800000000042473e+03,7.700189496654708421e+01
1.086900000000042382e+03,7.700224569847405576e+01
1.087000000000042519e+03,7.700259002415276655e+01
1.087100000000042655e+03,7.700298455399969555e+01
1.087200000000042564e+03,7.700337341967748728e+01
1.087300000000042473e+03,7.700375674229545098e+01
1.087400000000042610e+03,7.700413463953461246e+01
1.087500000000042746e+03,7.700450722576817952e+01
1.087600000000042655e+03,7.700487461217700513e+01
1.087700000000042564e+03,7.700523690686011946e+01
1.087800000000042701e+03,7.700559421494085655e+01
1.087900000000042837e+03,7.700594663866846190e+01
1.088000000000042746e+03,7.700629427751574951e+01
1.088100000000042655e+03,7.700668588162169215e+01
1.088200000000042792e+03,7.700707389335956066e+01
1.088300000000042928e+03,7.700745836193533478e+01
1.088400000000042837e+03,7.700783933566046358e+01
1.088500000000042746e+03,7.700821686197208749e+01
1.088600000000042883e+03,7.700859098745266351e+01
1.088700000000043019e+03,7.700896175784914988e+01
1.088800000000042928e+03,7.700932921809170750e+01
1.088900000000042837e+03,7.700969341231179044e+01
1.089000000000042974e+03,7.701005438385986679e+01
1.089100000000043110e+03,7.701043694389530003e+01
1.089200000000043019e+03,7.701081794665061864e+01
1.089300000000042928e+03,7.701119740161529137e+01
1.089400000000043065e+03,7.701157531820183522e+01
1.089500000000043201e+03,7.701195170574663962e+01
1.089600000000043110e+03,7.701232657351064859e+01
1.089700000000043019e+03,7.701269993068019915e+01
1.089800000000043156e+03,7.701307178636773187e+01
1.089900000000043292e+03,7.701344214961252987e+01
1.090000000000043201e+03,7.701381102938151457e+01
1.090100000000043110e+03,7.701417708860054745e+01
1.090200000000043246e+03,7.701454352781009050e+01
1.090300000000043383e+03,7.701491034760211107e+01
1.090400000000043292e+03,7.701527754856984131e+01
1.090500000000043201e+03,7.701564513130772127e+01
1.090600000000043337e+03,7.701601309641145576e+01
1.090700000000043474e+03,7.701638144447794332e+01
1.090800000000043383e+03,7.701675017610536145e+01
1.090900000000043292e+03,7.701711929189313821e+01
1.091000000000043428e+03,7.701748879244192381e+01
1.091100000000043565e+03,7.701784967861908626e+01
1.091200000000043474e+03,7.701821281426052224e+01
1.091300000000043383e+03,7.701857822046393665e+01
1.091400000000043519e+03,7.701894591859165473e+01
1.091500000000043656e+03,7.701931593027487111e+01
1.091600000000043565e+03,7.701968827741779933e+01
1.091700000000043474e+03,7.702006298220207725e+01
1.091800000000043610e+03,7.702044006709112978e+01
1.091900000000043747e+03,7.702081955483464526e+01
1.092000000000043656e+03,7.702120146847316562e+01
1.092100000000043565e+03,7.702155995187698068e+01
1.092200000000043701e+03,7.702192259323290102e+01
1.092300000000043838e+03,7.702228946530335918e+01
1.092400000000043747e+03,7.702266064255847766e+01
1.092500000000043656e+03,7.702303620122650329e+01
1.092600000000043792e+03,7.702341621934596105e+01
1.092700000000043929e+03,7.702380077681972637e+01
1.092800000000043838e+03,7.702418995547107272e+01
1.092900000000043747e+03,7.702458383910163775e+01
1.093000000000043883e+03,7.702498251355166303e+01
1.093100000000044020e+03,7.702532573262411120e+01
1.093200000000043929e+03,7.702567486634210070e+01
1.093300000000043838e+03,7.702603006892378801e+01
1.093400000000043974e+03,7.702639149999583879e+01
1.093500000000044110e+03,7.702675932483246868e+01
1.093600000000044020e+03,7.702713371460757230e+01
1.093700000000043929e+03,7.702751484666029569e+01
1.093800000000044065e+03,7.702790290477508961e+01
1.093900000000044201e+03,7.702829807947725271e+01
1.094000000000044110e+03,7.702870056834474610e+01
1.094100000000044020e+03,7.702890204276391728e+01
1.094200000000044156e+03,7.702910820177936557e+01
1.094300000000044292e+03,7.702931921069924215e+01
1.094400000000044201e+03,7.702953524270205321e+01
1.094500000000044110e+03,7.702975647931067726e+01
1.094600000000044247e+03,7.702998311090105688e+01
1.094700000000044383e+03,7.703021533724857761e+01
1.094800000000044292e+03,7.703045336811550214e+01
1.094900000000044201e+03,7.703069742388279906e+01
1.095000000000044338e+03,7.703094773623074332e+01
1.095100000000044474e+03,7.703113525102348547e+01
1.095200000000044383e+03,7.703132835269485668e+01
1.095300000000044292e+03,7.703152729470672000e+01
1.095400000000044429e+03,7.703173234608823350e+01
1.095500000000044565e+03,7.703194379264957092e+01
1.095600000000044474e+03,7.703216193831116243e+01
1.095700000000044383e+03,7.703238710656114563e+01
1.095800000000044520e+03,7.703261964205597678e+01
1.095900000000044656e+03,7.703285991238075781e+01
1.096000000000044565e+03,7.703310830998809422e+01
1.096100000000044474e+03,7.703329394323593249e+01
1.096200000000044611e+03,7.703348645782448045e+01
1.096300000000044747e+03,7.703368624361192474e+01
1.096400000000044656e+03,7.703389372047294614e+01
1.096500000000044565e+03,7.703410934124413245e+01
1.096600000000044702e+03,7.703433359502341204e+01
1.096700000000044838e+03,7.703456701087358738e+01
1.096800000000044747e+03,7.703481016198971076e+01
1.096900000000044656e+03,7.703506367039850034e+01
1.097000000000044793e+03,7.703532821227167915e+01
1.097100000000044929e+03,7.703550285207394666e+01
1.097200000000044838e+03,7.703568538868907467e+01
1.097300000000044747e+03,7.703587637012056177e+01
1.097400000000044884e+03,7.703607639627789183e+01
1.097500000000045020e+03,7.703628612527117525e+01
1.097600000000044929e+03,7.703650628064454509e+01
1.097700000000044838e+03,7.703673765971589660e+01
1.097800000000044975e+03,7.703698114322533286e+01
1.097900000000045111e+03,7.703723770653877523e+01
1.098000000000045020e+03,7.703750843270681514e+01
1.098100000000044929e+03,7.703777431841638190e+01
1.098200000000045065e+03,7.703802844281580064e+01
1.098300000000045202e+03,7.703827156940144505e+01
1.098400000000045111e+03,7.703850439698521768e+01
1.098500000000045020e+03,7.703872756640274133e+01
1.098600000000045156e+03,7.703894166640358776e+01
1.098700000000045293e+03,7.703914723883777071e+01
1.098800000000045202e+03,7.703934478323449753e+01
1.098900000000045111e+03,7.703953476085483487e+01
1.099000000000045247e+03,7.703971759828755239e+01
1.099100000000045384e+03,7.703996508111592334e+01
1.099200000000045293e+03,7.704020335239248141e+01
1.099300000000045202e+03,7.704043291701520957e+01
1.099400000000045338e+03,7.704065424364530656e+01
1.099500000000045475e+03,7.704086776790073543e+01
1.099600000000045384e+03,7.704107389521797700e+01
1.099700000000045293e+03,7.704127300342142348e+01
1.099800000000045429e+03,7.704146544503464611e+01
1.099900000000045566e+03,7.704165154936329429e+01
1.100000000000045475e+03,7.704183162437577437e+01
1.100100000000045384e+03,7.704208825111999204e+01
1.100200000000045520e+03,7.704233693323264731e+01
1.100300000000045657e+03,7.704257803401422677e+01
1.100400000000045566e+03,7.704281189494655280e+01
1.100500000000045475e+03,7.704303883730662506e+01
1.100600000000045611e+03,7.704325916363906401e+01
1.100700000000045748e+03,7.704347315910187888e+01
1.100800000000045657e+03,7.704368109269763920e+01
1.100900000000045566e+03,7.704388321840167464e+01
1.101000000000045702e+03,7.704407977619693781e+01
1.101100000000045839e+03,7.704432106931150770e+01
1.101200000000045748e+03,7.704455627042564458e+01
1.101300000000045657e+03,7.704478560737314297e+01
1.101400000000045793e+03,7.704500929676667909e+01
1.101500000000045929e+03,7.704522754468032986e+01
1.101600000000045839e+03,7.704544054728263802e+01
1.101700000000045748e+03,7.704564849142487049e+01
1.101800000000045884e+03,7.704585155518753936e+01
1.101900000000046020e+03,7.704604990838919321e+01
1.102000000000045929e+03,7.704624371305997954e+01
1.102100000000045839e+03,7.704646060569028521e+01
1.102200000000045975e+03,7.704667317803648530e+01
1.102300000000046111e+03,7.704688155790925919e+01
1.102400000000046020e+03,7.704708586812701299e+01
1.102500000000045929e+03,7.704728622675722249e+01
1.102600000000046066e+03,7.704748274734403424e+01
1.102700000000046202e+03,7.704767553912277833e+01
1.102800000000046111e+03,7.704786470722243052e+01
1.102900000000046020e+03,7.704805035285684767e+01
1.103000000000046157e+03,7.704823257350521715e+01
1.103100000000046293e+03,7.704844521085050246e+01
1.103200000000046202e+03,7.704865468940381845e+01
1.103300000000046111e+03,7.704886107903340076e+01
1.103400000000046248e+03,7.704906444756210249e+01
1.103500000000046384e+03,7.704926486084154647e+01
1.103600000000046293e+03,7.704946238282340687e+01
1.103700000000046202e+03,7.704965707562730870e+01
1.103800000000046339e+03,7.704984899960602718e+01
1.103900000000046475e+03,7.705003821340781656e+01
1.104000000000046384e+03,7.705022477403620940e+01
1.104100000000046293e+03,7.705042061684568466e+01
1.104200000000046430e+03,7.705061450957023794e+01
1.104300000000046566e+03,7.705080648119222531e+01
1.104400000000046475e+03,7.705099656012254172e+01
1.104500000000046384e+03,7.705118477421459033e+01
1.104600000000046521e+03,7.705137115077788224e+01
1.104700000000046657e+03,7.705155571659135205e+01
1.104800000000046566e+03,7.705173849791606244e+01
1.104900000000046475e+03,7.705191952050765281e+01
1.105000000000046612e+03,7.705209880962861746e+01
1.105100000000046748e+03,7.705230573929273419e+01
1.105200000000046657e+03,7.705251160430327673e+01
1.105300000000046566e+03,7.705271641285563078e+01
1.105400000000046703e+03,7.705292017306128116e+01
1.105500000000046839e+03,7.705312289294889183e+01
1.105600000000046748e+03,7.705332458046535749e+01
1.105700000000046657e+03,7.705352524347678411e+01
1.105800000000046794e+03,7.705372488976966849e+01
1.105900000000046930e+03,7.705392352705169401e+01
1.106000000000046839e+03,7.705412116295289593e+01
1.106100000000046748e+03,7.705431266309453520e+01
1.106200000000046884e+03,7.705450409784234012e+01
1.106300000000047021e+03,7.705469546722981988e+01
1.106400000000046930e+03,7.705488677129044106e+01
1.106500000000046839e+03,7.705507801005765600e+01
1.106600000000046975e+03,7.705526918356484600e+01
1.106700000000047112e+03,7.705546029184546342e+01
1.106800000000047021e+03,7.705565133493284691e+01
1.106900000000046930e+03,7.705584231286039198e+01
1.107000000000047066e+03,7.705603322566138047e+01
1.107100000000047203e+03,7.705622747563634789e+01
1.107200000000047112e+03,7.705642260451195114e+01
1.107300000000047021e+03,7.705661861826666836e+01
1.107400000000047157e+03,7.705681552293339109e+01
1.107500000000047294e+03,7.705701332459993580e+01
1.107600000000047203e+03,7.705721202940974024e+01
1.107700000000047112e+03,7.705741164356243189e+01
1.107800000000047248e+03,7.705761217331453850e+01
1.107900000000047385e+03,7.705781362498014175e+01
1.108000000000047294e+03,7.705801600493144576e+01
1.108100000000047203e+03,7.705820566727690846e+01
1.108200000000047339e+03,7.705839713663284840e+01
1.108300000000047476e+03,7.705859043894737681e+01
1.108400000000047385e+03,7.705878560066774696e+01
1.108500000000047294e+03,7.705898264875251868e+01
1.108600000000047430e+03,7.705918161068392180e+01
1.108700000000047567e+03,7.705938251448058907e+01
1.108800000000047476e+03,7.705958538871082908e+01
1.108900000000047385e+03,7.705979026250604136e+01
1.109000000000047521e+03,7.705999716557475665e+01
1.109100000000047658e+03,7.706017747193446610e+01
1.109200000000047567e+03,7.706036043797850255e+01
1.109300000000047476e+03,7.706054612299327289e+01
1.109400000000047612e+03,7.706073458804047505e+01
1.109500000000047748e+03,7.706092589602398846e+01
1.109600000000047658e+03,7.706112011175990517e+01
1.109700000000047567e+03,7.706131730204968733e+01
1.109800000000047703e+03,7.706151753575683472e+01
1.109900000000047839e+03,7.706172088388706243e+01
1.110000000000047748e+03,7.706192741967225857e+01
1.110100000000047658e+03,7.706228415025678657e+01
1.110200000000047794e+03,7.706264811884788912e+01
1.110300000000047930e+03,7.706301954799020848e+01
1.110400000000047839e+03,7.706339866944631467e+01
1.110500000000047748e+03,7.706378572467872345e+01
1.110600000000047885e+03,7.706418096536296503e+01
1.110700000000048021e+03,7.706458465393316715e+01
1.110800000000047930e+03,7.706499706416317963e+01
1.110900000000047839e+03,7.706541848178579812e+01
1.111000000000047976e+03,7.706584920515284409e+01
1.111100000000048112e+03,7.706618693908387741e+01
1.111200000000048021e+03,7.706653354447762183e+01
1.111300000000047930e+03,7.706688937553428786e+01
1.111400000000048067e+03,7.706725480556396235e+01
1.111500000000048203e+03,7.706763022829311183e+01
1.111600000000048112e+03,7.706801605927967103e+01
1.111700000000048021e+03,7.706841273744736043e+01
1.111800000000048158e+03,7.706882072675142581e+01
1.111900000000048294e+03,7.706924051798887376e+01
1.112000000000048203e+03,7.706967263076795405e+01
1.112100000000048112e+03,7.707000761156653823e+01
1.112200000000048249e+03,7.707035359128754237e+01
1.112300000000048385e+03,7.707071112068881291e+01
1.112400000000048294e+03,7.707108078792376205e+01
1.112500000000048203e+03,7.707146322177013076e+01
1.112600000000048340e+03,7.707185909519888867e+01
1.112700000000048476e+03,7.707226912932641483e+01
1.112800000000048385e+03,7.707269409779840430e+01
1.112900000000048294e+03,7.707313483166161916e+01
1.113000000000048431e+03,7.707359222478808647e+01
1.113100000000048567e+03,7.707390427526929955e+01
1.113200000000048476e+03,7.707422887264074518e+01
1.113300000000048385e+03,7.707456678915366410e+01
1.113400000000048522e+03,7.707491886176197227e+01
1.113500000000048658e+03,7.707528599904370026e+01
1.113600000000048567e+03,7.707566918903013686e+01
1.113700000000048476e+03,7.707606950808505530e+01
1.113800000000048612e+03,7.707648813100179552e+01
1.113900000000048749e+03,7.707692634251775132e+01
1.114000000000048658e+03,7.707738555048402418e+01
1.114100000000048567e+03,7.707776619724995726e+01
1.114200000000048703e+03,7.707814831073949335e+01
1.114300000000048840e+03,7.707853189944643191e+01
1.114400000000048749e+03,7.707891697193029756e+01
1.114500000000048658e+03,7.707930353681696545e+01
1.114600000000048794e+03,7.707969160279932908e+01
1.114700000000048931e+03,7.708008117863788300e+01
1.114800000000048840e+03,7.708047227316146177e+01
1.114900000000048749e+03,7.708086489526786522e+01
1.115000000000048885e+03,7.708125905392454058e+01
1.115100000000049022e+03,7.708171655167645042e+01
1.115200000000048931e+03,7.708215597483342663e+01
1.115300000000048840e+03,7.708257837376987709e+01
1.115400000000048976e+03,7.708298471901916571e+01
1.115500000000049113e+03,7.708337590871828127e+01
1.115600000000049022e+03,7.708375277523467162e+01
1.115700000000048931e+03,7.708411609107830031e+01
1.115800000000049067e+03,7.708446657418726033e+01
1.115900000000049204e+03,7.708480489266297297e+01
1.116000000000049113e+03,7.708513166902086766e+01
1.116100000000049022e+03,7.708558304727843336e+01
1.116200000000049158e+03,7.708601939687892468e+01
1.116300000000049295e+03,7.708644145610139731e+01
1.116400000000049204e+03,7.708684991564702216e+01
1.116500000000049113e+03,7.708724542241084521e+01
1.116600000000049249e+03,7.708762858290057807e+01
1.116700000000049386e+03,7.708799996633993601e+01
1.116800000000049295e+03,7.708836010749026002e+01
1.116900000000049204e+03,7.708870950921966880e+01
1.117000000000049340e+03,7.708904864484588870e+01
1.117100000000049477e+03,7.708948605801025167e+01
1.117200000000049386e+03,7.708991136859583548e+01
1.117300000000049295e+03,7.709032507203943396e+01
1.117400000000049431e+03,7.709072763709998810e+01
1.117500000000049567e+03,7.709111950763039545e+01
1.117600000000049477e+03,7.709150110420991098e+01
1.117700000000049386e+03,7.709187282564984400e+01
1.117800000000049522e+03,7.709223505038403346e+01
1.117900000000049658e+03,7.709258813775366548e+01
1.118000000000049567e+03,7.709293242919676459e+01
1.118100000000049477e+03,7.709357462709765230e+01
1.118200000000049613e+03,7.709420239542430409e+01
1.118300000000049749e+03,7.709481621510190053e+01
1.118400000000049658e+03,7.709541654591865267e+01
1.118500000000049567e+03,7.709600382767456495e+01
1.118600000000049704e+03,7.709657848125567625e+01
1.118700000000049840e+03,7.709714090964025957e+01
1.118800000000049749e+03,7.709769149884103001e+01
1.118900000000049658e+03,7.709823061878876160e+01
1.119000000000049795e+03,7.709875862416122061e+01
1.119100000000049931e+03,7.709940615112478213e+01
1.119200000000049840e+03,7.710004230041059259e+01
1.119300000000049749e+03,7.710066736928236253e+01
1.119400000000049886e+03,7.710128164473769630e+01
1.119500000000050022e+03,7.710188540394756274e+01
1.119600000000049931e+03,7.710247891467331272e+01
1.119700000000049840e+03,7.710306243566252249e+01
1.119800000000049977e+03,7.710363621702522607e+01
1.119900000000050113e+03,7.710420050059136088e+01
1.120000000000050022e+03,7.710475552025052082e+01
1.120100000000049931e+03,7.710537663403479769e+01
1.120200000000050068e+03,7.710598975028864288e+01
1.120300000000050204e+03,7.710659502248955732e+01
1.120400000000050113e+03,7.710719260021294019e+01
1.120500000000050022e+03,7.710778262925531124e+01
1.120600000000050159e+03,7.710836525175282929e+01
1.120700000000050295e+03,7.710894060629549074e+01
1.120800000000050204e+03,7.710950882803703621e+01
1.120900000000050113e+03,7.711007004880075044e+01
1.121000000000050250e+03,7.711062439718156725e+01
1.121100000000050386e+03,7.711124140639240920e+01
1.121200000000050295e+03,7.711185329158260515e+01
1.121300000000050204e+03,7.711246011631766351e+01
1.121400000000050341e+03,7.711306194311605111e+01
1.121500000000050477e+03,7.711365883347063743e+01
1.121600000000050386e+03,7.711425084786962714e+01
1.121700000000050295e+03,7.711483804581698109e+01
1.121800000000050431e+03,7.711542048585236842e+01
1.121900000000050568e+03,7.711599822557064954e+01
1.122000000000050477e+03,7.711657132164081929e+01
1.122100000000050386e+03,7.711717005907780731e+01
1.122200000000050522e+03,7.711776652850319635e+01
1.122300000000050659e+03,7.711836074277944419e+01
1.122400000000050568e+03,7.711895271467190582e+01
1.122500000000050477e+03,7.711954245684978559e+01
1.122600000000050613e+03,7.712012998188703250e+01
1.122700000000050750e+03,7.712071530226324967e+01
1.122800000000050659e+03,7.712129843036449017e+01
1.122900000000050568e+03,7.712187937848426600e+01
1.123000000000050704e+03,7.712245815882434385e+01
1.123100000000050841e+03,7.712305059848412725e+01
1.123200000000050750e+03,7.712364347738373738e+01
1.123300000000050659e+03,7.712423679601182869e+01
1.123400000000050795e+03,7.712483055485780881e+01
1.123500000000050932e+03,7.712542475441178169e+01
1.123600000000050841e+03,7.712601939516460448e+01
1.123700000000050750e+03,7.712661447760784483e+01
1.123800000000050886e+03,7.712721000223380940e+01
1.123900000000051023e+03,7.712780596953552958e+01
1.124000000000050932e+03,7.712840238000674731e+01
1.124100000000050841e+03,7.712898322504138093e+01
1.124200000000050977e+03,7.712956717607912083e+01
1.124300000000051114e+03,7.713015425810024794e+01
1.124400000000051023e+03,7.713074449635365681e+01
1.124500000000050932e+03,7.713133791636043668e+01
1.124600000000051068e+03,7.713193454391760895e+01
1.124700000000051205e+03,7.713253440510175096e+01
1.124800000000051114e+03,7.713313752627296083e+01
1.124900000000051023e+03,7.713374393407855223e+01
1.125000000000051159e+03,7.713435365545707612e+01
1.125100000000051296e+03,7.713491619066850546e+01
1.125200000000051205e+03,7.713548440654977867e+01
1.125300000000051114e+03,7.713605838958554273e+01
1.125400000000051250e+03,7.713663822802496384e+01
1.125500000000051386e+03,7.713722401192697475e+01
1.125600000000051296e+03,7.713781583320687218e+01
1.125700000000051205e+03,7.713841378568444895e+01
1.125800000000051341e+03,7.713901796513349041e+01
1.125900000000051477e+03,7.713962846933299033e+01
1.126000000000051386e+03,7.714024539811985903e+01
1.126100000000051296e+03,7.714079783005952606e+01
1.126200000000051432e+03,7.714135858535139789e+01
1.126300000000051568e+03,7.714192785353213822e+01
1.126400000000051477e+03,7.714250582993707894e+01
1.126500000000051386e+03,7.714309271592387063e+01
1.126600000000051523e+03,7.714368871910626524e+01
1.126700000000051659e+03,7.714429405359901182e+01
1.126800000000051568e+03,7.714490894027429135e+01
1.126900000000051477e+03,7.714553360703051510e+01
1.127000000000051614e+03,7.714616828907381318e+01
1.127100000000051750e+03,7.714671387847731410e+01
1.127200000000051659e+03,7.714727056859709364e+01
1.127300000000051568e+03,7.714783870170262503e+01
1.127400000000051705e+03,7.714841863428037527e+01
1.127500000000051841e+03,7.714901073777987506e+01
1.127600000000051750e+03,7.714961539940706814e+01
1.127700000000051659e+03,7.715023302296869190e+01
1.127800000000051796e+03,7.715086402977161129e+01
1.127900000000051932e+03,7.715150885958119886e+01
1.128000000000051841e+03,7.715216797164360685e+01
1.128100000000051750e+03,7.715313780454435744e+01
1.128200000000051887e+03,7.715413289493346838e+01
1.128300000000052023e+03,7.715515424250476428e+01
1.128400000000051932e+03,7.715620290041468365e+01
1.128500000000051841e+03,7.715727997890472523e+01
1.128600000000051978e+03,7.715838664922226542e+01
1.128700000000052114e+03,7.715952414786914915e+01
1.128800000000052023e+03,7.716069378121038369e+01
1.128900000000051932e+03,7.716189693047890330e+01
1.129000000000052069e+03,7.716313505721683441e+01
1.129100000000052205e+03,7.716407284997852400e+01
1.129200000000052114e+03,7.716504093749206561e+01
1.129300000000052023e+03,7.716604081183449182e+01
1.129400000000052160e+03,7.716707406470199260e+01
1.129500000000052296e+03,7.716814239586497592e+01
1.129600000000052205e+03,7.716924762249908554e+01
1.129700000000052114e+03,7.717039168949992245e+01
1.129800000000052250e+03,7.717157668090480627e+01
1.129900000000052387e+03,7.717280483256236323e+01
1.130000000000052296e+03,7.717407854621212948e+01
1.130100000000052205e+03,7.717497974291140395e+01
1.130200000000052341e+03,7.717591638451396818e+01
1.130300000000052478e+03,7.717689060408909540e+01
1.130400000000052387e+03,7.717790470936678560e+01
1.130500000000052296e+03,7.717896120098848201e+01
1.130600000000052432e+03,7.718006279309493323e+01
1.130700000000052569e+03,7.718121243660840491e+01
1.130800000000052478e+03,7.718241334562921452e+01
1.130900000000052387e+03,7.718366902744443792e+01
1.131000000000052523e+03,7.718498331673798418e+01
1.131100000000052660e+03,7.718606982304511632e+01
1.131200000000052569e+03,7.718716074450348685e+01
1.131300000000052478e+03,7.718825610808013948e+01
1.131400000000052614e+03,7.718935594096217301e+01
1.131500000000052751e+03,7.719046027055902925e+01
1.131600000000052660e+03,7.719156912450470998e+01
1.131700000000052569e+03,7.719268253066015006e+01
1.131800000000052705e+03,7.719380051711542023e+01
1.131900000000052842e+03,7.719492311219232761e+01
1.132000000000052751e+03,7.719605034444661840e+01
1.132100000000052660e+03,7.719734905358777155e+01
1.132200000000052796e+03,7.719859784332516028e+01
1.132300000000052933e+03,7.719979953756774194e+01
1.132400000000052842e+03,7.720095675117087808e+01
1.132500000000052751e+03,7.720207190892995186e+01
1.132600000000052887e+03,7.720314726254039783e+01
1.132700000000053024e+03,7.720418490577320370e+01
1.132800000000052933e+03,7.720518678808161894e+01
1.132900000000052842e+03,7.720615472682470681e+01
1.133000000000052978e+03,7.720709041826951591e+01
1.133100000000053114e+03,7.720834147452903551e+01
1.133200000000053024e+03,7.720955176337349712e+01
1.133300000000052933e+03,7.721072324555076705e+01
1.133400000000053069e+03,7.721185775805405171e+01
1.133500000000053205e+03,7.721295702373373615e+01
1.133600000000053114e+03,7.721402266002736781e+01
1.133700000000053024e+03,7.721505618690024164e+01
1.133800000000053160e+03,7.721605903407888150e+01
1.133900000000053296e+03,7.721703254764989310e+01
1.134000000000053205e+03,7.721797799608826551e+01
1.134100000000053114e+03,7.721921809343756138e+01
1.134200000000053251e+03,7.722042434950746781e+01
1.134300000000053387e+03,7.722159813090389946e+01
1.134400000000053296e+03,7.722274073162701313e+01
1.134500000000053205e+03,7.722385337782971249e+01
1.134600000000053342e+03,7.722493723220679840e+01
1.134700000000053478e+03,7.722599339804786212e+01
1.134800000000053387e+03,7.722702292298338023e+01
1.134900000000053296e+03,7.722802680245087004e+01
1.135000000000053433e+03,7.722900598290532059e+01
1.135100000000053569e+03,7.723021395109684306e+01
1.135200000000053478e+03,7.723139489609836517e+01
1.135300000000053387e+03,7.723254971467399344e+01
1.135400000000053524e+03,7.723367926434306696e+01
1.135500000000053660e+03,7.723478436550392701e+01
1.135600000000053569e+03,7.723586580342086449e+01
1.135700000000053478e+03,7.723692433008511671e+01
1.135800000000053615e+03,7.723796066595870968e+01
1.135900000000053751e+03,7.723897550160961600e+01
1.136000000000053660e+03,7.723996949924655553e+01
1.136100000000053569e+03,7.724115186131554367e+01
1.136200000000053706e+03,7.724231323631215673e+01
1.136300000000053842e+03,7.724345417810543779e+01
1.136400000000053751e+03,7.724457522124488662e+01
1.136500000000053660e+03,7.724567688179550373e+01
1.136600000000053797e+03,7.724675965812998868e+01
1.136700000000053933e+03,7.724782403168033795e+01
1.136800000000053842e+03,7.724887046765175569e+01
1.136900000000053751e+03,7.724989941570049723e+01
1.137000000000053888e+03,7.725091131057826033e+01
1.137100000000054024e+03,7.725207121818391443e+01
1.137200000000053933e+03,7.725321567730443917e+01
1.137300000000053842e+03,7.725434499452919113e+01
1.137400000000053979e+03,7.725545946838818168e+01
1.137500000000054115e+03,7.725655938961507729e+01
1.137600000000054024e+03,7.725764504140002487e+01
1.137700000000053933e+03,7.725871669963288468e+01
1.137800000000054069e+03,7.725977463313681426e+01
1.137900000000054206e+03,7.726081910389314089e+01
1.138000000000054115e+03,7.726185036725777877e+01
1.138100000000054024e+03,7.726299641148887076e+01
1.138200000000054160e+03,7.726413213030539850e+01
1.138300000000054297e+03,7.726525766262361117e+01
1.138400000000054206e+03,7.726637314487881270e+01
1.138500000000054115e+03,7.726747871108072729e+01
1.138600000000054251e+03,7.726857449286707435e+01
1.138700000000054388e+03,7.726966061955575071e+01
1.138800000000054297e+03,7.727073721819579077e+01
1.138900000000054206e+03,7.727180441361694818e+01
1.139000000000054342e+03,7.727286232847782799e+01
1.139100000000054479e+03,7.727397833726911358e+01
1.139200000000054388e+03,7.727508903489975012e+01
1.139300000000054297e+03,7.727619445919395957e+01
1.139400000000054433e+03,7.727729464761770828e+01
1.139500000000054570e+03,7.727838963728281385e+01
1.139600000000054479e+03,7.727947946495127951e+01
1.139700000000054388e+03,7.728056416703924469e+01
1.139800000000054524e+03,7.728164377962114884e+01
1.139900000000054661e+03,7.728271833843368199e+01
1.140000000000054570e+03,7.728378787887977808e+01
1.140100000000054479e+03,7.728489366971724905e+01
1.140200000000054615e+03,7.728599889741916229e+01
1.140300000000054752e+03,7.728710356241552404e+01
1.140400000000054661e+03,7.728820766513602791e+01
1.140500000000054570e+03,7.728931120600982752e+01
1.140600000000054706e+03,7.729041418546569275e+01
1.140700000000054843e+03,7.729151660393193879e+01
1.140800000000054752e+03,7.729261846183642604e+01
1.140900000000054661e+03,7.729371975960661700e+01
1.141000000000054797e+03,7.729482049766949103e+01
1.141100000000054933e+03,7.729589618404095575e+01
1.141200000000054843e+03,7.729697595475758476e+01
1.141300000000054752e+03,7.729805983312580508e+01
1.141400000000054888e+03,7.729914784262972205e+01
1.141500000000055024e+03,7.730024000693276776e+01
1.141600000000054933e+03,7.730133634987946323e+01
1.141700000000054843e+03,7.730243689549718056e+01
1.141800000000054979e+03,7.730354166799776294e+01
1.141900000000055115e+03,7.730465069177947157e+01
1.142000000000055024e+03,7.730576399142866251e+01
1.142100000000054933e+03,7.730682030771502866e+01
1.142200000000055070e+03,7.730788530726455576e+01
1.142300000000055206e+03,7.730895909758797302e+01
1.142400000000055115e+03,7.731004178797824977e+01
1.142500000000055024e+03,7.731113348954761477e+01
1.142600000000055161e+03,7.731223431526558443e+01
1.142700000000055297e+03,7.731334437999795739e+01
1.142800000000055206e+03,7.731446380054670442e+01
1.142900000000055115e+03,7.731559269569103776e+01
1.143000000000055252e+03,7.731673118622930474e+01
1.143100000000055388e+03,7.731776159591208852e+01
1.143200000000055297e+03,7.731880521725155120e+01
1.143300000000055206e+03,7.731986230598202781e+01
1.143400000000055343e+03,7.732093312448098743e+01
1.143500000000055479e+03,7.732201794198604716e+01
1.143600000000055388e+03,7.732311703482081100e+01
1.143700000000055297e+03,7.732423068662939158e+01
1.143800000000055434e+03,7.732535918862051005e+01
1.143900000000055570e+03,7.732650283982138717e+01
1.144000000000055479e+03,7.732766194734178100e+01
1.144100000000055388e+03,7.732867889621680035e+01
1.144200000000055525e+03,7.732971382605818178e+01
1.144300000000055661e+03,7.733076721800954090e+01
1.144400000000055570e+03,7.733183957053515201e+01
1.144500000000055479e+03,7.733293140020663259e+01
1.144600000000055616e+03,7.733404324253245932e+01
1.144700000000055752e+03,7.733517565283389672e+01
1.144800000000055661e+03,7.733632920716979697e+01
1.144900000000055570e+03,7.733750450331372406e+01
1.145000000000055707e+03,7.733870216178679868e+01
1.145100000000055843e+03,7.733967874323933245e+01
1.145200000000055752e+03,7.734067766996990656e+01
1.145300000000055661e+03,7.734169971778162278e+01
1.145400000000055797e+03,7.734274569881144146e+01
1.145500000000055934e+03,7.734381646368248653e+01
1.145600000000055843e+03,7.734491290381104989e+01
1.145700000000055752e+03,7.734603595388168173e+01
1.145800000000055888e+03,7.734718659450471989e+01
1.145900000000056025e+03,7.734836585507207474e+01
1.146000000000055934e+03,7.734957481682877756e+01
1.146100000000055843e+03,7.735096787729210632e+01
1.146200000000055979e+03,7.735240070930693435e+01
1.146300000000056116e+03,7.735387504074110154e+01
1.146400000000056025e+03,7.735539270102250953e+01
1.146500000000055934e+03,7.735695562871207187e+01
1.146600000000056070e+03,7.735856587976478238e+01
1.146700000000056207e+03,7.736022563655265571e+01
1.146800000000056116e+03,7.736193721773285858e+01
1.146900000000056025e+03,7.736370308905483739e+01
1.147000000000056161e+03,7.736552587521228475e+01
1.147100000000056298e+03,7.736685619801193070e+01
1.147200000000056207e+03,7.736823285389193927e+01
1.147300000000056116e+03,7.736965830631564245e+01
1.147400000000056252e+03,7.737113519653571814e+01
1.147500000000056389e+03,7.737266635992777708e+01
1.147600000000056298e+03,7.737425484415848587e+01
1.147700000000056207e+03,7.737590392943288009e+01
1.147800000000056343e+03,7.737761715110416105e+01
1.147900000000056480e+03,7.737939832497374937e+01
1.148000000000056389e+03,7.738125157566180690e+01
1.148100000000056298e+03,7.738125157566179269e+01
1.148200000000056434e+03,7.738125157566179269e+01
1.148300000000056571e+03,7.738125157566180690e+01
1.148400000000056480e+03,7.738125157566180690e+01
1.148500000000056389e+03,7.738125157566180690e+01
1.148600000000056525e+03,7.738125157566180690e+01
1.148700000000056662e+03,7.738125157566180690e+01
1.148800000000056571e+03,7.738125157566180690e+01
1.148900000000056480e+03,7.738125157566182111e+01
1.149000000000056616e+03,7.741283826641293331e+01
1.149100000000056752e+03,7.741283826641294752e+01
1.149200000000056662e+03,7.741283826641293331e+01
1.149300000000056571e+03,7.741283826641293331e+01
1.149400000000056707e+03,7.741283826641293331e+01
1.149500000000056843e+03,7.741283826641293331e+01
1.149600000000056752e+03,7.741283826641293331e+01
1.149700000000056662e+03,7.741283826641293331e+01
1.149800000000056798e+03,7.741283826641293331e+01
1.149900000000056934e+03,7.741283826641293331e+01
1.150000000000056843e+03,7.741283826641399912e+01
1.150100000000056752e+03,7.741468888251441172e+01
1.150200000000056889e+03,7.741647529001062367e+01
1.150300000000057025e+03,7.741820077357373009e+01
1.150400000000056934e+03,7.741986839758921235e+01
1.150500000000056843e+03,7.742148102431919199e+01
1.150600000000056980e+03,7.742304133029695379e+01
1.150700000000057116e+03,7.742455182115095624e+01
1.150800000000057025e+03,7.742601484503163078e+01
1.150900000000056934e+03,7.742743260479173273e+01
1.151000000000057071e+03,7.742880716905376914e+01
1.151100000000057207e+03,7.743059311385080434e+01
1.151200000000057116e+03,7.743232644717389235e+01
1.151300000000057025e+03,7.743400946006983077e+01
1.151400000000057162e+03,7.743564431246583979e+01
1.151500000000057298e+03,7.743723304241747485e+01
1.151600000000057207e+03,7.743877757458457722e+01
1.151700000000057116e+03,7.744027972800975590e+01
1.151800000000057253e+03,7.744174122326498377e+01
1.151900000000057389e+03,7.744316368902592274e+01
1.152000000000057298e+03,7.744454866812648675e+01
1.152100000000057207e+03,7.744630670428543340e+01
1.152200000000057344e+03,7.744802140930306678e+01
1.152300000000057480e+03,7.744969436568152332e+01
1.152400000000057389e+03,7.745132707979001907e+01
1.152500000000057298e+03,7.745292098638886102e+01
1.152600000000057435e+03,7.745447745283465224e+01
1.152700000000057571e+03,7.745599778299241223e+01
1.152800000000057480e+03,7.745748322087867166e+01
1.152900000000057389e+03,7.745893495405616136e+01
1.153000000000057526e+03,7.746035411680068705e+01
1.153100000000057662e+03,7.746207876071930798e+01
1.153200000000057571e+03,7.746376864856787847e+01
1.153300000000057480e+03,7.746542482050354295e+01
1.153400000000057616e+03,7.746704827558792772e+01
1.153500000000057753e+03,7.746863997379669797e+01
1.153600000000057662e+03,7.747020083791268519e+01
1.153700000000057571e+03,7.747173175530957678e+01
1.153800000000057707e+03,7.747323357963446711e+01
1.153900000000057844e+03,7.747470713239486884e+01
1.154000000000057753e+03,7.747615320445731868e+01
1.154100000000057662e+03,7.747768281037622273e+01
1.154200000000057798e+03,7.747918811741573109e+01
1.154300000000057935e+03,7.748066970002061282e+01
1.154400000000057844e+03,7.748212811467007555e+01
1.154500000000057753e+03,7.748356390057473675e+01
1.154600000000057889e+03,7.748497758034120864e+01
1.154700000000058026e+03,7.748636966060642806e+01
1.154800000000057935e+03,7.748774063264292522e+01
1.154900000000057844e+03,7.748909097293693549e+01
1.155000000000057980e+03,7.749042114374063317e+01
1.155100000000058117e+03,7.749192325543666016e+01
1.155200000000058026e+03,7.749340768595695295e+01
1.155300000000057935e+03,7.749487474565940204e+01
1.155400000000058071e+03,7.749632473768055263e+01
1.155500000000058208e+03,7.749775795814436208e+01
1.155600000000058117e+03,7.749917469636383771e+01
1.155700000000058026e+03,7.750057523503579660e+01
1.155800000000058162e+03,7.750195985042886093e+01
1.155900000000058299e+03,7.750332881256511541e+01
1.156000000000058208e+03,7.750468238539578181e+01
1.156100000000058117e+03,7.750615926288145374e+01
1.156200000000058253e+03,7.750762469741059135e+01
1.156300000000058390e+03,7.750907882146131556e+01
1.156400000000058299e+03,7.751052176547456440e+01
1.156500000000058208e+03,7.751195365789322977e+01
1.156600000000058344e+03,7.751337462520017141e+01
1.156700000000058481e+03,7.751478479195549198e+01
1.156800000000058390e+03,7.751618428083297374e+01
1.156900000000058299e+03,7.751757321265556300e+01
1.157000000000058435e+03,7.751895170643028621e+01
1.157100000000058571e+03,7.752039540879367507e+01
1.157200000000058481e+03,7.752183367830164684e+01
1.157300000000058390e+03,7.752326654556347307e+01
1.157400000000058526e+03,7.752469404095900529e+01
1.157500000000058662e+03,7.752611619464065029e+01
1.157600000000058571e+03,7.752753303653557282e+01
1.157700000000058481e+03,7.752894459634788404e+01
1.157800000000058617e+03,7.753035090356051739e+01
1.157900000000058753e+03,7.753175198743747387e+01
1.158000000000058662e+03,7.753314787702576893e+01
1.158100000000058571e+03,7.753457719006323146e+01
1.158200000000058708e+03,7.753600683995648524e+01
1.158300000000058844e+03,7.753743682682460303e+01
1.158400000000058753e+03,7.753886715078672864e+01
1.158500000000058662e+03,7.754029781196207693e+01
1.158600000000058799e+03,7.754172881046990540e+01
1.158700000000058935e+03,7.754316014642955679e+01
1.158800000000058844e+03,7.754459181996040229e+01
1.158900000000058753e+03,7.754602383118186992e+01
1.159000000000058890e+03,7.754745618021343034e+01
1.159100000000059026e+03,7.754885250132528540e+01
1.159200000000058935e+03,7.755025482464715481e+01
1.159300000000058844e+03,7.755166318896395694e+01
1.159400000000058981e+03,7.755307763339548899e+01
1.159500000000059117e+03,7.755449819740005069e+01
1.159600000000059026e+03,7.755592492077805389e+01
1.159700000000058935e+03,7.755735784367588792e+01
1.159800000000059072e+03,7.755879700658958598e+01
1.159900000000059208e+03,7.756024245036857678e+01
1.160000000000059117e+03,7.756169421621960680e+01
1.160100000000059026e+03,7.756306422202816009e+01
1.160200000000059163e+03,7.756444584228721340e+01
1.160300000000059299e+03,7.756583922532060171e+01
1.160400000000059208e+03,7.756724452198857023e+01
1.160500000000059117e+03,7.756866188574217347e+01
1.160600000000059254e+03,7.757009147267918081e+01
1.160700000000059390e+03,7.757153344160136044e+01
1.160800000000059299e+03,7.757298795407324121e+01
1.160900000000059208e+03,7.757445517448253725e+01
1.161000000000059345e+03,7.757593527010195089e+01
1.161100000000059481e+03,7.757728410886896597e+01
1.161200000000059390e+03,7.757865025917419644e+01
1.161300000000059299e+03,7.758003405644502948e+01
1.161400000000059435e+03,7.758143584483076438e+01
1.161500000000059572e+03,7.758285597748802331e+01
1.161600000000059481e+03,7.758429481687734608e+01
1.161700000000059390e+03,7.758575273507163672e+01
1.161800000000059526e+03,7.758723011407691672e+01
1.161900000000059663e+03,7.758872734616602429e+01
1.162000000000059572e+03,7.759024483422574292e+01
1.162100000000059481e+03,7.759155541341735329e+01
1.162200000000059617e+03,7.759288883830397765e+01
1.162300000000059754e+03,7.759424571149875760e+01
1.162400000000059663e+03,7.759562665699674255e+01
1.162500000000059572e+03,7.759703232113177762e+01
1.162600000000059708e+03,7.759846337358511903e+01
1.162700000000059845e+03,7.759992050844928713e+01
1.162800000000059754e+03,7.760140444535065285e+01
1.162900000000059663e+03,7.760291593063435300e+01
1.163000000000059799e+03,7.760445573861593971e+01
1.163100000000059936e+03,7.760573618100644921e+01
1.163200000000059845e+03,7.760704525090913819e+01
1.163300000000059754e+03,7.760838391923776669e+01
1.163400000000059890e+03,7.760975320131333888e+01
1.163500000000060027e+03,7.761115415943235973e+01
1.163600000000059936e+03,7.761258790561537069e+01
1.163700000000059845e+03,7.761405560455075658e+01
1.163800000000059981e+03,7.761555847675019493e+01
1.163900000000060118e+03,7.761709780193372410e+01
1.164000000000060027e+03,7.761867492266419788e+01
1.164100000000059936e+03,7.762043166431860186e+01
1.164200000000060072e+03,7.762223709664817761e+01
1.164300000000060209e+03,7.762409327240075640e+01
1.164400000000060118e+03,7.762600236135776299e+01
1.164500000000060027e+03,7.762796665879538693e+01
1.164600000000060163e+03,7.762998859469057322e+01
1.164700000000060299e+03,7.763207074374950878e+01
1.164800000000060209e+03,7.763421583634548995e+01
1.164900000000060118e+03,7.763642677046416907e+01
1.165000000000060254e+03,7.763870662476524842e+01
1.165100000000060390e+03,7.764040080817385103e+01
1.165200000000060299e+03,7.764215198438057541e+01
1.165300000000060209e+03,7.764396307846590162e+01
1.165400000000060345e+03,7.764583721916224590e+01
1.165500000000060481e+03,7.764777775689141492e+01
1.165600000000060390e+03,7.764978828375369346e+01
1.165700000000060299e+03,7.765187265571952935e+01
1.165800000000060436e+03,7.765403501731222491e+01
1.165900000000060572e+03,7.765627982911391314e+01
1.166000000000060481e+03,7.765861189847784374e+01
1.166100000000060390e+03,7.765861189847784374e+01
1.166200000000060527e+03,7.765861189847782953e+01
1.166300000000060663e+03,7.765861189847784374e+01
1.166400000000060572e+03,7.765861189847782953e+01
1.166500000000060481e+03,7.765861189847784374e+01
1.166600000000060618e+03,7.765861189847784374e+01
1.166700000000060754e+03,7.765861189847782953e+01
1.166800000000060663e+03,7.765861189847782953e+01
1.166900000000060572e+03,7.765861189847787216e+01
1.167000000000060709e+03,7.769858266274414405e+01
1.167100000000060845e+03,7.769858266274414405e+01
1.167200000000060754e+03,7.769858266274414405e+01
1.167300000000060663e+03,7.769858266274414405e+01
1.167400000000060800e+03,7.769858266274414405e+01
1.167500000000060936e+03,7.769858266274414405e+01
1.167600000000060845e+03,7.769858266274414405e+01
1.167700000000060754e+03,7.769858266274414405e+01
1.167800000000060891e+03,7.769858266274415826e+01
1.167900000000061027e+03,7.769858266274414405e+01
1.168000000000060936e+03,7.769858266274556513e+01
1.168100000000060845e+03,7.770087452791646854e+01
1.168200000000060982e+03,7.770308799265588107e+01
1.168300000000061118e+03,7.770522701221165107e+01
1.168400000000061027e+03,7.770729528017908194e+01
1.168500000000060936e+03,7.770929624978523975e+01
1.168600000000061073e+03,7.771123315312902946e+01
1.168700000000061209e+03,7.771310901860233855e+01
1.168800000000061118e+03,7.771492668668960846e+01
1.168900000000061027e+03,7.771668882431958991e+01
1.169000000000061164e+03,7.771839793792162254e+01
1.169100000000061300e+03,7.772066683353180849e+01
1.169200000000061209e+03,7.772286938125526490e+01
1.169300000000061118e+03,7.772500844940803688e+01
1.169400000000061254e+03,7.772708674331963152e+01
1.169500000000061391e+03,7.772910681674747480e+01
1.169600000000061300e+03,7.773107108234562190e+01
1.169700000000061209e+03,7.773298182127734890e+01
1.169800000000061345e+03,7.773484119205274112e+01
1.169900000000061482e+03,7.773665123866284432e+01
1.170000000000061391e+03,7.773841389807517999e+01
1.170100000000061300e+03,7.774064169288973858e+01
1.170200000000061436e+03,7.774281448281506357e+01
1.170300000000061573e+03,7.774493428013872176e+01
1.170400000000061482e+03,7.774700300017474319e+01
1.170500000000061391e+03,7.774902246703558717e+01
1.170600000000061527e+03,7.775099441899658359e+01
1.170700000000061664e+03,7.775292051348642985e+01
1.170800000000061573e+03,7.775480233173324507e+01
1.170900000000061482e+03,7.775664138309407747e+01
1.171000000000061618e+03,7.775843910909254930e+01
1.171100000000061755e+03,7.776061248179797758e+01
1.171200000000061664e+03,7.776274143731158972e+01
1.171300000000061573e+03,7.776482732349074922e+01
1.171400000000061709e+03,7.776687143420390669e+01
1.171500000000061846e+03,7.776887501200695851e+01
1.171600000000061755e+03,7.777083925066195036e+01
1.171700000000061664e+03,7.777276529750902512e+01
1.171800000000061800e+03,7.777465425570106561e+01
1.171900000000061937e+03,7.777650718631075222e+01
1.172000000000061846e+03,7.777832511031795093e+01
1.172100000000061755e+03,7.778014220205270135e+01
1.172200000000061891e+03,7.778192949259032218e+01
1.172300000000062028e+03,7.778368770909933971e+01
1.172400000000061937e+03,7.778541755528117108e+01
1.172500000000061846e+03,7.778711971230943334e+01
1.172600000000061982e+03,7.778879483972413311e+01
1.172700000000062118e+03,7.779044357628379203e+01
1.172800000000062028e+03,7.779206654077755445e+01
1.172900000000061937e+03,7.779366433279950854e+01
1.173000000000062073e+03,7.779523753348739490e+01
1.173100000000062209e+03,7.779702849950643895e+01
1.173200000000062118e+03,7.779879705456585270e+01
1.173300000000062028e+03,7.780054361670390506e+01
1.173400000000062164e+03,7.780226859362610980e+01
1.173500000000062300e+03,7.780397238302234086e+01
1.173600000000062209e+03,7.780565537287273514e+01
1.173700000000062118e+03,7.780731794174207039e+01
1.173800000000062255e+03,7.780896045906372649e+01
1.173900000000062391e+03,7.781058328541332969e+01
1.174000000000062300e+03,7.781218677277271922e+01
1.174100000000062209e+03,7.781394504817427560e+01
1.174200000000062346e+03,7.781568798346761184e+01
1.174300000000062482e+03,7.781741577853337333e+01
1.174400000000062391e+03,7.781912862979471868e+01
1.174500000000062300e+03,7.782082673029159992e+01
1.174600000000062437e+03,7.782251026975346520e+01
1.174700000000062573e+03,7.782417943466977306e+01
1.174800000000062482e+03,7.782583440835894351e+01
1.174900000000062391e+03,7.782747537103541902e+01
1.175000000000062528e+03,7.782910249987523343e+01
1.175100000000062664e+03,7.783083140532495747e+01
1.175200000000062573e+03,7.783255169785401506e+01
1.175300000000062482e+03,7.783426344166325350e+01
1.175400000000062619e+03,7.783596670031694487e+01
1.175500000000062755e+03,7.783766153675082933e+01
1.175600000000062664e+03,7.783934801327966113e+01
1.175700000000062573e+03,7.784102619160510983e+01
1.175800000000062710e+03,7.784269613282303624e+01
1.175900000000062846e+03,7.784435789743102418e+01
1.176000000000062755e+03,7.784601154533571332e+01
1.176100000000062664e+03,7.784772152977143378e+01
1.176200000000062801e+03,7.784942939397387818e+01
1.176300000000062937e+03,7.785113514188392969e+01
1.176400000000062846e+03,7.785283877743273706e+01
1.176500000000062755e+03,7.785454030454174301e+01
1.176600000000062892e+03,7.785623972712269847e+01
1.176700000000063028e+03,7.785793704907760571e+01
1.176800000000062937e+03,7.785963227429891731e+01
1.176900000000062846e+03,7.786132540666940827e+01
1.177000000000062983e+03,7.786301645006231809e+01
1.177100000000063119e+03,7.786468443961449282e+01
1.177200000000063028e+03,7.786635667562389074e+01
1.177300000000062937e+03,7.786803317432742233e+01
1.177400000000063073e+03,7.786971395204494684e+01
1.177500000000063210e+03,7.787139902517975543e+01
1.177600000000063119e+03,7.787308841021898331e+01
1.177700000000063028e+03,7.787478212373434872e+01
1.177800000000063164e+03,7.787648018238257919e+01
1.177900000000063301e+03,7.787818260290596584e+01
1.178000000000063210e+03,7.787988940213286071e+01
1.178100000000063119e+03,7.788153580949773414e+01
1.178200000000063255e+03,7.788319278942664425e+01
1.178300000000063392e+03,7.788486044408671205e+01
1.178400000000063301e+03,7.788653887696571587e+01
1.178500000000063210e+03,7.788822819289352140e+01
1.178600000000063346e+03,7.788992849806376739e+01
1.178700000000063483e+03,7.789163990005630467e+01
1.178800000000063392e+03,7.789336250785970606e+01
1.178900000000063301e+03,7.789509643189457222e+01
1.179000000000063437e+03,7.789684178403690851e+01
1.179100000000063574e+03,7.789845677294907489e+01
1.179200000000063483e+03,7.790008861367292070e+01
1.179300000000063392e+03,7.790173757135548271e+01
1.179400000000063528e+03,7.790340391673547060e+01
1.179500000000063665e+03,7.790508792629159984e+01
1.179600000000063574e+03,7.790678988239550051e+01
1.179700000000063483e+03,7.790851007346948620e+01
1.179800000000063619e+03,7.791024879414953830e+01
1.179900000000063756e+03,7.791200634545360515e+01
1.180000000000063665e+03,7.791378303495504554e+01
1.180100000000063574e+03,7.791536634751439294e+01
1.180200000000063710e+03,7.791697284742667762e+01
1.180300000000063847e+03,7.791860304781162938e+01
1.180400000000063756e+03,7.792025747704150263e+01
1.180500000000063665e+03,7.792193667931198320e+01
1.180600000000063801e+03,7.792364121523900167e+01
1.180700000000063937e+03,7.792537166248276037e+01
1.180800000000063847e+03,7.792712861640048061e+01
1.180900000000063756e+03,7.792891269072927685e+01
1.181000000000063892e+03,7.793072451830082059e+01
1.181100000000064028e+03,7.793227265661893455e+01
1.181200000000063937e+03,7.793385038772392193e+01
1.181300000000063847e+03,7.793545856830638741e+01
1.181400000000063983e+03,7.793709808844647569e+01
1.181500000000064119e+03,7.793876987325684524e+01
1.181600000000064028e+03,7.794047488462312856e+01
1.181700000000063937e+03,7.794221412304946739e+01
1.181800000000064074e+03,7.794398862961637064e+01
1.181900000000064210e+03,7.794579948805865399e+01
1.182000000000064119e+03,7.794764782697227190e+01
1.182100000000064028e+03,7.794902130270092755e+01
1.182200000000064165e+03,7.795042764666600021e+01
1.182300000000064301e+03,7.795186805299553612e+01
1.182400000000064210e+03,7.795334377437146145e+01
1.182500000000064119e+03,7.795485612566308475e+01
1.182600000000064256e+03,7.795640648783459881e+01
1.182700000000064392e+03,7.795799631215095360e+01
1.182800000000064301e+03,7.795962712470903000e+01
1.182900000000064210e+03,7.796130053132377213e+01
1.183000000000064347e+03,7.796301822280217664e+01
1.183100000000064483e+03,7.796435320139408987e+01
1.183200000000064392e+03,7.796572715836062173e+01
1.183300000000064301e+03,7.796714182611447086e+01
1.183400000000064438e+03,7.796859904127607876e+01
1.183500000000064574e+03,7.797010075262859630e+01
1.183600000000064483e+03,7.797164902981292300e+01
1.183700000000064392e+03,7.797324607284423337e+01
1.183800000000064529e+03,7.797489422254227520e+01
1.183900000000064665e+03,7.797659597197913683e+01
1.184000000000064574e+03,7.797835397906203525e+01
1.184100000000064483e+03,7.797966729830943677e+01
1.184200000000064620e+03,7.798102666020575668e+01
1.184300000000064756e+03,7.798243452921154528e+01
1.184400000000064665e+03,7.798389354886467117e+01
1.184500000000064574e+03,7.798540655834695201e+01
1.184600000000064711e+03,7.798697661092442956e+01
1.184700000000064847e+03,7.798860699451337553e+01
1.184800000000064756e+03,7.799030125466367735e+01
1.184900000000064665e+03,7.799206322029746730e+01
1.185000000000064801e+03,7.799389703259524254e+01
1.185100000000064938e+03,7.799389703259524254e+01
1.185200000000064847e+03,7.799389703259524254e+01
1.185300000000064756e+03,7.799389703259524254e+01
1.185400000000064892e+03,7.799389703259524254e+01
1.185500000000065029e+03,7.799389703259524254e+01
1.185600000000064938e+03,7.799389703259524254e+01
1.185700000000064847e+03,7.799389703259522832e+01
1.185800000000064983e+03,7.799389703259528517e+01
1.185900000000065120e+03,7.799389703259525675e+01
1.186000000000065029e+03,7.802466321589210452e+01
1.186100000000064938e+03,7.802466321589210452e+01
1.186200000000065074e+03,7.802466321589210452e+01
1.186300000000065211e+03,7.802466321589210452e+01
1.186400000000065120e+03,7.802466321589211873e+01
1.186500000000065029e+03,7.802466321589210452e+01
1.186600000000065165e+03,7.802466321589210452e+01
1.186700000000065302e+03,7.802466321589211873e+01
1.186800000000065211e+03,7.802466321589211873e+01
1.186900000000065120e+03,7.802466321589210452e+01
1.187000000000065256e+03,7.802466321589325560e+01
1.187100000000065393e+03,7.802641692553295627e+01
1.187200000000065302e+03,7.802811515348474813e+01
1.187300000000065211e+03,7.802976049164023209e+01
1.187400000000065347e+03,7.803135537292220647e+01
1.187500000000065484e+03,7.803290208328806443e+01
1.187600000000065393e+03,7.803440277266199132e+01
1.187700000000065302e+03,7.803585946490545666e+01
1.187800000000065438e+03,7.803727406692344459e+01
1.187900000000065575e+03,7.803864837699262580e+01
1.188000000000065484e+03,7.803998409238818112e+01
1.188100000000065393e+03,7.804171751191211115e+01
1.188200000000065529e+03,7.804340391945412136e+01
1.188300000000065666e+03,7.804504520194090844e+01
1.188400000000065575e+03,7.804664314665122049e+01
1.188500000000065484e+03,7.804819944770818552e+01
1.188600000000065620e+03,7.804971571207033776e+01
1.188700000000065756e+03,7.805119346506653244e+01
1.188800000000065666e+03,7.805263415551399930e+01
1.188900000000065575e+03,7.805403916045644053e+01
1.189000000000065711e+03,7.805540978955430376e+01
1.189100000000065847e+03,7.805711578253914240e+01
1.189200000000065756e+03,7.805878264163544600e+01
1.189300000000065666e+03,7.806041169811649638e+01
1.189400000000065802e+03,7.806200422354886825e+01
1.189500000000065938e+03,7.806356143310257778e+01
1.189600000000065847e+03,7.806508448864336458e+01
1.189700000000065756e+03,7.806657450162381906e+01
1.189800000000065893e+03,7.806803253578834756e+01
1.189900000000066029e+03,7.806945960970573140e+01
1.190000000000065938e+03,7.807085669914228276e+01
1.190100000000065847e+03,7.807252616681094537e+01
1.190200000000065984e+03,7.807416389043986271e+01
1.190300000000066120e+03,7.807577076689636897e+01
1.190400000000066029e+03,7.807734765957728484e+01
1.190500000000065938e+03,7.807889539995589701e+01
1.190600000000066075e+03,7.808041478904387134e+01
1.190700000000066211e+03,7.808190659877354278e+01
1.190800000000066120e+03,7.808337157330574030e+01
1.190900000000066029e+03,7.808481043026739599e+01
1.191000000000066166e+03,7.808622386192402587e+01
1.191100000000066302e+03,7.808786778300455467e+01
1.191200000000066211e+03,7.808948660539449804e+01
1.191300000000066120e+03,7.809108089953353726e+01
1.191400000000066257e+03,7.809265121870475923e+01
1.191500000000066393e+03,7.809419809967498338e+01
1.191600000000066302e+03,7.809572206330636845e+01
1.191700000000066211e+03,7.809722361514123179e+01
1.191800000000066348e+03,7.809870324596114699e+01
1.191900000000066484e+03,7.810016143232182628e+01
1.192000000000066393e+03,7.810159863706454075e+01
1.192100000000066302e+03,7.810272417519072974e+01
1.192200000000066439e+03,7.810383660125899041e+01
1.192300000000066575e+03,7.810493614306750487e+01
1.192400000000066484e+03,7.810602302316821977e+01
1.192500000000066393e+03,7.810709745901674239e+01
1.192600000000066530e+03,7.810815966311760405e+01
1.192700000000066666e+03,7.810920984316419435e+01
1.192800000000066575e+03,7.811024820217423326e+01
1.192900000000066484e+03,7.811127493862065307e+01
1.193000000000066620e+03,7.811229024655803244e+01
1.193100000000066757e+03,7.811340094019827518e+01
1.193200000000066666e+03,7.811450262603551664e+01
1.193300000000066575e+03,7.811559541320804101e+01
1.193400000000066711e+03,7.811667940909816821e+01
1.193500000000066848e+03,7.811775471936739734e+01
1.193600000000066757e+03,7.811882144799071170e+01
1.193700000000066666e+03,7.811987969729015902e+01
1.193800000000066802e+03,7.812092956796749377e+01
1.193900000000066939e+03,7.812197115913616585e+01
1.194000000000066848e+03,7.812300456835255602e+01
1.194100000000066757e+03,7.812409025158186182e+01
1.194200000000066893e+03,7.812517093532316892e+01
1.194300000000067030e+03,7.812624665403049562e+01
1.194400000000066939e+03,7.812731744184205240e+01
1.194500000000066848e+03,7.812838333258378043e+01
1.194600000000066984e+03,7.812944435977296109e+01
1.194700000000067121e+03,7.813050055662166926e+01
1.194800000000067030e+03,7.813155195604025494e+01
1.194900000000066939e+03,7.813259859064081070e+01
1.195000000000067075e+03,7.813364049274052547e+01
1.195100000000067212e+03,7.813471624262832904e+01
1.195200000000067121e+03,7.813579081285743655e+01
1.195300000000067030e+03,7.813686420536720334e+01
1.195400000000067166e+03,7.813793642209266466e+01
1.195500000000067303e+03,7.813900746496473460e+01
1.195600000000067212e+03,7.814007733591003557e+01
1.195700000000067121e+03,7.814114603685095517e+01
1.195800000000067257e+03,7.814221356970574561e+01
1.195900000000067394e+03,7.814327993638841008e+01
1.196000000000067303e+03,7.814434513880878796e+01
1.196100000000067212e+03,7.814539982344506086e+01
1.196200000000067348e+03,7.814645709803343721e+01
1.196300000000067485e+03,7.814751697212571457e+01
1.196400000000067394e+03,7.814857945532071426e+01
1.196500000000067303e+03,7.814964455726462234e+01
1.196600000000067439e+03,7.815071228765121703e+01
1.196700000000067575e+03,7.815178265622211029e+01
1.196800000000067485e+03,7.815285567276724521e+01
1.196900000000067394e+03,7.815393134712491019e+01
1.197000000000067530e+03,7.815500968918227898e+01
1.197100000000067666e+03,7.815604200491803510e+01
1.197200000000067575e+03,7.815708060868617224e+01
1.197300000000067485e+03,7.815812555811461948e+01
1.197400000000067621e+03,7.815917691153765645e+01
1.197500000000067757e+03,7.816023472800674199e+01
1.197600000000067666e+03,7.816129906730161281e+01
1.197700000000067575e+03,7.816236998994152430e+01
1.197800000000067712e+03,7.816344755719671866e+01
1.197900000000067848e+03,7.816453183110012048e+01
1.198000000000067757e+03,7.816562287445917434e+01
1.198100000000067666e+03,7.816664854260689310e+01
1.198200000000067803e+03,7.816768432054334426e+01
1.198300000000067939e+03,7.816873035848378493e+01
1.198400000000067848e+03,7.816978680963433135e+01
1.198500000000067757e+03,7.817085383026659429e+01
1.198600000000067894e+03,7.817193157979482976e+01
1.198700000000068030e+03,7.817302022085536350e+01
1.198800000000067939e+03,7.817411991938827498e+01
1.198900000000067848e+03,7.817523084472183825e+01
1.199000000000067985e+03,7.817635316965933612e+01
1.199100000000068121e+03,7.817735321080242272e+01
1.199200000000068030e+03,7.817836704851221441e+01
1.199300000000067939e+03,7.817939497027795426e+01
1.199400000000068076e+03,7.818043727163221490e+01
1.199500000000068212e+03,7.818149425643426298e+01
1.199600000000068121e+03,7.818256623716534648e+01
1.199700000000068030e+03,7.818365353523664396e+01
1.199800000000068167e+03,7.818475648131062883e+01
1.199900000000068303e+03,7.818587541563634602e+01
1.200000000000068212e+03,7.818701068839912693e+01
1.200100000000068121e+03,7.818799367651038779e+01
1.200200000000068258e+03,7.818899433263300125e+01
1.200300000000068394e+03,7.819001313742802495e+01
1.200400000000068303e+03,7.819105058915130257e+01
1.200500000000068212e+03,7.819210720446614005e+01
1.200600000000068349e+03,7.819318351930105848e+01
1.200700000000068485e+03,7.819428008975638988e+01
1.200800000000068394e+03,7.819539749306220244e+01
1.200900000000068303e+03,7.819653632859161974e+01
1.201000000000068439e+03,7.819769721893257497e+01
1.201100000000068576e+03,7.819865377601841772e+01
1.201200000000068485e+03,7.819963181757837845e+01
1.201300000000068394e+03,7.820063207565202390e+01
1.201400000000068530e+03,7.820165531591807451e+01
1.201500000000068667e+03,7.820270233964899376e+01
1.201600000000068576e+03,7.820377398580360762e+01
1.201700000000068485e+03,7.820487113326917950e+01
1.201800000000068621e+03,7.820599470326529001e+01
1.201900000000068758e+03,7.820714566192371819e+01
1.202000000000068667e+03,7.820832502305852074e+01
1.202100000000068576e+03,7.820866965289617667e+01
1.202200000000068712e+03,7.820902370652989077e+01
1.202300000000068849e+03,7.820938757585396672e+01
1.202400000000068758e+03,7.820976167479766161e+01
1.202500000000068667e+03,7.821014644089603962e+01
1.202600000000068803e+03,7.821054233699705094e+01
1.202700000000068940e+03,7.821094985311884784e+01
1.202800000000068849e+03,7.821136950847332514e+01
1.202900000000068758e+03,7.821180185367295223e+01
1.203000000000068894e+03,7.821224747314094827e+01
1.203100000000069031e+03,7.821257403623002347e+01
1.203200000000068940e+03,7.821291129392997732e+01
1.203300000000068849e+03,7.821325978034299453e+01
1.203400000000068985e+03,7.821362006573832559e+01
1.203500000000069122e+03,7.821399275966628295e+01
1.203600000000069031e+03,7.821437851439978317e+01
1.203700000000068940e+03,7.821477802874399288e+01
1.203800000000069076e+03,7.821519205226110216e+01
1.203900000000069213e+03,7.821562138996398517e+01
1.204000000000069122e+03,7.821606690754006763e+01
1.204100000000069031e+03,7.821606690754005342e+01
1.204200000000069167e+03,7.821606690754005342e+01
1.204300000000069303e+03,7.821606690754005342e+01
1.204400000000069213e+03,7.821606690754006763e+01
1.204500000000069122e+03,7.821606690754005342e+01
1.204600000000069258e+03,7.821606690754006763e+01
1.204700000000069394e+03,7.821606690754003921e+01
1.204800000000069303e+03,7.821606690754005342e+01
1.204900000000069213e+03,7.821606690754006763e+01
1.205000000000069349e+03,7.822403357208111174e+01
1.205100000000069485e+03,7.822403357208112595e+01
1.205200000000069394e+03,7.822403357208111174e+01
1.205300000000069303e+03,7.822403357208111174e+01
1.205400000000069440e+03,7.822403357208111174e+01
1.205500000000069576e+03,7.822403357208111174e+01
1.205600000000069485e+03,7.822403357208111174e+01
1.205700000000069394e+03,7.822403357208111174e+01
1.205800000000069531e+03,7.822403357208112595e+01
1.205900000000069667e+03,7.822403357208111174e+01
1.206000000000069576e+03,7.822403357208142438e+01
1.206100000000069485e+03,7.822446759930313931e+01
1.206200000000069622e+03,7.822488773929475769e+01
1.206300000000069758e+03,7.822529464806960675e+01
1.206400000000069667e+03,7.822568894096264103e+01
1.206500000000069576e+03,7.822607119573535783e+01
1.206600000000069713e+03,7.822644195540057410e+01
1.206700000000069849e+03,7.822680173079605481e+01
1.206800000000069758e+03,7.822715100293284252e+01
1.206900000000069667e+03,7.822749022514084061e+01
1.207000000000069804e+03,7.822781982503188658e+01
1.207100000000069940e+03,7.822826327547085157e+01
1.207200000000069849e+03,7.822869445834672320e+01
1.207300000000069758e+03,7.822911387576711206e+01
1.207400000000069895e+03,7.822952200280697355e+01
1.207500000000070031e+03,7.822991928930365191e+01
1.207600000000069940e+03,7.823030616151081063e+01
1.207700000000069849e+03,7.823068302362401027e+01
1.207800000000069986e+03,7.823105025918931688e+01
1.207900000000070122e+03,7.823140823240527197e+01
1.208000000000070031e+03,7.823175728932788786e+01
1.208100000000069940e+03,7.823219329275143252e+01
1.208200000000070077e+03,7.823261898114000701e+01
1.208300000000070213e+03,7.823303471626618943e+01
1.208400000000070122e+03,7.823344084318037517e+01
1.208500000000070031e+03,7.823383769116603048e+01
1.208600000000070168e+03,7.823422557463000260e+01
1.208700000000070304e+03,7.823460479393335731e+01
1.208800000000070213e+03,7.823497563616702166e+01
1.208900000000070122e+03,7.823533837587658013e+01
1.209000000000070258e+03,7.823569327574030297e+01
1.209100000000070395e+03,7.823610443536512093e+01
1.209200000000070304e+03,7.823650740762016653e+01
1.209300000000070213e+03,7.823690243464568539e+01
1.209400000000070349e+03,7.823728974912680201e+01
1.209500000000070486e+03,7.823766957475049821e+01
1.209600000000070395e+03,7.823804212663648627e+01
1.209700000000070304e+03,7.823840761174342617e+01
1.209800000000070440e+03,7.823876622925239133e+01
1.209900000000070577e+03,7.823911817092866272e+01
1.210000000000070486e+03,7.823946362146385525e+01
1.210100000000070395e+03,7.823989369306964647e+01
1.210200000000070531e+03,7.824031673292422795e+01
1.210300000000070668e+03,7.824073291208489422e+01
1.210400000000070577e+03,7.824114239610524635e+01
1.210500000000070486e+03,7.824154534525482063e+01
1.210600000000070622e+03,7.824194191472825821e+01
1.210700000000070759e+03,7.824233225484451282e+01
1.210800000000070668e+03,7.824271651123696358e+01
1.210900000000070577e+03,7.824309482503439028e+01
1.211000000000070713e+03,7.824346733303403312e+01
1.211100000000070850e+03,7.824387032027617295e+01
1.211200000000070759e+03,7.824426810093135032e+01
1.211300000000070668e+03,7.824466077525543994e+01
1.211400000000070804e+03,7.824504844094670375e+01
1.211500000000070941e+03,7.824543119322692064e+01
1.211600000000070850e+03,7.824580912491929041e+01
1.211700000000070759e+03,7.824618232652349548e+01
1.211800000000070895e+03,7.824655088628803412e+01
1.211900000000071032e+03,7.824691489027965474e+01
1.212000000000070941e+03,7.824727442245000475e+01
1.212100000000070850e+03,7.824698088463095758e+01
1.212200000000070986e+03,7.824669015942417616e+01
1.212300000000071122e+03,7.824640220659770762e+01
1.212400000000071032e+03,7.824611698668326198e+01
1.212500000000070941e+03,7.824583446095816441e+01
1.212600000000071077e+03,7.824555459142787583e+01
1.212700000000071213e+03,7.824527734080893993e+01
1.212800000000071122e+03,7.824500267251235641e+01
1.212900000000071032e+03,7.824473055062763649e+01
1.213000000000071168e+03,7.824446093990695772e+01
1.213100000000071304e+03,7.824415945302544628e+01
1.213200000000071213e+03,7.824385986281593830e+01
1.213300000000071122e+03,7.824356215143642146e+01
1.213400000000071259e+03,7.824326630126799387e+01
1.213500000000071395e+03,7.824297229491133976e+01
1.213600000000071304e+03,7.824268011518340415e+01
1.213700000000071213e+03,7.824238974511391120e+01
1.213800000000071350e+03,7.824210116794220937e+01
1.213900000000071486e+03,7.824181436711393189e+01
1.214000000000071395e+03,7.824152932627794144e+01
1.214100000000071304e+03,7.824122946547730351e+01
1.214200000000071441e+03,7.824093050826623141e+01
1.214300000000071577e+03,7.824063245056662197e+01
1.214400000000071486e+03,7.824033528832481466e+01
1.214500000000071395e+03,7.824003901751156320e+01
1.214600000000071532e+03,7.823974363412166610e+01
1.214700000000071668e+03,7.823944913417395242e+01
1.214800000000071577e+03,7.823915551371098331e+01
1.214900000000071486e+03,7.823886276879893842e+01
1.215000000000071623e+03,7.823857089552743105e+01
1.215100000000071759e+03,7.823828396624189452e+01
1.215200000000071668e+03,7.823799695508193963e+01
1.215300000000071577e+03,7.823770986201249400e+01
1.215400000000071714e+03,7.823742268699848523e+01
1.215500000000071850e+03,7.823713543000482673e+01
1.215600000000071759e+03,7.823684809099641768e+01
1.215700000000071668e+03,7.823656066993811464e+01
1.215800000000071805e+03,7.823627316679478838e+01
1.215900000000071941e+03,7.823598558153123861e+01
1.216000000000071850e+03,7.823569791411230767e+01
1.216100000000071759e+03,7.823541473201535723e+01
1.216200000000071896e+03,7.823513051913978700e+01
1.216300000000072032e+03,7.823484526984729825e+01
1.216400000000071941e+03,7.823455897845845186e+01
1.216500000000071850e+03,7.823427163925214245e+01
1.216600000000071987e+03,7.823398324646539947e+01
1.216700000000072123e+03,7.823369379429281878e+01
1.216800000000072032e+03,7.823340327688637785e+01
1.216900000000071941e+03,7.823311168835481055e+01
1.217000000000072077e+03,7.823281902276340816e+01
1.217100000000072214e+03,7.823253644230698001e+01
1.217200000000072123e+03,7.823225185884258792e+01
1.217300000000072032e+03,7.823196525099764642e+01
1.217400000000072168e+03,7.823167659709447719e+01
1.217500000000072305e+03,7.823138587514475262e+01
1.217600000000072214e+03,7.823109306284396780e+01
1.217700000000072123e+03,7.823079813756562828e+01
1.217800000000072259e+03,7.823050107635563677e+01
1.217900000000072396e+03,7.823020185592611142e+01
1.218000000000072305e+03,7.822990045264944570e+01
1.218100000000072214e+03,7.822962580913359432e+01
1.218200000000072350e+03,7.822934823538007265e+01
1.218300000000072487e+03,7.822906768424222435e+01
1.218400000000072396e+03,7.822878410755656375e+01
1.218500000000072305e+03,7.822849745611510741e+01
1.218600000000072441e+03,7.822820767963700916e+01
1.218700000000072578e+03,7.822791472673901580e+01
1.218800000000072487e+03,7.822761854490528322e+01
1.218900000000072396e+03,7.822731908045581406e+01
1.219000000000072532e+03,7.822701627851414230e+01
1.219100000000072669e+03,7.822673640219527158e+01
1.219200000000072578e+03,7.822645248752837688e+01
1.219300000000072487e+03,7.822616444647404421e+01
1.219400000000072623e+03,7.822587218841495371e+01
1.219500000000072760e+03,7.822557562006099374e+01
1.219600000000072669e+03,7.822527464534982755e+01
1.219700000000072578e+03,7.822496916534316824e+01
1.219800000000072714e+03,7.822465907811843522e+01
1.219900000000072851e+03,7.822434427865530893e+01
1.220000000000072760e+03,7.822402465871714128e+01
1.220100000000072669e+03,7.822376466804844597e+01
1.220200000000072805e+03,7.822349988719307134e+01
1.220300000000072941e+03,7.822323018253523230e+01
1.220400000000072851e+03,7.822295541544313835e+01
1.220500000000072760e+03,7.822267544203140233e+01
1.220600000000072896e+03,7.822239011290973565e+01
1.220700000000073032e+03,7.822209927291716269e+01
1.220800000000072941e+03,7.822180276084070272e+01
1.220900000000072851e+03,7.822150040911739666e+01
1.221000000000072987e+03,7.822119204351849930e+01
1.221100000000073123e+03,7.822093435737404832e+01
1.221200000000073032e+03,7.822067081673569078e+01
1.221300000000072941e+03,7.822040121979432570e+01
1.221400000000073078e+03,7.822012535535779421e+01
1.221500000000073214e+03,7.821984300229894416e+01
1.221600000000073123e+03,7.821955392896452963e+01
1.221700000000073032e+03,7.821925789254142103e+01
1.221800000000073169e+03,7.821895463837624618e+01
1.221900000000073305e+03,7.821864389924485295e+01
1.222000000000073214e+03,7.821832539456669053e+01
1.222100000000073123e+03,7.821762242267989507e+01
1.222200000000073260e+03,7.821690018530583188e+01
1.222300000000073396e+03,7.821615787946301168e+01
1.222400000000073305e+03,7.821539465691709836e+01
1.222500000000073214e+03,7.821460962094752745e+01
1.222600000000073351e+03,7.821380182283282068e+01
1.222700000000073487e+03,7.821297025802577707e+01
1.222800000000073396e+03,7.821211386198588400e+01
1.222900000000073305e+03,7.821123150563289528e+01
1.223000000000073442e+03,7.821032199038059218e+01
1.223100000000073578e+03,7.820964819178900029e+01
1.223200000000073487e+03,7.820895242918822987e+01
1.223300000000073396e+03,7.820823361083347436e+01
1.223400000000073533e+03,7.820749057140582750e+01
1.223500000000073669e+03,7.820672206570813501e+01
1.223600000000073578e+03,7.820592676170151947e+01
1.223700000000073487e+03,7.820510323280046805e+01
1.223800000000073624e+03,7.820424994933284779e+01
1.223900000000073760e+03,7.820336526905700225e+01
1.224000000000073669e+03,7.820244742661338933e+01
1.224100000000073578e+03,7.820244742661338933e+01
1.224200000000073715e+03,7.820244742661338933e+01
1.224300000000073851e+03,7.820244742661338933e+01
1.224400000000073760e+03,7.820244742661338933e+01
1.224500000000073669e+03,7.820244742661338933e+01
1.224600000000073805e+03,7.820244742661340354e+01
1.224700000000073942e+03,7.820244742661340354e+01
1.224800000000073851e+03,7.820244742661338933e+01
1.224900000000073760e+03,7.820244742661341775e+01
1.226000000000074124e+03,7.817895891264549846e+01
1.226100000000074033e+03,7.817895891264551267e+01
1.226200000000074169e+03,7.817895891264551267e+01
1.226300000000074306e+03,7.817895891264549846e+01
1.226400000000074215e+03,7.817895891264551267e+01
1.226500000000074124e+03,7.817895891264551267e+01
1.226600000000074260e+03,7.817895891264549846e+01
1.226700000000074397e+03,7.817895891264551267e+01
1.226800000000074306e+03,7.817895891264549846e+01
1.226900000000074215e+03,7.817895891264549846e+01
1.227000000000074351e+03,7.817895891264485897e+01
1.227100000000074488e+03,7.817808134586184110e+01
1.227200000000074397e+03,7.817722716455010357e+01
1.227300000000074306e+03,7.817639544623381198e+01
1.227400000000074442e+03,7.817558531632543861e+01
1.227500000000074579e+03,7.817479594505806517e+01
1.227600000000074488e+03,7.817402654465044520e+01
1.227700000000074397e+03,7.817327636668470348e+01
1.227800000000074533e+03,7.817254469967797093e+01
1.227900000000074670e+03,7.817183086683178317e+01
1.228000000000074579e+03,7.817113422394373856e+01
1.228100000000074488e+03,7.817025406834454770e+01
1.228200000000074624e+03,7.816939408809295742e+01
1.228300000000074760e+03,7.816855359734611852e+01
1.228400000000074670e+03,7.816773194099901900e+01
1.228500000000074579e+03,7.816692849298162571e+01
1.228600000000074715e+03,7.816614265466785128e+01
1.228700000000074851e+03,7.816537385338814659e+01
1.228800000000074760e+03,7.816462154103770388e+01
1.228900000000074670e+03,7.816388519277330715e+01
1.229000000000074806e+03,7.816316430579215080e+01
1.229100000000074942e+03,7.816231592368228576e+01
1.229200000000074851e+03,7.816148401861040895e+01
1.229300000000074760e+03,7.816066811517447377e+01
1.229400000000074897e+03,7.815986775608695325e+01
1.229500000000075033e+03,7.815908250132002877e+01
1.229600000000074942e+03,7.815831192729901034e+01
1.229700000000074851e+03,7.815755562614046426e+01
1.229800000000074988e+03,7.815681320493219175e+01
1.229900000000075124e+03,7.815608428505267113e+01
1.230000000000075033e+03,7.815536850152705028e+01
1.230100000000074942e+03,7.815451752654392692e+01
1.230200000000075079e+03,7.815368024257075774e+01
1.230300000000075215e+03,7.815285632184004783e+01
1.230400000000075124e+03,7.815204544696403843e+01
1.230500000000075033e+03,7.815124731052689810e+01
1.230600000000075170e+03,7.815046161469634001e+01
1.230700000000075306e+03,7.814968807085281810e+01
1.230800000000075215e+03,7.814892639923620266e+01
1.230900000000075124e+03,7.814817632860842878e+01
1.231000000000075261e+03,7.814743759593130790e+01
1.231100000000075397e+03,7.814660509751253414e+01
1.231200000000075306e+03,7.814578332132305150e+01
1.231300000000075215e+03,7.814497206154156572e+01
1.231400000000075352e+03,7.814417111758119461e+01
1.231500000000075488e+03,7.814338029392411045e+01
1.231600000000075397e+03,7.814259939996227899e+01
1.231700000000075306e+03,7.814182824984452225e+01
1.231800000000075443e+03,7.814106666232883924e+01
1.231900000000075579e+03,7.814031446064058173e+01
1.232000000000075488e+03,7.813957147233526257e+01
1.232100000000075397e+03,7.813853398531411187e+01
1.232200000000075534e+03,7.813750661451268797e+01
1.232300000000075670e+03,7.813648921268863035e+01
1.232400000000075579e+03,7.813548163544324154e+01
1.232500000000075488e+03,7.813448374115316142e+01
1.232600000000075624e+03,7.813349539090413032e+01
1.232700000000075761e+03,7.813251644842640076e+01
1.232800000000075670e+03,7.813154678003215281e+01
1.232900000000075579e+03,7.813058625455461481e+01
1.233000000000075715e+03,7.812963474328887514e+01
1.233100000000075852e+03,7.812860247181420448e+01
1.233200000000075761e+03,7.812757708844389981e+01
1.233300000000075670e+03,7.812655852446320637e+01
1.233400000000075806e+03,7.812554671206829937e+01
1.233500000000075943e+03,7.812454158435123475e+01
1.233600000000075852e+03,7.812354307528524089e+01
1.233700000000075761e+03,7.812255111971030885e+01
1.233800000000075897e+03,7.812156565331888203e+01
1.233900000000076034e+03,7.812058661264207160e+01
1.234000000000075943e+03,7.811961393503595730e+01
1.234100000000075852e+03,7.811860305866349563e+01
1.234200000000075988e+03,7.811759582957955672e+01
1.234300000000076125e+03,7.811659222808026470e+01
1.234400000000076034e+03,7.811559223460349699e+01
1.234500000000075943e+03,7.811459582972747739e+01
1.234600000000076079e+03,7.811360299416958242e+01
1.234700000000076216e+03,7.811261370878513333e+01
1.234800000000076125e+03,7.811162795456606034e+01
1.234900000000076034e+03,7.811064571263982259e+01
1.235000000000076170e+03,7.810966696426801548e+01
1.235100000000076307e+03,7.810866012338252062e+01
1.235200000000076216e+03,7.810765381626796966e+01
1.235300000000076125e+03,7.810664804250005488e+01
1.235400000000076261e+03,7.810564280165482387e+01
1.235500000000076398e+03,7.810463809330889262e+01
1.235600000000076307e+03,7.810363391703917557e+01
1.235700000000076216e+03,7.810263027242318401e+01
1.235800000000076352e+03,7.810162715903877029e+01
1.235900000000076489e+03,7.810062457646429834e+01
1.236000000000076398e+03,7.809962252427854423e+01
1.236100000000076307e+03,7.809863935457974549e+01
1.236200000000076443e+03,7.809765363503778701e+01
1.236300000000076579e+03,7.809666535572031876e+01
1.236400000000076489e+03,7.809567450664333421e+01
1.236500000000076398e+03,7.809468107777075829e+01
1.236600000000076534e+03,7.809368505901429103e+01
1.236700000000076670e+03,7.809268644023288175e+01
1.236800000000076579e+03,7.809168521123254436e+01
1.236900000000076489e+03,7.809068136176584574e+01
1.237000000000076625e+03,7.808967488153170677e+01
1.237100000000076761e+03,7.808869800461548039e+01
1.237200000000076670e+03,7.808771546763398419e+01
1.237300000000076579e+03,7.808672722125230337e+01
1.237400000000076716e+03,7.808573321556053770e+01
1.237500000000076852e+03,7.808473340006527508e+01
1.237600000000076761e+03,7.808372772368120707e+01
1.237700000000076670e+03,7.808271613472230399e+01
1.237800000000076807e+03,7.808169858089298998e+01
1.237900000000076943e+03,7.808067500927916171e+01
1.238000000000076852e+03,7.807964536633903663e+01
1.238100000000076761e+03,7.807869142623519565e+01
1.238200000000076898e+03,7.807772879990341153e+01
1.238300000000077034e+03,7.807675736816062795e+01
1.238400000000076943e+03,7.807577700963344114e+01
1.238500000000076852e+03,7.807478760070742396e+01
1.238600000000076989e+03,7.807378901547524208e+01
1.238700000000077125e+03,7.807278112568319273e+01
1.238800000000077034e+03,7.807176380067637922e+01
1.238900000000076943e+03,7.807073690734210913e+01
1.239000000000077080e+03,7.806970031005202770e+01
1.239100000000077216e+03,7.806875936341677402e+01
1.239200000000077125e+03,7.806780659201000105e+01
1.239300000000077034e+03,7.806684177152141046e+01
1.239400000000077171e+03,7.806586467193115197e+01
1.239500000000077307e+03,7.806487505732708598e+01
1.239600000000077216e+03,7.806387268571475602e+01
1.239700000000077125e+03,7.806285730882024154e+01
1.239800000000077262e+03,7.806182867188508112e+01
1.239900000000077398e+03,7.806078651345320907e+01
1.240000000000077307e+03,7.805973056514943664e+01
1.240100000000077216e+03,7.805879861310253887e+01
1.240200000000077353e+03,7.805785153924588826e+01
1.240300000000077489e+03,7.805688897252041158e+01
1.240400000000077398e+03,7.805591052962691379e+01
1.240500000000077307e+03,7.805491581451708782e+01
1.240600000000077443e+03,7.805390441785894495e+01
1.240700000000077580e+03,7.805287591647538648e+01
1.240800000000077489e+03,7.805182987275368589e+01
1.240900000000077398e+03,7.805076583402460244e+01
1.241000000000077534e+03,7.804968333190957708e+01
1.241100000000077671e+03,7.804877774166672566e+01
1.241200000000077580e+03,7.804785391825146235e+01
1.241300000000077489e+03,7.804691130540332722e+01
1.241400000000077625e+03,7.804594932400205209e+01
1.241500000000077762e+03,7.804496737088113889e+01
1.241600000000077671e+03,7.804396481756663206e+01
1.241700000000077580e+03,7.804294100893586972e+01
1.241800000000077716e+03,7.804189526178969061e+01
1.241900000000077853e+03,7.804082686333231322e+01
1.242000000000077762e+03,7.803973506955121309e+01
1.242100000000077671e+03,7.803900519283519088e+01
1.242200000000077807e+03,7.803825753430911050e+01
1.242300000000077944e+03,7.803749143613870842e+01
1.242400000000077853e+03,7.803670620763604404e+01
1.242500000000077762e+03,7.803590112318248373e+01
1.242600000000077898e+03,7.803507541999235286e+01
1.242700000000078035e+03,7.803422829570219221e+01
1.242800000000077944e+03,7.803335890577029943e+01
1.242900000000077853e+03,7.803246636066820940e+01
1.243000000000077989e+03,7.803154972284505675e+01
1.243100000000078126e+03,7.803083206400368965e+01
1.243200000000078035e+03,7.803009359093789499e+01
1.243300000000077944e+03,7.802933338481228986e+01
1.243400000000078080e+03,7.802855047190166715e+01
1.243500000000078217e+03,7.802774381943002879e+01
1.243600000000078126e+03,7.802691233102531498e+01
1.243700000000078035e+03,7.802605484174777928e+01
1.243800000000078171e+03,7.802517011264444591e+01
1.243900000000078307e+03,7.802425682477640123e+01
1.244000000000078217e+03,7.802331357265879319e+01
1.244100000000078126e+03,7.802331357265877898e+01
1.244200000000078262e+03,7.802331357265877898e+01
1.244300000000078398e+03,7.802331357265877898e+01
1.244400000000078307e+03,7.802331357265879319e+01
1.244500000000078217e+03,7.802331357265877898e+01
1.244600000000078353e+03,7.802331357265877898e+01
1.244700000000078489e+03,7.802331357265877898e+01
1.244800000000078398e+03,7.802331357265880740e+01
1.244900000000078307e+03,7.802331357265877898e+01
1.246000000000078671e+03,7.799874863838454075e+01
1.246100000000078580e+03,7.799874863838455497e+01
1.246200000000078717e+03,7.799874863838454075e+01
1.246300000000078853e+03,7.799874863838455497e+01
1.246400000000078762e+03,7.799874863838454075e+01
1.246500000000078671e+03,7.799874863838455497e+01
1.246600000000078808e+03,7.799874863838455497e+01
1.246700000000078944e+03,7.799874863838455497e+01
1.246800000000078853e+03,7.799874863838455497e+01
1.246900000000078762e+03,7.799874863838456918e+01
1.247000000000078899e+03,7.799874863838380179e+01
1.247100000000079035e+03,7.799781928775296080e+01
1.247200000000078944e+03,7.799691608981321167e+01
1.247300000000078853e+03,7.799603795594453004e+01
1.247400000000078990e+03,7.799518385711921553e+01
1.247500000000079126e+03,7.799435281987929613e+01
1.247600000000079035e+03,7.799354392263541058e+01
1.247700000000078944e+03,7.799275629225748219e+01
1.247800000000079081e+03,7.799198910093100778e+01
1.247900000000079217e+03,7.799124156325481749e+01
1.248000000000079126e+03,7.799051293355898906e+01
1.248100000000079035e+03,7.798958860078876398e+01
1.248200000000079172e+03,7.798868691665224162e+01
1.248300000000079308e+03,7.798780705879590869e+01
1.248400000000079217e+03,7.798694824420211091e+01
1.248500000000079126e+03,7.798610972686496723e+01
1.248600000000079262e+03,7.798529079562899824e+01
1.248700000000079399e+03,7.798449077217757974e+01
1.248800000000079308e+03,7.798370900915908521e+01
1.248900000000079217e+03,7.798294488843986016e+01
1.249000000000079353e+03,7.798219781947405238e+01
1.249100000000079490e+03,7.798130107348721651e+01
1.249200000000079399e+03,7.798042325189082646e+01
1.249300000000079308e+03,7.797956376188638217e+01
1.249400000000079444e+03,7.797872203517847822e+01
1.249500000000079581e+03,7.797789752672159125e+01
1.249600000000079490e+03,7.797708971354325058e+01
1.249700000000079399e+03,7.797629809363776587e+01
1.249800000000079535e+03,7.797552218492596410e+01
1.249900000000079672e+03,7.797476152427617535e+01
1.250000000000079581e+03,7.797401566658233207e+01
1.250100000000079490e+03,7.797312613384104907e+01
1.250200000000079626e+03,7.797225251931939738e+01
1.250300000000079763e+03,7.797139439952097462e+01
1.250400000000079672e+03,7.797055136583986723e+01
1.250500000000079581e+03,7.796972302391192500e+01
1.250600000000079717e+03,7.796890899299958733e+01
1.250700000000079854e+03,7.796810890540845662e+01
1.250800000000079763e+03,7.796732240593341601e+01
1.250900000000079672e+03,7.796654915133285613e+01
1.251000000000079808e+03,7.796578880982913518e+01
1.251100000000079945e+03,7.796491752749005855e+01
1.251200000000079854e+03,7.796405915993858571e+01
1.251300000000079763e+03,7.796321342213855132e+01
1.251400000000079899e+03,7.796238003738031352e+01
1.251500000000080036e+03,7.796155873697905747e+01
1.251600000000079945e+03,7.796074925998587446e+01
1.251700000000079854e+03,7.795995135291140343e+01
1.251800000000079990e+03,7.795916476946118223e+01
1.251900000000080126e+03,7.795838927028208332e+01
1.252000000000080036e+03,7.795762462271952131e+01
1.252100000000079945e+03,7.795675939514093500e+01
1.252200000000080081e+03,7.795590442047429747e+01
1.252300000000080217e+03,7.795505951754816465e+01
1.252400000000080126e+03,7.795422450943455317e+01
1.252500000000080036e+03,7.795339922332537697e+01
1.252600000000080172e+03,7.795258349041336032e+01
1.252700000000080308e+03,7.795177714577677364e+01
1.252800000000080217e+03,7.795098002826833294e+01
1.252900000000080126e+03,7.795019198040790798e+01
1.253000000000080263e+03,7.794941284827856975e+01
1.253100000000080399e+03,7.794855784468924753e+01
1.253200000000080308e+03,7.794771048710978789e+01
1.253300000000080217e+03,7.794687067343319598e+01
1.253400000000080354e+03,7.794603830336254191e+01
1.253500000000080490e+03,7.794521327837092883e+01
1.253600000000080399e+03,7.794439550166271147e+01
1.253700000000080308e+03,7.794358487813563841e+01
1.253800000000080445e+03,7.794278131434391810e+01
1.253900000000080581e+03,7.794198471846236487e+01
1.254000000000080490e+03,7.794119500025126968e+01
1.254100000000080399e+03,7.794028967826591270e+01
1.254200000000080536e+03,7.793938985338998293e+01
1.254300000000080672e+03,7.793849547570738423e+01
1.254400000000080581e+03,7.793760649590460332e+01
1.254500000000080490e+03,7.793672286526150117e+01
1.254600000000080627e+03,7.793584453564257331e+01
1.254700000000080763e+03,7.793497145948808225e+01
1.254800000000080672e+03,7.793410358980554520e+01
1.254900000000080581e+03,7.793324088016126439e+01
1.255000000000080718e+03,7.793238328467202791e+01
1.255100000000080854e+03,7.793148619224805884e+01
1.255200000000080763e+03,7.793059198075548011e+01
1.255300000000080672e+03,7.792970063633880784e+01
1.255400000000080809e+03,7.792881214523116284e+01
1.255500000000080945e+03,7.792792649375377323e+01
1.255600000000080854e+03,7.792704366831510754e+01
1.255700000000080763e+03,7.792616365541020684e+01
1.255800000000080900e+03,7.792528644162005946e+01
1.255900000000081036e+03,7.792441201361091885e+01
1.256000000000080945e+03,7.792354035813349356e+01
1.256100000000080854e+03,7.792265537767524108e+01
1.256200000000080991e+03,7.792177069122280386e+01
1.256300000000081127e+03,7.792088629862972482e+01
1.256400000000081036e+03,7.792000219974960373e+01
1.256500000000080945e+03,7.791911839443613985e+01
1.256600000000081081e+03,7.791823488254313190e+01
1.256700000000081218e+03,7.791735166392452072e+01
1.256800000000081127e+03,7.791646873843427556e+01
1.256900000000081036e+03,7.791558610592649359e+01
1.257000000000081172e+03,7.791470376625538563e+01
1.257100000000081309e+03,7.791382801913638900e+01
1.257200000000081218e+03,7.791295000257569825e+01
1.257300000000081127e+03,7.791206970774020135e+01
1.257400000000081263e+03,7.791118712575088523e+01
1.257500000000081400e+03,7.791030224768252310e+01
1.257600000000081309e+03,7.790941506456343291e+01
1.257700000000081218e+03,7.790852556737509360e+01
1.257800000000081354e+03,7.790763374705188937e+01
1.257900000000081491e+03,7.790673959448076857e+01
1.258000000000081400e+03,7.790584310050101635e+01
1.258100000000081309e+03,7.790497990860447430e+01
1.258200000000081445e+03,7.790411189389878643e+01
1.258300000000081582e+03,7.790323901585188082e+01
1.258400000000081491e+03,7.790236123347619923e+01
1.258500000000081400e+03,7.790147850532233065e+01
1.258600000000081536e+03,7.790059078947238902e+01
1.258700000000081673e+03,7.789969804353353311e+01
1.258800000000081582e+03,7.789880022463106002e+01
1.258900000000081491e+03,7.789789728940169766e+01
1.259000000000081627e+03,7.789698919398648513e+01
1.259100000000081764e+03,7.789613194627011694e+01
1.259200000000081673e+03,7.789526725166609822e+01
1.259300000000081582e+03,7.789439501271473887e+01
1.259400000000081718e+03,7.789351513024823248e+01
1.259500000000081855e+03,7.789262750335313967e+01
1.259600000000081764e+03,7.789173202933173457e+01
1.259700000000081673e+03,7.789082860366244176e+01
1.259800000000081809e+03,7.788991711995907963e+01
1.259900000000081945e+03,7.788899746992917983e+01
1.260000000000081855e+03,7.788806954333124111e+01
1.260100000000081764e+03,7.788723601018176623e+01
1.260200000000081900e+03,7.788639254005254031e+01
1.260300000000082036e+03,7.788553895418218076e+01
1.260400000000081945e+03,7.788467506949567110e+01
1.260500000000081855e+03,7.788380069847349318e+01
1.260600000000081991e+03,7.788291564901584252e+01
1.260700000000082127e+03,7.788201972430198339e+01
1.260800000000082036e+03,7.788111272264431761e+01
1.260900000000081945e+03,7.788019443733705316e+01
1.261000000000082082e+03,7.787926465649913155e+01
1.261100000000082218e+03,7.787843907052445047e+01
1.261200000000082127e+03,7.787760082182131782e+01
1.261300000000082036e+03,7.787674961680941976e+01
1.261400000000082173e+03,7.787588515276229373e+01
1.261500000000082309e+03,7.787500711744854698e+01
1.261600000000082218e+03,7.787411518875570948e+01
1.261700000000082127e+03,7.787320903429625218e+01
1.261800000000082264e+03,7.787228831099464799e+01
1.261900000000082400e+03,7.787135266465429595e+01
1.262000000000082309e+03,7.787040172950324290e+01
1.262100000000082218e+03,7.786958933121839266e+01
1.262200000000082355e+03,7.786876151676061397e+01
1.262300000000082491e+03,7.786791784311768083e+01
1.262400000000082400e+03,7.786705785013886327e+01
1.262500000000082309e+03,7.786618105969796488e+01
1.262600000000082446e+03,7.786528697480704864e+01
1.262700000000082582e+03,7.786437507867694308e+01
1.262800000000082491e+03,7.786344483372123193e+01
1.262900000000082400e+03,7.786249568049937864e+01
1.263000000000082537e+03,7.786152703659504937e+01
1.263100000000082673e+03,7.786073746895675640e+01
1.263200000000082582e+03,7.785992982157750930e+01
1.263300000000082491e+03,7.785910346627268552e+01
1.263400000000082628e+03,7.785825774541474686e+01
1.263500000000082764e+03,7.785739197018783386e+01
1.263600000000082673e+03,7.785650541871675046e+01
1.263700000000082582e+03,7.785559733405939653e+01
1.263800000000082719e+03,7.785466692205140760e+01
1.263900000000082855e+03,7.785371334898957230e+01
1.264000000000082764e+03,7.785273573914062695e+01
1.264100000000082673e+03,7.785215169398904322e+01
1.264200000000082809e+03,7.785155177186389608e+01
1.264300000000082946e+03,7.785093531643288145e+01
1.264400000000082855e+03,7.785030163468232445e+01
1.264500000000082764e+03,7.784964999431845456e+01
1.264600000000082900e+03,7.784897962094427726e+01
1.264700000000083037e+03,7.784828969498960305e+01
1.264800000000082946e+03,7.784757934836838444e+01
1.264900000000082855e+03,7.784684766083483964e+01
1.265000000000082991e+03,7.784609365600675801e+01
1.265100000000083128e+03,7.784609365600675801e+01
1.265200000000083037e+03,7.784609365600677222e+01
1.265300000000082946e+03,7.784609365600677222e+01
1.265400000000083082e+03,7.784609365600677222e+01
1.265500000000083219e+03,7.784609365600675801e+01
1.265600000000083128e+03,7.784609365600677222e+01
1.265700000000083037e+03,7.784609365600674380e+01
1.265800000000083173e+03,7.784609365600675801e+01
1.265900000000083310e+03,7.784609365600677222e+01
1.268000000000083674e+03,7.781965053211668248e+01
1.268100000000083583e+03,7.781965053211669670e+01
1.268200000000083719e+03,7.781965053211668248e+01
1.268300000000083855e+03,7.781965053211669670e+01
1.268400000000083764e+03,7.781965053211668248e+01
1.268500000000083674e+03,7.781965053211669670e+01
1.268600000000083810e+03,7.781965053211668248e+01
1.268700000000083946e+03,7.781965053211668248e+01
1.268800000000083855e+03,7.781965053211668248e+01
1.268900000000083764e+03,7.781965053211668248e+01
1.269000000000083901e+03,7.781965053211605721e+01
1.269100000000084037e+03,7.781891531182330368e+01
1.269200000000083946e+03,7.781819838213135654e+01
1.269300000000083855e+03,7.781749906888342139e+01
1.269400000000083992e+03,7.781681673065145333e+01
1.269500000000084128e+03,7.781615075677383686e+01
1.269600000000084037e+03,7.781550056553258798e+01
1.269700000000083946e+03,7.781486560245865292e+01
1.269800000000084083e+03,7.781424533875478744e+01
1.269900000000084219e+03,7.781363926982692192e+01
1.270000000000084128e+03,7.781304691391488859e+01
1.270100000000084037e+03,7.781231668852387884e+01
1.270200000000084174e+03,7.781160226643923750e+01
1.270300000000084310e+03,7.781090314013756881e+01
1.270400000000084219e+03,7.781021882359749497e+01
1.270500000000084128e+03,7.780954885117280639e+01
1.270600000000084265e+03,7.780889277653585623e+01
1.270700000000084401e+03,7.780825017168601221e+01
1.270800000000084310e+03,7.780762062601853302e+01
1.270900000000084219e+03,7.780700374544959175e+01
1.271000000000084356e+03,7.780639915159362374e+01
1.271100000000084492e+03,7.780567699902601930e+01
1.271200000000084401e+03,7.780496827161272222e+01
1.271300000000084310e+03,7.780427259843165189e+01
1.271400000000084447e+03,7.780358962210029006e+01
1.271500000000084583e+03,7.780291899816346302e+01
1.271600000000084492e+03,7.780226039451402187e+01
1.271700000000084401e+03,7.780161349084448830e+01
1.271800000000084538e+03,7.780097797812756255e+01
1.271900000000084674e+03,7.780035355812397313e+01
1.272000000000084583e+03,7.779973994291566441e+01
1.272100000000084492e+03,7.779903903568956025e+01
1.272200000000084628e+03,7.779834911897744121e+01
1.272300000000084765e+03,7.779766993628658156e+01
1.272400000000084674e+03,7.779700123904390807e+01
1.272500000000084583e+03,7.779634278629265509e+01
1.272600000000084719e+03,7.779569434440287523e+01
1.272700000000084856e+03,7.779505568679506666e+01
1.272800000000084765e+03,7.779442659367622070e+01
1.272900000000084674e+03,7.779380685178759336e+01
1.273000000000084810e+03,7.779319625416361816e+01
1.273100000000084947e+03,7.779250073534397814e+01
1.273200000000084856e+03,7.779181416928904014e+01
1.273300000000084765e+03,7.779113638424331612e+01
1.273400000000084901e+03,7.779046721281689258e+01
1.273500000000085038e+03,7.778980649184748586e+01
1.273600000000084947e+03,7.778915406226789742e+01
1.273700000000084856e+03,7.778850976897824410e+01
1.273800000000084992e+03,7.778787346072313369e+01
1.273900000000085129e+03,7.778724498997326009e+01
1.274000000000085038e+03,7.778662421281129014e+01
1.274100000000084947e+03,7.778592944077479387e+01
1.274200000000085083e+03,7.778524171071197202e+01
1.274300000000085220e+03,7.778456091610009082e+01
1.274400000000085129e+03,7.778388695255407015e+01
1.274500000000085038e+03,7.778321971777322119e+01
1.274600000000085174e+03,7.778255911148936264e+01
1.274700000000085311e+03,7.778190503541667056e+01
1.274800000000085220e+03,7.778125739320293519e+01
1.274900000000085129e+03,7.778061609038221036e+01
1.275000000000085265e+03,7.777998103432881294e+01
1.275100000000085402e+03,7.777929966873146839e+01
1.275200000000085311e+03,7.777862337632315359e+01
1.275300000000085220e+03,7.777795210065447407e+01
1.275400000000085356e+03,7.777728578611041144e+01
1.275500000000085493e+03,7.777662437789498995e+01
1.275600000000085402e+03,7.777596782201621295e+01
1.275700000000085311e+03,7.777531606527145414e+01
1.275800000000085447e+03,7.777466905523294827e+01
1.275900000000085583e+03,7.777402674023389295e+01
1.276000000000085493e+03,7.777338906935446516e+01
1.276100000000085402e+03,7.777263801063142523e+01
1.276200000000085538e+03,7.777189053962989362e+01
1.276300000000085674e+03,7.777114663070392453e+01
1.276400000000085583e+03,7.777040625845140198e+01
1.276500000000085493e+03,7.776966939771122611e+01
1.276600000000085629e+03,7.776893602356031465e+01
1.276700000000085765e+03,7.776820611131098815e+01
1.276800000000085674e+03,7.776747963650802831e+01
1.276900000000085583e+03,7.776675657492599214e+01
1.277000000000085720e+03,7.776603690256662560e+01
1.277100000000085856e+03,7.776529713785190268e+01
1.277200000000085765e+03,7.776455892899697631e+01
1.277300000000085674e+03,7.776382227109856160e+01
1.277400000000085811e+03,7.776308715927405046e+01
1.277500000000085947e+03,7.776235358866124159e+01
1.277600000000085856e+03,7.776162155441838308e+01
1.277700000000085765e+03,7.776089105172385985e+01
1.277800000000085902e+03,7.776016207577632144e+01
1.277900000000086038e+03,7.775943462179441212e+01
1.278000000000085947e+03,7.775870868501671396e+01
1.278100000000085856e+03,7.775797150414631176e+01
1.278200000000085993e+03,7.775723388377302570e+01
1.278300000000086129e+03,7.775649582350374089e+01
1.278400000000086038e+03,7.775575732294480247e+01
1.278500000000085947e+03,7.775501838170210078e+01
1.278600000000086084e+03,7.775427899938107146e+01
1.278700000000086220e+03,7.775353917558668115e+01
1.278800000000086129e+03,7.775279890992341336e+01
1.278900000000086038e+03,7.775205820199528262e+01
1.279000000000086175e+03,7.775131705140586291e+01
1.279100000000086311e+03,7.775059422979390433e+01
1.279200000000086220e+03,7.774986898939252455e+01
1.279300000000086129e+03,7.774914131804031570e+01
1.279400000000086266e+03,7.774841120349417167e+01
1.279500000000086402e+03,7.774767863342873397e+01
1.279600000000086311e+03,7.774694359543549638e+01
1.279700000000086220e+03,7.774620607702229336e+01
1.279800000000086357e+03,7.774546606561243323e+01
1.279900000000086493e+03,7.774472354854411549e+01
1.280000000000086402e+03,7.774397851306963503e+01
1.280100000000086311e+03,7.774326806782566734e+01
1.280200000000086447e+03,7.774255323828649011e+01
1.280300000000086584e+03,7.774183398374204046e+01
1.280400000000086493e+03,7.774111026297660487e+01
1.280500000000086402e+03,7.774038203426101745e+01
1.280600000000086538e+03,7.773964925534467341e+01
1.280700000000086675e+03,7.773891188344731518e+01
1.280800000000086584e+03,7.773816987525067645e+01
1.280900000000086493e+03,7.773742318689006936e+01
1.281000000000086629e+03,7.773667177394578687e+01
1.281100000000086766e+03,7.773596749965780361e+01
1.281200000000086675e+03,7.773525681704992962e+01
1.281300000000086584e+03,7.773453963825667756e+01
1.281400000000086720e+03,7.773381587379891755e+01
1.281500000000086857e+03,7.773308543254657366e+01
1.281600000000086766e+03,7.773234822168048197e+01
1.281700000000086675e+03,7.773160414665289863e+01
1.281800000000086811e+03,7.773085311114726892e+01
1.281900000000086948e+03,7.773009501703654678e+01
1.282000000000086857e+03,7.772932976434051966e+01
1.282100000000086766e+03,7.772863334027817928e+01
1.282200000000086902e+03,7.772792844729485751e+01
1.282300000000087039e+03,7.772721492996498682e+01
1.282400000000086948e+03,7.772649262903641443e+01
1.282500000000086857e+03,7.772576138131177004e+01
1.282600000000086993e+03,7.772502101952558462e+01
1.282700000000087130e+03,7.772427137221680482e+01
1.282800000000087039e+03,7.772351226359630516e+01
1.282900000000086948e+03,7.772274351340954013e+01
1.283000000000087084e+03,7.772196493679385298e+01
1.283100000000087221e+03,7.772128865980722878e+01
1.283200000000087130e+03,7.772060197105686541e+01
1.283300000000087039e+03,7.771990462823268331e+01
1.283400000000087175e+03,7.771919638144701992e+01
1.283500000000087311e+03,7.771847697293580381e+01
1.283600000000087221e+03,7.771774613674598697e+01
1.283700000000087130e+03,7.771700359840758665e+01
1.283800000000087266e+03,7.771624907459003850e+01
1.283900000000087402e+03,7.771548227274182352e+01
1.284000000000087311e+03,7.771470289071220350e+01
1.284100000000087221e+03,7.771402392162072204e+01
1.284200000000087357e+03,7.771333215846975406e+01
1.284300000000087493e+03,7.771262723619517487e+01
1.284400000000087402e+03,7.771190877571055466e+01
1.284500000000087311e+03,7.771117638322735388e+01
1.284600000000087448e+03,7.771042964953529975e+01
1.284700000000087584e+03,7.770966814923988863e+01
1.284800000000087493e+03,7.770889143995428583e+01
1.284900000000087402e+03,7.770809906144238255e+01
1.285000000000087539e+03,7.770729053470950021e+01
1.285100000000087675e+03,7.770662445690116726e+01
1.285200000000087584e+03,7.770594335133925767e+01
1.285300000000087493e+03,7.770524670364684994e+01
1.285400000000087630e+03,7.770453397570103959e+01
1.285500000000087766e+03,7.770380460424657088e+01
1.285600000000087675e+03,7.770305799941134239e+01
1.285700000000087584e+03,7.770229354311531722e+01
1.285800000000087721e+03,7.770151058736404082e+01
1.285900000000087857e+03,7.770070845241664870e+01
1.286000000000087766e+03,7.769988642481786201e+01
1.286100000000087675e+03,7.769933952509889252e+01
1.286200000000087812e+03,7.769877806723201275e+01
1.286300000000087948e+03,7.769820146208201095e+01
1.286400000000087857e+03,7.769760908829110235e+01
1.286500000000087766e+03,7.769700029004536646e+01
1.286600000000087903e+03,7.769637437465269159e+01
1.286700000000088039e+03,7.769573060991380942e+01
1.286800000000087948e+03,7.769506822126479051e+01
1.286900000000087857e+03,7.769438638866819247e+01
1.287000000000087994e+03,7.769368424322684064e+01
1.287100000000088130e+03,7.769368424322684064e+01
1.287200000000088039e+03,7.769368424322682642e+01
1.287300000000087948e+03,7.769368424322682642e+01
1.287400000000088085e+03,7.769368424322684064e+01
1.287500000000088221e+03,7.769368424322684064e+01
1.287600000000088130e+03,7.769368424322682642e+01
1.287700000000088039e+03,7.769368424322682642e+01
1.287800000000088176e+03,7.769368424322684064e+01
1.287900000000088312e+03,7.769368424322682642e+01
1.290000000000088676e+03,7.766903581378331012e+01
1.290100000000088585e+03,7.766903581378331012e+01
1.290200000000088721e+03,7.766903581378332433e+01
1.290300000000088858e+03,7.766903581378331012e+01
1.290400000000088767e+03,7.766903581378329591e+01
1.290500000000088676e+03,7.766903581378331012e+01
1.290600000000088812e+03,7.766903581378329591e+01
1.290700000000088949e+03,7.766903581378331012e+01
1.290800000000088858e+03,7.766903581378331012e+01
1.290900000000088767e+03,7.766903581378331012e+01
1.291000000000088903e+03,7.766903581378268484e+01
1.291100000000089040e+03,7.766834632218977674e+01
1.291200000000088949e+03,7.766767359627004907e+01
1.291300000000088858e+03,7.766701703185798067e+01
1.291400000000088994e+03,7.766637605347226270e+01
1.291500000000089130e+03,7.766575011263356032e+01
1.291600000000089040e+03,7.766513868629911599e+01
1.291700000000088949e+03,7.766454127540514207e+01
1.291800000000089085e+03,7.766395740350817789e+01
1.291900000000089221e+03,7.766338661551787936e+01
1.292000000000089130e+03,7.766282847651392274e+01
1.292100000000089040e+03,7.766214493394831209e+01
1.292200000000089176e+03,7.766147594234310247e+01
1.292300000000089312e+03,7.766082104195979241e+01
1.292400000000089221e+03,7.766017979222525014e+01
1.292500000000089130e+03,7.765955177074349081e+01
1.292600000000089267e+03,7.765893657236760816e+01
1.292700000000089403e+03,7.765833380832837918e+01
1.292800000000089312e+03,7.765774310541482350e+01
1.292900000000089221e+03,7.765716410520369095e+01
1.293000000000089358e+03,7.765659646333416788e+01
1.293100000000089494e+03,7.765591698590655767e+01
1.293200000000089403e+03,7.765525003153771877e+01
1.293300000000089312e+03,7.765459525718094369e+01
1.293400000000089449e+03,7.765395233220563398e+01
1.293500000000089585e+03,7.765332093784071787e+01
1.293600000000089494e+03,7.765270076664752708e+01
1.293700000000089403e+03,7.765209152202071152e+01
1.293800000000089540e+03,7.765149291771523110e+01
1.293900000000089676e+03,7.765090467739783264e+01
1.294000000000089585e+03,7.765032653422180431e+01
1.294100000000089494e+03,7.764967211946286341e+01
1.294200000000089631e+03,7.764902798087349822e+01
1.294300000000089767e+03,7.764839387829177042e+01
1.294400000000089676e+03,7.764776957898155274e+01
1.294500000000089585e+03,7.764715485734781453e+01
1.294600000000089722e+03,7.764654949466471123e+01
1.294700000000089858e+03,7.764595327881616527e+01
1.294800000000089767e+03,7.764536600404802869e+01
1.294900000000089676e+03,7.764478747073138720e+01
1.295000000000089813e+03,7.764421748513616706e+01
1.295100000000089949e+03,7.764355045390857413e+01
1.295200000000089858e+03,7.764289214352425006e+01
1.295300000000089767e+03,7.764224238406799827e+01
1.295400000000089904e+03,7.764160101001020564e+01
1.295500000000090040e+03,7.764096786006638240e+01
1.295600000000089949e+03,7.764034277706183218e+01
1.295700000000089858e+03,7.763972560780163690e+01
1.295800000000089995e+03,7.763911620294544491e+01
1.295900000000090131e+03,7.763851441688706245e+01
1.296000000000090040e+03,7.763792010763833673e+01
1.296100000000089949e+03,7.763727157143374313e+01
1.296200000000090085e+03,7.763662985459487231e+01
1.296300000000090222e+03,7.763599485012566959e+01
1.296400000000090131e+03,7.763536645325682173e+01
1.296500000000090040e+03,7.763474456138813196e+01
1.296600000000090176e+03,7.763412907403258600e+01
1.296700000000090313e+03,7.763351989276233667e+01
1.296800000000090222e+03,7.763291692115612364e+01
1.296900000000090131e+03,7.763232006474849811e+01
1.297000000000090267e+03,7.763172923098039746e+01
1.297100000000090404e+03,7.763109453538254456e+01
1.297200000000090313e+03,7.763046491901876323e+01
1.297300000000090222e+03,7.762984032116121114e+01
1.297400000000090358e+03,7.762922068204626669e+01
1.297500000000090495e+03,7.762860594285550064e+01
1.297600000000090404e+03,7.762799604569708833e+01
1.297700000000090313e+03,7.762739093358757714e+01
1.297800000000090449e+03,7.762679055043415133e+01
1.297900000000090586e+03,7.762619484101736589e+01
1.298000000000090495e+03,7.762560375097395138e+01
1.298100000000090404e+03,7.762485534364272155e+01
1.298200000000090540e+03,7.762411106135922978e+01
1.298300000000090677e+03,7.762337087011276537e+01
1.298400000000090586e+03,7.762263473626548205e+01
1.298500000000090495e+03,7.762190262654725359e+01
1.298600000000090631e+03,7.762117450805074270e+01
1.298700000000090768e+03,7.762045034822642720e+01
1.298800000000090677e+03,7.761973011487776830e+01
1.298900000000090586e+03,7.761901377615640740e+01
1.299000000000090722e+03,7.761830130055749066e+01
1.299100000000090859e+03,7.761756422520566900e+01
1.299200000000090768e+03,7.761682937940908289e+01
1.299300000000090677e+03,7.761609675306689837e+01
1.299400000000090813e+03,7.761536633613911818e+01
1.299500000000090949e+03,7.761463811864625484e+01
1.299600000000090859e+03,7.761391209066883334e+01
1.299700000000090768e+03,7.761318824234690794e+01
1.299800000000090904e+03,7.761246656387966425e+01
1.299900000000091040e+03,7.761174704552496451e+01
1.300000000000090949e+03,7.761102967759889282e+01
1.300100000000090859e+03,7.761030190736464363e+01
1.300200000000090995e+03,7.760957451631723814e+01
1.300300000000091131e+03,7.760884750416039424e+01
1.300400000000091040e+03,7.760812087059814246e+01
1.300500000000090949e+03,7.760739461533484018e+01
1.300600000000091086e+03,7.760666873807511479e+01
1.300700000000091222e+03,7.760594323852394893e+01
1.300800000000091131e+03,7.760521811638659528e+01
1.300900000000091040e+03,7.760449337136864756e+01
1.301000000000091177e+03,7.760376900317594107e+01
1.301100000000091313e+03,7.760303867849796688e+01
1.301200000000091222e+03,7.760230687759199952e+01
1.301300000000091131e+03,7.760157359597761229e+01
1.301400000000091268e+03,7.760083882915620279e+01
1.301500000000091404e+03,7.760010257261092192e+01
1.301600000000091313e+03,7.759936482180663120e+01
1.301700000000091222e+03,7.759862557218970380e+01
1.301800000000091359e+03,7.759788481918801040e+01
1.301900000000091495e+03,7.759714255821086226e+01
1.302000000000091404e+03,7.759639878464879814e+01
1.302100000000091313e+03,7.759568999653191668e+01
1.302200000000091450e+03,7.759497793190631398e+01
1.302300000000091586e+03,7.759426256799993382e+01
1.302400000000091495e+03,7.759354388182920559e+01
1.302500000000091404e+03,7.759282185019652900e+01
1.302600000000091541e+03,7.759209644968791508e+01
1.302700000000091677e+03,7.759136765667034297e+01
1.302800000000091586e+03,7.759063544728915929e+01
1.302900000000091495e+03,7.758989979746564813e+01
1.303000000000091632e+03,7.758916068289420309e+01
1.303100000000091768e+03,7.758845419856874059e+01
1.303200000000091677e+03,7.758774255255266894e+01
1.303300000000091586e+03,7.758702568807038347e+01
1.303400000000091723e+03,7.758630354751046809e+01
1.303500000000091859e+03,7.758557607241039022e+01
1.303600000000091768e+03,7.758484320344071250e+01
1.303700000000091677e+03,7.758410488038882136e+01
1.303800000000091813e+03,7.758336104214262718e+01
1.303900000000091950e+03,7.758261162667359656e+01
1.304000000000091859e+03,7.758185657101958554e+01
1.304100000000091768e+03,7.758116526321771289e+01
1.304200000000091904e+03,7.758046697429035987e+01
1.304300000000092041e+03,7.757976159795320825e+01
1.304400000000091950e+03,7.757904902575349126e+01
1.304500000000091859e+03,7.757832914701430127e+01
1.304600000000091995e+03,7.757760184877732001e+01
1.304700000000092132e+03,7.757686701574375832e+01
1.304800000000092041e+03,7.757612453021341992e+01
1.304900000000091950e+03,7.757537427202177582e+01
1.305000000000092086e+03,7.757461611847531913e+01
1.305100000000092223e+03,7.757392757159325924e+01
1.305200000000092132e+03,7.757323005452447262e+01
1.305300000000092041e+03,7.757252339082820924e+01
1.305400000000092177e+03,7.757180739940579883e+01
1.305500000000092314e+03,7.757108189434592305e+01
1.305600000000092223e+03,7.757034668476366335e+01
1.305700000000092132e+03,7.756960157463312555e+01
1.305800000000092268e+03,7.756884636261308685e+01
1.305900000000092405e+03,7.756808084186570795e+01
1.306000000000092314e+03,7.756730479986771343e+01
1.306100000000092223e+03,7.756663045508516063e+01
1.306200000000092359e+03,7.756594523238049987e+01
1.306300000000092496e+03,7.756524886640427496e+01
1.306400000000092405e+03,7.756454108310595075e+01
1.306500000000092314e+03,7.756382159937423637e+01
1.306600000000092450e+03,7.756309012265963077e+01
1.306700000000092587e+03,7.756234635057759874e+01
1.306800000000092496e+03,7.756158997049202242e+01
1.306900000000092405e+03,7.756082065907682477e+01
1.307000000000092541e+03,7.756003808185543846e+01
1.307100000000092678e+03,7.755937738366459655e+01
1.307200000000092587e+03,7.755870383820823122e+01
1.307300000000092496e+03,7.755801706708506060e+01
1.307400000000092632e+03,7.755731667688590392e+01
1.307500000000092768e+03,7.755660225844232514e+01
1.307600000000092678e+03,7.755587338602937564e+01
1.307700000000092587e+03,7.755512961651979253e+01
1.307800000000092723e+03,7.755437048848547477e+01
1.307900000000092859e+03,7.755359552124292577e+01
1.308000000000092768e+03,7.755280421383842793e+01
1.308100000000092678e+03,7.755215160120519613e+01
1.308200000000092814e+03,7.755148395720752319e+01
1.308300000000092950e+03,7.755080075647803994e+01
1.308400000000092859e+03,7.755010144887772583e+01
1.308500000000092768e+03,7.754938545801836369e+01
1.308600000000092905e+03,7.754865217967817159e+01
1.308700000000093041e+03,7.754790098010111876e+01
1.308800000000092950e+03,7.754713119417012024e+01
1.308900000000092859e+03,7.754634212344286937e+01
1.309000000000092996e+03,7.754553303403891107e+01
1.309100000000093132e+03,7.754553303403891107e+01
1.309200000000093041e+03,7.754553303403892528e+01
1.309300000000092950e+03,7.754553303403892528e+01
1.309400000000093087e+03,7.754553303403891107e+01
1.309500000000093223e+03,7.754553303403891107e+01
1.309600000000093132e+03,7.754553303403889686e+01
1.309700000000093041e+03,7.754553303403892528e+01
1.309800000000093178e+03,7.754553303403891107e+01
1.309900000000093314e+03,7.754553303403886844e+01
1.313000000000093905e+03,7.731870575359307907e+01
1.313100000000094042e+03,7.750119149934752727e+01
1.313200000000093951e+03,7.750119149943340346e+01
1.313300000000093860e+03,7.750119149946203834e+01
1.313400000000093996e+03,7.750119149947636288e+01
1.313500000000094133e+03,7.750119149948496045e+01
1.313600000000094042e+03,7.750119149949067321e+01
1.313700000000093951e+03,7.750119149949476594e+01
1.313800000000094087e+03,7.750119149949783548e+01
1.313900000000094224e+03,7.750119149950022290e+01
1.314000000000094133e+03,7.750119149950114661e+01
1.314100000000094042e+03,7.750016713064491114e+01
1.314200000000094178e+03,7.749916641767360659e+01
1.314300000000094315e+03,7.749818855050816069e+01
1.314400000000094224e+03,7.749723275563950153e+01
1.314500000000094133e+03,7.749629829408796411e+01
1.314600000000094269e+03,7.749538445949787047e+01
1.314700000000094406e+03,7.749449057635672489e+01
1.314800000000094315e+03,7.749361599833005698e+01
1.314900000000094224e+03,7.749276010670273251e+01
1.315000000000094360e+03,7.749192230891924282e+01
1.315100000000094496e+03,7.749090572842966651e+01
1.315200000000094406e+03,7.748990979015047742e+01
1.315300000000094315e+03,7.748893387167413493e+01
1.315400000000094451e+03,7.748797737536672514e+01
1.315500000000094587e+03,7.748703972714744737e+01
1.315600000000094496e+03,7.748612037533979446e+01
1.315700000000094406e+03,7.748521878958889886e+01
1.315800000000094542e+03,7.748433445984160528e+01
1.315900000000094678e+03,7.748346689538404064e+01
1.316000000000094587e+03,7.748261562393361146e+01
1.316100000000094496e+03,7.748162760034534813e+01
1.316200000000094633e+03,7.748065702599389226e+01
1.316300000000094769e+03,7.747970344267547205e+01
1.316400000000094678e+03,7.747876640808989634e+01
1.316500000000094587e+03,7.747784549515642993e+01
1.316600000000094724e+03,7.747694029136492588e+01
1.316700000000094860e+03,7.747605039815948658e+01
1.316800000000094769e+03,7.747517543035360177e+01
1.316900000000094678e+03,7.747431501557396416e+01
1.317000000000094815e+03,7.747346879373216666e+01
1.317100000000094951e+03,7.747247884619555691e+01
1.317200000000094860e+03,7.747150388224824269e+01
1.317300000000094769e+03,7.747054356426374966e+01
1.317400000000094906e+03,7.746959756468366720e+01
1.317500000000095042e+03,7.746866556564513928e+01
1.317600000000094951e+03,7.746774725862481148e+01
1.317700000000094860e+03,7.746684234409819680e+01
1.317800000000094997e+03,7.746595053121409080e+01
1.317900000000095133e+03,7.746507153748281382e+01
1.318000000000095042e+03,7.746420508847776887e+01
1.318100000000094951e+03,7.746321764648385511e+01
1.318200000000095088e+03,7.746224273639847979e+01
1.318300000000095224e+03,7.746128012115697459e+01
1.318400000000095133e+03,7.746032956963645688e+01
1.318500000000095042e+03,7.745939085647107447e+01
1.318600000000095179e+03,7.745846376187360249e+01
1.318700000000095315e+03,7.745754807146413157e+01
1.318800000000095224e+03,7.745664357610461082e+01
1.318900000000095133e+03,7.745575007173972892e+01
1.319000000000095270e+03,7.745486735924325217e+01
1.319100000000095406e+03,7.745390286446941275e+01
1.319200000000095315e+03,7.745294831741135511e+01
1.319300000000095224e+03,7.745200356495882943e+01
1.319400000000095361e+03,7.745106845712767552e+01
1.319500000000095497e+03,7.745014284698046936e+01
1.319600000000095406e+03,7.744922659054951453e+01
1.319700000000095315e+03,7.744831954676220676e+01
1.319800000000095451e+03,7.744742157736861543e+01
1.319900000000095588e+03,7.744653254687125354e+01
1.320000000000095497e+03,7.744565232245685138e+01
1.320100000000095406e+03,7.744469552840432414e+01
1.320200000000095542e+03,7.744374636356619135e+01
1.320300000000095679e+03,7.744280473705489953e+01
1.320400000000095588e+03,7.744187055942086317e+01
1.320500000000095497e+03,7.744094374262412828e+01
1.320600000000095633e+03,7.744002420000667541e+01
1.320700000000095770e+03,7.743911184626554700e+01
1.320800000000095679e+03,7.743820659742625878e+01
1.320900000000095588e+03,7.743730837081720608e+01
1.321000000000095724e+03,7.743641708504435428e+01
1.321100000000095861e+03,7.743546565910990864e+01
1.321200000000095770e+03,7.743451961542639594e+01
1.321300000000095679e+03,7.743357890845126690e+01
1.321400000000095815e+03,7.743264349315430195e+01
1.321500000000095952e+03,7.743171332501053428e+01
1.321600000000095861e+03,7.743078835999305909e+01
1.321700000000095770e+03,7.742986855456618400e+01
1.321800000000095906e+03,7.742895386567855098e+01
1.321900000000096043e+03,7.742804425075642882e+01
1.322000000000095952e+03,7.742713966769689193e+01
1.322100000000095861e+03,7.742600275816471367e+01
1.322200000000095997e+03,7.742486965031120860e+01
1.322300000000096134e+03,7.742374032509974313e+01
1.322400000000096043e+03,7.742261476362052974e+01
1.322500000000095952e+03,7.742149294708961804e+01
1.322600000000096088e+03,7.742037485684789999e+01
1.322700000000096225e+03,7.741926047435993041e+01
1.322800000000096134e+03,7.741814978121306012e+01
1.322900000000096043e+03,7.741704275911638433e+01
1.323000000000096179e+03,7.741593938989956314e+01
1.323100000000096315e+03,7.741480689666944670e+01
1.323200000000096225e+03,7.741367555523761723e+01
1.323300000000096134e+03,7.741254536384779783e+01
1.323400000000096270e+03,7.741141632074732115e+01
1.323500000000096406e+03,7.741028842418704414e+01
1.323600000000096315e+03,7.740916167242139068e+01
1.323700000000096225e+03,7.740803606370833734e+01
1.323800000000096361e+03,7.740691159630935658e+01
1.323900000000096497e+03,7.740578826848950200e+01
1.324000000000096406e+03,7.740466607851730885e+01
1.324100000000096315e+03,7.740354785032255336e+01
1.324200000000096452e+03,7.740242812219146629e+01
1.324300000000096588e+03,7.740130689110409890e+01
1.324400000000096497e+03,7.740018415403244489e+01
1.324500000000096406e+03,7.739905990794028412e+01
1.324600000000096543e+03,7.739793414978328201e+01
1.324700000000096679e+03,7.739680687650884749e+01
1.324800000000096588e+03,7.739567808505624669e+01
1.324900000000096497e+03,7.739454777235646077e+01
1.325000000000096634e+03,7.739341593533217178e+01
1.325100000000096770e+03,7.739231467598668246e+01
1.325200000000096679e+03,7.739120928635226448e+01
1.325300000000096588e+03,7.739009974314923568e+01
1.325400000000096725e+03,7.738898602292256612e+01
1.325500000000096861e+03,7.738786810204032918e+01
1.325600000000096770e+03,7.738674595669201040e+01
1.325700000000096679e+03,7.738561956288680221e+01
1.325800000000096816e+03,7.738448889645182760e+01
1.325900000000096952e+03,7.738335393303056264e+01
1.326000000000096861e+03,7.738221464808100336e+01
1.326100000000096770e+03,7.738112096066052459e+01
1.326200000000096907e+03,7.738002046191768102e+01
1.326300000000097043e+03,7.737891308802382184e+01
1.326400000000096952e+03,7.737779877435035303e+01
1.326500000000096861e+03,7.737667745545607545e+01
1.326600000000096998e+03,7.737554906507435248e+01
1.326700000000097134e+03,7.737441353610014971e+01
1.326800000000097043e+03,7.737327080057664830e+01
1.326900000000096952e+03,7.737212078968173046e+01
1.327000000000097089e+03,7.737096343371420915e+01
1.327100000000097225e+03,7.736988090104863147e+01
1.327200000000097134e+03,7.736878884300951142e+01
1.327300000000097043e+03,7.736768713331839820e+01
1.327400000000097180e+03,7.736657564345486549e+01
1.327500000000097316e+03,7.736545424260644666e+01
1.327600000000097225e+03,7.736432279761739039e+01
1.327700000000097134e+03,7.736318117293589580e+01
1.327800000000097270e+03,7.736202923056001168e+01
1.327900000000097407e+03,7.736086682998202946e+01
1.328000000000097316e+03,7.735969382813141237e+01
1.328100000000097225e+03,7.735862594710123119e+01
1.328200000000097361e+03,7.735754580146497972e+01
1.328300000000097498e+03,7.735645317871396287e+01
1.328400000000097407e+03,7.735534786140145513e+01
1.328500000000097316e+03,7.735422962699840355e+01
1.328600000000097452e+03,7.735309824774410004e+01
1.328700000000097589e+03,7.735195349049155311e+01
1.328800000000097498e+03,7.735079511654727469e+01
1.328900000000097407e+03,7.734962288150531151e+01
1.329000000000097543e+03,7.734843653507556382e+01
1.329100000000097680e+03,7.734737659016748523e+01
1.329200000000097589e+03,7.734630147037798054e+01
1.329300000000097498e+03,7.734521084747679254e+01
1.329400000000097634e+03,7.734410438369884844e+01
1.329500000000097771e+03,7.734298173139551125e+01
1.329600000000097680e+03,7.734184253267032716e+01
1.329700000000097589e+03,7.734068641899868624e+01
1.329800000000097725e+03,7.733951301083035901e+01
1.329900000000097862e+03,7.733832191717399951e+01
1.330000000000097771e+03,7.733711273516303208e+01
1.330100000000097680e+03,7.733608246886892346e+01
1.330200000000097816e+03,7.733503434943558830e+01
1.330300000000097953e+03,7.733396790875050897e+01
1.330400000000097862e+03,7.733288266219157947e+01
1.330500000000097771e+03,7.733177810789281637e+01
1.330600000000097907e+03,7.733065372597035037e+01
1.330700000000098044e+03,7.732950897770673748e+01
1.330800000000097953e+03,7.732834330469009387e+01
1.330900000000097862e+03,7.732715612790596538e+01
1.331000000000097998e+03,7.732594684677846431e+01
1.331100000000098134e+03,7.732492815703007238e+01
1.331200000000098044e+03,7.732388852213723851e+01
1.331300000000097953e+03,7.732282728941463290e+01
1.331400000000098089e+03,7.732174377877383620e+01
1.331500000000098225e+03,7.732063728127012325e+01
1.331600000000098134e+03,7.731950705755549791e+01
1.331700000000098044e+03,7.731835233623114334e+01
1.331800000000098180e+03,7.731717231209179886e+01
1.331900000000098316e+03,7.731596614425313874e+01
1.332000000000098225e+03,7.731473295415378288e+01
1.332100000000098134e+03,7.731372284193811595e+01
1.332200000000098271e+03,7.731268841563894512e+01
1.332300000000098407e+03,7.731162878667727512e+01
1.332400000000098316e+03,7.731054302264165301e+01
1.332500000000098225e+03,7.730943014455169759e+01
1.332600000000098362e+03,7.730828912391390872e+01
1.332700000000098498e+03,7.730711887955142458e+01
1.332800000000098407e+03,7.730591827418697903e+01
1.332900000000098316e+03,7.730468611075629326e+01
1.333000000000098453e+03,7.730342112842831170e+01
1.333100000000098589e+03,7.730342112842832591e+01
1.333200000000098498e+03,7.730342112842834013e+01
1.333300000000098407e+03,7.730342112842831170e+01
1.333400000000098544e+03,7.730342112842832591e+01
1.333500000000098680e+03,7.730342112842831170e+01
1.333600000000098589e+03,7.730342112842832591e+01
1.333700000000098498e+03,7.730342112842829749e+01
1.333800000000098635e+03,7.730342112842834013e+01
1.333900000000098771e+03,7.730342112842834013e+01
1.493000000000134833e+03,7.569974733256502475e+01
1.493100000000134969e+03,7.569974733256501054e+01
1.493200000000134878e+03,7.569974733256501054e+01
1.493300000000134787e+03,7.569974733256501054e+01
1.493400000000134924e+03,7.569974733256501054e+01
1.493500000000135060e+03,7.569974733256502475e+01
1.493600000000134969e+03,7.569974733256501054e+01
1.493700000000134878e+03,7.569974733256501054e+01
1.493800000000135014e+03,7.569974733256502475e+01
1.493900000000135151e+03,7.569974733256502475e+01
1.494000000000135060e+03,7.569974733256159993e+01
1.494100000000134969e+03,7.569732114021590519e+01
1.494200000000135105e+03,7.569507088811106144e+01
1.494300000000135242e+03,7.569297810788911818e+01
1.494400000000135151e+03,7.569102682862614984e+01
1.494500000000135060e+03,7.568920316848442553e+01
1.494600000000135196e+03,7.568749500394868335e+01
1.494700000000135333e+03,7.568589169997690647e+01
1.494800000000135242e+03,7.568438388836773356e+01
1.494900000000135151e+03,7.568296328458360733e+01
1.495000000000135287e+03,7.568162253546263685e+01
1.495100000000135424e+03,7.567927249830603387e+01
1.495200000000135333e+03,7.567706628353593601e+01
1.495300000000135242e+03,7.567499108026056831e+01
1.495400000000135378e+03,7.567303555521182545e+01
1.495500000000135515e+03,7.567118964567760031e+01
1.495600000000135424e+03,7.566944438630574155e+01
1.495700000000135333e+03,7.566779176348727276e+01
1.495800000000135469e+03,7.566622459232760889e+01
1.495900000000135606e+03,7.566473641222111723e+01
1.496000000000135515e+03,7.566332139782655020e+01
1.496100000000135424e+03,7.566106750758186195e+01
1.496200000000135560e+03,7.565893070914819418e+01
1.496300000000135697e+03,7.565690210898776513e+01
1.496400000000135606e+03,7.565497369198395461e+01
1.496500000000135515e+03,7.565313821560194185e+01
1.496600000000135651e+03,7.565138911899207130e+01
1.496700000000135788e+03,7.564972044463132761e+01
1.496800000000135697e+03,7.564812677053046741e+01
1.496900000000135606e+03,7.564660315138144142e+01
1.497000000000135742e+03,7.564514506729780408e+01
1.497100000000135879e+03,7.564295630114223457e+01
1.497200000000135788e+03,7.564086401651383085e+01
1.497300000000135697e+03,7.563886197157779634e+01
1.497400000000135833e+03,7.563694445155094570e+01
1.497500000000135969e+03,7.563510621422243219e+01
1.497600000000135879e+03,7.563334244209508483e+01
1.497700000000135788e+03,7.563164870022748687e+01
1.497800000000135924e+03,7.563002089899984526e+01
1.497900000000136060e+03,7.562845526114574568e+01
1.498000000000135969e+03,7.562694829248947315e+01
1.498100000000135879e+03,7.562512973793960214e+01
1.498200000000136015e+03,7.562337872776944891e+01
1.498300000000136151e+03,7.562169156750940147e+01
1.498400000000136060e+03,7.562006482730022583e+01
1.498500000000135969e+03,7.561849531861939511e+01
1.498600000000136106e+03,7.561698007342145900e+01
1.498700000000136242e+03,7.561551632540520984e+01
1.498800000000136151e+03,7.561410149315879892e+01
1.498900000000136060e+03,7.561273316496705377e+01
1.499000000000136197e+03,7.561140908509176484e+01
1.499100000000136333e+03,7.560965215694243113e+01
1.499200000000136242e+03,7.560794940997533331e+01
1.499300000000136151e+03,7.560629837594238722e+01
1.499400000000136288e+03,7.560469673427589044e+01
1.499500000000136424e+03,7.560314230120617651e+01
1.499600000000136333e+03,7.560163301982771600e+01
1.499700000000136242e+03,7.560016695101840867e+01
1.499800000000136379e+03,7.559874226512788198e+01
1.499900000000136515e+03,7.559735723435977661e+01
1.500000000000136424e+03,7.559601022578094387e+01
1.500100000000136333e+03,7.559427815944346207e+01
1.500200000000136470e+03,7.559258933712735029e+01
1.500300000000136606e+03,7.559094215930781502e+01
1.500400000000136515e+03,7.558933510438424719e+01
1.500500000000136424e+03,7.558776672399220331e+01
1.500600000000136561e+03,7.558623563864939854e+01
1.500700000000136697e+03,7.558474053370919421e+01
1.500800000000136606e+03,7.558328015559544610e+01
1.500900000000136515e+03,7.558185330829721238e+01
1.501000000000136652e+03,7.558045885010149334e+01
1.501100000000136788e+03,7.557877922955233885e+01
1.501200000000136697e+03,7.557713213985034884e+01
1.501300000000136606e+03,7.557551664497503907e+01
1.501400000000136743e+03,7.557393184447464307e+01
1.501500000000136879e+03,7.557237687179258501e+01
1.501600000000136788e+03,7.557085089268733213e+01
1.501700000000136697e+03,7.556935310374015557e+01
1.501800000000136833e+03,7.556788273094446140e+01
1.501900000000136970e+03,7.556643902837220139e+01
1.502000000000136879e+03,7.556502127691165072e+01
1.502100000000136788e+03,7.556338039022573128e+01
1.502200000000136924e+03,7.556176232986575769e+01
1.502300000000137061e+03,7.556016662281722063e+01
1.502400000000136970e+03,7.555859280904533648e+01
1.502500000000136879e+03,7.555704044105266348e+01
1.502600000000137015e+03,7.555550908345504979e+01
1.502700000000137152e+03,7.555399831257446408e+01
1.502800000000137061e+03,7.555250771604819704e+01
1.502900000000136970e+03,7.555103689245358112e+01
1.503000000000137106e+03,7.554958545094741851e+01
1.503100000000137243e+03,7.554797882664279030e+01
1.503200000000137152e+03,7.554638582279930858e+01
1.503300000000137061e+03,7.554480626694304135e+01
1.503400000000137197e+03,7.554323998949978147e+01
1.503500000000137334e+03,7.554168682373445165e+01
1.503600000000137243e+03,7.554014660569187356e+01
1.503700000000137152e+03,7.553861917413912863e+01
1.503800000000137288e+03,7.553710437050921200e+01
1.503900000000137425e+03,7.553560203884622126e+01
1.504000000000137334e+03,7.553411202575172467e+01
1.504100000000137243e+03,7.553253841562300863e+01
1.504200000000137379e+03,7.553096947454646681e+01
1.504300000000137516e+03,7.552940518177257445e+01
1.504400000000137425e+03,7.552784551667458857e+01
1.504500000000137334e+03,7.552629045874766689e+01
1.504600000000137470e+03,7.552473998760785889e+01
1.504700000000137607e+03,7.552319408299133841e+01
1.504800000000137516e+03,7.552165272475343727e+01
1.504900000000137425e+03,7.552011589286784954e+01
1.505000000000137561e+03,7.551858356742563672e+01
1.505100000000137697e+03,7.551705700199073590e+01
1.505200000000137607e+03,7.551552626844208760e+01
1.505300000000137516e+03,7.551399134968549731e+01
1.505400000000137652e+03,7.551245222853319206e+01
1.505500000000137788e+03,7.551090888770312404e+01
1.505600000000137697e+03,7.550936130981840222e+01
1.505700000000137607e+03,7.550780947740653914e+01
1.505800000000137743e+03,7.550625337289886829e+01
1.505900000000137879e+03,7.550469297862989038e+01
1.506000000000137788e+03,7.550312827683664807e+01
1.506100000000137697e+03,7.550164189762620026e+01
1.506200000000137834e+03,7.550014253934843111e+01
1.506300000000137970e+03,7.549863003125793171e+01
1.506400000000137879e+03,7.549710419960122465e+01
1.506500000000137788e+03,7.549556486755010098e+01
1.506600000000137925e+03,7.549401185513328016e+01
1.506700000000138061e+03,7.549244497916637897e+01
1.506800000000137970e+03,7.549086405317980564e+01
1.506900000000137879e+03,7.548926888734479235e+01
1.507000000000138016e+03,7.548765928839767980e+01
1.507100000000138152e+03,7.548621146091321066e+01
1.507200000000138061e+03,7.548474165686296544e+01
1.507300000000137970e+03,7.548324937204706941e+01
1.507400000000138107e+03,7.548173408672319340e+01
1.507500000000138243e+03,7.548019526500311827e+01
1.507600000000138152e+03,7.547863235422073558e+01
1.507700000000138061e+03,7.547704478427034758e+01
1.507800000000138198e+03,7.547543196691327694e+01
1.507900000000138334e+03,7.547379329505112366e+01
1.508000000000138243e+03,7.547212814196434749e+01
1.508100000000138152e+03,7.547074142489955761e+01
1.508200000000138289e+03,7.546932386113356017e+01
1.508300000000138425e+03,7.546787440984014950e+01
1.508400000000138334e+03,7.546639198283446603e+01
1.508500000000138243e+03,7.546487544184854812e+01
1.508600000000138380e+03,7.546332359561638725e+01
1.508700000000138516e+03,7.546173519675315333e+01
1.508800000000138425e+03,7.546010893841119582e+01
1.508900000000138334e+03,7.545844345069404824e+01
1.509000000000138471e+03,7.545673729680834185e+01
1.509100000000138607e+03,7.545539096680086288e+01
1.509200000000138516e+03,7.545400403429499647e+01
1.509300000000138425e+03,7.545257463444106349e+01
1.509400000000138562e+03,7.545110078641179996e+01
1.509500000000138698e+03,7.544958038424397273e+01
1.509600000000138607e+03,7.544801118679818330e+01
1.509700000000138516e+03,7.544639080673626097e+01
1.509800000000138652e+03,7.544471669840214645e+01
1.509900000000138789e+03,7.544298614447700402e+01
1.510000000000138698e+03,7.544119624126207668e+01
1.510100000000138607e+03,7.543992103262840487e+01
1.510200000000138743e+03,7.543859577755908674e+01
1.510300000000138880e+03,7.543721747092500607e+01
1.510400000000138789e+03,7.543578286208510519e+01
1.510500000000138698e+03,7.543428842929134248e+01
1.510600000000138834e+03,7.543273035082364686e+01
1.510700000000138971e+03,7.543110447235660843e+01
1.510800000000138880e+03,7.542940626997126685e+01
1.510900000000138789e+03,7.542763080811863574e+01
1.511000000000138925e+03,7.542577269171322030e+01
1.511100000000139062e+03,7.542456062915883308e+01
1.511200000000138971e+03,7.542328797784442429e+01
1.511300000000138880e+03,7.542195007822945740e+01
1.511400000000139016e+03,7.542054178041777845e+01
1.511500000000139153e+03,7.541905737791044828e+01
1.511600000000139062e+03,7.541749053032008021e+01
1.511700000000138971e+03,7.541583417283986535e+01
1.511800000000139107e+03,7.541408040974118876e+01
1.511900000000139244e+03,7.541222038851232412e+01
1.512000000000139153e+03,7.541024415040575946e+01
1.512100000000139062e+03,7.540841589209118467e+01
1.512200000000139198e+03,7.540665986088687589e+01
1.512300000000139335e+03,7.540497185959731041e+01
1.512400000000139244e+03,7.540334801005218424e+01
1.512500000000139153e+03,7.540178472336044990e+01
1.512600000000139289e+03,7.540027867343191303e+01
1.512700000000139426e+03,7.539882677335477013e+01
1.512800000000139335e+03,7.539742615427614680e+01
1.512900000000139244e+03,7.539607414648175165e+01
1.513000000000139380e+03,7.539476826241100582e+01
1.513100000000139516e+03,7.539295687430862358e+01
1.513200000000139426e+03,7.539121378395502404e+01
1.513300000000139335e+03,7.538953520011011733e+01
1.513400000000139471e+03,7.538791760704069134e+01
1.513500000000139607e+03,7.538635773994079159e+01
1.513600000000139516e+03,7.538485256293749615e+01
1.513700000000139426e+03,7.538339924937027092e+01
1.513800000000139562e+03,7.538199516407415501e+01
1.513900000000139698e+03,7.538063784743357587e+01
1.514000000000139607e+03,7.537932500100276911e+01
1.514100000000139516e+03,7.537765755797674672e+01
1.514200000000139653e+03,7.537604276184269736e+01
1.514300000000139789e+03,7.537447815798664408e+01
1.514400000000139698e+03,7.537296144205161852e+01
1.514500000000139607e+03,7.537149044861372715e+01
1.514600000000139744e+03,7.537006314086686132e+01
1.514700000000139880e+03,7.536867760121337767e+01
1.514800000000139789e+03,7.536733202266856324e+01
1.514900000000139698e+03,7.536602470099840900e+01
1.515000000000139835e+03,7.536475402751806030e+01
1.515100000000139971e+03,7.536312662087730985e+01
1.515200000000139880e+03,7.536154131906836540e+01
1.515300000000139789e+03,7.535999650893299417e+01
1.515400000000139926e+03,7.535849065868018215e+01
1.515500000000140062e+03,7.535702231281987906e+01
1.515600000000139971e+03,7.535559008747053156e+01
1.515700000000139880e+03,7.535419266600882793e+01
1.515800000000140017e+03,7.535282879503262166e+01
1.515900000000140153e+03,7.535149728061145424e+01
1.516000000000140062e+03,7.535019698479995043e+01
1.516100000000139971e+03,7.534861280424425445e+01
1.516200000000140108e+03,7.534706103410709943e+01
1.516300000000140244e+03,7.534554068984280661e+01
1.516400000000140153e+03,7.534405082638332374e+01
1.516500000000140062e+03,7.534259053617908819e+01
1.516600000000140199e+03,7.534115894735550967e+01
1.516700000000140335e+03,7.533975522197714270e+01
1.516800000000140244e+03,7.533837855441218778e+01
1.516900000000140153e+03,7.533702816979055683e+01
1.517000000000140290e+03,7.533570332254930690e+01
1.517100000000140426e+03,7.533415464696845731e+01
1.517200000000140335e+03,7.533262951909036076e+01
1.517300000000140244e+03,7.533112740590095768e+01
1.517400000000140381e+03,7.532964779035248171e+01
1.517500000000140517e+03,7.532819017076998591e+01
1.517600000000140426e+03,7.532675406028431553e+01
1.517700000000140335e+03,7.532533898628985014e+01
1.517800000000140471e+03,7.532394448992596381e+01
1.517900000000140608e+03,7.532257012558095255e+01
1.518000000000140517e+03,7.532121546041710758e+01
1.518100000000140426e+03,7.531969403261473417e+01
1.518200000000140562e+03,7.531818782449818173e+01
1.518300000000140699e+03,7.531669660882764106e+01
1.518400000000140608e+03,7.531522016286469068e+01
1.518500000000140517e+03,7.531375826826129583e+01
1.518600000000140653e+03,7.531231071095234597e+01
1.518700000000140790e+03,7.531087728105102030e+01
1.518800000000140699e+03,7.530945777274735065e+01
1.518900000000140608e+03,7.530805198420979707e+01
1.519000000000140744e+03,7.530665971748929621e+01
1.519100000000140881e+03,7.530517633810946165e+01
1.519200000000140790e+03,7.530370001237547228e+01
1.519300000000140699e+03,7.530223069009524295e+01
1.519400000000140835e+03,7.530076832155178579e+01
1.519500000000140972e+03,7.529931285749759695e+01
1.519600000000140881e+03,7.529786424914914278e+01
1.519700000000140790e+03,7.529642244818136021e+01
1.519800000000140926e+03,7.529498740672225665e+01
1.519900000000141063e+03,7.529355907734772302e+01
1.520000000000140972e+03,7.529213741307619046e+01
1.520100000000140881e+03,7.529068887768710283e+01
1.520200000000141017e+03,7.528923941657116359e+01
1.520300000000141154e+03,7.528778902884070590e+01
1.520400000000141063e+03,7.528633771360684079e+01
1.520500000000140972e+03,7.528488546997962771e+01
1.520600000000141108e+03,7.528343229706793238e+01
1.520700000000141245e+03,7.528197819397952628e+01
1.520800000000141154e+03,7.528052315982101561e+01
1.520900000000141063e+03,7.527906719369782707e+01
1.521000000000141199e+03,7.527761029471434995e+01
1.521100000000141335e+03,7.527619356625230296e+01
1.521200000000141245e+03,7.527476793761603346e+01
1.521300000000141154e+03,7.527333332467222249e+01
1.521400000000141290e+03,7.527188964222381173e+01
1.521500000000141426e+03,7.527043680399307846e+01
1.521600000000141335e+03,7.526897472260452560e+01
1.521700000000141245e+03,7.526750330956724611e+01
1.521800000000141381e+03,7.526602247525717360e+01
1.521900000000141517e+03,7.526453212889892086e+01
1.522000000000141426e+03,7.526303217854720629e+01
1.522100000000141335e+03,7.526165886687934403e+01
1.522200000000141472e+03,7.526026866658301628e+01
1.522300000000141608e+03,7.525886126419284494e+01
1.522400000000141517e+03,7.525743633843764258e+01
1.522500000000141426e+03,7.525599355999587203e+01
1.522600000000141563e+03,7.525453259124196848e+01
1.522700000000141699e+03,7.525305308598285592e+01
1.522800000000141608e+03,7.525155468918457302e+01
1.522900000000141517e+03,7.525003703668809862e+01
1.523000000000141654e+03,7.524849975491473231e+01
1.523100000000141790e+03,7.524716796440557687e+01
1.523200000000141699e+03,7.524581109122752309e+01
1.523300000000141608e+03,7.524442842004158649e+01
1.523400000000141745e+03,7.524301920804640531e+01
1.523500000000141881e+03,7.524158268364767821e+01
1.523600000000141790e+03,7.524011804504942802e+01
1.523700000000141699e+03,7.523862445876156357e+01
1.523800000000141836e+03,7.523710105801839632e+01
1.523900000000141972e+03,7.523554694110117680e+01
1.524000000000141881e+03,7.523396116955878199e+01
1.524100000000141790e+03,7.523268225949226462e+01
1.524200000000141927e+03,7.523136999895496047e+01
1.524300000000142063e+03,7.523002306617949841e+01
1.524400000000141972e+03,7.522864006861651376e+01
1.524500000000141881e+03,7.522721953813237405e+01
1.524600000000142018e+03,7.522575992581043636e+01
1.524700000000142154e+03,7.522425959631726755e+01
1.524800000000142063e+03,7.522271682179074048e+01
1.524900000000141972e+03,7.522112977520187371e+01
1.525000000000142109e+03,7.521949652313762158e+01
1.525100000000142245e+03,7.521825399976179938e+01
1.525200000000142154e+03,7.521696886371576340e+01
1.525300000000142063e+03,7.521563888463472836e+01
1.525400000000142199e+03,7.521426167373913074e+01
1.525500000000142336e+03,7.521283466951577168e+01
1.525600000000142245e+03,7.521135512181746208e+01
1.525700000000142154e+03,7.520982007417305226e+01
1.525800000000142290e+03,7.520822634406897578e+01
1.525900000000142427e+03,7.520657050092498253e+01
1.526000000000142336e+03,7.520484884144487125e+01
1.526100000000142245e+03,7.520368669681226947e+01
1.526200000000142381e+03,7.520247358034504259e+01
1.526300000000142518e+03,7.520120606340464064e+01
1.526400000000142427e+03,7.519988040279478980e+01
1.526500000000142336e+03,7.519849250384110917e+01
1.526600000000142472e+03,7.519703787814560769e+01
1.526700000000142609e+03,7.519551159509799731e+01
1.526800000000142518e+03,7.519390822603999425e+01
1.526900000000142427e+03,7.519222177975052546e+01
1.527000000000142563e+03,7.519044562763646411e+01
1.527100000000142700e+03,7.518906842776732447e+01
1.527200000000142609e+03,7.518767623224452734e+01
1.527300000000142518e+03,7.518626879480684977e+01
1.527400000000142654e+03,7.518484586377127243e+01
1.527500000000142791e+03,7.518340718188284200e+01
1.527600000000142700e+03,7.518195248615961646e+01
1.527700000000142609e+03,7.518048150773245197e+01
1.527800000000142745e+03,7.517899397167930431e+01
1.527900000000142882e+03,7.517748959685395960e+01
1.528000000000142791e+03,7.517596809570854077e+01
1.528100000000142700e+03,7.517423789309889059e+01
1.528200000000142836e+03,7.517257720952326849e+01
1.528300000000142973e+03,7.517098193761641767e+01
1.528400000000142882e+03,7.516944828732887629e+01
1.528500000000142791e+03,7.516797275586469596e+01
1.528600000000142927e+03,7.516655210097329132e+01
1.528700000000143064e+03,7.516518331716677892e+01
1.528800000000142973e+03,7.516386361449572462e+01
1.528900000000142882e+03,7.516259039956777599e+01
1.529000000000143018e+03,7.516136125853674343e+01
1.529100000000143154e+03,7.515967195155637626e+01
1.529200000000143064e+03,7.515804011992607059e+01
1.529300000000142973e+03,7.515646287948111137e+01
1.529400000000143109e+03,7.515493753585529646e+01
1.529500000000143245e+03,7.515346156912110587e+01
1.529600000000143154e+03,7.515203261989758232e+01
1.529700000000143064e+03,7.515064847676514148e+01
1.529800000000143200e+03,7.514930706484589962e+01
1.529900000000143336e+03,7.514800643542567116e+01
1.530000000000143245e+03,7.514674475650767249e+01
1.530100000000143154e+03,7.514519725942061257e+01
1.530200000000143291e+03,7.514369365969180592e+01
1.530300000000143427e+03,7.514223211560927496e+01
1.530400000000143336e+03,7.514081088706534217e+01
1.530500000000143245e+03,7.513942832864536570e+01
1.530600000000143382e+03,7.513808288327280138e+01
1.530700000000143518e+03,7.513677307635957447e+01
1.530800000000143427e+03,7.513549751041493607e+01
1.530900000000143336e+03,7.513425486007177767e+01
1.531000000000143473e+03,7.513304386749267394e+01
1.531100000000143609e+03,7.513152967207010136e+01
1.531200000000143518e+03,7.513005039269015128e+01
1.531300000000143427e+03,7.512860483541756196e+01
1.531400000000143564e+03,7.512719186013825379e+01
1.531500000000143700e+03,7.512581037756035585e+01
1.531600000000143609e+03,7.512445934641361589e+01
1.531700000000143518e+03,7.512313777083186039e+01
1.531800000000143655e+03,7.512184469790501851e+01
1.531900000000143791e+03,7.512057921538762173e+01
1.532000000000143700e+03,7.511934044955229695e+01
1.532100000000143609e+03,7.511785922065035948e+01
1.532200000000143746e+03,7.511640458714465751e+01
1.532300000000143882e+03,7.511497583912965581e+01
1.532400000000143791e+03,7.511357229174289785e+01
1.532500000000143700e+03,7.511219328407018736e+01
1.532600000000143837e+03,7.511083817810806806e+01
1.532700000000143973e+03,7.510950635777945195e+01
1.532800000000143882e+03,7.510819722799979559e+01
1.532900000000143791e+03,7.510691021379045651e+01
1.533000000000143928e+03,7.510564475943643004e+01
1.533100000000144064e+03,7.510420067485752327e+01
1.533200000000143973e+03,7.510277529995113355e+01
1.533300000000143882e+03,7.510136827345159816e+01
1.533400000000144018e+03,7.509997924333468688e+01
1.533500000000144155e+03,7.509860786652394893e+01
1.533600000000144064e+03,7.509725380860830057e+01
1.533700000000143973e+03,7.509591674357010049e+01
1.533800000000144109e+03,7.509459635352341422e+01
1.533900000000144246e+03,7.509329232846214097e+01
1.534000000000144155e+03,7.509200436601707906e+01
1.534100000000144064e+03,7.509058350795810099e+01
1.534200000000144200e+03,7.508917396883309436e+01
1.534300000000144337e+03,7.508777561392417965e+01
1.534400000000144246e+03,7.508638831064290287e+01
1.534500000000144155e+03,7.508501192848842720e+01
1.534600000000144291e+03,7.508364633900639262e+01
1.534700000000144428e+03,7.508229141574913967e+01
1.534800000000144337e+03,7.508094703423660121e+01
1.534900000000144246e+03,7.507961307191820310e+01
1.535000000000144382e+03,7.507828940813553231e+01
1.535100000000144519e+03,7.507689835104380904e+01
1.535200000000144428e+03,7.507551132282186757e+01
1.535300000000144337e+03,7.507412830599194820e+01
1.535400000000144473e+03,7.507274928317734464e+01
1.535500000000144610e+03,7.507137423710149449e+01
1.535600000000144519e+03,7.507000315058736817e+01
1.535700000000144428e+03,7.506863600655674418e+01
1.535800000000144564e+03,7.506727278802941328e+01
1.535900000000144701e+03,7.506591347812255322e+01
1.536000000000144610e+03,7.506455806005008924e+01
1.536100000000144519e+03,7.506320347044841412e+01
1.536200000000144655e+03,7.506184570237829234e+01
1.536300000000144792e+03,7.506048474463938192e+01
1.536400000000144701e+03,7.505912058597877490e+01
1.536500000000144610e+03,7.505775321509045739e+01
1.536600000000144746e+03,7.505638262061516741e+01
1.536700000000144883e+03,7.505500879113999702e+01
1.536800000000144792e+03,7.505363171519813648e+01
1.536900000000144701e+03,7.505225138126846218e+01
1.537000000000144837e+03,7.505086777777542295e+01
1.537100000000144973e+03,7.504954830032122004e+01
1.537200000000144883e+03,7.504821844669505992e+01
1.537300000000144792e+03,7.504687809401880827e+01
1.537400000000144928e+03,7.504552711746643467e+01
1.537500000000145064e+03,7.504416539022521704e+01
1.537600000000144973e+03,7.504279278345616433e+01
1.537700000000144883e+03,7.504140916625321722e+01
1.537800000000145019e+03,7.504001440560178082e+01
1.537900000000145155e+03,7.503860836633602105e+01
1.538000000000145064e+03,7.503719091109543626e+01
1.538100000000144973e+03,7.503590172138940773e+01
1.538200000000145110e+03,7.503459477148216195e+01
1.538300000000145246e+03,7.503326969182475636e+01
1.538400000000145155e+03,7.503192610254394879e+01
1.538500000000145064e+03,7.503056361307925215e+01
1.538600000000145201e+03,7.502918182180427209e+01
1.538700000000145337e+03,7.502778031563221361e+01
1.538800000000145246e+03,7.502635866960397948e+01
1.538900000000145155e+03,7.502491644645863289e+01
1.539000000000145292e+03,7.502345319618532926e+01
1.539100000000145428e+03,7.502220780756853458e+01
1.539200000000145337e+03,7.502093722754938199e+01
1.539300000000145246e+03,7.501964068397047924e+01
1.539400000000145383e+03,7.501831737279155732e+01
1.539500000000145519e+03,7.501696645642662986e+01
1.539600000000145428e+03,7.501558706197617710e+01
1.539700000000145337e+03,7.501417827934622551e+01
1.539800000000145474e+03,7.501273915924576841e+01
1.539900000000145610e+03,7.501126871105390137e+01
1.540000000000145519e+03,7.500976590054598603e+01
1.540100000000145428e+03,7.500856309580765924e+01
1.540200000000145565e+03,7.500732731236887219e+01
1.540300000000145701e+03,7.500605717505393955e+01
1.540400000000145610e+03,7.500475123115182896e+01
1.540500000000145519e+03,7.500340794487323137e+01
1.540600000000145656e+03,7.500202569132578390e+01
1.540700000000145792e+03,7.500060274995691145e+01
1.540800000000145701e+03,7.499913729740909218e+01
1.540900000000145610e+03,7.499762739972493364e+01
1.541000000000145747e+03,7.499607100383299496e+01
1.541100000000145883e+03,7.499491633711647864e+01
1.541200000000145792e+03,7.499372055479544485e+01
1.541300000000145701e+03,7.499248142098288383e+01
1.541400000000145837e+03,7.499119653468063973e+01
1.541500000000145974e+03,7.498986331425173546e+01
1.541600000000145883e+03,7.498847898010691893e+01
1.541700000000145792e+03,7.498704053536070546e+01
1.541800000000145928e+03,7.498554474417414895e+01
1.541900000000146065e+03,7.498398810745446497e+01
1.542000000000145974e+03,7.498236683552870829e+01
1.542100000000145883e+03,7.498126502582275066e+01
1.542200000000146019e+03,7.498011343243170757e+01
1.542300000000146156e+03,7.497890860326045015e+01
1.542400000000146065e+03,7.497764675949561308e+01
1.542500000000145974e+03,7.497632375601676813e+01
1.542600000000146110e+03,7.497493503590813191e+01
1.542700000000146247e+03,7.497347557801914775e+01
1.542800000000146156e+03,7.497193983630214120e+01
1.542900000000146065e+03,7.497032166938265618e+01
1.543000000000146201e+03,7.496861425847733074e+01
1.543100000000146338e+03,7.496720000814097773e+01
1.543200000000146247e+03,7.496579467285971532e+01
1.543300000000146156e+03,7.496439816860116423e+01
1.543400000000146292e+03,7.496301041238581320e+01
1.543500000000146429e+03,7.496163132227052017e+01
1.543600000000146338e+03,7.496026081733236879e+01
1.543700000000146247e+03,7.495889881765279483e+01
1.543800000000146383e+03,7.495754524430219590e+01
1.543900000000146520e+03,7.495620001932452681e+01
1.544000000000146429e+03,7.495486306572195190e+01
1.544100000000146338e+03,7.495325747953725681e+01
1.544200000000146474e+03,7.495171332286435018e+01
1.544300000000146611e+03,7.495022713645121826e+01
1.544400000000146520e+03,7.494879571599257417e+01
1.544500000000146429e+03,7.494741608906798547e+01
1.544600000000146565e+03,7.494608549453852220e+01
1.544700000000146701e+03,7.494480136410217597e+01
1.544800000000146611e+03,7.494356130574800545e+01
1.544900000000146520e+03,7.494236308888547171e+01
1.545000000000146656e+03,7.494120463095308082e+01
1.545100000000146792e+03,7.493963608869388793e+01
1.545200000000146701e+03,7.493811848165978517e+01
1.545300000000146611e+03,7.493664936846329283e+01
1.545400000000146747e+03,7.493522646128823794e+01
1.545500000000146883e+03,7.493384761400147909e+01
1.545600000000146792e+03,7.493251081135227309e+01
1.545700000000146701e+03,7.493121415914468741e+01
1.545800000000146838e+03,7.492995587528244528e+01
1.545900000000146974e+03,7.492873428159728633e+01
1.546000000000146883e+03,7.492754779638143248e+01
1.546100000000146792e+03,7.492621817809818197e+01
1.546200000000146929e+03,7.492492461829660044e+01
1.546300000000147065e+03,7.492366566977250386e+01
1.546400000000146974e+03,7.492243996174383369e+01
1.546500000000146883e+03,7.492124619487196924e+01
1.546600000000147020e+03,7.492008313666704566e+01
1.546700000000147156e+03,7.491894961724361224e+01
1.546800000000147065e+03,7.491784452539539529e+01
1.546900000000146974e+03,7.491676680496185270e+01
1.547000000000147111e+03,7.491571545146091182e+01
1.547100000000147247e+03,7.491443015183263299e+01
1.547200000000147156e+03,7.491317322362633035e+01
1.547300000000147065e+03,7.491194373770004233e+01
1.547400000000147202e+03,7.491074080504525057e+01
1.547500000000147338e+03,7.490956357464308724e+01
1.547600000000147247e+03,7.490841123145666813e+01
1.547700000000147156e+03,7.490728299454914918e+01
1.547800000000147293e+03,7.490617811531883774e+01
1.547900000000147429e+03,7.490509587584283224e+01
1.548000000000147338e+03,7.490403558732101885e+01
1.548100000000147247e+03,7.490277253088947873e+01
1.548200000000147384e+03,7.490153120407066467e+01
1.548300000000147520e+03,7.490031105089292396e+01
1.548400000000147429e+03,7.489911153419092216e+01
1.548500000000147338e+03,7.489793213481711120e+01
1.548600000000147475e+03,7.489677235089264684e+01
1.548700000000147611e+03,7.489563169709512636e+01
1.548800000000147520e+03,7.489450970398164031e+01
1.548900000000147429e+03,7.489340591734445240e+01
1.549000000000147566e+03,7.489231989759767316e+01
1.549100000000147702e+03,7.489107111548192108e+01
1.549200000000147611e+03,7.488983784534778465e+01
1.549300000000147520e+03,7.488861979995178331e+01
1.549400000000147656e+03,7.488741669909899201e+01
1.549500000000147793e+03,7.488622826942815891e+01
1.549600000000147702e+03,7.488505424420458212e+01
1.549700000000147611e+03,7.488389436312064618e+01
1.549800000000147747e+03,7.488274837210322232e+01
1.549900000000147884e+03,7.488161602312827370e+01
1.550000000000147793e+03,7.488049707404174171e+01
1.550100000000147702e+03,7.487929186884692001e+01
1.550200000000147838e+03,7.487809587691779711e+01
1.550300000000147975e+03,7.487690899300960723e+01
1.550400000000147884e+03,7.487573111347441568e+01
1.550500000000147793e+03,7.487456213623104873e+01
1.550600000000147929e+03,7.487340196073557763e+01
1.550700000000148066e+03,7.487225048795242799e+01
1.550800000000147975e+03,7.487110762032628486e+01
1.550900000000147884e+03,7.486997326175446688e+01
1.551000000000148020e+03,7.486884731755995404e+01
1.551100000000148157e+03,7.486765592100688593e+01
1.551200000000148066e+03,7.486646783875498556e+01
1.551300000000147975e+03,7.486528305699356167e+01
1.551400000000148111e+03,7.486410156198854793e+01
1.551500000000148248e+03,7.486292334008200555e+01
1.551600000000148157e+03,7.486174837769149804e+01
1.551700000000148066e+03,7.486057666130972166e+01
1.551800000000148202e+03,7.485940817750382337e+01
1.551900000000148339e+03,7.485824291291500288e+01
1.552000000000148248e+03,7.485708085425800107e+01
1.552100000000148157e+03,7.485591748900110076e+01
1.552200000000148293e+03,7.485475150877203987e+01
1.552300000000148430e+03,7.485358290474408705e+01
1.552400000000148339e+03,7.485241166805083424e+01
1.552500000000148248e+03,7.485123778978582720e+01
1.552600000000148384e+03,7.485006126100235235e+01
1.552700000000148520e+03,7.484888207271332305e+01
1.552800000000148430e+03,7.484770021589093858e+01
1.552900000000148339e+03,7.484651568146651357e+01
1.553000000000148475e+03,7.484532846033027909e+01
1.553100000000148611e+03,7.484419837596858827e+01
1.553200000000148520e+03,7.484305977155027279e+01
1.553300000000148430e+03,7.484191255035769075e+01
1.553400000000148566e+03,7.484075661420384051e+01
1.553500000000148702e+03,7.483959186340413794e+01
1.553600000000148611e+03,7.483841819674798046e+01
1.553700000000148520e+03,7.483723551146925956e+01
1.553800000000148657e+03,7.483604370321647536e+01
1.553900000000148793e+03,7.483484266602204116e+01
1.554000000000148702e+03,7.483363229227093427e+01
1.554100000000148611e+03,7.483252846482906762e+01
1.554200000000148748e+03,7.483141006271100082e+01
1.554300000000148884e+03,7.483027679533751098e+01
1.554400000000148793e+03,7.482912836435320969e+01
1.554500000000148702e+03,7.482796446336467966e+01
1.554600000000148839e+03,7.482678477766796732e+01
1.554700000000148975e+03,7.482558898396484892e+01
1.554800000000148884e+03,7.482437675006752897e+01
1.554900000000148793e+03,7.482314773459080470e+01
1.555000000000148930e+03,7.482190158663206603e+01
1.555100000000149066e+03,7.482082512411672326e+01
1.555200000000148975e+03,7.481972780152420910e+01
1.555300000000148884e+03,7.481860900657090951e+01
1.555400000000149021e+03,7.481746810277414284e+01
1.555500000000149157e+03,7.481630442824477711e+01
1.555600000000149066e+03,7.481511729440670422e+01
1.555700000000148975e+03,7.481390598463819686e+01
1.555800000000149112e+03,7.481266975282926524e+01
1.555900000000149248e+03,7.481140782184922955e+01
1.556000000000149157e+03,7.481011938191804234e+01
1.556100000000149066e+03,7.480908608909842883e+01
1.556200000000149203e+03,7.480802568592939394e+01
1.556300000000149339e+03,7.480693709129303670e+01
1.556400000000149248e+03,7.480581916581273560e+01
1.556500000000149157e+03,7.480467070787521777e+01
1.556600000000149294e+03,7.480349044932223990e+01
1.556700000000149430e+03,7.480227705077936662e+01
1.556800000000149339e+03,7.480102909658573651e+01
1.556900000000149248e+03,7.479974508928415844e+01
1.557000000000149385e+03,7.479842344362758411e+01
1.557100000000149521e+03,7.479742306070743041e+01
1.557200000000149430e+03,7.479638863617003608e+01
1.557300000000149339e+03,7.479531840235776485e+01
1.557400000000149475e+03,7.479421046707327037e+01
1.557500000000149612e+03,7.479306280241485183e+01
1.557600000000149521e+03,7.479187323238888041e+01
1.557700000000149430e+03,7.479063941913986469e+01
1.557800000000149566e+03,7.478935884761519048e+01
1.557900000000149703e+03,7.478802880845262280e+01
1.558000000000149612e+03,7.478664637884619992e+01
1.558100000000149521e+03,7.478570198961507742e+01
1.558200000000149657e+03,7.478471690771921487e+01
1.558300000000149794e+03,7.478368844514547220e+01
1.558400000000149703e+03,7.478261367180294883e+01
1.558500000000149612e+03,7.478148938764394416e+01
1.558600000000149748e+03,7.478031209084124953e+01
1.558700000000149885e+03,7.477907794135498420e+01
1.558800000000149794e+03,7.477778271909113528e+01
1.558900000000149703e+03,7.477642177569026671e+01
1.559000000000149839e+03,7.477498997878727494e+01
1.559100000000149976e+03,7.477385244527447128e+01
1.559200000000149885e+03,7.477270656788313374e+01
1.559300000000149794e+03,7.477155225447101827e+01
1.559400000000149930e+03,7.477038941153419671e+01
1.559500000000150067e+03,7.476921794418170464e+01
1.559600000000149976e+03,7.476803775610981972e+01
1.559700000000149885e+03,7.476684874957567217e+01
1.559800000000150021e+03,7.476565082537015883e+01
1.559900000000150158e+03,7.476444388279051623e+01
1.560000000000150067e+03,7.476322781961162889e+01
1.560100000000149976e+03,7.476184849552463163e+01
1.560200000000150112e+03,7.476052212113455653e+01
1.560300000000150249e+03,7.475924570490009557e+01
1.560400000000150158e+03,7.475801647646835590e+01
1.560500000000150067e+03,7.475683186660316437e+01
1.560600000000150203e+03,7.475568948925996438e+01
1.560700000000150339e+03,7.475458712554443252e+01
1.560800000000150249e+03,7.475352270932761201e+01
1.560900000000150158e+03,7.475249431432138181e+01
1.561000000000150294e+03,7.475150014244385943e+01
1.561100000000150430e+03,7.475013708047484329e+01
1.561200000000150339e+03,7.474881868929679740e+01
1.561300000000150249e+03,7.474754280836036457e+01
1.561400000000150385e+03,7.474630741423523261e+01
1.561500000000150521e+03,7.474511060990212741e+01
1.561600000000150430e+03,7.474395061503300042e+01
1.561700000000150339e+03,7.474282575715433552e+01
1.561800000000150476e+03,7.474173446360160256e+01
1.561900000000150612e+03,7.474067525418323044e+01
1.562000000000150521e+03,7.473964673448182339e+01
1.562100000000150430e+03,7.473832307522110341e+01
1.562200000000150567e+03,7.473703593722494531e+01
1.562300000000150703e+03,7.473578382956669941e+01
1.562400000000150612e+03,7.473456534138337304e+01
1.562500000000150521e+03,7.473337913657252329e+01
1.562600000000150658e+03,7.473222394890508724e+01
1.562700000000150794e+03,7.473109857751670404e+01
1.562800000000150703e+03,7.473000188274365030e+01
1.562900000000150612e+03,7.472893278227311953e+01
1.563000000000150749e+03,7.472789024758004928e+01
1.563100000000150885e+03,7.472659482710692203e+01
1.563200000000150794e+03,7.472532883081748878e+01
1.563300000000150703e+03,7.472409126745793628e+01
1.563400000000150840e+03,7.472288118980506511e+01
1.563500000000150976e+03,7.472169769224829849e+01
1.563600000000150885e+03,7.472053990852950278e+01
1.563700000000150794e+03,7.471940700962831272e+01
1.563800000000150931e+03,7.471829820178254522e+01
1.563900000000151067e+03,7.471721272463356911e+01
1.564000000000150976e+03,7.471614984948682547e+01
1.564100000000150885e+03,7.471475195889988186e+01
1.564200000000151022e+03,7.471337927270374735e+01
1.564300000000151158e+03,7.471203111532464902e+01
1.564400000000151067e+03,7.471070683511888433e+01
1.564500000000150976e+03,7.470940580332265313e+01
1.564600000000151113e+03,7.470812741305660154e+01
1.564700000000151249e+03,7.470687107838190855e+01
1.564800000000151158e+03,7.470563623340476056e+01
1.564900000000151067e+03,7.470442233142652810e+01
1.565000000000151203e+03,7.470322884413639031e+01
1.565100000000151340e+03,7.470186456748096759e+01
1.565200000000151249e+03,7.470051863258029812e+01
1.565300000000151158e+03,7.469919067201594487e+01
1.565400000000151294e+03,7.469788032811776191e+01
1.565500000000151431e+03,7.469658725264278587e+01
1.565600000000151340e+03,7.469531110646660466e+01
1.565700000000151249e+03,7.469405155928690476e+01
1.565800000000151385e+03,7.469280828933838734e+01
1.565900000000151522e+03,7.469158098311876870e+01
1.566000000000151431e+03,7.469036933512501264e+01
1.566100000000151340e+03,7.468902355509941060e+01
1.566200000000151476e+03,7.468768972316247812e+01
1.566300000000151613e+03,7.468636768090131284e+01
1.566400000000151522e+03,7.468505727269116790e+01
1.566500000000151431e+03,7.468375834563427418e+01
1.566600000000151567e+03,7.468247074950042474e+01
1.566700000000151704e+03,7.468119433666899454e+01
1.566800000000151613e+03,7.467992896207262277e+01
1.566900000000151522e+03,7.467867448314211742e+01
1.567000000000151658e+03,7.467743075975293721e+01
1.567100000000151795e+03,7.467611117358494255e+01
1.567200000000151704e+03,7.467479720193787784e+01
1.567300000000151613e+03,7.467348880905515784e+01
1.567400000000151749e+03,7.467218595948318693e+01
1.567500000000151886e+03,7.467088861806814748e+01
1.567600000000151795e+03,7.466959674995284502e+01
1.567700000000151704e+03,7.466831032057358186e+01
1.567800000000151840e+03,7.466702929565704494e+01
1.567900000000151977e+03,7.466575364121732150e+01
1.568000000000151886e+03,7.466448332355282957e+01
1.568100000000151795e+03,7.466319435024698237e+01
1.568200000000151931e+03,7.466190472648442267e+01
1.568300000000152068e+03,7.466061445177268752e+01
1.568400000000151977e+03,7.465932352561878815e+01
1.568500000000151886e+03,7.465803194752923844e+01
1.568600000000152022e+03,7.465673971701004064e+01
1.568700000000152158e+03,7.465544683356675648e+01
1.568800000000152068e+03,7.465415329670437927e+01
1.568900000000151977e+03,7.465285910592741914e+01
1.569000000000152113e+03,7.465156426073998830e+01
1.569100000000152249e+03,7.465030620075630452e+01
1.569200000000152158e+03,7.464904124460146306e+01
1.569300000000152068e+03,7.464776933541666892e+01
1.569400000000152204e+03,7.464649041571625787e+01
1.569500000000152340e+03,7.464520442737916994e+01
1.569600000000152249e+03,7.464391131164009607e+01
1.569700000000152158e+03,7.464261100908048263e+01
1.569800000000152295e+03,7.464130345961952173e+01
1.569900000000152431e+03,7.463998860250477208e+01
1.570000000000152340e+03,7.463866637630306400e+01
1.570100000000152249e+03,7.463744096370095349e+01
1.570200000000152386e+03,7.463620234544079324e+01
1.570300000000152522e+03,7.463495030689996668e+01
1.570400000000152431e+03,7.463368462877973286e+01
1.570500000000152340e+03,7.463240508697718667e+01
1.570600000000152477e+03,7.463111145245284206e+01
1.570700000000152613e+03,7.462980349109413680e+01
1.570800000000152522e+03,7.462848096357404870e+01
1.570900000000152431e+03,7.462714362520520694e+01
1.571000000000152568e+03,7.462579122578911495e+01
1.571100000000152704e+03,7.462459087061176888e+01
1.571200000000152613e+03,7.462337070710538001e+01
1.571300000000152522e+03,7.462213024087346014e+01
1.571400000000152659e+03,7.462086896092854715e+01
1.571500000000152795e+03,7.461958633899051563e+01
1.571600000000152704e+03,7.461828182874863558e+01
1.571700000000152613e+03,7.461695486508595820e+01
1.571800000000152750e+03,7.461560486326277442e+01
1.571900000000152886e+03,7.461423121805768233e+01
1.572000000000152795e+03,7.461283330286316584e+01
1.572100000000152704e+03,7.461167365331147039e+01
1.572200000000152841e+03,7.461048755057768744e+01
1.572300000000152977e+03,7.460927407906930853e+01
1.572400000000152886e+03,7.460803228044690627e+01
1.572500000000152795e+03,7.460676115109997397e+01
1.572600000000152932e+03,7.460545963944170467e+01
1.572700000000153068e+03,7.460412664300763197e+01
1.572800000000152977e+03,7.460276100534090915e+01
1.572900000000152886e+03,7.460136151264610760e+01
1.573000000000153022e+03,7.459992689019144052e+01
1.573100000000153159e+03,7.459880571249043157e+01
1.573200000000153068e+03,7.459765101501189122e+01
1.573300000000152977e+03,7.459646127173618879e+01
1.573400000000153113e+03,7.459523486258505898e+01
1.573500000000153250e+03,7.459397006606128855e+01
1.573600000000153159e+03,7.459266505118638690e+01
1.573700000000153068e+03,7.459131786865661695e+01
1.573800000000153204e+03,7.458992644112782955e+01
1.573900000000153341e+03,7.458848855252691123e+01
1.574000000000153250e+03,7.458700183627514946e+01
1.574100000000153159e+03,7.458593108361854718e+01
1.574200000000153295e+03,7.458481960180783688e+01
1.574300000000153432e+03,7.458366502191287850e+01
1.574400000000153341e+03,7.458246478765921950e+01
1.574500000000153250e+03,7.458121613653464976e+01
1.574600000000153386e+03,7.457991607856219218e+01
1.574700000000153523e+03,7.457856137239637917e+01
1.574800000000153432e+03,7.457714849834025017e+01
1.574900000000153341e+03,7.457567362781041709e+01
1.575000000000153477e+03,7.457413258869328843e+01
1.575100000000153614e+03,7.457310250252336914e+01
1.575200000000153523e+03,7.457202446353620928e+01
1.575300000000153432e+03,7.457089504346866704e+01
1.575400000000153568e+03,7.456971047928659857e+01
1.575500000000153705e+03,7.456846663129924480e+01
1.575600000000153614e+03,7.456715893482335389e+01
1.575700000000153523e+03,7.456578234420794615e+01
1.575800000000153659e+03,7.456433126777267262e+01
1.575900000000153796e+03,7.456279949189128331e+01
1.576000000000153705e+03,7.456118009204712394e+01
1.576100000000153614e+03,7.455966204764906990e+01
1.576200000000153750e+03,7.455820539649511147e+01
1.576300000000153887e+03,7.455680648807458510e+01
1.576400000000153796e+03,7.455546195566988388e+01
1.576500000000153705e+03,7.455416868930426233e+01
1.576600000000153841e+03,7.455292381172651517e+01
1.576700000000153977e+03,7.455172465704153240e+01
1.576800000000153887e+03,7.455056875165315944e+01
1.576900000000153796e+03,7.454945379723244514e+01
1.577000000000153932e+03,7.454837765546383821e+01
1.577100000000154068e+03,7.454686422323764816e+01
1.577200000000153977e+03,7.454540346837262632e+01
1.577300000000153887e+03,7.454399268763769726e+01
1.577400000000154023e+03,7.454262935965250847e+01
1.577500000000154159e+03,7.454131112984859442e+01
1.577600000000154068e+03,7.454003579689876346e+01
1.577700000000153977e+03,7.453880130044990437e+01
1.577800000000154114e+03,7.453760571001595281e+01
1.577900000000154250e+03,7.453644721490428537e+01
1.578000000000154159e+03,7.453532411506517974e+01
1.578100000000154068e+03,7.453385830267765755e+01
1.578200000000154205e+03,7.453243597542308407e+01
1.578300000000154341e+03,7.453105522652472814e+01
1.578400000000154250e+03,7.452971425908005187e+01
1.578500000000154159e+03,7.452841137825906515e+01
1.578600000000154296e+03,7.452714498415797095e+01
1.578700000000154432e+03,7.452591356524506239e+01
1.578800000000154341e+03,7.452471569234215565e+01
1.578900000000154250e+03,7.452355001309139482e+01
1.579000000000154387e+03,7.452241524686159835e+01
1.579100000000154523e+03,7.452098253581650056e+01
1.579200000000154432e+03,7.451958544988515598e+01
1.579300000000154341e+03,7.451822267662898014e+01
1.579400000000154478e+03,7.451689296729482237e+01
1.579500000000154614e+03,7.451559513299829973e+01
1.579600000000154523e+03,7.451432804117848718e+01
1.579700000000154432e+03,7.451309061230156772e+01
1.579800000000154569e+03,7.451188181679324884e+01
1.579900000000154705e+03,7.451070067218171289e+01
1.580000000000154614e+03,7.450954624043437491e+01
1.580100000000154523e+03,7.450830788208509148e+01
1.580200000000154660e+03,7.450709466224907374e+01
1.580300000000154796e+03,7.450590582315484767e+01
1.580400000000154705e+03,7.450474063718412765e+01
1.580500000000154614e+03,7.450359840538681055e+01
1.580600000000154751e+03,7.450247845608285502e+01
1.580700000000154887e+03,7.450138014354509153e+01
1.580800000000154796e+03,7.450030284675790426e+01
1.580900000000154705e+03,7.449924596824605771e+01
1.581000000000154841e+03,7.449820893296967483e+01
1.581100000000154978e+03,7.449699407254755101e+01
1.581200000000154887e+03,7.449579849106943641e+01
1.581300000000154796e+03,7.449462173323391312e+01
1.581400000000154932e+03,7.449346335796438723e+01
1.581500000000155069e+03,7.449232293785803449e+01
1.581600000000154978e+03,7.449120005865974292e+01
1.581700000000154887e+03,7.449009431876061171e+01
1.581800000000155023e+03,7.448900532871890334e+01
1.581900000000155160e+03,7.448793271080288037e+01
1.582000000000155069e+03,7.448687609855356584e+01
1.582100000000154978e+03,7.448568400226385222e+01
1.582200000000155114e+03,7.448450561965414352e+01
1.582300000000155251e+03,7.448334071543790458e+01
1.582400000000155160e+03,7.448218905968043657e+01
1.582500000000155069e+03,7.448105042764754558e+01
1.582600000000155205e+03,7.447992459965936973e+01
1.582700000000155342e+03,7.447881136094906651e+01
1.582800000000155251e+03,7.447771050152626060e+01
1.582900000000155160e+03,7.447662181604493981e+01
1.583000000000155296e+03,7.447554510367562841e+01
1.583100000000155433e+03,7.447436605395765241e+01
1.583200000000155342e+03,7.447319540139228877e+01
1.583300000000155251e+03,7.447203305659147077e+01
1.583400000000155387e+03,7.447087893143135773e+01
1.583500000000155524e+03,7.446973293903013769e+01
1.583600000000155433e+03,7.446859499372610003e+01
1.583700000000155342e+03,7.446746501105636185e+01
1.583800000000155478e+03,7.446634290773596376e+01
1.583900000000155615e+03,7.446522860163736368e+01
1.584000000000155524e+03,7.446412201177042789e+01
1.584100000000155433e+03,7.446297331975370071e+01
1.584200000000155569e+03,7.446182768257192208e+01
1.584300000000155705e+03,7.446068508805522868e+01
1.584400000000155615e+03,7.445954552409830285e+01
1.584500000000155524e+03,7.445840897865996055e+01
1.584600000000155660e+03,7.445727543976271079e+01
1.584700000000155796e+03,7.445614489549238613e+01
1.584800000000155705e+03,7.445501733399764532e+01
1.584900000000155615e+03,7.445389274348960384e+01
1.585000000000155751e+03,7.445277111224146438e+01
1.585100000000155887e+03,7.445165347000576617e+01
1.585200000000155796e+03,7.445053363814398040e+01
1.585300000000155705e+03,7.444941161021513665e+01
1.585400000000155842e+03,7.444828737975289812e+01
1.585500000000155978e+03,7.444716094026559006e+01
1.585600000000155887e+03,7.444603228523592975e+01
1.585700000000155796e+03,7.444490140812102652e+01
1.585800000000155933e+03,7.444376830235219700e+01
1.585900000000156069e+03,7.444263296133480878e+01
1.586000000000155978e+03,7.444149537844829467e+01
1.586100000000155887e+03,7.444039333252460722e+01
1.586200000000156024e+03,7.443928377757522696e+01
1.586300000000156160e+03,7.443816663659121957e+01
1.586400000000156069e+03,7.443704183150710207e+01
1.586500000000155978e+03,7.443590928318251088e+01
1.586600000000156115e+03,7.443476891138374185e+01
1.586700000000156251e+03,7.443362063476473622e+01
1.586800000000156160e+03,7.443246437084779643e+01
1.586900000000156069e+03,7.443130003600376199e+01
1.587000000000156206e+03,7.443012754543211429e+01
1.587100000000156342e+03,7.442905143254235156e+01
1.587200000000156251e+03,7.442796240767043514e+01
1.587300000000156160e+03,7.442686023702279385e+01
1.587400000000156297e+03,7.442574468112724162e+01
1.587500000000156433e+03,7.442461549465954818e+01
1.587600000000156342e+03,7.442347242626360071e+01
1.587700000000156251e+03,7.442231521836484376e+01
1.587800000000156388e+03,7.442114360697675579e+01
1.587900000000156524e+03,7.441995732150012088e+01
1.588000000000156433e+03,7.441875608451493918e+01
1.588100000000156342e+03,7.441770719246612487e+01
1.588200000000156479e+03,7.441663980656578303e+01
1.588300000000156615e+03,7.441555343334380268e+01
1.588400000000156524e+03,7.441444756161619978e+01
1.588500000000156433e+03,7.441332166168307083e+01
1.588600000000156570e+03,7.441217518448264912e+01
1.588700000000156706e+03,7.441100756069846511e+01
1.588800000000156615e+03,7.440981819981668366e+01
1.588900000000156524e+03,7.440860648913019304e+01
1.589000000000156660e+03,7.440737179268661805e+01
1.589100000000156797e+03,7.440636534812689717e+01
1.589200000000156706e+03,7.440533489105723675e+01
1.589300000000156615e+03,7.440427955173944952e+01
1.589400000000156751e+03,7.440319841791927047e+01
1.589500000000156888e+03,7.440209053219618340e+01
1.589600000000156797e+03,7.440095488919580191e+01
1.589700000000156706e+03,7.439979043252672852e+01
1.589800000000156842e+03,7.439859605150297739e+01
1.589900000000156979e+03,7.439737057761048789e+01
1.590000000000156888e+03,7.439611278069435230e+01
1.590100000000156797e+03,7.439513300383040928e+01
1.590200000000156933e+03,7.439412297324896883e+01
1.590300000000157070e+03,7.439308126570733748e+01
1.590400000000156979e+03,7.439200636726796745e+01
1.590500000000156888e+03,7.439089666595735650e+01
1.590600000000157024e+03,7.438975044369993839e+01
1.590700000000157161e+03,7.438856586744230981e+01
1.590800000000157070e+03,7.438734097937135914e+01
1.590900000000156979e+03,7.438607368611637582e+01
1.591000000000157115e+03,7.438476174681069608e+01
1.591100000000157252e+03,7.438382121134443992e+01
1.591200000000157161e+03,7.438284401952880387e+01
1.591300000000157070e+03,7.438182798581183874e+01
1.591400000000157206e+03,7.438077074737377359e+01
1.591500000000157343e+03,7.437966974578249335e+01
1.591600000000157252e+03,7.437852220632279909e+01
1.591700000000157161e+03,7.437732511464811580e+01
1.591800000000157297e+03,7.437607519034051506e+01
1.591900000000157434e+03,7.437476885689122241e+01
1.592000000000157343e+03,7.437340220752373909e+01
1.592100000000157252e+03,7.437243276655482305e+01
1.592200000000157388e+03,7.437143047113796968e+01
1.592300000000157524e+03,7.437039362232376050e+01
1.592400000000157434e+03,7.436932040196816729e+01
1.592500000000157343e+03,7.436820886209288517e+01
1.592600000000157479e+03,7.436705691308519306e+01
1.592700000000157615e+03,7.436586231058727492e+01
1.592800000000157524e+03,7.436462264090140195e+01
1.592900000000157434e+03,7.436333530471186748e+01
1.593000000000157570e+03,7.436199749889216548e+01
1.593100000000157706e+03,7.436066901350554303e+01
1.593200000000157615e+03,7.435939187715221976e+01
1.593300000000157524e+03,7.435816316913958701e+01
1.593400000000157661e+03,7.435698018615576643e+01
1.593500000000157797e+03,7.435584042241522695e+01
1.593600000000157706e+03,7.435474155194110324e+01
1.593700000000157615e+03,7.435368141272131481e+01
1.593800000000157752e+03,7.435265799251078533e+01
1.593900000000157888e+03,7.435166941608385116e+01
1.594000000000157797e+03,7.435071393376640003e+01
1.594100000000157706e+03,7.434940596049557371e+01
1.594200000000157843e+03,7.434814161596642634e+01
1.594300000000157979e+03,7.434691875306869235e+01
1.594400000000157888e+03,7.434573536330650256e+01
1.594500000000157797e+03,7.434458956579008770e+01
1.594600000000157934e+03,7.434347959726014210e+01
1.594700000000158070e+03,7.434240380303376128e+01
1.594800000000157979e+03,7.434136062877375650e+01
1.594900000000157888e+03,7.434034861299569741e+01
1.595000000000158025e+03,7.433936638023584464e+01
1.595100000000158161e+03,7.433808949881864692e+01
1.595200000000158070e+03,7.433684900591140376e+01
1.595300000000157979e+03,7.433564336786977833e+01
1.595400000000158116e+03,7.433447113603881462e+01
1.595500000000158252e+03,7.433333094094624016e+01
1.595600000000158161e+03,7.433222148696512477e+01
1.595700000000158070e+03,7.433114154740282231e+01
1.595800000000158207e+03,7.433008995997650459e+01
1.595900000000158343e+03,7.432906562264045647e+01
1.596000000000158252e+03,7.432806748973322897e+01
1.596100000000158161e+03,7.432679688911474614e+01
1.596200000000158298e+03,7.432555671194138824e+01
1.596300000000158434e+03,7.432434587844515761e+01
1.596400000000158343e+03,7.432316335935712459e+01
1.596500000000158252e+03,7.432200817298937068e+01
1.596600000000158389e+03,7.432087938251693515e+01
1.596700000000158525e+03,7.431977609344394864e+01
1.596800000000158434e+03,7.431869745123964321e+01
1.596900000000158343e+03,7.431764263913099455e+01
1.597000000000158479e+03,7.431661087603974636e+01
1.597100000000158616e+03,7.431538177031691816e+01
1.597200000000158525e+03,7.431417675228243525e+01
1.597300000000158434e+03,7.431299512071133506e+01
1.597400000000158570e+03,7.431183620133512591e+01
1.597500000000158707e+03,7.431069934555895884e+01
1.597600000000158616e+03,7.430958392925109024e+01
1.597700000000158525e+03,7.430848935160031488e+01
1.597800000000158661e+03,7.430741503403689308e+01
1.597900000000158798e+03,7.430636041921276558e+01
1.598000000000158707e+03,7.430532497003699177e+01
1.598100000000158616e+03,7.430408944124863524e+01
1.598200000000158752e+03,7.430287290282558388e+01
1.598300000000158889e+03,7.430167492027746334e+01
1.598400000000158798e+03,7.430049507226812011e+01
1.598500000000158707e+03,7.429933295012160954e+01
1.598600000000158843e+03,7.429818815735016813e+01
1.598700000000158980e+03,7.429706030920327464e+01
1.598800000000158889e+03,7.429594903223645019e+01
1.598900000000158798e+03,7.429485396389908658e+01
1.599000000000158934e+03,7.429377475213975401e+01
1.599100000000159071e+03,7.429256441855088156e+01
1.599200000000158980e+03,7.429136763668824983e+01
1.599300000000158889e+03,7.429018418021729531e+01
1.599400000000159025e+03,7.428901382781576501e+01
1.599500000000159162e+03,7.428785636303562967e+01
1.599600000000159071e+03,7.428671157416975745e+01
1.599700000000158980e+03,7.428557925412270890e+01
1.599800000000159116e+03,7.428445920028597982e+01
1.599900000000159253e+03,7.428335121441696742e+01
1.600000000000159162e+03,7.428225510252198660e+01
1.600100000000159071e+03,7.428106317129486058e+01
1.600200000000159207e+03,7.427987959365850656e+01
1.600300000000159343e+03,7.427870428210101750e+01
1.600400000000159253e+03,7.427753715032858395e+01
1.600500000000159162e+03,7.427637811324431993e+01
1.600600000000159298e+03,7.427522708692774245e+01
1.600700000000159434e+03,7.427408398861437888e+01
1.600800000000159343e+03,7.427294873667595709e+01
1.600900000000159253e+03,7.427182125060100759e+01
1.601000000000159389e+03,7.427070145097569309e+01
1.601100000000159525e+03,7.426953784771842493e+01
1.601200000000159434e+03,7.426837743079589416e+01
1.601300000000159343e+03,7.426722018713812190e+01
1.601400000000159480e+03,7.426606610374649620e+01
1.601500000000159616e+03,7.426491516769334567e+01
1.601600000000159525e+03,7.426376736612134266e+01
1.601700000000159434e+03,7.426262268624320484e+01
1.601800000000159571e+03,7.426148111534099883e+01
1.601900000000159707e+03,7.426034264076584179e+01
1.602000000000159616e+03,7.425920724993736144e+01
1.602100000000159525e+03,7.425806153761455164e+01
1.602200000000159662e+03,7.425691390224471888e+01
1.602300000000159798e+03,7.425576433898214646e+01
1.602400000000159707e+03,7.425461284296478937e+01
1.602500000000159616e+03,7.425345940931427435e+01
1.602600000000159753e+03,7.425230403313575778e+01
1.602700000000159889e+03,7.425114670951791140e+01
1.602800000000159798e+03,7.424998743353282293e+01
1.602900000000159707e+03,7.424882620023596758e+01
1.603000000000159844e+03,7.424766300466613700e+01
1.603100000000159980e+03,7.424653786129847788e+01
1.603200000000159889e+03,7.424540561000598871e+01
1.603300000000159798e+03,7.424426618322040383e+01
1.603400000000159935e+03,7.424311951251426933e+01
1.603500000000160071e+03,7.424196552858731479e+01
1.603600000000159980e+03,7.424080416125251247e+01
1.603700000000159889e+03,7.423963533942176696e+01
1.603800000000160026e+03,7.423845899109144852e+01
1.603900000000160162e+03,7.423727504332764227e+01
1.604000000000160071e+03,7.423608342225121248e+01
1.604100000000159980e+03,7.423498550770716520e+01
1.604200000000160117e+03,7.423387522831625063e+01
1.604300000000160253e+03,7.423275237401396964e+01
1.604400000000160162e+03,7.423161672995040306e+01
1.604500000000160071e+03,7.423046807635310529e+01
1.604600000000160207e+03,7.422930618838537953e+01
1.604700000000160344e+03,7.422813083599955064e+01
1.604800000000160253e+03,7.422694178378510799e+01
1.604900000000160162e+03,7.422573879081143389e+01
1.605000000000160298e+03,7.422452161046547303e+01
1.605100000000160435e+03,7.422345303937194672e+01
1.605200000000160344e+03,7.422236670327619379e+01
1.605300000000160253e+03,7.422126215544984973e+01
1.605400000000160389e+03,7.422013893405970464e+01
1.605500000000160526e+03,7.421899656152386626e+01
1.605600000000160435e+03,7.421783454383465539e+01
1.605700000000160344e+03,7.421665236984632941e+01
1.605800000000160480e+03,7.421544951052543126e+01
1.605900000000160617e+03,7.421422541816129126e+01
1.606000000000160526e+03,7.421297952553497623e+01
1.606100000000160435e+03,7.421195006553725193e+01
1.606200000000160571e+03,7.421089740883313368e+01
1.606300000000160708e+03,7.420982076245547887e+01
1.606400000000160617e+03,7.420871929687778845e+01
1.606500000000160526e+03,7.420759214388249347e+01
1.606600000000160662e+03,7.420643839427867761e+01
1.606700000000160799e+03,7.420525709545607640e+01
1.606800000000160708e+03,7.420404724876195246e+01
1.606900000000160617e+03,7.420280780668525722e+01
1.607000000000160753e+03,7.420153766983220578e+01
1.607100000000160890e+03,7.420053049604628370e+01
1.607200000000160799e+03,7.419949394409525212e+01
1.607300000000160708e+03,7.419842670956113295e+01
1.607400000000160844e+03,7.419732740964269624e+01
1.607500000000160981e+03,7.419619457717803357e+01
1.607600000000160890e+03,7.419502665411165765e+01
1.607700000000160799e+03,7.419382198434496445e+01
1.607800000000160935e+03,7.419257880590114951e+01
1.607900000000161072e+03,7.419129524232636186e+01
1.608000000000160981e+03,7.418996929323984091e+01
1.608100000000160890e+03,7.418900219766860005e+01
1.608200000000161026e+03,7.418799953125908075e+01
1.608300000000161162e+03,7.418695929474181128e+01
1.608400000000161072e+03,7.418587933616066721e+01
1.608500000000160981e+03,7.418475733601312072e+01
1.608600000000161117e+03,7.418359079062049943e+01
1.608700000000161253e+03,7.418237699347760383e+01
1.608800000000161162e+03,7.418111301428898230e+01
1.608900000000161072e+03,7.417979567535027741e+01
1.609000000000161208e+03,7.417842152487480689e+01
1.609100000000161344e+03,7.417750252435524771e+01
1.609200000000161253e+03,7.417654148964682292e+01
1.609300000000161162e+03,7.417553546934806263e+01
1.609400000000161299e+03,7.417448122912817610e+01
1.609500000000161435e+03,7.417337521699163005e+01
1.609600000000161344e+03,7.417221352329637796e+01
1.609700000000161253e+03,7.417099183457780498e+01
1.609800000000161390e+03,7.416970538002880176e+01
1.609900000000161526e+03,7.416834886923609815e+01
1.610000000000161435e+03,7.416691641946016489e+01
1.610100000000161344e+03,7.416557729295708157e+01
1.610200000000161481e+03,7.416428596301439313e+01
1.610300000000161617e+03,7.416303991554227082e+01
1.610400000000161526e+03,7.416183680973348658e+01
1.610500000000161435e+03,7.416067446338706759e+01
1.610600000000161572e+03,7.415955083969866735e+01
1.610700000000161708e+03,7.415846403534956721e+01
1.610800000000161617e+03,7.415741226974760991e+01
1.610900000000161526e+03,7.415639387529238036e+01
1.611000000000161663e+03,7.415540728855181385e+01
1.611100000000161799e+03,7.415406983656907869e+01
1.611200000000161708e+03,7.415277752399133249e+01
1.611300000000161617e+03,7.415152810353912116e+01
1.611400000000161754e+03,7.415031947467315376e+01
1.611500000000161890e+03,7.414914967180961014e+01
1.611600000000161799e+03,7.414801685365320338e+01
1.611700000000161708e+03,7.414691929352622424e+01
1.611800000000161845e+03,7.414585537058682974e+01
1.611900000000161981e+03,7.414482356184234391e+01
1.612000000000161890e+03,7.414382243487477808e+01
1.612100000000161799e+03,7.414251954580907977e+01
1.612200000000161936e+03,7.414125447225850962e+01
1.612300000000162072e+03,7.414002559141712823e+01
1.612400000000161981e+03,7.413883137202370222e+01
1.612500000000161890e+03,7.413767036799637822e+01
1.612600000000162026e+03,7.413654121259098417e+01
1.612700000000162163e+03,7.413544261303376004e+01
1.612800000000162072e+03,7.413437334558391001e+01
1.612900000000161981e+03,7.413333225098635637e+01
1.613000000000162117e+03,7.413231823027889789e+01
1.613100000000162254e+03,7.413102571719895195e+01
1.613200000000162163e+03,7.412976502917359767e+01
1.613300000000162072e+03,7.412853500507368665e+01
1.613400000000162208e+03,7.412733453957599750e+01
1.613500000000162345e+03,7.412616257985048662e+01
1.613600000000162254e+03,7.412501812248056865e+01
1.613700000000162163e+03,7.412390021059779599e+01
1.613800000000162299e+03,7.412280793121361455e+01
1.613900000000162436e+03,7.412174041273260627e+01
1.614000000000162345e+03,7.412069682263248183e+01
1.614100000000162254e+03,7.411943601908058099e+01
1.614200000000162390e+03,7.411820096449640971e+01
1.614300000000162527e+03,7.411699087805938291e+01
1.614400000000162436e+03,7.411580501020351619e+01
1.614500000000162345e+03,7.411464264106905375e+01
1.614600000000162481e+03,7.411350307904531576e+01
1.614700000000162618e+03,7.411238565939844136e+01
1.614800000000162527e+03,7.411128974297837146e+01
1.614900000000162436e+03,7.411021471499979896e+01
1.615000000000162572e+03,7.410915998389170056e+01
1.615100000000162709e+03,7.410792125583837731e+01
1.615200000000162618e+03,7.410670279868395482e+01
1.615300000000162527e+03,7.410550411888847577e+01
1.615400000000162663e+03,7.410432473880477744e+01
1.615500000000162800e+03,7.410316419604389182e+01
1.615600000000162709e+03,7.410202204287057270e+01
1.615700000000162618e+03,7.410089784562737236e+01
1.615800000000162754e+03,7.409979118418569044e+01
1.615900000000162891e+03,7.409870165142220344e+01
1.616000000000162800e+03,7.409762885271919686e+01
1.616100000000162709e+03,7.409632588014180499e+01
1.616200000000162845e+03,7.409503902141825904e+01
1.616300000000162981e+03,7.409376797946565318e+01
1.616400000000162891e+03,7.409251246445937511e+01
1.616500000000162800e+03,7.409127219361280936e+01
1.616600000000162936e+03,7.409004689096491347e+01
1.616700000000163072e+03,7.408883628717555325e+01
1.616800000000162981e+03,7.408764011932818505e+01
1.616900000000162891e+03,7.408645813073938768e+01
1.617000000000163027e+03,7.408529007077514450e+01
1.617100000000163163e+03,7.408401846067498298e+01
1.617200000000163072e+03,7.408275750300488482e+01
1.617300000000162981e+03,7.408150706446815548e+01
1.617400000000163118e+03,7.408026701398284786e+01
1.617500000000163254e+03,7.407903722263587554e+01
1.617600000000163163e+03,7.407781756363846171e+01
1.617700000000163072e+03,7.407660791228251185e+01
1.617800000000163209e+03,7.407540814589802380e+01
1.617900000000163345e+03,7.407421814381177683e+01
1.618000000000163254e+03,7.407303778730658905e+01
1.618100000000163163e+03,7.407177494797571171e+01
1.618200000000163300e+03,7.407051757612387632e+01
1.618300000000163436e+03,7.406926563632050886e+01
1.618400000000163345e+03,7.406801909344046919e+01
1.618500000000163254e+03,7.406677791266086786e+01
1.618600000000163391e+03,7.406554205945769809e+01
1.618700000000163527e+03,7.406431149960273785e+01
1.618800000000163436e+03,7.406308619916032399e+01
1.618900000000163345e+03,7.406186612448428264e+01
1.619000000000163482e+03,7.406065124221477447e+01
1.619100000000163618e+03,7.405942683887361966e+01
1.619200000000163527e+03,7.405820264016332999e+01
1.619300000000163436e+03,7.405697864603260427e+01
1.619400000000163573e+03,7.405575485643016975e+01
1.619500000000163709e+03,7.405453127130475366e+01
1.619600000000163618e+03,7.405330789060514007e+01
1.619700000000163527e+03,7.405208471428005623e+01
1.619800000000163664e+03,7.405086174227832885e+01
1.619900000000163800e+03,7.404963897454875621e+01
1.620000000000163709e+03,7.404841641104019345e+01
1.620100000000163618e+03,7.404720347258540869e+01
1.620200000000163755e+03,7.404598546697192774e+01
1.620300000000163891e+03,7.404476236238048159e+01
1.620400000000163800e+03,7.404353412672492141e+01
1.620500000000163709e+03,7.404230072764924842e+01
1.620600000000163845e+03,7.404106213252487123e+01
1.620700000000163982e+03,7.403981830844770684e+01
1.620800000000163891e+03,7.403856922223526738e+01
1.620900000000163800e+03,7.403731484042369004e+01
1.621000000000163936e+03,7.403605512926492338e+01
1.621100000000164073e+03,7.403487507878388385e+01
1.621200000000163982e+03,7.403368467066194114e+01
1.621300000000163891e+03,7.403248376793000318e+01
1.621400000000164027e+03,7.403127223119329869e+01
1.621500000000164164e+03,7.403004991857733330e+01
1.621600000000164073e+03,7.402881668567260931e+01
1.621700000000163982e+03,7.402757238547768281e+01
1.621800000000164118e+03,7.402631686834078550e+01
1.621900000000164255e+03,7.402504998189981222e+01
1.622000000000164164e+03,7.402377157102091587e+01
1.622100000000164073e+03,7.402261595684321094e+01
1.622200000000164209e+03,7.402144448486389194e+01
1.622300000000164346e+03,7.402025682641719584e+01
1.622400000000164255e+03,7.401905264369179349e+01
1.622500000000164164e+03,7.401783158941023544e+01
1.622600000000164300e+03,7.401659330649520996e+01
1.622700000000164437e+03,7.401533742772137714e+01
1.622800000000164346e+03,7.401406357535219627e+01
1.622900000000164255e+03,7.401277136076123497e+01
1.623000000000164391e+03,7.401146038403717853e+01
1.623100000000164528e+03,7.401033081143872039e+01
1.623200000000164437e+03,7.400917963262092769e+01
1.623300000000164346e+03,7.400800622167908216e+01
1.623400000000164482e+03,7.400680992829722982e+01
1.623500000000164619e+03,7.400559007654631216e+01
1.623600000000164528e+03,7.400434596361063200e+01
1.623700000000164437e+03,7.400307685843770855e+01
1.623800000000164573e+03,7.400178200030559594e+01
1.623900000000164709e+03,7.400046059730250647e+01
1.624000000000164619e+03,7.399911182471204540e+01
1.624100000000164528e+03,7.399801394449964675e+01
1.624200000000164664e+03,7.399688847426160976e+01
1.624300000000164800e+03,7.399573436074651056e+01
1.624400000000164709e+03,7.399455049640133097e+01
1.624500000000164619e+03,7.399333571582629077e+01
1.624600000000164755e+03,7.399208879194823396e+01
1.624700000000164891e+03,7.399080843188626488e+01
1.624800000000164800e+03,7.398949327248014640e+01
1.624900000000164709e+03,7.398814187544921595e+01
1.625000000000164846e+03,7.398675272214599374e+01
1.625100000000164982e+03,7.398569394383933684e+01
1.625200000000164891e+03,7.398460136002734089e+01
1.625300000000164800e+03,7.398347332539037779e+01
1.625400000000164937e+03,7.398230808607743825e+01
1.625500000000165073e+03,7.398110377060714882e+01
1.625600000000164982e+03,7.397985837983785018e+01
1.625700000000164891e+03,7.397856977589341909e+01
1.625800000000165028e+03,7.397723566991626853e+01
1.625900000000165164e+03,7.397585360849933522e+01
1.626000000000165073e+03,7.397442095862922429e+01
1.626100000000164982e+03,7.397341529514253011e+01
1.626200000000165119e+03,7.397236960254781479e+01
1.626300000000165255e+03,7.397128144235588820e+01
1.626400000000165164e+03,7.397014817390888197e+01
1.626500000000165073e+03,7.396896693298506875e+01
1.626600000000165210e+03,7.396773460762813102e+01
1.626700000000165346e+03,7.396644781077102948e+01
1.626800000000165255e+03,7.396510284914779731e+01
1.626900000000165164e+03,7.396369568789188520e+01
1.627000000000165301e+03,7.396222191010748759e+01
1.627100000000165437e+03,7.396107342626206105e+01
1.627200000000165346e+03,7.395990642325254782e+01
1.627300000000165255e+03,7.395872044950927204e+01
1.627400000000165392e+03,7.395751503866078735e+01
1.627500000000165528e+03,7.395628970892261123e+01
1.627600000000165437e+03,7.395504396245492273e+01
1.627700000000165346e+03,7.395377728468835699e+01
1.627800000000165483e+03,7.395248914361521031e+01
1.627900000000165619e+03,7.395117898904443621e+01
1.628000000000165528e+03,7.394984625181791671e+01
1.628100000000165437e+03,7.394840796176532649e+01
1.628200000000165574e+03,7.394702129711075145e+01
1.628300000000165710e+03,7.394568352732683536e+01
1.628400000000165619e+03,7.394439211111118482e+01
1.628500000000165528e+03,7.394314468027390319e+01
1.628600000000165664e+03,7.394193902524391149e+01
1.628700000000165801e+03,7.394077308200766652e+01
1.628800000000165710e+03,7.393964492031729208e+01
1.628900000000165619e+03,7.393855273302698095e+01
1.629000000000165755e+03,7.393749482643275428e+01
1.629100000000165892e+03,7.393608858789380633e+01
1.629200000000165801e+03,7.393472616891395433e+01
1.629300000000165710e+03,7.393340555273439918e+01
1.629400000000165846e+03,7.393212484448599753e+01
1.629500000000165983e+03,7.393088226211764891e+01
1.629600000000165892e+03,7.392967612812329037e+01
1.629700000000165801e+03,7.392850486198607030e+01
1.629800000000165937e+03,7.392736697326878925e+01
1.629900000000166074e+03,7.392626105528646008e+01
1.630000000000165983e+03,7.392518577930441381e+01
1.630100000000165892e+03,7.392380325256934270e+01
1.630200000000166028e+03,7.392245776163014170e+01
1.630300000000166165e+03,7.392114783795740607e+01
1.630400000000166074e+03,7.391987208964835077e+01
1.630500000000165983e+03,7.391862919649328489e+01
1.630600000000166119e+03,7.391741790541846058e+01
1.630700000000166256e+03,7.391623702627201453e+01
1.630800000000166165e+03,7.391508542792358583e+01
1.630900000000166074e+03,7.391396203465028236e+01
1.631000000000166210e+03,7.391286582278472395e+01
1.631100000000166347e+03,7.391150425975773430e+01
1.631200000000166256e+03,7.391017355326634686e+01
1.631300000000166165e+03,7.390887266612998019e+01
1.631400000000166301e+03,7.390760060713660096e+01
1.631500000000166438e+03,7.390635642852403464e+01
1.631600000000166347e+03,7.390513922362497112e+01
1.631700000000166256e+03,7.390394812466344376e+01
1.631800000000166392e+03,7.390278230069174015e+01
1.631900000000166528e+03,7.390164095565718583e+01
1.632000000000166438e+03,7.390052332658893874e+01
1.632100000000166347e+03,7.389918641387048126e+01
1.632200000000166483e+03,7.389787452500470977e+01
1.632300000000166619e+03,7.389658696392471882e+01
1.632400000000166528e+03,7.389532306014230301e+01
1.632500000000166438e+03,7.389408216758374692e+01
1.632600000000166574e+03,7.389286366348851232e+01
1.632700000000166710e+03,7.389166694736709928e+01
1.632800000000166619e+03,7.389049144001437242e+01
1.632900000000166528e+03,7.388933658257475656e+01
1.633000000000166665e+03,7.388820183565599109e+01
1.633100000000166801e+03,7.388688561710736735e+01
1.633200000000166710e+03,7.388558896563699818e+01
1.633300000000166619e+03,7.388431144813411322e+01
1.633400000000166756e+03,7.388305264417661533e+01
1.633500000000166892e+03,7.388181214556988152e+01
1.633600000000166801e+03,7.388058955590540222e+01
1.633700000000166710e+03,7.387938449013844888e+01
1.633800000000166847e+03,7.387819657418374675e+01
1.633900000000166983e+03,7.387702544452839959e+01
1.634000000000166892e+03,7.387587074786040375e+01
1.634100000000166801e+03,7.387444006281093323e+01
1.634200000000166938e+03,7.387302519618680208e+01
1.634300000000167074e+03,7.387162588708480371e+01
1.634400000000166983e+03,7.387024188030798655e+01
1.634500000000166892e+03,7.386887292621057099e+01
1.634600000000167029e+03,7.386751878054772646e+01
1.634700000000167165e+03,7.386617920433039330e+01
1.634800000000167074e+03,7.386485396368460954e+01
1.634900000000166983e+03,7.386354282971538510e+01
1.635000000000167120e+03,7.386224557837478244e+01
1.635100000000167256e+03,7.386083610559083468e+01
1.635200000000167165e+03,7.385943683379549896e+01
1.635300000000167074e+03,7.385804765264437322e+01
1.635400000000167211e+03,7.385666845337880204e+01
1.635500000000167347e+03,7.385529912879748338e+01
1.635600000000167256e+03,7.385393957322868630e+01
1.635700000000167165e+03,7.385258968250312250e+01
1.635800000000167302e+03,7.385124935392727252e+01
1.635900000000167438e+03,7.384991848625737987e+01
1.636000000000167347e+03,7.384859697967384307e+01
1.636100000000167256e+03,7.384720704146748460e+01
1.636200000000167392e+03,7.384582175562282202e+01
1.636300000000167529e+03,7.384444109882048224e+01
1.636400000000167438e+03,7.384306504789670100e+01
1.636500000000167347e+03,7.384169357984200133e+01
1.636600000000167483e+03,7.384032667179995713e+01
1.636700000000167620e+03,7.383896430106578634e+01
1.636800000000167529e+03,7.383760644508527093e+01
1.636900000000167438e+03,7.383625308145342103e+01
1.637000000000167574e+03,7.383490418791318177e+01
1.637100000000167711e+03,7.383353507442558339e+01
1.637200000000167620e+03,7.383216504722130935e+01
1.637300000000167529e+03,7.383079410538535114e+01
1.637400000000167665e+03,7.382942224800149233e+01
1.637500000000167802e+03,7.382804947415228014e+01
1.637600000000167711e+03,7.382667578291905386e+01
1.637700000000167620e+03,7.382530117338193065e+01
1.637800000000167756e+03,7.382392564461974871e+01
1.637900000000167893e+03,7.382254919571016671e+01
1.638000000000167802e+03,7.382117182572967806e+01
1.638100000000167711e+03,7.381984058257201298e+01
1.638200000000167847e+03,7.381850285890237728e+01
1.638300000000167984e+03,7.381715860728445477e+01
1.638400000000167893e+03,7.381580777981783115e+01
1.638500000000167802e+03,7.381445032813232388e+01
1.638600000000167938e+03,7.381308620338216997e+01
1.638700000000168075e+03,7.381171535624014268e+01
1.638800000000167984e+03,7.381033773689173927e+01
1.638900000000167893e+03,7.380895329502898505e+01
1.639000000000168029e+03,7.380756197984455014e+01
1.639100000000168166e+03,7.380624809876900372e+01
1.639200000000168075e+03,7.380492196151318751e+01
1.639300000000167984e+03,7.380358339578084781e+01
1.639400000000168120e+03,7.380223222603103750e+01
1.639500000000168257e+03,7.380086827340134903e+01
1.639600000000168166e+03,7.379949135562900153e+01
1.639700000000168075e+03,7.379810128696968263e+01
1.639800000000168211e+03,7.379669787811391757e+01
1.639900000000168347e+03,7.379528093610122141e+01
1.640000000000168257e+03,7.379385026423192073e+01
1.640100000000168166e+03,7.379256686060782044e+01
1.640200000000168302e+03,7.379126532399078542e+01
1.640300000000168438e+03,7.378994526734973647e+01
1.640400000000168347e+03,7.378860629256014647e+01
1.640500000000168257e+03,7.378724799000393375e+01
1.640600000000168393e+03,7.378586993815152084e+01
1.640700000000168529e+03,7.378447170312577441e+01
1.640800000000168438e+03,7.378305283824649052e+01
1.640900000000168347e+03,7.378161288355475733e+01
1.641000000000168484e+03,7.378015136531605833e+01
1.641100000000168620e+03,7.377890288692560716e+01
1.641200000000168529e+03,7.377763020716210463e+01
1.641300000000168438e+03,7.377633261543385856e+01
1.641400000000168575e+03,7.377500937305548234e+01
1.641500000000168711e+03,7.377365971184541138e+01
1.641600000000168620e+03,7.377228283263906405e+01
1.641700000000168529e+03,7.377087790371069786e+01
1.641800000000168666e+03,7.376944405909812019e+01
1.641900000000168802e+03,7.376798039682267927e+01
1.642000000000168711e+03,7.376648597699778520e+01
1.642100000000168620e+03,7.376527043350412782e+01
1.642200000000168757e+03,7.376402422693895744e+01
1.642300000000168893e+03,7.376274618222987556e+01
1.642400000000168802e+03,7.376143506348601875e+01
1.642500000000168711e+03,7.376008957001162969e+01
1.642600000000168848e+03,7.375870833200211507e+01
1.642700000000168984e+03,7.375728990589237810e+01
1.642800000000168893e+03,7.375583276932417220e+01
1.642900000000168802e+03,7.375433531569602508e+01
1.643000000000168939e+03,7.375279584825476320e+01
1.643100000000169075e+03,7.375162366437339756e+01
1.643200000000168984e+03,7.375041414376401860e+01
1.643300000000168893e+03,7.374916547366653674e+01
1.643400000000169030e+03,7.374787572204039066e+01
1.643500000000169166e+03,7.374654282758969259e+01
1.643600000000169075e+03,7.374516458877009484e+01
1.643700000000168984e+03,7.374373865165452457e+01
1.643800000000169121e+03,7.374226249651673015e+01
1.643900000000169257e+03,7.374073342297214140e+01
1.644000000000169166e+03,7.373914853349215548e+01
1.644100000000169075e+03,7.373802051828302240e+01
1.644200000000169211e+03,7.373684791628008384e+01
1.644300000000169348e+03,7.373562803062665694e+01
1.644400000000169257e+03,7.373435794249625985e+01
1.644500000000169166e+03,7.373303448777578240e+01
1.644600000000169302e+03,7.373165423074635783e+01
1.644700000000169439e+03,7.373021343430126251e+01
1.644800000000169348e+03,7.372870802615682351e+01
1.644900000000169257e+03,7.372713356041363397e+01
1.645000000000169393e+03,7.372548517370411503e+01
1.645100000000169530e+03,7.372420832831056714e+01
1.645200000000169439e+03,7.372291450232782495e+01
1.645300000000169348e+03,7.372160335475469140e+01
1.645400000000169484e+03,7.372027453539787700e+01
1.645500000000169621e+03,7.371892768456012845e+01
1.645600000000169530e+03,7.371756243271568110e+01
1.645700000000169439e+03,7.371617840017218271e+01
1.645800000000169575e+03,7.371477519671871903e+01
1.645900000000169712e+03,7.371335242125896059e+01
1.646000000000169621e+03,7.371190966142864909e+01
1.646100000000169530e+03,7.371031457101302919e+01
1.646200000000169666e+03,7.370877524639337253e+01
1.646300000000169803e+03,7.370728881337825555e+01
1.646400000000169712e+03,7.370585259195615890e+01
1.646500000000169621e+03,7.370446408016942996e+01
1.646600000000169757e+03,7.370312093956897570e+01
1.646700000000169894e+03,7.370182098207192212e+01
1.646800000000169803e+03,7.370056215806681621e+01
1.646900000000169712e+03,7.369934254563044362e+01
1.647000000000169848e+03,7.369816034073599553e+01
1.647100000000169985e+03,7.369661028645020906e+01
1.647200000000169894e+03,7.369510744470636610e+01
1.647300000000169803e+03,7.369364969081742345e+01
1.647400000000169939e+03,7.369223502570079631e+01
1.647500000000170076e+03,7.369086156673176902e+01
1.647600000000169985e+03,7.368952753938491185e+01
1.647700000000169894e+03,7.368823126958511693e+01
1.647800000000170030e+03,7.368697117669903207e+01
1.647900000000170166e+03,7.368574576710523161e+01
1.648000000000170076e+03,7.368455362828753152e+01
1.648100000000169985e+03,7.368301316922662636e+01
1.648200000000170121e+03,7.368151321856407776e+01
1.648300000000170257e+03,7.368005219920330262e+01
1.648400000000170166e+03,7.367862861486619863e+01
1.648500000000170076e+03,7.367724104498161353e+01
1.648600000000170212e+03,7.367588813995702424e+01
1.648700000000170348e+03,7.367456861680018676e+01
1.648800000000170257e+03,7.367328125506094239e+01
1.648900000000170166e+03,7.367202489306609436e+01
1.649000000000170303e+03,7.367079842442268500e+01
1.649100000000170439e+03,7.366929112396124424e+01
1.649200000000170348e+03,7.366781752549965745e+01
1.649300000000170257e+03,7.366637651121124009e+01
1.649400000000170394e+03,7.366496701216341592e+01
1.649500000000170530e+03,7.366358800567338960e+01
1.649600000000170439e+03,7.366223851283348267e+01
1.649700000000170348e+03,7.366091759619379786e+01
1.649800000000170485e+03,7.365962435759038840e+01
1.649900000000170621e+03,7.365835793610874305e+01
1.650000000000170530e+03,7.365711750617202824e+01
1.650100000000170439e+03,7.365563496071111160e+01
1.650200000000170576e+03,7.365417996326222294e+01
1.650300000000170712e+03,7.365275175306574340e+01
1.650400000000170621e+03,7.365134959711851081e+01
1.650500000000170530e+03,7.364997278891932808e+01
1.650600000000170667e+03,7.364862064728204416e+01
1.650700000000170803e+03,7.364729251521170283e+01
1.650800000000170712e+03,7.364598775884019233e+01
1.650900000000170621e+03,7.364470576641743094e+01
1.651000000000170758e+03,7.364344594735460703e+01
1.651100000000170894e+03,7.364198384758029192e+01
1.651200000000170803e+03,7.364054354710600592e+01
1.651300000000170712e+03,7.363912456201151713e+01
1.651400000000170849e+03,7.363772642259471013e+01
1.651500000000170985e+03,7.363634867285318819e+01
1.651600000000170894e+03,7.363499086998848497e+01
1.651700000000170803e+03,7.363365258393149304e+01
1.651800000000170940e+03,7.363233339688838441e+01
1.651900000000171076e+03,7.363103290290568737e+01
1.652000000000170985e+03,7.362975070745328310e+01
1.652100000000170894e+03,7.362814723171827325e+01
1.652200000000171030e+03,7.362656183145517730e+01
1.652300000000171167e+03,7.362499420273849182e+01
1.652400000000171076e+03,7.362344404841837786e+01
1.652500000000170985e+03,7.362191107793300660e+01
1.652600000000171121e+03,7.362039500712688778e+01
1.652700000000171258e+03,7.361889555807536567e+01
1.652800000000171167e+03,7.361741245891471408e+01
1.652900000000171076e+03,7.361594544367780202e+01
1.653000000000171212e+03,7.361449425213491793e+01
1.653100000000171349e+03,7.361291973865122884e+01
1.653200000000171258e+03,7.361135723646316364e+01
1.653300000000171167e+03,7.360980660864933611e+01
1.653400000000171303e+03,7.360826772036162424e+01
1.653500000000171440e+03,7.360674043878599093e+01
1.653600000000171349e+03,7.360522463310432784e+01
1.653700000000171258e+03,7.360372017445708082e+01
1.653800000000171394e+03,7.360222693590672804e+01
1.653900000000171531e+03,7.360074479240211076e+01
1.654000000000171440e+03,7.359927362074330404e+01
1.654100000000171349e+03,7.359771258679080574e+01
1.654200000000171485e+03,7.359615768385253887e+01
1.654300000000171622e+03,7.359460887587962930e+01
1.654400000000171531e+03,7.359306612710525997e+01
1.654500000000171440e+03,7.359152940204197080e+01
1.654600000000171576e+03,7.358999866547881652e+01
1.654700000000171713e+03,7.358847388247879451e+01
1.654800000000171622e+03,7.358695501837613051e+01
1.654900000000171531e+03,7.358544203877362122e+01
1.655000000000171667e+03,7.358393490954010474e+01
1.655100000000171804e+03,7.358240377777605090e+01
1.655200000000171713e+03,7.358087281988071027e+01
1.655300000000171622e+03,7.357934203582445321e+01
1.655400000000171758e+03,7.357781142557769272e+01
1.655500000000171894e+03,7.357628098911081338e+01
1.655600000000171804e+03,7.357475072639424241e+01
1.655700000000171713e+03,7.357322063739837859e+01
1.655800000000171849e+03,7.357169072209363492e+01
1.655900000000171985e+03,7.357016098045045283e+01
1.656000000000171894e+03,7.356863141243928794e+01
1.656100000000171804e+03,7.356713138122681528e+01
1.656200000000171940e+03,7.356562555211866083e+01
1.656300000000172076e+03,7.356411389143487156e+01
1.656400000000171985e+03,7.356259636523405732e+01
1.656500000000171894e+03,7.356107293931100344e+01
1.656600000000172031e+03,7.355954357919392805e+01
1.656700000000172167e+03,7.355800825014203781e+01
1.656800000000172076e+03,7.355646691714278518e+01
1.656900000000171985e+03,7.355491954490926787e+01
1.657000000000172122e+03,7.355336609787768509e+01
1.657100000000172258e+03,7.355189607930942941e+01
1.657200000000172167e+03,7.355041418797389952e+01
1.657300000000172076e+03,7.354892027945025745e+01
1.657400000000172213e+03,7.354741420696588250e+01
1.657500000000172349e+03,7.354589582134819636e+01
1.657600000000172258e+03,7.354436497097545100e+01
1.657700000000172167e+03,7.354282150172625165e+01
1.657800000000172304e+03,7.354126525692780092e+01
1.657900000000172440e+03,7.353969607730293490e+01
1.658000000000172349e+03,7.353811380091600824e+01
1.658100000000172258e+03,7.353667008038753750e+01
1.658200000000172395e+03,7.353520818154841265e+01
1.658300000000172531e+03,7.353372775889073409e+01
1.658400000000172440e+03,7.353222845809490593e+01
1.658500000000172349e+03,7.353070991574678317e+01
1.658600000000172486e+03,7.352917175904423175e+01
1.658700000000172622e+03,7.352761360549172309e+01
1.658800000000172531e+03,7.352603506258350308e+01
1.658900000000172440e+03,7.352443572747372968e+01
1.659000000000172577e+03,7.352281518663427562e+01
1.659100000000172713e+03,7.352140176249892534e+01
1.659200000000172622e+03,7.351996359543873893e+01
1.659300000000172531e+03,7.351850003000474487e+01
1.659400000000172668e+03,7.351701038739103922e+01
1.659500000000172804e+03,7.351549396438483086e+01
1.659600000000172713e+03,7.351395003225972857e+01
1.659700000000172622e+03,7.351237783560793559e+01
1.659800000000172759e+03,7.351077659110791274e+01
1.659900000000172895e+03,7.350914548622297673e+01
1.660000000000172804e+03,7.350748367782703951e+01
1.660100000000172713e+03,7.350612271677698573e+01
1.660200000000172849e+03,7.350473053000285972e+01
1.660300000000172986e+03,7.350330603037436106e+01
1.660400000000172895e+03,7.350184807970377676e+01
1.660500000000172804e+03,7.350035548571295863e+01
1.660600000000172940e+03,7.349882699878145331e+01
1.660700000000173077e+03,7.349726130845726857e+01
1.660800000000172986e+03,7.349565703970965558e+01
1.660900000000172895e+03,7.349401274890142588e+01
1.661000000000173031e+03,7.349232691945675811e+01
1.661100000000173168e+03,7.349099164540933771e+01
1.661200000000173077e+03,7.348961756508541043e+01
1.661300000000172986e+03,7.348820296183430401e+01
1.661400000000173122e+03,7.348674601623876868e+01
1.661500000000173259e+03,7.348524479830790312e+01
1.661600000000173168e+03,7.348369725894764315e+01
1.661700000000173077e+03,7.348210122062911864e+01
1.661800000000173213e+03,7.348045436716586210e+01
1.661900000000173350e+03,7.347875423249865889e+01
1.662000000000173259e+03,7.347699818837499208e+01
1.662100000000173168e+03,7.347571978310389795e+01
1.662200000000173304e+03,7.347439524968368119e+01
1.662300000000173441e+03,7.347302204561096062e+01
1.662400000000173350e+03,7.347159743803403842e+01
1.662500000000173259e+03,7.347011848559961322e+01
1.662600000000173395e+03,7.346858201818180589e+01
1.662700000000173532e+03,7.346698461419929060e+01
1.662800000000173441e+03,7.346532257517888809e+01
1.662900000000173350e+03,7.346359189716793026e+01
1.663000000000173486e+03,7.346178823853090023e+01
1.663100000000173623e+03,7.346053189911678771e+01
1.663200000000173532e+03,7.345922520783274479e+01
1.663300000000173441e+03,7.345786507575820679e+01
1.663400000000173577e+03,7.345644815603803579e+01
1.663500000000173713e+03,7.345497081638559678e+01
1.663600000000173623e+03,7.345342910799163860e+01
1.663700000000173532e+03,7.345181873027861741e+01
1.663800000000173668e+03,7.345013499083823660e+01
1.663900000000173804e+03,7.344837275976594526e+01
1.664000000000173713e+03,7.344652641745696542e+01
1.664100000000173623e+03,7.344472458048113594e+01
1.664200000000173759e+03,7.344298738642251578e+01
1.664300000000173895e+03,7.344131141787721617e+01
1.664400000000173804e+03,7.343969349415537806e+01
1.664500000000173713e+03,7.343813065113437233e+01
1.664600000000173850e+03,7.343662012313518517e+01
1.664700000000173986e+03,7.343515932658901590e+01
1.664800000000173895e+03,7.343374584529072990e+01
1.664900000000173804e+03,7.343237741706273880e+01
1.665000000000173941e+03,7.343105192167296025e+01
1.665100000000174077e+03,7.342931899769273230e+01
1.665200000000173986e+03,7.342764057496877683e+01
1.665300000000173895e+03,7.342601412217247514e+01
1.665400000000174032e+03,7.342443726234309054e+01
1.665500000000174168e+03,7.342290776129736685e+01
1.665600000000174077e+03,7.342142351706770853e+01
1.665700000000173986e+03,7.341998255026436482e+01
1.665800000000174123e+03,7.341858299526859355e+01
1.665900000000174259e+03,7.341722309217431075e+01
1.666000000000174168e+03,7.341590117940431526e+01
1.666100000000174077e+03,7.341418137500318153e+01
1.666200000000174214e+03,7.341250863296426132e+01
1.666300000000174350e+03,7.341088104757361066e+01
1.666400000000174259e+03,7.340929681463872214e+01
1.666500000000174168e+03,7.340775422481698342e+01
1.666600000000174305e+03,7.340625165746354241e+01
1.666700000000174441e+03,7.340478757495179707e+01
1.666800000000174350e+03,7.340336051742481516e+01
1.666900000000174259e+03,7.340196909793993996e+01
1.667000000000174396e+03,7.340061199797203528e+01
1.667100000000174532e+03,7.339891473896651064e+01
1.667200000000174441e+03,7.339725741819106020e+01
1.667300000000174350e+03,7.339563864235769586e+01
1.667400000000174487e+03,7.339405708224187208e+01
1.667500000000174623e+03,7.339251146904236123e+01
1.667600000000174532e+03,7.339100059098645090e+01
1.667700000000174441e+03,7.338952329016142073e+01
1.667800000000174578e+03,7.338807845955503240e+01
1.667900000000174714e+03,7.338666504028910254e+01
1.668000000000174623e+03,7.338528201903086767e+01
1.668100000000174532e+03,7.338361188280768488e+01
1.668200000000174668e+03,7.338197494056073822e+01
1.668300000000174805e+03,7.338037021243141567e+01
1.668400000000174714e+03,7.337879675675144142e+01
1.668500000000174623e+03,7.337725366820031070e+01
1.668600000000174759e+03,7.337574007606815485e+01
1.668700000000174896e+03,7.337425514261762771e+01
1.668800000000174805e+03,7.337279806153763673e+01
1.668900000000174714e+03,7.337136805648340498e+01
1.669000000000174850e+03,7.336996437969676776e+01
1.669100000000174987e+03,7.336832789576232017e+01
1.669200000000174896e+03,7.336671814563304395e+01
1.669300000000174805e+03,7.336513447952620481e+01
1.669400000000174941e+03,7.336357626854778857e+01
1.669500000000175078e+03,7.336204290385958871e+01
1.669600000000174987e+03,7.336053379588628331e+01
1.669700000000174896e+03,7.335904837355941766e+01
1.669800000000175032e+03,7.335758608359688537e+01
1.669900000000175169e+03,7.335614638981601843e+01
1.670000000000175078e+03,7.335472877247742929e+01
1.670100000000174987e+03,7.335313144582191569e+01
1.670200000000175123e+03,7.335155465413907905e+01
1.670300000000175260e+03,7.334999800396668945e+01
1.670400000000175169e+03,7.334846111183060202e+01
1.670500000000175078e+03,7.334694360392992962e+01
1.670600000000175214e+03,7.334544511583392534e+01
1.670700000000175351e+03,7.334396529219017680e+01
1.670800000000175260e+03,7.334250378644370016e+01
1.670900000000175169e+03,7.334106026056632288e+01
1.671000000000175305e+03,7.333963438479580077e+01
1.671100000000175442e+03,7.333806165868332982e+01
1.671200000000175351e+03,7.333650370333332091e+01
1.671300000000175260e+03,7.333496031163178941e+01
1.671400000000175396e+03,7.333343128031894764e+01
1.671500000000175532e+03,7.333191640989994653e+01
1.671600000000175442e+03,7.333041550455801882e+01
1.671700000000175351e+03,7.332892837207026560e+01
1.671800000000175487e+03,7.332745482372538959e+01
1.671900000000175623e+03,7.332599467424404338e+01
1.672000000000175532e+03,7.332454774170086864e+01
1.672100000000175442e+03,7.332298762279718574e+01
1.672200000000175578e+03,7.332143669742875147e+01
1.672300000000175714e+03,7.331989488457017501e+01
1.672400000000175623e+03,7.331836210414550692e+01
1.672500000000175532e+03,7.331683827701419887e+01
1.672600000000175669e+03,7.331532332495756066e+01
1.672700000000175805e+03,7.331381717066543047e+01
1.672800000000175714e+03,7.331231973772295873e+01
1.672900000000175623e+03,7.331083095059766208e+01
1.673000000000175760e+03,7.330935073462669038e+01
1.673100000000175896e+03,7.330782336875275007e+01
1.673200000000175805e+03,7.330629954289614147e+01
1.673300000000175714e+03,7.330477924476389262e+01
1.673400000000175851e+03,7.330326246211996022e+01
1.673500000000175987e+03,7.330174918278471807e+01
1.673600000000175896e+03,7.330023939463484339e+01
1.673700000000175805e+03,7.329873308560280520e+01
1.673800000000175942e+03,7.329723024367666540e+01
1.673900000000176078e+03,7.329573085689970924e+01
1.674000000000175987e+03,7.329423491337013274e+01
1.674100000000175896e+03,7.329273418289386655e+01
1.674200000000176033e+03,7.329123137296866730e+01
1.674300000000176169e+03,7.328972647926956085e+01
1.674400000000176078e+03,7.328821949745952224e+01
1.674500000000175987e+03,7.328671042318951834e+01
1.674600000000176124e+03,7.328519925209840835e+01
1.674700000000176260e+03,7.328368597981294386e+01
1.674800000000176169e+03,7.328217060194771193e+01
1.674900000000176078e+03,7.328065311410503568e+01
1.675000000000176215e+03,7.327913351187510216e+01
1.675100000000176351e+03,7.327765642818859249e+01
1.675200000000176260e+03,7.327617156112543739e+01
1.675300000000176169e+03,7.327467884900222828e+01
1.675400000000176306e+03,7.327317822948212722e+01
1.675500000000176442e+03,7.327166963956608470e+01
1.675600000000176351e+03,7.327015301558398619e+01
1.675700000000176260e+03,7.326862829318582726e+01
1.675800000000176396e+03,7.326709540733246229e+01
1.675900000000176533e+03,7.326555429228652372e+01
1.676000000000176442e+03,7.326400488160301450e+01
1.676100000000176351e+03,7.326255832432337911e+01
1.676200000000176487e+03,7.326109817369443533e+01
1.676300000000176624e+03,7.325962423720594074e+01
1.676400000000176533e+03,7.325813631869519327e+01
1.676500000000176442e+03,7.325663421826017441e+01
1.676600000000176578e+03,7.325511773216987876e+01
1.676700000000176715e+03,7.325358665277227033e+01
1.676800000000176624e+03,7.325204076839946765e+01
1.676900000000176533e+03,7.325047986327018634e+01
1.677000000000176669e+03,7.324890371738969463e+01
1.677100000000176806e+03,7.324748457032644922e+01
1.677200000000176715e+03,7.324604577359622226e+01
1.677300000000176624e+03,7.324458691624674600e+01
1.677400000000176760e+03,7.324310757578582809e+01
1.677500000000176897e+03,7.324160731777338640e+01
1.677600000000176806e+03,7.324008569539604707e+01
1.677700000000176715e+03,7.323854224902359533e+01
1.677800000000176851e+03,7.323697650574591478e+01
1.677900000000176988e+03,7.323538797889005991e+01
1.678000000000176897e+03,7.323377616751628238e+01
1.678100000000176806e+03,7.323239723472856610e+01
1.678200000000176942e+03,7.323099250689105588e+01
1.678300000000177079e+03,7.322956125336605737e+01
1.678400000000176988e+03,7.322810271565936091e+01
1.678500000000176897e+03,7.322661610607988791e+01
1.678600000000177033e+03,7.322510060632123441e+01
1.678700000000177170e+03,7.322355536595961212e+01
1.678800000000177079e+03,7.322197950086260221e+01
1.678900000000176988e+03,7.322037209150218473e+01
1.679000000000177124e+03,7.321873218116617466e+01
1.679100000000177261e+03,7.321738050264023911e+01
1.679200000000177170e+03,7.321599624088625546e+01
1.679300000000177079e+03,7.321457820336588895e+01
1.679400000000177215e+03,7.321312513862650917e+01
1.679500000000177351e+03,7.321163573261766544e+01
1.679600000000177261e+03,7.321010860472746629e+01
1.679700000000177170e+03,7.320854230351423553e+01
1.679800000000177306e+03,7.320693530210499489e+01
1.679900000000177442e+03,7.320528599323104402e+01
1.680000000000177351e+03,7.320359268386646079e+01
1.680100000000177261e+03,7.320228147987481293e+01
1.680200000000177397e+03,7.320093067794942954e+01
1.680300000000177533e+03,7.319953845682238125e+01
1.680400000000177442e+03,7.319810288179682800e+01
1.680500000000177351e+03,7.319662189577692857e+01
1.680600000000177488e+03,7.319509330943266434e+01
1.680700000000177624e+03,7.319351479040112451e+01
1.680800000000177533e+03,7.319188385141163167e+01
1.680900000000177442e+03,7.319019783720814587e+01
1.681000000000177579e+03,7.318845391012487767e+01
1.681100000000177715e+03,7.318719307245991956e+01
1.681200000000177624e+03,7.318588528865485898e+01
1.681300000000177533e+03,7.318452788697481992e+01
1.681400000000177670e+03,7.318311798903117449e+01
1.681500000000177806e+03,7.318165248940718470e+01
1.681600000000177715e+03,7.318012803282462642e+01
1.681700000000177624e+03,7.317854098849822719e+01
1.681800000000177761e+03,7.317688742126507861e+01
1.681900000000177897e+03,7.317516305900591078e+01
1.682000000000177806e+03,7.317336325579151435e+01
1.682100000000177715e+03,7.317201504386677868e+01
1.682200000000177852e+03,7.317063426880052646e+01
1.682300000000177988e+03,7.316921973643327703e+01
1.682400000000177897e+03,7.316777019349312638e+01
1.682500000000177806e+03,7.316628432389224201e+01
1.682600000000177943e+03,7.316476074474140034e+01
1.682700000000178079e+03,7.316319800205721435e+01
1.682800000000177988e+03,7.316159456613388556e+01
1.682900000000177897e+03,7.315994882654874232e+01
1.683000000000178034e+03,7.315825908676704614e+01
1.683100000000178170e+03,7.315650728433909933e+01
1.683200000000178079e+03,7.315481520853181507e+01
1.683300000000177988e+03,7.315317985602996487e+01
1.683400000000178125e+03,7.315159842155858883e+01
1.683500000000178261e+03,7.315006828182423249e+01
1.683600000000178170e+03,7.314858698099358492e+01
1.683700000000178079e+03,7.314715221754103425e+01
1.683800000000178215e+03,7.314576183231655193e+01
1.683900000000178352e+03,7.314441379770387641e+01
1.684000000000178261e+03,7.314310620775385985e+01
1.684100000000178170e+03,7.314138814909102848e+01
1.684200000000178306e+03,7.313972154434416950e+01
1.684300000000178443e+03,7.313810411613575013e+01
1.684400000000178352e+03,7.313653371953147087e+01
1.684500000000178261e+03,7.313500833255031353e+01
1.684600000000178397e+03,7.313352604747892372e+01
1.684700000000178534e+03,7.313208506291216793e+01
1.684800000000178443e+03,7.313068367644976320e+01
1.684900000000178352e+03,7.312932027798686363e+01
1.685000000000178488e+03,7.312799334354218672e+01
1.685100000000178625e+03,7.312629407087224820e+01
1.685200000000178534e+03,7.312463917803364666e+01
1.685300000000178443e+03,7.312302694883794629e+01
1.685400000000178579e+03,7.312145575445832435e+01
1.685500000000178716e+03,7.311992404794065692e+01
1.685600000000178625e+03,7.311843035912301048e+01
1.685700000000178534e+03,7.311697328992919154e+01
1.685800000000178670e+03,7.311555151000396791e+01
1.685900000000178807e+03,7.311416375266176715e+01
1.686000000000178716e+03,7.311280881112217855e+01
1.686100000000178625e+03,7.311114745490429812e+01
1.686200000000178761e+03,7.310952347810471963e+01
1.686300000000178898e+03,7.310793563323885280e+01
1.686400000000178807e+03,7.310638272772209234e+01
1.686500000000178716e+03,7.310486362088252577e+01
1.686600000000178852e+03,7.310337722116673831e+01
1.686700000000178989e+03,7.310192248352407773e+01
1.686800000000178898e+03,7.310049840695629086e+01
1.686900000000178807e+03,7.309910403222065156e+01
1.687000000000178943e+03,7.309773843967450091e+01
1.687100000000179080e+03,7.309609873427849891e+01
1.687200000000178989e+03,7.309449023770889653e+01
1.687300000000178898e+03,7.309291206735976232e+01
1.687400000000179034e+03,7.309136337359521463e+01
1.687500000000179170e+03,7.308984333822425583e+01
1.687600000000179080e+03,7.308835117305930851e+01
1.687700000000178989e+03,7.308688611855342288e+01
1.687800000000179125e+03,7.308544744251111069e+01
1.687900000000179261e+03,7.308403443886814443e+01
1.688000000000179170e+03,7.308264642653567478e+01
1.688100000000179080e+03,7.308102245717869039e+01
1.688200000000179216e+03,7.307942393501564027e+01
1.688300000000179352e+03,7.307785026656961236e+01
1.688400000000179261e+03,7.307630087667598673e+01
1.688500000000179170e+03,7.307477520778158464e+01
1.688600000000179307e+03,7.307327271927562151e+01
1.688700000000179443e+03,7.307179288685124163e+01
1.688800000000179352e+03,7.307033520189520459e+01
1.688900000000179261e+03,7.306889917090529707e+01
1.689000000000179398e+03,7.306748431493279838e+01
1.689100000000179534e+03,7.306589245288964207e+01
1.689200000000179443e+03,7.306432026165697380e+01
1.689300000000179352e+03,7.306276737886221895e+01
1.689400000000179489e+03,7.306123345097927313e+01
1.689500000000179625e+03,7.305971813306013019e+01
1.689600000000179534e+03,7.305822108847638674e+01
1.689700000000179443e+03,7.305674198866968538e+01
1.689800000000179580e+03,7.305528051291157965e+01
1.689900000000179716e+03,7.305383634807152760e+01
1.690000000000179625e+03,7.305240918839274400e+01
1.690100000000179534e+03,7.305070927767511080e+01
1.690200000000179671e+03,7.304902475503715209e+01
1.690300000000179807e+03,7.304735541247438846e+01
1.690400000000179716e+03,7.304570104571432410e+01
1.690500000000179625e+03,7.304406145413327067e+01
1.690600000000179762e+03,7.304243644067507546e+01
1.690700000000179898e+03,7.304082581177225109e+01
1.690800000000179807e+03,7.303922937726918008e+01
1.690900000000179716e+03,7.303764695034716681e+01
1.691000000000179853e+03,7.303607834745136529e+01
1.691100000000179989e+03,7.303439959751753463e+01
1.691200000000179898e+03,7.303273043919119800e+01
1.691300000000179807e+03,7.303107079050347750e+01
1.691400000000179944e+03,7.302942057041678936e+01
1.691500000000180080e+03,7.302777969881175579e+01
1.691600000000179989e+03,7.302614809647411676e+01
1.691700000000179898e+03,7.302452568508212494e+01
1.691800000000180034e+03,7.302291238719388389e+01
1.691900000000180171e+03,7.302130812623511247e+01
1.692000000000180080e+03,7.301971282648690931e+01
1.692100000000179989e+03,7.301806340761774550e+01
1.692200000000180125e+03,7.301641778117901538e+01
1.692300000000180262e+03,7.301477593410609757e+01
1.692400000000180171e+03,7.301313785339434048e+01
1.692500000000180080e+03,7.301150352609865024e+01
1.692600000000180216e+03,7.300987293933322064e+01
1.692700000000180353e+03,7.300824608027110685e+01
1.692800000000180262e+03,7.300662293614405485e+01
1.692900000000180171e+03,7.300500349424191882e+01
1.693000000000180307e+03,7.300338774191256164e+01
1.693100000000180444e+03,7.300176772825982141e+01
1.693200000000180353e+03,7.300014571178915901e+01
1.693300000000180262e+03,7.299852168878412328e+01
1.693400000000180398e+03,7.299689565551911130e+01
1.693500000000180535e+03,7.299526760825925464e+01
1.693600000000180444e+03,7.299363754326050469e+01
1.693700000000180353e+03,7.299200545676943364e+01
1.693800000000180489e+03,7.299037134502333402e+01
1.693900000000180626e+03,7.298873520425020445e+01
1.694000000000180535e+03,7.298709703066865018e+01
1.694100000000180444e+03,7.298549310636940390e+01
1.694200000000180580e+03,7.298388125310475516e+01
1.694300000000180717e+03,7.298226141193399030e+01
1.694400000000180626e+03,7.298063352333076637e+01
1.694500000000180535e+03,7.297899752717586352e+01
1.694600000000180671e+03,7.297735336274963913e+01
1.694700000000180808e+03,7.297570096872466650e+01
1.694800000000180717e+03,7.297404028315806102e+01
1.694900000000180626e+03,7.297237124348369264e+01
1.695000000000180762e+03,7.297069378650458304e+01
1.695100000000180898e+03,7.296912428519171101e+01
1.695200000000180808e+03,7.296754085085775898e+01
1.695300000000180717e+03,7.296594329714292826e+01
1.695400000000180853e+03,7.296433143434909141e+01
1.695500000000180989e+03,7.296270506936456002e+01
1.695600000000180898e+03,7.296106400558709026e+01
1.695700000000180808e+03,7.295940804284457215e+01
1.695800000000180944e+03,7.295773697731362972e+01
1.695900000000181080e+03,7.295605060143607545e+01
1.696000000000180989e+03,7.295434870383319037e+01
1.696100000000180898e+03,7.295281455503732104e+01
1.696200000000181035e+03,7.295126029447798999e+01
1.696300000000181171e+03,7.294968552406631090e+01
1.696400000000181080e+03,7.294808983513721046e+01
1.696500000000180989e+03,7.294647280809613221e+01
1.696600000000181126e+03,7.294483401205091866e+01
1.696700000000181262e+03,7.294317300442922658e+01
1.696800000000181171e+03,7.294148933057996942e+01
1.696900000000181080e+03,7.293978252335833190e+01
1.697000000000181217e+03,7.293805210269424322e+01
1.697100000000181353e+03,7.293654609379673559e+01
1.697200000000181262e+03,7.293501339037992182e+01
1.697300000000181171e+03,7.293345327634307296e+01
1.697400000000181308e+03,7.293186500974113073e+01
1.697500000000181444e+03,7.293024782160817665e+01
1.697600000000181353e+03,7.292860091471600015e+01
1.697700000000181262e+03,7.292692346226360200e+01
1.697800000000181399e+03,7.292521460649318499e+01
1.697900000000181535e+03,7.292347345722761531e+01
1.698000000000181444e+03,7.292169909032477904e+01
1.698100000000181353e+03,7.292023617981283223e+01
1.698200000000181490e+03,7.291873986971891952e+01
1.698300000000181626e+03,7.291720900302068742e+01
1.698400000000181535e+03,7.291564236862967618e+01
1.698500000000181444e+03,7.291403869819588124e+01
1.698600000000181581e+03,7.291239666268312192e+01
1.698700000000181717e+03,7.291071486869549290e+01
1.698800000000181626e+03,7.290899185453383780e+01
1.698900000000181535e+03,7.290722608595854126e+01
1.699000000000181672e+03,7.290541595163381317e+01
1.699100000000181808e+03,7.290398992697402036e+01
1.699200000000181717e+03,7.290252313650518090e+01
1.699300000000181626e+03,7.290101380681902299e+01
1.699400000000181763e+03,7.289946006013039437e+01
1.699500000000181899e+03,7.289785990648373115e+01
1.699600000000181808e+03,7.289621123525019186e+01
1.699700000000181717e+03,7.289451180583968437e+01
1.699800000000181853e+03,7.289275923754163955e+01
1.699900000000181990e+03,7.289095099839752834e+01
1.700000000000181899e+03,7.288908439299693498e+01
1.700100000000181808e+03,7.288770516789574572e+01
1.700200000000181944e+03,7.288627742758815486e+01
1.700300000000182081e+03,7.288479856641180277e+01
1.700400000000181990e+03,7.288326578870903916e+01
1.700500000000181899e+03,7.288167609118833923e+01
1.700600000000182035e+03,7.288002624328329659e+01
1.700700000000182172e+03,7.287831276523925794e+01
1.700800000000182081e+03,7.287653190361452005e+01
1.700900000000181990e+03,7.287467960383344234e+01
1.701000000000182126e+03,7.287275147936996689e+01
1.701100000000182263e+03,7.287139847779786805e+01
1.701200000000182172e+03,7.286999362298156768e+01
1.701300000000182081e+03,7.286853387580228514e+01
1.701400000000182217e+03,7.286701595491187788e+01
1.701500000000182354e+03,7.286543631210892613e+01
1.701600000000182263e+03,7.286379110464866926e+01
1.701700000000182172e+03,7.286207616403210352e+01
1.701800000000182308e+03,7.286028696074016864e+01
1.701900000000182445e+03,7.285841856428551466e+01
1.702000000000182354e+03,7.285646559783964449e+01
1.702100000000182263e+03,7.285458130187960535e+01
1.702200000000182399e+03,7.285276142326640070e+01
1.702300000000182536e+03,7.285100271421667628e+01
1.702400000000182445e+03,7.284930214166676876e+01
1.702500000000182354e+03,7.284765686981666022e+01
1.702600000000182490e+03,7.284606424434956295e+01
1.702700000000182627e+03,7.284452177814245033e+01
1.702800000000182536e+03,7.284302713830595621e+01
1.702900000000182445e+03,7.284157813441123608e+01
1.703000000000182581e+03,7.284017270777820841e+01
1.703100000000182717e+03,7.283830262803991218e+01
1.703200000000182627e+03,7.283648898577494890e+01
1.703300000000182536e+03,7.283472926410689752e+01
1.703400000000182672e+03,7.283302109362357157e+01
1.703500000000182808e+03,7.283136224173294693e+01
1.703600000000182717e+03,7.282975060292793046e+01
1.703700000000182627e+03,7.282818418987076825e+01
1.703800000000182763e+03,7.282666112521754087e+01
1.703900000000182899e+03,7.282517963411228834e+01
1.704000000000182808e+03,7.282373803728653172e+01
1.704100000000182717e+03,7.282191535918845204e+01
1.704200000000182854e+03,7.282014091009862966e+01
1.704300000000182990e+03,7.281841280076550049e+01
1.704400000000182899e+03,7.281672923934125663e+01
1.704500000000182808e+03,7.281508852518452102e+01
1.704600000000182945e+03,7.281348904313010451e+01
1.704700000000183081e+03,7.281192925818550066e+01
1.704800000000182990e+03,7.281040771061744010e+01
1.704900000000182899e+03,7.280892301139533629e+01
1.705000000000183036e+03,7.280747383796111194e+01
1.705100000000183172e+03,7.280566406330505913e+01
1.705200000000183081e+03,7.280389587047623934e+01
1.705300000000182990e+03,7.280216784265975605e+01
1.705400000000183127e+03,7.280047862668460823e+01
1.705500000000183263e+03,7.279882692948973499e+01
1.705600000000183172e+03,7.279721151482293351e+01
1.705700000000183081e+03,7.279563120015497191e+01
1.705800000000183218e+03,7.279408485379273941e+01
1.705900000000183354e+03,7.279257139217649808e+01
1.706000000000183263e+03,7.279108977734718167e+01
1.706100000000183172e+03,7.278930825427774209e+01
1.706200000000183309e+03,7.278756171941729747e+01
1.706300000000183445e+03,7.278584915206290873e+01
1.706400000000183354e+03,7.278416957083153704e+01
1.706500000000183263e+03,7.278252203178483626e+01
1.706600000000183400e+03,7.278090562666007202e+01
1.706700000000183536e+03,7.277931948120047423e+01
1.706800000000183445e+03,7.277776275357858538e+01
1.706900000000183354e+03,7.277623463290628081e+01
1.707000000000183491e+03,7.277473433782591883e+01
1.707100000000183627e+03,7.277297995681099962e+01
1.707200000000183536e+03,7.277125437209890890e+01
1.707300000000183445e+03,7.276955688046976434e+01
1.707400000000183582e+03,7.276788680141619636e+01
1.707500000000183718e+03,7.276624347623356925e+01
1.707600000000183627e+03,7.276462626715388637e+01
1.707700000000183536e+03,7.276303455652039531e+01
1.707800000000183672e+03,7.276146774600111655e+01
1.707900000000183809e+03,7.275992525583900772e+01
1.708000000000183718e+03,7.275840652413614862e+01
1.708100000000183627e+03,7.275668048675947830e+01
1.708200000000183763e+03,7.275497731272838564e+01
1.708300000000183900e+03,7.275329655075493918e+01
1.708400000000183809e+03,7.275163776135055116e+01
1.708500000000183718e+03,7.275000051644283872e+01
1.708600000000183854e+03,7.274838439900734954e+01
1.708700000000183991e+03,7.274678900271347004e+01
1.708800000000183900e+03,7.274521393158379112e+01
1.708900000000183809e+03,7.274365879966643433e+01
1.709000000000183945e+03,7.274212323071941455e+01
1.709100000000184082e+03,7.274041470178086399e+01
1.709200000000183991e+03,7.273872343077267999e+01
1.709300000000183900e+03,7.273704915752409761e+01
1.709400000000184036e+03,7.273539162706781269e+01
1.709500000000184173e+03,7.273375058951053518e+01
1.709600000000184082e+03,7.273212579990735094e+01
1.709700000000183991e+03,7.273051701813984948e+01
1.709800000000184127e+03,7.272892400879786123e+01
1.709900000000184264e+03,7.272734654106461960e+01
1.710000000000184173e+03,7.272578438860470840e+01
1.710100000000184082e+03,7.272396302060501228e+01
1.710200000000184218e+03,7.272215428493063882e+01
1.710300000000184355e+03,7.272035805061616998e+01
1.710400000000184264e+03,7.271857418850031252e+01
1.710500000000184173e+03,7.271680257119493263e+01
1.710600000000184309e+03,7.271504307305474413e+01
1.710700000000184446e+03,7.271329557014767886e+01
1.710800000000184355e+03,7.271155994022566915e+01
1.710900000000184264e+03,7.270983606269618349e+01
1.711000000000184400e+03,7.270812381859417428e+01
1.711100000000184536e+03,7.270634028353384792e+01
1.711200000000184446e+03,7.270456337167914285e+01
1.711300000000184355e+03,7.270279304620527228e+01
1.711400000000184491e+03,7.270102927055989994e+01
1.711500000000184627e+03,7.269927200846072424e+01
1.711600000000184536e+03,7.269752122389284921e+01
1.711700000000184446e+03,7.269577688110645397e+01
1.711800000000184582e+03,7.269403894461427740e+01
1.711900000000184718e+03,7.269230737918927332e+01
1.712000000000184627e+03,7.269058214986209521e+01
1.712100000000184536e+03,7.268882098014621818e+01
1.712200000000184673e+03,7.268706050657461049e+01
1.712300000000184809e+03,7.268530072873458892e+01
1.712400000000184718e+03,7.268354164621385394e+01
1.712500000000184627e+03,7.268178325860036182e+01
1.712600000000184764e+03,7.268002556548242410e+01
1.712700000000184900e+03,7.267826856644866496e+01
1.712800000000184809e+03,7.267651226108804963e+01
1.712900000000184718e+03,7.267475664898988441e+01
1.713000000000184855e+03,7.267300172974377404e+01
1.713100000000184991e+03,7.267126432604216291e+01
1.713200000000184900e+03,7.266952159940669276e+01
1.713300000000184809e+03,7.266777352533783585e+01
1.713400000000184946e+03,7.266602007918538675e+01
1.713500000000185082e+03,7.266426123614749599e+01
1.713600000000184991e+03,7.266249697126936269e+01
1.713700000000184900e+03,7.266072725944206923e+01
1.713800000000185037e+03,7.265895207540145861e+01
1.713900000000185173e+03,7.265717139372688393e+01
1.714000000000185082e+03,7.265538518884015673e+01
1.714100000000184991e+03,7.265368145540521994e+01
1.714200000000185128e+03,7.265196628703668580e+01
1.714300000000185264e+03,7.265023956822523132e+01
1.714400000000185173e+03,7.264850118190064165e+01
1.714500000000185082e+03,7.264675100940520736e+01
1.714600000000185219e+03,7.264498893046673800e+01
1.714700000000185355e+03,7.264321482317102152e+01
1.714800000000185264e+03,7.264142856393375780e+01
1.714900000000185173e+03,7.263963002747182429e+01
1.715000000000185310e+03,7.263781908677418642e+01
1.715100000000185446e+03,7.263614307789703162e+01
1.715200000000185355e+03,7.263444929068654687e+01
1.715300000000185264e+03,7.263273744075785032e+01
1.715400000000185400e+03,7.263100723762806865e+01
1.715500000000185537e+03,7.262925838455208805e+01
1.715600000000185446e+03,7.262749057835290500e+01
1.715700000000185355e+03,7.262570350924630702e+01
1.715800000000185491e+03,7.262389686066001104e+01
1.715900000000185628e+03,7.262207030904667704e+01
1.716000000000185537e+03,7.262022352369112355e+01
1.716100000000185446e+03,7.261857683243817974e+01
1.716200000000185582e+03,7.261690573526864512e+01
1.716300000000185719e+03,7.261520968554467004e+01
1.716400000000185628e+03,7.261348812018098897e+01
1.716500000000185537e+03,7.261174045902167506e+01
1.716600000000185673e+03,7.260996610418824559e+01
1.716700000000185810e+03,7.260816443939773990e+01
1.716800000000185719e+03,7.260633482924905024e+01
1.716900000000185628e+03,7.260447661847580036e+01
1.717000000000185764e+03,7.260258913116439317e+01
1.717100000000185901e+03,7.260097579055933181e+01
1.717200000000185810e+03,7.259933108028823767e+01
1.717300000000185719e+03,7.259765407644502488e+01
1.717400000000185855e+03,7.259594381848236821e+01
1.717500000000185992e+03,7.259419930737726645e+01
1.717600000000185901e+03,7.259241950368488006e+01
1.717700000000185810e+03,7.259060332547335292e+01
1.717800000000185946e+03,7.258874964613050906e+01
1.717900000000186083e+03,7.258685729203345716e+01
1.718000000000185992e+03,7.258492504007138280e+01
1.718100000000185901e+03,7.258336313407119178e+01
1.718200000000186037e+03,7.258176282368762600e+01
1.718300000000186174e+03,7.258012267485086966e+01
1.718400000000186083e+03,7.257844118119109567e+01
1.718500000000185992e+03,7.257671675942404477e+01
1.718600000000186128e+03,7.257494774437843432e+01
1.718700000000186265e+03,7.257313238363269647e+01
1.718800000000186174e+03,7.257126883172462328e+01
1.718900000000186083e+03,7.256935514389343211e+01
1.719000000000186219e+03,7.256738926931105027e+01
1.719100000000186355e+03,7.256586804843601612e+01
1.719200000000186265e+03,7.256430056293493180e+01
1.719300000000186174e+03,7.256268466966115227e+01
1.719400000000186310e+03,7.256101809102085554e+01
1.719500000000186446e+03,7.255929840426207988e+01
1.719600000000186355e+03,7.255752302972325651e+01
1.719700000000186265e+03,7.255568921792135484e+01
1.719800000000186401e+03,7.255379403534362837e+01
1.719900000000186537e+03,7.255183434878871651e+01
1.720000000000186446e+03,7.254980680808215254e+01
1.720100000000186355e+03,7.254833534832347652e+01
1.720200000000186492e+03,7.254680924616019411e+01
1.720300000000186628e+03,7.254522540030501432e+01
1.720400000000186537e+03,7.254358047025586131e+01
1.720500000000186446e+03,7.254187085277797564e+01
1.720600000000186583e+03,7.254009265555561115e+01
1.720700000000186719e+03,7.253824166760819026e+01
1.720800000000186628e+03,7.253631332599738357e+01
1.720900000000186537e+03,7.253430267827114619e+01
1.721000000000186674e+03,7.253220433999497629e+01
1.721100000000186810e+03,7.253055128277819108e+01
1.721200000000186719e+03,7.252887543477964982e+01
1.721300000000186628e+03,7.252717632140119974e+01
1.721400000000186765e+03,7.252545345477520300e+01
1.721500000000186901e+03,7.252370633329736904e+01
1.721600000000186810e+03,7.252193444113996179e+01
1.721700000000186719e+03,7.252013724774400316e+01
1.721800000000186856e+03,7.251831420728957767e+01
1.721900000000186992e+03,7.251646475814327175e+01
1.722000000000186901e+03,7.251458832228088625e+01
1.722100000000186810e+03,7.251257524254772591e+01
1.722200000000186947e+03,7.251062660892335998e+01
1.722300000000187083e+03,7.250873937542779402e+01
1.722400000000186992e+03,7.250691068505729220e+01
1.722500000000186901e+03,7.250513785535284228e+01
1.722600000000187038e+03,7.250341836527125849e+01
1.722700000000187174e+03,7.250174984322366356e+01
1.722800000000187083e+03,7.250013005616212070e+01
1.722900000000186992e+03,7.249855689960897109e+01
1.723000000000187129e+03,7.249702838853374942e+01
1.723100000000187265e+03,7.249502907569971910e+01
1.723200000000187174e+03,7.249308635625482111e+01
1.723300000000187083e+03,7.249119786079926087e+01
1.723400000000187219e+03,7.248936135037931194e+01
1.723500000000187356e+03,7.248757470763199251e+01
1.723600000000187265e+03,7.248583592864173397e+01
1.723700000000187174e+03,7.248414311544266297e+01
1.723800000000187310e+03,7.248249446910782012e+01
1.723900000000187447e+03,7.248088828337233736e+01
1.724000000000187356e+03,7.247932293874231391e+01
1.724100000000187265e+03,7.247737278779079872e+01
1.724200000000187401e+03,7.247547109955412736e+01
1.724300000000187538e+03,7.247361608970102509e+01
1.724400000000187447e+03,7.247180606043376372e+01
1.724500000000187356e+03,7.247003939530520711e+01
1.724600000000187492e+03,7.246831455440421621e+01
1.724700000000187629e+03,7.246663006987863298e+01
1.724800000000187538e+03,7.246498454176926884e+01
1.724900000000187447e+03,7.246337663412936081e+01
1.725000000000187583e+03,7.246180507140640259e+01
1.725100000000187720e+03,7.245986727194780030e+01
1.725200000000187629e+03,7.245797128234292472e+01
1.725300000000187538e+03,7.245611576390285791e+01
1.725400000000187674e+03,7.245429943448561971e+01
1.725500000000187811e+03,7.245252106554161742e+01
1.725600000000187720e+03,7.245077947934244378e+01
1.725700000000187629e+03,7.244907354637993535e+01
1.725800000000187765e+03,7.244740218292322709e+01
1.725900000000187902e+03,7.244576434872300297e+01
1.726000000000187811e+03,7.244415904485174451e+01
1.726100000000187720e+03,7.244225936325150883e+01
1.726200000000187856e+03,7.244039471126113483e+01
1.726300000000187993e+03,7.243856412882752238e+01
1.726400000000187902e+03,7.243676669066276474e+01
1.726500000000187811e+03,7.243500150468456411e+01
1.726600000000187947e+03,7.243326771054002222e+01
1.726700000000188084e+03,7.243156447820732069e+01
1.726800000000187993e+03,7.242989100667080038e+01
1.726900000000187902e+03,7.242824652266482133e+01
1.727000000000188038e+03,7.242663027948192678e+01
1.727100000000188174e+03,7.242474894219533610e+01
1.727200000000188084e+03,7.242289654917124153e+01
1.727300000000187993e+03,7.242107243755000923e+01
1.727400000000188129e+03,7.241927596455909111e+01
1.727500000000188265e+03,7.241750650675787426e+01
1.727600000000188174e+03,7.241576345931626690e+01
1.727700000000188084e+03,7.241404623532544349e+01
1.727800000000188220e+03,7.241235426513893003e+01
1.727900000000188356e+03,7.241068699574265111e+01
1.728000000000188265e+03,7.240904389015173592e+01
1.728100000000188174e+03,7.240718469036799831e+01
1.728200000000188311e+03,7.240534850459334848e+01
1.728300000000188447e+03,7.240353490813967596e+01
1.728400000000188356e+03,7.240174348670430504e+01
1.728500000000188265e+03,7.239997383605440007e+01
1.728600000000188402e+03,7.239822556172291002e+01
1.728700000000188538e+03,7.239649827871541277e+01
1.728800000000188447e+03,7.239479161122753226e+01
1.728900000000188356e+03,7.239310519237221797e+01
1.729000000000188493e+03,7.239143866391663096e+01
1.729100000000188629e+03,7.238960060340522773e+01
1.729200000000188538e+03,7.238777978437181559e+01
1.729300000000188447e+03,7.238597596535463197e+01
1.729400000000188584e+03,7.238418890937981587e+01
1.729500000000188720e+03,7.238241838385755500e+01
1.729600000000188629e+03,7.238066416048116025e+01
1.729700000000188538e+03,7.237892601512901081e+01
1.729800000000188675e+03,7.237720372776898614e+01
1.729900000000188811e+03,7.237549708236571178e+01
1.730000000000188720e+03,7.237380586678987981e+01
1.730100000000188629e+03,7.237200899088476547e+01
1.730200000000188766e+03,7.237022354361781140e+01
1.730300000000188902e+03,7.236844941630062067e+01
1.730400000000188811e+03,7.236668650161861649e+01
1.730500000000188720e+03,7.236493469360942754e+01
1.730600000000188857e+03,7.236319388764167115e+01
1.730700000000188993e+03,7.236146398039409178e+01
1.730800000000188902e+03,7.235974486983515419e+01
1.730900000000188811e+03,7.235803645520289251e+01
1.731000000000188948e+03,7.235633863698518553e+01
1.731100000000189084e+03,7.235456069271306490e+01
1.731200000000188993e+03,7.235278857592281554e+01
1.731300000000188902e+03,7.235102225801061593e+01
1.731400000000189038e+03,7.234926171055960253e+01
1.731500000000189175e+03,7.234750690533817874e+01
1.731600000000189084e+03,7.234575781429870744e+01
1.731700000000188993e+03,7.234401440957583418e+01
1.731800000000189129e+03,7.234227666348515129e+01
1.731900000000189266e+03,7.234054454852166316e+01
1.732000000000189175e+03,7.233881803735826566e+01
1.732100000000189084e+03,7.233706164747054856e+01
1.732200000000189220e+03,7.233530543290149240e+01
1.732300000000189357e+03,7.233354939362486391e+01
1.732400000000189266e+03,7.233179352961440145e+01
1.732500000000189175e+03,7.233003784084387178e+01
1.732600000000189311e+03,7.232828232728704165e+01
1.732700000000189448e+03,7.232652698891769205e+01
1.732800000000189357e+03,7.232477182570957552e+01
1.732900000000189266e+03,7.232301683763650146e+01
1.733000000000189402e+03,7.232126202467229348e+01
1.733100000000189539e+03,7.231953429076368423e+01
1.733200000000189448e+03,7.231780100119202359e+01
1.733300000000189357e+03,7.231606212911712817e+01
1.733400000000189493e+03,7.231431764752569791e+01
1.733500000000189630e+03,7.231256752922985243e+01
1.733600000000189539e+03,7.231081174686568147e+01
1.733700000000189448e+03,7.230905027289190912e+01
1.733800000000189584e+03,7.230728307958841583e+01
1.733900000000189721e+03,7.230551013905477475e+01
1.734000000000189630e+03,7.230373142320893010e+01
1.734100000000189539e+03,7.230203599739017761e+01
1.734200000000189675e+03,7.230032918740960213e+01
1.734300000000189812e+03,7.229861087822030186e+01
1.734400000000189721e+03,7.229688095321986907e+01
1.734500000000189630e+03,7.229513929422408580e+01
1.734600000000189766e+03,7.229338578144003691e+01
1.734700000000189902e+03,7.229162029343856943e+01
1.734800000000189812e+03,7.228984270712633986e+01
1.734900000000189721e+03,7.228805289771715081e+01
1.735000000000189857e+03,7.228625073870303197e+01
1.735100000000189993e+03,7.228458253241922193e+01
1.735200000000189902e+03,7.228289689414802410e+01
1.735300000000189812e+03,7.228119354922003481e+01
1.735400000000189948e+03,7.227947221716482318e+01
1.735500000000190084e+03,7.227773261155711282e+01
1.735600000000189993e+03,7.227597443985774817e+01
1.735700000000189902e+03,7.227419740324984332e+01
1.735800000000190039e+03,7.227240119646940286e+01
1.735900000000190175e+03,7.227058550763045730e+01
1.736000000000190084e+03,7.226875001804503995e+01
1.736100000000189993e+03,7.226710709285744372e+01
1.736200000000190130e+03,7.226544036310505703e+01
1.736300000000190266e+03,7.226374930765115323e+01
1.736400000000190175e+03,7.226203339003531312e+01
1.736500000000190084e+03,7.226029205790607080e+01
1.736600000000190221e+03,7.225852474242807943e+01
1.736700000000190357e+03,7.225673085766263171e+01
1.736800000000190266e+03,7.225490979991988638e+01
1.736900000000190175e+03,7.225306094708160742e+01
1.737000000000190312e+03,7.225118365789306552e+01
1.737100000000190448e+03,7.224957934115838043e+01
1.737200000000190357e+03,7.224794468127315383e+01
1.737300000000190266e+03,7.224627880917883260e+01
1.737400000000190403e+03,7.224458082230931666e+01
1.737500000000190539e+03,7.224284978296044812e+01
1.737600000000190448e+03,7.224108471656309405e+01
1.737700000000190357e+03,7.223928460985364097e+01
1.737800000000190494e+03,7.223744840893422747e+01
1.737900000000190630e+03,7.223557501721531082e+01
1.738000000000190539e+03,7.223366329323242496e+01
1.738100000000190448e+03,7.223210011921695184e+01
1.738200000000190585e+03,7.223049968943554688e+01
1.738300000000190721e+03,7.222886065592703631e+01
1.738400000000190630e+03,7.222718160490856576e+01
1.738500000000190539e+03,7.222546105270812689e+01
1.738600000000190676e+03,7.222369744139201941e+01
1.738700000000190812e+03,7.222188913405963717e+01
1.738800000000190721e+03,7.222003440977610467e+01
1.738900000000190630e+03,7.221813145810943979e+01
1.739000000000190767e+03,7.221617837323701394e+01
1.739100000000190903e+03,7.221465030243653871e+01
1.739200000000190812e+03,7.221307732466668483e+01
1.739300000000190721e+03,7.221145743081545731e+01
1.739400000000190857e+03,7.220978849010772649e+01
1.739500000000190994e+03,7.220806824075459929e+01
1.739600000000190903e+03,7.220629427972653502e+01
1.739700000000190812e+03,7.220446405155375658e+01
1.739800000000190948e+03,7.220257483604336812e+01
1.739900000000191085e+03,7.220062373478977236e+01
1.740000000000190994e+03,7.219860765633826816e+01
1.740100000000190903e+03,7.219714270633905073e+01
1.740200000000191039e+03,7.219562533904344548e+01
1.740300000000191176e+03,7.219405268989254409e+01
1.740400000000191085e+03,7.219242168172705476e+01
1.740500000000190994e+03,7.219072900469120668e+01
1.740600000000191130e+03,7.218897109381316568e+01
1.740700000000191267e+03,7.218714410394223080e+01
1.740800000000191176e+03,7.218524388167250549e+01
1.740900000000191085e+03,7.218326593382109024e+01
1.741000000000191221e+03,7.218120539195861340e+01
1.741100000000191358e+03,7.217961789152070651e+01
1.741200000000191267e+03,7.217799614457035773e+01
1.741300000000191176e+03,7.217633903084461622e+01
1.741400000000191312e+03,7.217464538068084323e+01
1.741500000000191449e+03,7.217291397226347271e+01
1.741600000000191358e+03,7.217114352868446758e+01
1.741700000000191267e+03,7.216933271480273504e+01
1.741800000000191403e+03,7.216748013388630056e+01
1.741900000000191540e+03,7.216558432401917855e+01
1.742000000000191449e+03,7.216364375425384026e+01
1.742100000000191358e+03,7.216164093512912814e+01
1.742200000000191494e+03,7.215970160907365027e+01
1.742300000000191631e+03,7.215782280392734549e+01
1.742400000000191540e+03,7.215600173018562202e+01
1.742500000000191449e+03,7.215423576718009713e+01
1.742600000000191585e+03,7.215252245049549629e+01
1.742700000000191721e+03,7.215085946049514121e+01
1.742800000000191631e+03,7.214924461184322979e+01
1.742900000000191540e+03,7.214767584392376421e+01
1.743000000000191676e+03,7.214615121206750814e+01
1.743100000000191812e+03,7.214417085851113143e+01
1.743200000000191721e+03,7.214224622025800215e+01
1.743300000000191631e+03,7.214037497868122273e+01
1.743400000000191767e+03,7.213855494204838692e+01
1.743500000000191903e+03,7.213678403695797670e+01
1.743600000000191812e+03,7.213506030045972750e+01
1.743700000000191721e+03,7.213338187279673264e+01
1.743800000000191858e+03,7.213174699071203122e+01
1.743900000000191994e+03,7.213015398126994171e+01
1.744000000000191903e+03,7.212860125614486151e+01
1.744100000000191812e+03,7.212665378574612873e+01
1.744200000000191949e+03,7.212475465690869214e+01
1.744300000000192085e+03,7.212290209174322797e+01
1.744400000000191994e+03,7.212109439848671855e+01
1.744500000000191903e+03,7.211932996634953952e+01
1.744600000000192040e+03,7.211760726072820660e+01
1.744700000000192176e+03,7.211592481875382532e+01
1.744800000000192085e+03,7.211428124514883109e+01
1.744900000000191994e+03,7.211267520836794631e+01
1.745000000000192131e+03,7.211110543699950881e+01
1.745100000000192267e+03,7.210917951447689234e+01
1.745200000000192176e+03,7.210729535437744175e+01
1.745300000000192085e+03,7.210545161288308691e+01
1.745400000000192222e+03,7.210364700321858322e+01
1.745500000000192358e+03,7.210188029265646037e+01
1.745600000000192267e+03,7.210015029970897160e+01
1.745700000000192176e+03,7.209845589149304601e+01
1.745800000000192313e+03,7.209679598125637767e+01
1.745900000000192449e+03,7.209516952605311246e+01
1.746000000000192358e+03,7.209357552455783491e+01
1.746100000000192267e+03,7.209167856553254694e+01
1.746200000000192404e+03,7.208981703356035098e+01
1.746300000000192540e+03,7.208798994538476279e+01
1.746400000000192449e+03,7.208619635380209445e+01
1.746500000000192358e+03,7.208443534602386649e+01
1.746600000000192495e+03,7.208270604212799526e+01
1.746700000000192631e+03,7.208100759359265908e+01
1.746800000000192540e+03,7.207933918190809663e+01
1.746900000000192449e+03,7.207770001726116504e+01
1.747000000000192586e+03,7.207608933728830891e+01
1.747100000000192722e+03,7.207421447419388016e+01
1.747200000000192631e+03,7.207236916062312559e+01
1.747300000000192540e+03,7.207055270344767450e+01
1.747400000000192676e+03,7.206876443104883379e+01
1.747500000000192813e+03,7.206700369248963511e+01
1.747600000000192722e+03,7.206526985672471142e+01
1.747700000000192631e+03,7.206356231184639682e+01
1.747800000000192767e+03,7.206188046436456318e+01
1.747900000000192904e+03,7.206022373851892837e+01
1.748000000000192813e+03,7.205859157562142059e+01
1.748100000000192722e+03,7.205673747104212623e+01
1.748200000000192858e+03,7.205490727083676461e+01
1.748300000000192995e+03,7.205310051567926166e+01
1.748400000000192904e+03,7.205131675793656143e+01
1.748500000000192813e+03,7.204955556129907279e+01
1.748600000000192949e+03,7.204781650042475860e+01
1.748700000000193086e+03,7.204609916059679620e+01
1.748800000000192995e+03,7.204440313739367241e+01
1.748900000000192904e+03,7.204272803637182676e+01
1.749000000000193040e+03,7.204107347275936490e+01
1.749100000000193177e+03,7.203924070489003384e+01
1.749200000000193086e+03,7.203742634226119890e+01
1.749300000000192995e+03,7.203563010901106622e+01
1.749400000000193131e+03,7.203385173476330294e+01
1.749500000000193268e+03,7.203209095449143717e+01
1.749600000000193177e+03,7.203034750838713762e+01
1.749700000000193086e+03,7.202862114173240116e+01
1.749800000000193222e+03,7.202691160477557730e+01
1.749900000000193359e+03,7.202521865261083178e+01
1.750000000000193268e+03,7.202354204506094959e+01
1.750100000000193177e+03,7.202173057435098258e+01
1.750200000000193313e+03,7.201993209995220013e+01
1.750300000000193450e+03,7.201814648250240225e+01
1.750400000000193359e+03,7.201637358462484428e+01
1.750500000000193268e+03,7.201461327089293718e+01
1.750600000000193404e+03,7.201286540779594247e+01
1.750700000000193540e+03,7.201112986370497993e+01
1.750800000000193450e+03,7.200940650884018623e+01
1.750900000000193359e+03,7.200769521523824324e+01
1.751000000000193495e+03,7.200599585672055980e+01
1.751100000000193631e+03,7.200421135685336083e+01
1.751200000000193540e+03,7.200243446499516153e+01
1.751300000000193450e+03,7.200066513259565681e+01
1.751400000000193586e+03,7.199890331151677003e+01
1.751500000000193722e+03,7.199714895402827608e+01
1.751600000000193631e+03,7.199540201280348128e+01
1.751700000000193540e+03,7.199366244091497435e+01
1.751800000000193677e+03,7.199193019183046260e+01
1.751900000000193813e+03,7.199020521940852291e+01
1.752000000000193722e+03,7.198848747789378422e+01
1.752100000000193631e+03,7.198631291004345201e+01
1.752200000000193768e+03,7.198414110224362616e+01
1.752300000000193904e+03,7.198197204924288428e+01
1.752400000000193813e+03,7.197980574580311952e+01
1.752500000000193722e+03,7.197764218669949798e+01
1.752600000000193859e+03,7.197548136672041608e+01
1.752700000000193995e+03,7.197332328066741525e+01
1.752800000000193904e+03,7.197116792335529567e+01
1.752900000000193813e+03,7.196901528961183203e+01
1.753000000000193950e+03,7.196686537427795827e+01
1.753100000000194086e+03,7.196471879279245343e+01
1.753200000000193995e+03,7.196256826331946854e+01
1.753300000000193904e+03,7.196041377495727431e+01
1.753400000000194041e+03,7.195825531676395315e+01
1.753500000000194177e+03,7.195609287775725704e+01
1.753600000000194086e+03,7.195392644691442285e+01
1.753700000000193995e+03,7.195175601317188807e+01
1.753800000000194132e+03,7.194958156542517713e+01
1.753900000000194268e+03,7.194740309252877353e+01
1.754000000000194177e+03,7.194522058329593506e+01
1.754100000000194086e+03,7.194311061417494102e+01
1.754200000000194223e+03,7.194098987459254602e+01
1.754300000000194359e+03,7.193885828187003995e+01
1.754400000000194268e+03,7.193671575248036731e+01
1.754500000000194177e+03,7.193456220203704277e+01
1.754600000000194314e+03,7.193239754528326557e+01
1.754700000000194450e+03,7.193022169608059357e+01
1.754800000000194359e+03,7.192803456739747503e+01
1.754900000000194268e+03,7.192583607129765255e+01
1.755000000000194404e+03,7.192362611892878022e+01
1.755100000000194541e+03,7.192155680203038060e+01
1.755200000000194450e+03,7.191946975012874077e+01
1.755300000000194359e+03,7.191736473424684561e+01
1.755400000000194495e+03,7.191524152144887694e+01
1.755500000000194632e+03,7.191309987475433729e+01
1.755600000000194541e+03,7.191093955304975793e+01
1.755700000000194450e+03,7.190876031099828936e+01
1.755800000000194586e+03,7.190656189894684758e+01
1.755900000000194723e+03,7.190434406283067403e+01
1.756000000000194632e+03,7.190210654407597701e+01
1.756100000000194541e+03,7.190006354209643291e+01
1.756200000000194677e+03,7.189799541984775999e+01
1.756300000000194814e+03,7.189590171115463590e+01
1.756400000000194723e+03,7.189378193823505114e+01
1.756500000000194632e+03,7.189163561133686642e+01
1.756600000000194768e+03,7.188946222836052868e+01
1.756700000000194905e+03,7.188726127446747682e+01
1.756800000000194814e+03,7.188503222167362594e+01
1.756900000000194723e+03,7.188277452842700654e+01
1.757000000000194859e+03,7.188048763916985706e+01
1.757100000000194996e+03,7.187848658374716138e+01
1.757200000000194905e+03,7.187645281658589624e+01
1.757300000000194814e+03,7.187438552895574162e+01
1.757400000000194950e+03,7.187228388524584943e+01
1.757500000000195087e+03,7.187014702183887493e+01
1.757600000000194996e+03,7.186797404592751093e+01
1.757700000000194905e+03,7.186576403427085324e+01
1.757800000000195041e+03,7.186351603188641946e+01
1.757900000000195178e+03,7.186122905067428235e+01
1.758000000000195087e+03,7.185890206796963753e+01
1.758100000000194996e+03,7.185693967400989379e+01
1.758200000000195132e+03,7.185493643957232734e+01
1.758300000000195269e+03,7.185289107631975014e+01
1.758400000000195178e+03,7.185080224115066017e+01
1.758500000000195087e+03,7.184866853325804925e+01
1.758600000000195223e+03,7.184648849099667700e+01
1.758700000000195359e+03,7.184426058854398889e+01
1.758800000000195269e+03,7.184198323233870553e+01
1.758900000000195178e+03,7.183965475727956118e+01
1.759000000000195314e+03,7.183727342266617200e+01
1.759100000000195450e+03,7.183536080941054536e+01
1.759200000000195359e+03,7.183339882831809575e+01
1.759300000000195269e+03,7.183138554299483758e+01
1.759400000000195405e+03,7.182931891443489292e+01
1.759500000000195541e+03,7.182719679413234815e+01
1.759600000000195450e+03,7.182501691663058807e+01
1.759700000000195359e+03,7.182277689145502109e+01
1.759800000000195496e+03,7.182047419436862867e+01
1.759900000000195632e+03,7.181810615788315033e+01
1.760000000000195541e+03,7.181566996095207855e+01
1.760100000000195450e+03,7.181380932738591127e+01
1.760200000000195587e+03,7.181189010920000726e+01
1.760300000000195723e+03,7.180990949521076061e+01
1.760400000000195632e+03,7.180786449145142569e+01
1.760500000000195541e+03,7.180575190607081026e+01
1.760600000000195678e+03,7.180356833270995764e+01
1.760700000000195814e+03,7.180131013217413738e+01
1.760800000000195723e+03,7.179897341219322016e+01
1.760900000000195632e+03,7.179655400503325779e+01
1.761000000000195769e+03,7.179404744269029948e+01
1.761100000000195905e+03,7.179225507866769362e+01
1.761200000000195814e+03,7.179039445341736325e+01
1.761300000000195723e+03,7.178846159170323915e+01
1.761400000000195860e+03,7.178645220351167211e+01
1.761500000000195996e+03,7.178436165226514731e+01
1.761600000000195905e+03,7.178218491910514842e+01
1.761700000000195814e+03,7.177991656266439691e+01
1.761800000000195951e+03,7.177755067365048092e+01
1.761900000000196087e+03,7.177508082344225215e+01
1.762000000000195996e+03,7.177250000575843103e+01
1.762100000000195905e+03,7.177024728425213596e+01
1.762200000000196042e+03,7.176801346905580203e+01
1.762300000000196178e+03,7.176579832315287888e+01
1.762400000000196087e+03,7.176360161347206201e+01
1.762500000000195996e+03,7.176142311080566571e+01
1.762600000000196133e+03,7.175926258972975802e+01
1.762700000000196269e+03,7.175711982852645576e+01
1.762800000000196178e+03,7.175499460910810967e+01
1.762900000000196087e+03,7.175288671694320897e+01
1.763000000000196223e+03,7.175079594098357916e+01
1.763100000000196360e+03,7.174834662430740195e+01
1.763200000000196269e+03,7.174596960607983931e+01
1.763300000000196178e+03,7.174366173172195715e+01
1.763400000000196314e+03,7.174142002754763325e+01
1.763500000000196451e+03,7.173924168798083656e+01
1.763600000000196360e+03,7.173712406384144913e+01
1.763700000000196269e+03,7.173506465159731249e+01
1.763800000000196405e+03,7.173306108349052579e+01
1.763900000000196542e+03,7.173111111845625487e+01
1.764000000000196451e+03,7.172921263375967271e+01
1.764100000000196360e+03,7.172679496217078565e+01
1.764200000000196496e+03,7.172444072552440275e+01
1.764300000000196633e+03,7.172214745953748150e+01
1.764400000000196542e+03,7.171991282593664607e+01
1.764500000000196451e+03,7.171773460450548043e+01
1.764600000000196587e+03,7.171561068572673037e+01
1.764700000000196724e+03,7.171353906396798550e+01
1.764800000000196633e+03,7.171151783116458489e+01
1.764900000000196542e+03,7.170954517095790948e+01
1.765000000000196678e+03,7.170761935325030834e+01
1.765100000000196815e+03,7.170523402399693680e+01
1.765200000000196724e+03,7.170290393582662603e+01
1.765300000000196633e+03,7.170062719173934340e+01
1.765400000000196769e+03,7.169840198061028502e+01
1.765500000000196906e+03,7.169622657238502939e+01
1.765600000000196815e+03,7.169409931359346899e+01
1.765700000000196724e+03,7.169201862315857454e+01
1.765800000000196860e+03,7.168998298847735384e+01
1.765900000000196997e+03,7.168799096175362706e+01
1.766000000000196906e+03,7.168604115656317788e+01
1.766100000000196815e+03,7.168367723092866584e+01
1.766200000000196951e+03,7.168136111412789546e+01
1.766300000000197088e+03,7.167909137032718547e+01
1.766400000000196997e+03,7.167686662061909431e+01
1.766500000000196906e+03,7.167468554022897820e+01
1.766600000000197042e+03,7.167254685588439145e+01
1.766700000000197178e+03,7.167044934333634387e+01
1.766800000000197088e+03,7.166839182502259575e+01
1.766900000000196997e+03,7.166637316786294321e+01
1.767000000000197133e+03,7.166439228117798166e+01
1.767100000000197269e+03,7.166207326893466245e+01
1.767200000000197178e+03,7.165979460573642257e+01
1.767300000000197088e+03,7.165755524760155026e+01
1.767400000000197224e+03,7.165535418625604791e+01
1.767500000000197360e+03,7.165319044761987755e+01
1.767600000000197269e+03,7.165106309036961818e+01
1.767700000000197178e+03,7.164897120457305846e+01
1.767800000000197315e+03,7.164691391039134771e+01
1.767900000000197451e+03,7.164489035684526641e+01
1.768000000000197360e+03,7.164289972064085532e+01
1.768100000000197269e+03,7.164059703005688107e+01
1.768200000000197406e+03,7.163832806629811500e+01
1.768300000000197542e+03,7.163609209377135301e+01
1.768400000000197451e+03,7.163388839812041908e+01
1.768500000000197360e+03,7.163171628546517411e+01
1.768600000000197497e+03,7.162957508167311005e+01
1.768700000000197633e+03,7.162746413166179593e+01
1.768800000000197542e+03,7.162538279873072611e+01
1.768900000000197451e+03,7.162333046392100755e+01
1.769000000000197588e+03,7.162130652540108144e+01
1.769100000000197724e+03,7.161902424702468295e+01
1.769200000000197633e+03,7.161676918600005592e+01
1.769300000000197542e+03,7.161454085834152750e+01
1.769400000000197679e+03,7.161233879147101788e+01
1.769500000000197815e+03,7.161016252388377268e+01
1.769600000000197724e+03,7.160801160482606065e+01
1.769700000000197633e+03,7.160588559398372865e+01
1.769800000000197770e+03,7.160378406118194050e+01
1.769900000000197906e+03,7.160170658609484917e+01
1.770000000000197815e+03,7.159965275796491824e+01
1.770100000000197724e+03,7.159740136701728375e+01
1.770200000000197861e+03,7.159517071721907655e+01
1.770300000000197997e+03,7.159296052326483562e+01
1.770400000000197906e+03,7.159077050505793238e+01
1.770500000000197815e+03,7.158860038759218014e+01
1.770600000000197952e+03,7.158644990083682558e+01
1.770700000000198088e+03,7.158431877962439671e+01
1.770800000000197997e+03,7.158220676354187617e+01
1.770900000000197906e+03,7.158011359682444663e+01
1.771000000000198042e+03,7.157803902825197895e+01
1.771100000000198179e+03,7.157581344975154991e+01
1.771200000000198088e+03,7.157360229200209290e+01
1.771300000000197997e+03,7.157140541529616939e+01
1.771400000000198133e+03,7.156922268172525037e+01
1.771500000000198270e+03,7.156705395515075452e+01
1.771600000000198179e+03,7.156489910117575448e+01
1.771700000000198088e+03,7.156275798711720881e+01
1.771800000000198224e+03,7.156063048197880505e+01
1.771900000000198361e+03,7.155851645642408698e+01
1.772000000000198270e+03,7.155641578275005088e+01
1.772100000000198179e+03,7.155413388250696016e+01
1.772200000000198315e+03,7.155186041131979380e+01
1.772300000000198452e+03,7.154959532257085186e+01
1.772400000000198361e+03,7.154733856998551289e+01
1.772500000000198270e+03,7.154509010762922117e+01
1.772600000000198406e+03,7.154284988990413297e+01
1.772700000000198543e+03,7.154061787154635965e+01
1.772800000000198452e+03,7.153839400762264233e+01
1.772900000000198361e+03,7.153617825352746706e+01
1.773000000000198497e+03,7.153397056497995266e+01
1.773100000000198634e+03,7.153171874249481732e+01
1.773200000000198543e+03,7.152946878170411082e+01
1.773300000000198452e+03,7.152722068030003300e+01
1.773400000000198588e+03,7.152497443597864901e+01
1.773500000000198725e+03,7.152273004643974730e+01
1.773600000000198634e+03,7.152048750938701005e+01
1.773700000000198543e+03,7.151824682252784271e+01
1.773800000000198679e+03,7.151600798357345923e+01
1.773900000000198816e+03,7.151377099023883943e+01
1.774000000000198725e+03,7.151153584024272902e+01
1.774100000000198634e+03,7.150931473623577972e+01
1.774200000000198770e+03,7.150708884446024172e+01
1.774300000000198906e+03,7.150485814941878004e+01
1.774400000000198816e+03,7.150262263554711240e+01
1.774500000000198725e+03,7.150038228721363964e+01
1.774600000000198861e+03,7.149813708871903373e+01
1.774700000000198997e+03,7.149588702429599607e+01
1.774800000000198906e+03,7.149363207810877441e+01
1.774900000000198816e+03,7.149137223425279331e+01
1.775000000000198952e+03,7.148910747675449784e+01
1.775100000000199088e+03,7.148691204304680014e+01
1.775200000000198997e+03,7.148470499623398666e+01
1.775300000000198906e+03,7.148248624392756767e+01
1.775400000000199043e+03,7.148025569275642965e+01
1.775500000000199179e+03,7.147801324835383241e+01
1.775600000000199088e+03,7.147575881534395137e+01
1.775700000000198997e+03,7.147349229732847675e+01
1.775800000000199134e+03,7.147121359687278641e+01
1.775900000000199270e+03,7.146892261549203340e+01
1.776000000000199179e+03,7.146661925363730461e+01
1.776100000000199088e+03,7.146446188745065342e+01
1.776200000000199225e+03,7.146228592112343847e+01
1.776300000000199361e+03,7.146009111306727846e+01
1.776400000000199270e+03,7.145787721749171340e+01
1.776500000000199179e+03,7.145564398431255881e+01
1.776600000000199316e+03,7.145339115905765937e+01
1.776700000000199452e+03,7.145111848277019817e+01
1.776800000000199361e+03,7.144882569190954769e+01
1.776900000000199270e+03,7.144651251824932103e+01
1.777000000000199407e+03,7.144417868877330591e+01
1.777100000000199543e+03,7.144206070044056389e+01
1.777200000000199452e+03,7.143991687452361816e+01
1.777300000000199361e+03,7.143774673532743691e+01
1.777400000000199498e+03,7.143554979540748207e+01
1.777500000000199634e+03,7.143332555520481719e+01
1.777600000000199543e+03,7.143107350266734556e+01
1.777700000000199452e+03,7.142879311285676636e+01
1.777800000000199589e+03,7.142648384754070889e+01
1.777900000000199725e+03,7.142414515476919235e+01
1.778000000000199634e+03,7.142177646843541083e+01
1.778100000000199543e+03,7.141968826056303499e+01
1.778200000000199680e+03,7.141756645236392842e+01
1.778300000000199816e+03,7.141541022629121471e+01
1.778400000000199725e+03,7.141321873805824794e+01
1.778500000000199634e+03,7.141099111553640455e+01
1.778600000000199771e+03,7.140872645759780823e+01
1.778700000000199907e+03,7.140642383290004602e+01
1.778800000000199816e+03,7.140408227860889667e+01
1.778900000000199725e+03,7.140170079905614386e+01
1.779000000000199861e+03,7.139927836432856623e+01
1.779100000000199998e+03,7.139723979854261415e+01
1.779200000000199907e+03,7.139515969077702096e+01
1.779300000000199816e+03,7.139303675814412031e+01
1.779400000000199952e+03,7.139086966438306092e+01
1.779500000000200089e+03,7.138865701705512379e+01
1.779600000000199998e+03,7.138639736455996854e+01
1.779700000000199907e+03,7.138408919295999056e+01
1.779800000000200043e+03,7.138173092259764019e+01
1.779900000000200180e+03,7.137932090449021416e+01
1.780000000000200089e+03,7.137685741648577675e+01
1.780100000000199998e+03,7.137485505139341058e+01
1.780200000000200134e+03,7.137280229850320268e+01
1.780300000000200271e+03,7.137069723163129709e+01
1.780400000000200180e+03,7.136853782514988609e+01
1.780500000000200089e+03,7.136632194748574420e+01
1.780600000000200225e+03,7.136404735410194178e+01
1.780700000000200362e+03,7.136171167991423658e+01
1.780800000000200271e+03,7.135931243108804267e+01
1.780900000000200180e+03,7.135684697615650407e+01
1.781000000000200316e+03,7.135431253639416127e+01
1.781100000000200453e+03,7.135238416764528324e+01
1.781200000000200362e+03,7.135039678743358138e+01
1.781300000000200271e+03,7.134834764488705616e+01
1.781400000000200407e+03,7.134623381545587506e+01
1.781500000000200544e+03,7.134405218698589124e+01
1.781600000000200453e+03,7.134179944443062027e+01
1.781700000000200362e+03,7.133947205304293959e+01
1.781800000000200498e+03,7.133706623986816453e+01
1.781900000000200635e+03,7.133457797333402084e+01
1.782000000000200544e+03,7.133200294070719849e+01
1.782100000000200453e+03,7.133012400274988352e+01
1.782200000000200589e+03,7.132817575788087083e+01
1.782300000000200725e+03,7.132615429934280371e+01
1.782400000000200635e+03,7.132405542112921637e+01
1.782500000000200544e+03,7.132187458877271524e+01
1.782600000000200680e+03,7.131960690664342906e+01
1.782700000000200816e+03,7.131724708126098733e+01
1.782800000000200725e+03,7.131478938004146073e+01
1.782900000000200635e+03,7.131222758480268453e+01
1.783000000000200771e+03,7.130955493923485733e+01
1.783100000000200907e+03,7.130729108577359909e+01
1.783200000000200816e+03,7.130503203010303537e+01
1.783300000000200725e+03,7.130277775698735354e+01
1.783400000000200862e+03,7.130052825125514460e+01
1.783500000000200998e+03,7.129828349779918994e+01
1.783600000000200907e+03,7.129604348157594984e+01
1.783700000000200816e+03,7.129380818760537863e+01
1.783800000000200953e+03,7.129157760097045582e+01
1.783900000000201089e+03,7.128935170681698708e+01
1.784000000000200998e+03,7.128713049035245319e+01
1.784100000000200907e+03,7.128458325780671601e+01
1.784200000000201044e+03,7.128211018628361728e+01
1.784300000000201180e+03,7.127970808352827703e+01
1.784400000000201089e+03,7.127737393790802400e+01
1.784500000000200998e+03,7.127510490581563829e+01
1.784600000000201135e+03,7.127289830011258687e+01
1.784700000000201271e+03,7.127075157951287565e+01
1.784800000000201180e+03,7.126866233881983703e+01
1.784900000000201089e+03,7.126662829993675530e+01
1.785000000000201226e+03,7.126464730357959354e+01
1.785100000000201362e+03,7.126212020553433035e+01
1.785200000000201271e+03,7.125965874135253841e+01
1.785300000000201180e+03,7.125726038684646824e+01
1.785400000000201317e+03,7.125492274562573414e+01
1.785500000000201453e+03,7.125264354111065757e+01
1.785600000000201362e+03,7.125042060913700936e+01
1.785700000000201271e+03,7.124825189110185875e+01
1.785800000000201408e+03,7.124613542760506846e+01
1.785900000000201544e+03,7.124406935254465623e+01
1.786000000000201453e+03,7.124205188762806529e+01
1.786100000000201362e+03,7.123957841604195096e+01
1.786200000000201499e+03,7.123716190306714680e+01
1.786300000000201635e+03,7.123480040365143395e+01
1.786400000000201544e+03,7.123249206030675396e+01
1.786500000000201453e+03,7.123023509823646293e+01
1.786600000000201590e+03,7.122802782078443329e+01
1.786700000000201726e+03,7.122586860518143226e+01
1.786800000000201635e+03,7.122375589856638101e+01
1.786900000000201544e+03,7.122168821426187435e+01
1.787000000000201680e+03,7.121966412828447801e+01
1.787100000000201817e+03,7.121720711269149717e+01
1.787200000000201726e+03,7.121479979376402980e+01
1.787300000000201635e+03,7.121244067881833928e+01
1.787400000000201771e+03,7.121012833435696621e+01
1.787500000000201908e+03,7.120786138316391600e+01
1.787600000000201817e+03,7.120563850156948149e+01
1.787700000000201726e+03,7.120345841687286281e+01
1.787800000000201862e+03,7.120131990491235285e+01
1.787900000000201999e+03,7.119922178777314059e+01
1.788000000000201908e+03,7.119716293162308318e+01
1.788100000000201817e+03,7.119474790510619755e+01
1.788200000000201953e+03,7.119237521109090494e+01
1.788300000000202090e+03,7.119004374619120767e+01
1.788400000000201999e+03,7.118775244503676447e+01
1.788500000000201908e+03,7.118550027864966978e+01
1.788600000000202044e+03,7.118328625290369871e+01
1.788700000000202181e+03,7.118110940706112899e+01
1.788800000000202090e+03,7.117896881238274887e+01
1.788900000000201999e+03,7.117686357080656023e+01
1.789000000000202135e+03,7.117479281369088540e+01
1.789100000000202272e+03,7.117239207145701130e+01
1.789200000000202181e+03,7.117002710307794189e+01
1.789300000000202090e+03,7.116769711485903827e+01
1.789400000000202226e+03,7.116540133641228749e+01
1.789500000000202363e+03,7.116313901980709034e+01
1.789600000000202272e+03,7.116090943875784092e+01
1.789700000000202181e+03,7.115871188784655033e+01
1.789800000000202317e+03,7.115654568177876627e+01
1.789900000000202454e+03,7.115441015467101238e+01
1.790000000000202363e+03,7.115230465936781457e+01
1.790100000000202272e+03,7.114993427363866374e+01
1.790200000000202408e+03,7.114759307632145635e+01
1.790300000000202544e+03,7.114528053158559828e+01
1.790400000000202454e+03,7.114299611663628298e+01
1.790500000000202363e+03,7.114073932132028233e+01
1.790600000000202499e+03,7.113850964774624686e+01
1.790700000000202635e+03,7.113630660991849197e+01
1.790800000000202544e+03,7.113412973338384404e+01
1.790900000000202454e+03,7.113197855489092092e+01
1.791000000000202590e+03,7.112985262206107961e+01
1.791100000000202726e+03,7.112751343309243168e+01
1.791200000000202635e+03,7.112519701657021187e+01
1.791300000000202544e+03,7.112290304156418586e+01
1.791400000000202681e+03,7.112063118352527624e+01
1.791500000000202817e+03,7.111838112413256852e+01
1.791600000000202726e+03,7.111615255114465128e+01
1.791700000000202635e+03,7.111394515825506346e+01
1.791800000000202772e+03,7.111175864495200472e+01
1.791900000000202908e+03,7.110959271638203916e+01
1.792000000000202817e+03,7.110744708321701069e+01
1.792100000000202726e+03,7.110512132998043455e+01
1.792200000000202863e+03,7.110281219483017878e+01
1.792300000000202999e+03,7.110051950028976364e+01
1.792400000000202908e+03,7.109824307140091548e+01
1.792500000000202817e+03,7.109598273567910098e+01
1.792600000000202954e+03,7.109373832306995666e+01
1.792700000000203090e+03,7.109150966590661369e+01
1.792800000000202999e+03,7.108929659886798902e+01
1.792900000000202908e+03,7.108709895893787234e+01
1.793000000000203045e+03,7.108491658536463831e+01
1.793100000000203181e+03,7.108263248077193452e+01
1.793200000000203090e+03,7.108035868589328743e+01
1.793300000000202999e+03,7.107809513108377075e+01
1.793400000000203136e+03,7.107584174732434690e+01
1.793500000000203272e+03,7.107359846621481836e+01
1.793600000000203181e+03,7.107136521996700651e+01
1.793700000000203090e+03,7.106914194139775987e+01
1.793800000000203227e+03,7.106692856392237445e+01
1.793900000000203363e+03,7.106472502154787207e+01
1.794000000000203272e+03,7.106253124886555383e+01
1.794100000000203181e+03,7.105990744749080079e+01
1.794200000000203318e+03,7.105728840220233167e+01
1.794300000000203454e+03,7.105467410008003526e+01
1.794400000000203363e+03,7.105206452825058250e+01
1.794500000000203272e+03,7.104945967388711381e+01
1.794600000000203408e+03,7.104685952420919648e+01
1.794700000000203545e+03,7.104426406648242676e+01
1.794800000000203454e+03,7.104167328801841563e+01
1.794900000000203363e+03,7.103908717617439095e+01
1.795000000000203499e+03,7.103650571835314054e+01
1.795100000000203636e+03,7.103391610207314955e+01
1.795200000000203545e+03,7.103132393451716098e+01
1.795300000000203454e+03,7.102872921191305977e+01
1.795400000000203590e+03,7.102613193048129858e+01
1.795500000000203727e+03,7.102353208643484095e+01
1.795600000000203636e+03,7.102092967597924655e+01
1.795700000000203545e+03,7.101832469531250069e+01
1.795800000000203681e+03,7.101571714062509955e+01
1.795900000000203818e+03,7.101310700810002174e+01
1.796000000000203727e+03,7.101049429391282786e+01
1.796100000000203636e+03,7.100793339918087099e+01
1.796200000000203772e+03,7.100536248215479418e+01
1.796300000000203909e+03,7.100278148388450461e+01
1.796400000000203818e+03,7.100019034495670667e+01
1.796500000000203727e+03,7.099758900549028340e+01
1.796600000000203863e+03,7.099497740513174904e+01
1.796700000000204000e+03,7.099235548305048837e+01
1.796800000000203909e+03,7.098972317793420928e+01
1.796900000000203818e+03,7.098708042798398310e+01
1.797000000000203954e+03,7.098442717090973986e+01
1.797100000000204091e+03,7.098190792872196653e+01
1.797200000000204000e+03,7.097937102363214024e+01
1.797300000000203909e+03,7.097681626922964426e+01
1.797400000000204045e+03,7.097424347647151421e+01
1.797500000000204182e+03,7.097165245363575536e+01
1.797600000000204091e+03,7.096904300627376472e+01
1.797700000000204000e+03,7.096641493716164462e+01
1.797800000000204136e+03,7.096376804625049317e+01
1.797900000000204273e+03,7.096110213061572836e+01
1.798000000000204182e+03,7.095841698440561629e+01
1.798100000000204091e+03,7.095593648243568907e+01
1.798200000000204227e+03,7.095343038320228857e+01
1.798300000000204363e+03,7.095089828842829149e+01
1.798400000000204273e+03,7.094833979153087000e+01
1.798500000000204182e+03,7.094575447740393770e+01
1.798600000000204318e+03,7.094314192219354709e+01
1.798700000000204454e+03,7.094050169306626685e+01
1.798800000000204363e+03,7.093783334797015527e+01
1.798900000000204273e+03,7.093513643538793190e+01
1.799000000000204409e+03,7.093241049408302956e+01
1.799100000000204545e+03,7.092997683277090459e+01
1.799200000000204454e+03,7.092750935906197185e+01
1.799300000000204363e+03,7.092500736336118905e+01
1.799400000000204500e+03,7.092247011607814500e+01
1.799500000000204636e+03,7.091989686691751160e+01
1.799600000000204545e+03,7.091728684413943995e+01
1.799700000000204454e+03,7.091463925378788247e+01
1.799800000000204591e+03,7.091195327888534905e+01
1.799900000000204727e+03,7.090922807859250554e+01
1.800000000000204636e+03,7.090646278733126451e+01
1.800100000000204545e+03,7.090406749503331696e+01
1.800200000000204682e+03,7.090162955065298434e+01
1.800300000000204818e+03,7.089914780472146560e+01
1.800400000000204727e+03,7.089662106609146974e+01
1.800500000000204636e+03,7.089404810003088642e+01
1.800600000000204773e+03,7.089142762621092686e+01
1.800700000000204909e+03,7.088875831658180005e+01
1.800800000000204818e+03,7.088603879312833556e+01
1.800900000000204727e+03,7.088326762549795035e+01
1.801000000000204864e+03,7.088044332849310081e+01
1.801100000000205000e+03,7.087809890113103961e+01
1.801200000000204909e+03,7.087570257700259901e+01
1.801300000000204818e+03,7.087325261362416029e+01
1.801400000000204955e+03,7.087074718962180953e+01
1.801500000000205091e+03,7.086818440021549748e+01
1.801600000000205000e+03,7.086556225238952322e+01
1.801700000000204909e+03,7.086287865972339262e+01
1.801800000000205046e+03,7.086013143685511295e+01
1.801900000000205182e+03,7.085731829354587319e+01
1.802000000000205091e+03,7.085443682831356682e+01
1.802100000000205000e+03,7.085214292888583998e+01
1.802200000000205137e+03,7.084978707757264260e+01
1.802300000000205273e+03,7.084736673029581766e+01
1.802400000000205182e+03,7.084487920174589703e+01
1.802500000000205091e+03,7.084232165544388238e+01
1.802600000000205227e+03,7.083969109295162525e+01
1.802700000000205364e+03,7.083698434214508666e+01
1.802800000000205273e+03,7.083419804445328793e+01
1.802900000000205182e+03,7.083132864095570369e+01
1.803000000000205318e+03,7.082837235721841296e+01
1.803100000000205455e+03,7.082614221155053258e+01
1.803200000000205364e+03,7.082383942262731580e+01
1.803300000000205273e+03,7.082146038233632623e+01
1.803400000000205409e+03,7.081900123959431426e+01
1.803500000000205546e+03,7.081645787954495574e+01
1.803600000000205455e+03,7.081382590058203164e+01
1.803700000000205364e+03,7.081110058892829784e+01
1.803800000000205500e+03,7.080827689046122941e+01
1.803900000000205637e+03,7.080534937943122031e+01
1.804000000000205546e+03,7.080231222366693089e+01
1.804100000000205455e+03,7.080013138803012396e+01
1.804200000000205591e+03,7.079787010043469309e+01
1.804300000000205728e+03,7.079552382536131461e+01
1.804400000000205637e+03,7.079308767983852135e+01
1.804500000000205546e+03,7.079055639952149193e+01
1.804600000000205682e+03,7.078792430071766262e+01
1.804700000000205819e+03,7.078518523778289762e+01
1.804800000000205728e+03,7.078233255521553247e+01
1.804900000000205637e+03,7.077935903366284265e+01
1.805000000000205773e+03,7.077625682891778069e+01
1.805100000000205910e+03,7.077331245065440157e+01
1.805200000000205819e+03,7.077045728656804613e+01
1.805300000000205728e+03,7.076768734240894787e+01
1.805400000000205864e+03,7.076499885885915830e+01
1.805500000000206001e+03,7.076238829451024515e+01
1.805600000000205910e+03,7.075985231029982003e+01
1.805700000000205819e+03,7.075738775526326663e+01
1.805800000000205955e+03,7.075499165347262931e+01
1.805900000000206091e+03,7.075266119204896142e+01
1.806000000000206001e+03,7.075039371014503331e+01
1.806100000000205910e+03,7.074745791935788475e+01
1.806200000000206046e+03,7.074460193130502716e+01
1.806300000000206182e+03,7.074182253573685841e+01
1.806400000000206091e+03,7.073911669231172539e+01
1.806500000000206001e+03,7.073648151950193608e+01
1.806600000000206137e+03,7.073391428435768091e+01
1.806700000000206273e+03,7.073141239305276429e+01
1.806800000000206182e+03,7.072897338214298202e+01
1.806900000000206091e+03,7.072659491047548386e+01
1.807000000000206228e+03,7.072427475169209288e+01
1.807100000000206364e+03,7.072138343798120275e+01
1.807200000000206273e+03,7.071856233864171770e+01
1.807300000000206182e+03,7.071580892666638363e+01
1.807400000000206319e+03,7.071312079487266544e+01
1.807500000000206455e+03,7.071049564888380701e+01
1.807600000000206364e+03,7.070793130059736598e+01
1.807700000000206273e+03,7.070542566210247060e+01
1.807800000000206410e+03,7.070297674001010080e+01
1.807900000000206546e+03,7.070058263016407807e+01
1.808000000000206455e+03,7.069824151270208290e+01
1.808100000000206364e+03,7.069539525181572515e+01
1.808200000000206501e+03,7.069261031671892681e+01
1.808300000000206637e+03,7.068988474653993137e+01
1.808400000000206546e+03,7.068721666312295326e+01
1.808500000000206455e+03,7.068460426671222763e+01
1.808600000000206592e+03,7.068204583190340884e+01
1.808700000000206728e+03,7.067953970384334639e+01
1.808800000000206637e+03,7.067708429466054554e+01
1.808900000000206546e+03,7.067467808011014085e+01
1.809000000000206683e+03,7.067231959641755168e+01
1.809100000000206819e+03,7.066948909352120722e+01
1.809200000000206728e+03,7.066671216199559069e+01
1.809300000000206637e+03,7.066398729522437350e+01
1.809400000000206774e+03,7.066131304256170154e+01
1.809500000000206910e+03,7.065868800675698935e+01
1.809600000000206819e+03,7.065611084152060073e+01
1.809700000000206728e+03,7.065358024922159075e+01
1.809800000000206865e+03,7.065109497870894018e+01
1.809900000000207001e+03,7.064865382324900622e+01
1.810000000000206910e+03,7.064625561857091895e+01
1.810100000000206819e+03,7.064345521563713248e+01
1.810200000000206956e+03,7.064070070015137048e+01
1.810300000000207092e+03,7.063799095341049394e+01
1.810400000000207001e+03,7.063532489278244952e+01
1.810500000000206910e+03,7.063270147026409518e+01
1.810600000000207046e+03,7.063011967110762157e+01
1.810700000000207183e+03,7.062757851251193131e+01
1.810800000000207092e+03,7.062507704237513906e+01
1.810900000000207001e+03,7.062261433810523670e+01
1.811000000000207137e+03,7.062018950548491603e+01
1.811100000000207274e+03,7.061742917570028055e+01
1.811200000000207183e+03,7.061470722712748227e+01
1.811300000000207092e+03,7.061202286478184931e+01
1.811400000000207228e+03,7.060937531548331947e+01
1.811500000000207365e+03,7.060676382711409360e+01
1.811600000000207274e+03,7.060418766790618861e+01
1.811700000000207183e+03,7.060164612575782428e+01
1.811800000000207319e+03,7.059913850757719445e+01
1.811900000000207456e+03,7.059666413865234347e+01
1.812000000000207365e+03,7.059422236204518697e+01
1.812100000000207274e+03,7.059148278008497357e+01
1.812200000000207410e+03,7.058877457955843227e+01
1.812300000000207547e+03,7.058609722433294564e+01
1.812400000000207456e+03,7.058345019041939850e+01
1.812500000000207365e+03,7.058083296563029307e+01
1.812600000000207501e+03,7.057824504924940356e+01
1.812700000000207638e+03,7.057568595171234449e+01
1.812800000000207547e+03,7.057315519429788253e+01
1.812900000000207456e+03,7.057065230882933804e+01
1.813000000000207592e+03,7.056817683738539415e+01
1.813100000000207729e+03,7.056547196363652574e+01
1.813200000000207638e+03,7.056279145136421960e+01
1.813300000000207547e+03,7.056013497292607894e+01
1.813400000000207683e+03,7.055750220652878113e+01
1.813500000000207820e+03,7.055489283609828988e+01
1.813600000000207729e+03,7.055230655115325078e+01
1.813700000000207638e+03,7.054974304668185425e+01
1.813800000000207774e+03,7.054720202302193854e+01
1.813900000000207910e+03,7.054468318574420493e+01
1.814000000000207820e+03,7.054218624553806194e+01
1.814100000000207729e+03,7.053950385335157591e+01
1.814200000000207865e+03,7.053683899511457867e+01
1.814300000000208001e+03,7.053419149946630284e+01
1.814400000000207910e+03,7.053156119727171358e+01
1.814500000000207820e+03,7.052894792158546977e+01
1.814600000000207956e+03,7.052635150761655325e+01
1.814700000000208092e+03,7.052377179269376484e+01
1.814800000000208001e+03,7.052120861623160408e+01
1.814900000000207910e+03,7.051866181969700165e+01
1.815000000000208047e+03,7.051613124657640697e+01
1.815100000000208183e+03,7.051348493967250874e+01
1.815200000000208092e+03,7.051084928652143446e+01
1.815300000000208001e+03,7.050822422291606983e+01
1.815400000000208138e+03,7.050560968516424509e+01
1.815500000000208274e+03,7.050300561008356226e+01
1.815600000000208183e+03,7.050041193499626502e+01
1.815700000000208092e+03,7.049782859772422228e+01
1.815800000000208229e+03,7.049525553658401122e+01
1.815900000000208365e+03,7.049269269038195773e+01
1.816000000000208274e+03,7.049013999840876465e+01
1.816100000000208183e+03,7.048734149095751889e+01
1.816200000000208320e+03,7.048454702611867617e+01
1.816300000000208456e+03,7.048175659513889002e+01
1.816400000000208365e+03,7.047897018929000978e+01
1.816500000000208274e+03,7.047618779986910909e+01
1.816600000000208411e+03,7.047340941819827265e+01
1.816700000000208547e+03,7.047063503562461051e+01
1.816800000000208456e+03,7.046786464352010171e+01
1.816900000000208365e+03,7.046509823328156585e+01
1.817000000000208502e+03,7.046233579633044997e+01
1.817100000000208638e+03,7.045956418627905293e+01
1.817200000000208547e+03,7.045678915928668573e+01
1.817300000000208456e+03,7.045401070903068330e+01
1.817400000000208593e+03,7.045122882917272022e+01
1.817500000000208729e+03,7.044844351335885335e+01
1.817600000000208638e+03,7.044565475521940812e+01
1.817700000000208547e+03,7.044286254836897854e+01
1.817800000000208684e+03,7.044006688640634195e+01
1.817900000000208820e+03,7.043726776291444480e+01
1.818000000000208729e+03,7.043446517146045949e+01
1.818100000000208638e+03,7.043173756850886491e+01
1.818200000000208775e+03,7.042899895515154185e+01
1.818300000000208911e+03,7.042624926458576340e+01
1.818400000000208820e+03,7.042348842946732645e+01
1.818500000000208729e+03,7.042071638190498106e+01
1.818600000000208865e+03,7.041793305345488818e+01
1.818700000000209002e+03,7.041513837511509166e+01
1.818800000000208911e+03,7.041233227731966338e+01
1.818900000000208820e+03,7.040951468993301887e+01
1.819000000000208956e+03,7.040668554224434672e+01
1.819100000000209093e+03,7.040398666114090531e+01
1.819200000000209002e+03,7.040126887833700664e+01
1.819300000000208911e+03,7.039853199456688060e+01
1.819400000000209047e+03,7.039577580775392107e+01
1.819500000000209184e+03,7.039300011296096216e+01
1.819600000000209093e+03,7.039020470233957383e+01
1.819700000000209002e+03,7.038738936507796495e+01
1.819800000000209138e+03,7.038455388734821838e+01
1.819900000000209275e+03,7.038169805225200548e+01
1.820000000000209184e+03,7.037882163976588856e+01
1.820100000000209093e+03,7.037617014378375302e+01
1.820200000000209229e+03,7.037349167896059043e+01
1.820300000000209366e+03,7.037078583173578750e+01
1.820400000000209275e+03,7.036805218004955975e+01
1.820500000000209184e+03,7.036529029312336547e+01
1.820600000000209320e+03,7.036249973123365464e+01
1.820700000000209457e+03,7.035968004547846988e+01
1.820800000000209366e+03,7.035683077753674297e+01
1.820900000000209275e+03,7.035395145941988915e+01
1.821000000000209411e+03,7.035104161321631011e+01
1.821100000000209548e+03,7.034843068744297057e+01
1.821200000000209457e+03,7.034578426537102303e+01
1.821300000000209366e+03,7.034310161817232654e+01
1.821400000000209502e+03,7.034038199692831483e+01
1.821500000000209639e+03,7.033762463193303915e+01
1.821600000000209548e+03,7.033482873196676621e+01
1.821700000000209457e+03,7.033199348353913649e+01
1.821800000000209593e+03,7.032911805009995021e+01
1.821900000000209729e+03,7.032620157121634463e+01
1.822000000000209639e+03,7.032324316171518319e+01
1.822100000000209548e+03,7.032067410676415875e+01
1.822200000000209684e+03,7.031806051669109081e+01
1.822300000000209820e+03,7.031540122333188947e+01
1.822400000000209729e+03,7.031269501730722027e+01
1.822500000000209639e+03,7.030994064618860762e+01
1.822600000000209775e+03,7.030713681256584380e+01
1.822700000000209911e+03,7.030428217200919505e+01
1.822800000000209820e+03,7.030137533091992452e+01
1.822900000000209729e+03,7.029841484426174247e+01
1.823000000000209866e+03,7.029539921316661832e+01
1.823100000000210002e+03,7.029287964724464643e+01
1.823200000000209911e+03,7.029030598514961525e+01
1.823300000000209820e+03,7.028767646577320249e+01
1.823400000000209957e+03,7.028498925072427994e+01
1.823500000000210093e+03,7.028224242004259281e+01
1.823600000000210002e+03,7.027943396762407247e+01
1.823700000000209911e+03,7.027656179633466138e+01
1.823800000000210048e+03,7.027362371278773878e+01
1.823900000000210184e+03,7.027061742175804682e+01
1.824000000000210093e+03,7.026754052020307029e+01
1.824100000000210002e+03,7.026509336924726767e+01
1.824200000000210139e+03,7.026258233352605487e+01
1.824300000000210275e+03,7.026000487831220198e+01
1.824400000000210184e+03,7.025735833298899990e+01
1.824500000000210093e+03,7.025463988181998332e+01
1.824600000000210230e+03,7.025184655395611344e+01
1.824700000000210366e+03,7.024897521260551514e+01
1.824800000000210275e+03,7.024602254328316064e+01
1.824900000000210184e+03,7.024298504104757512e+01
1.825000000000210321e+03,7.023985899662322652e+01
1.825100000000210457e+03,7.023746303720902517e+01
1.825200000000210366e+03,7.023499184185814670e+01
1.825300000000210275e+03,7.023244181029919275e+01
1.825400000000210412e+03,7.022980910882509420e+01
1.825500000000210548e+03,7.022708965106197354e+01
1.825600000000210457e+03,7.022427907680483372e+01
1.825700000000210366e+03,7.022137272868971536e+01
1.825800000000210503e+03,7.021836562643973423e+01
1.825900000000210639e+03,7.021525243838546260e+01
1.826000000000210548e+03,7.021202744991911970e+01
1.826100000000210457e+03,7.020969330759676552e+01
1.826200000000210593e+03,7.020727157553025677e+01
1.826300000000210730e+03,7.020475722917852579e+01
1.826400000000210639e+03,7.020214485220165557e+01
1.826500000000210548e+03,7.019942859751260755e+01
1.826600000000210684e+03,7.019660214358832206e+01
1.826700000000210821e+03,7.019365864535340904e+01
1.826800000000210730e+03,7.019059067883291902e+01
1.826900000000210639e+03,7.018739017863251206e+01
1.827000000000210775e+03,7.018404836713774841e+01
1.827100000000210912e+03,7.018098408694375223e+01
1.827200000000210821e+03,7.017798985895196040e+01
1.827300000000210730e+03,7.017506330812555859e+01
1.827400000000210866e+03,7.017220216559165635e+01
1.827500000000211003e+03,7.016940426277503207e+01
1.827600000000210912e+03,7.016666752591645206e+01
1.827700000000210821e+03,7.016398997094664480e+01
1.827800000000210957e+03,7.016136969868942685e+01
1.827900000000211094e+03,7.015880489036922540e+01
1.828000000000211003e+03,7.015629380339964882e+01
1.828100000000210912e+03,7.015318238025346886e+01
1.828200000000211048e+03,7.015015470326795821e+01
1.828300000000211185e+03,7.014720743621067811e+01
1.828400000000211094e+03,7.014433741773609654e+01
1.828500000000211003e+03,7.014154165007431629e+01
1.828600000000211139e+03,7.013881728858633835e+01
1.828700000000211276e+03,7.013616163210971877e+01
1.828800000000211185e+03,7.013357211402539804e+01
1.828900000000211094e+03,7.013104629398385725e+01
1.829000000000211230e+03,7.012858185023289082e+01
1.829100000000211367e+03,7.012548153939833639e+01
1.829200000000211276e+03,7.012245608734967561e+01
1.829300000000211185e+03,7.011950281516637062e+01
1.829400000000211321e+03,7.011661917024599688e+01
1.829500000000211458e+03,7.011380271894572047e+01
1.829600000000211367e+03,7.011105113973223979e+01
1.829700000000211276e+03,7.010836221679963387e+01
1.829800000000211412e+03,7.010573383411829695e+01
1.829900000000211548e+03,7.010316396988142174e+01
1.830000000000211458e+03,7.010065069131700000e+01
1.830100000000211367e+03,7.009759599411513875e+01
1.830200000000211503e+03,7.009460703349144239e+01
1.830300000000211639e+03,7.009168171007453907e+01
1.830400000000211548e+03,7.008881801294583624e+01
1.830500000000211458e+03,7.008601401502959050e+01
1.830600000000211594e+03,7.008326786876830283e+01
1.830700000000211730e+03,7.008057780206307541e+01
1.830800000000211639e+03,7.007794211446022814e+01
1.830900000000211548e+03,7.007535917356676691e+01
1.831000000000211685e+03,7.007282741167773565e+01
1.831100000000211821e+03,7.006981711794496448e+01
1.831200000000211730e+03,7.006686406967695291e+01
1.831300000000211639e+03,7.006396664933507168e+01
1.831400000000211776e+03,7.006112329975263719e+01
1.831500000000211912e+03,7.005833252134443967e+01
1.831600000000211821e+03,7.005559286946953534e+01
1.831700000000211730e+03,7.005290295193759675e+01
1.831800000000211867e+03,7.005026142664996769e+01
1.831900000000212003e+03,7.004766699936681107e+01
1.832000000000211912e+03,7.004511842159168111e+01
1.832100000000211821e+03,7.004212364227159071e+01
1.832200000000211958e+03,7.003917856906453210e+01
1.832300000000212094e+03,7.003628197465340577e+01
1.832400000000212003e+03,7.003343267179691622e+01
1.832500000000211912e+03,7.003062951170716133e+01
1.832600000000212049e+03,7.002787138250516819e+01
1.832700000000212185e+03,7.002515720775056707e+01
1.832800000000212094e+03,7.002248594504075641e+01
1.832900000000212003e+03,7.001985658467611984e+01
1.833000000000212140e+03,7.001726814838659152e+01
1.833100000000212276e+03,7.001430380006256371e+01
1.833200000000212185e+03,7.001138164096839489e+01
1.833300000000212094e+03,7.000850077679899641e+01
1.833400000000212231e+03,7.000566033834803648e+01
1.833500000000212367e+03,7.000285948063341834e+01
1.833600000000212276e+03,7.000009738205933729e+01
1.833700000000212185e+03,6.999737324361271362e+01
1.833800000000212322e+03,6.999468628809260906e+01
1.833900000000212458e+03,6.999203575937097810e+01
1.834000000000212367e+03,6.998942092168248053e+01
1.834100000000212276e+03,6.998648864392785640e+01
1.834200000000212412e+03,6.998359125983226647e+01
1.834300000000212549e+03,6.998072815023579096e+01
1.834400000000212458e+03,6.997789871054108346e+01
1.834500000000212367e+03,6.997510235028762793e+01
1.834600000000212503e+03,6.997233849274110185e+01
1.834700000000212640e+03,6.996960657449665177e+01
1.834800000000212549e+03,6.996690604509615241e+01
1.834900000000212458e+03,6.996423636665836909e+01
1.835000000000212594e+03,6.996159701352118532e+01
1.835100000000212731e+03,6.995869323309119636e+01
1.835200000000212640e+03,6.995581726326534522e+01
1.835300000000212549e+03,6.995296870641865894e+01
1.835400000000212685e+03,6.995014717247039471e+01
1.835500000000212822e+03,6.994735227870586414e+01
1.835600000000212731e+03,6.994458364960343033e+01
1.835700000000212640e+03,6.994184091666623715e+01
1.835800000000212776e+03,6.993912371825879859e+01
1.835900000000212913e+03,6.993643169944796512e+01
1.836000000000212822e+03,6.993376451184799691e+01
1.836100000000212731e+03,6.993089818967447968e+01
1.836200000000212867e+03,6.992805262734775340e+01
1.836300000000213004e+03,6.992522760014631444e+01
1.836400000000212913e+03,6.992242288658039229e+01
1.836500000000212822e+03,6.991963826833412554e+01
1.836600000000212958e+03,6.991687353020883222e+01
1.836700000000213095e+03,6.991412846006768689e+01
1.836800000000213004e+03,6.991140284878136413e+01
1.836900000000212913e+03,6.990869649017493259e+01
1.837000000000213049e+03,6.990600918097557326e+01
1.837100000000213186e+03,6.990316466966088171e+01
1.837200000000213095e+03,6.990033402236196025e+01
1.837300000000213004e+03,6.989751713796633226e+01
1.837400000000213140e+03,6.989471391634245379e+01
1.837500000000213277e+03,6.989192425832766276e+01
1.837600000000213186e+03,6.988914806571672500e+01
1.837700000000213095e+03,6.988638524125006768e+01
1.837800000000213231e+03,6.988363568860258113e+01
1.837900000000213367e+03,6.988089931237234964e+01
1.838000000000213277e+03,6.987817601806949597e+01
1.838100000000213186e+03,6.987536043754320758e+01
1.838200000000213322e+03,6.987255175140400354e+01
1.838300000000213458e+03,6.986974993435988779e+01
1.838400000000213367e+03,6.986695496124241345e+01
1.838500000000213277e+03,6.986416680700595805e+01
1.838600000000213413e+03,6.986138544672691353e+01
1.838700000000213549e+03,6.985861085560304673e+01
1.838800000000213458e+03,6.985584300895264676e+01
1.838900000000213367e+03,6.985308188221389969e+01
1.839000000000213504e+03,6.985032745094402173e+01
1.839100000000213640e+03,6.984755061207039262e+01
1.839200000000213549e+03,6.984477361256379879e+01
1.839300000000213458e+03,6.984199645241029941e+01
1.839400000000213595e+03,6.983921913159593942e+01
1.839500000000213731e+03,6.983644165010676375e+01
1.839600000000213640e+03,6.983366400792888840e+01
1.839700000000213549e+03,6.983088620504832988e+01
1.839800000000213686e+03,6.982810824145111894e+01
1.839900000000213822e+03,6.982533011712335735e+01
1.840000000000213731e+03,6.982255183205016635e+01
1.840100000000213640e+03,6.981934852964366200e+01
1.840200000000213777e+03,6.981613667038888593e+01
1.840300000000213913e+03,6.981291621995362107e+01
1.840400000000213822e+03,6.980968714382180451e+01
1.840500000000213731e+03,6.980644940729220593e+01
1.840600000000213868e+03,6.980320297547714858e+01
1.840700000000214004e+03,6.979994781330138665e+01
1.840800000000213913e+03,6.979668388550076941e+01
1.840900000000213822e+03,6.979341115662093387e+01
1.841000000000213959e+03,6.979012959101632418e+01
1.841100000000214095e+03,6.978696926359435793e+01
1.841200000000214004e+03,6.978379180319426212e+01
1.841300000000213913e+03,6.978059707011374257e+01
1.841400000000214050e+03,6.977738492312741414e+01
1.841500000000214186e+03,6.977415521946616650e+01
1.841600000000214095e+03,6.977090781479594739e+01
1.841700000000214004e+03,6.976764256319621893e+01
1.841800000000214141e+03,6.976435931713814398e+01
1.841900000000214277e+03,6.976105792746237455e+01
1.842000000000214186e+03,6.975773824335693973e+01
1.842100000000214095e+03,6.975462538658901224e+01
1.842200000000214231e+03,6.975148655680871457e+01
1.842300000000214368e+03,6.974832142758431530e+01
1.842400000000214277e+03,6.974512966699086292e+01
1.842500000000214186e+03,6.974191093749423942e+01
1.842600000000214322e+03,6.973866489583201655e+01
1.842700000000214459e+03,6.973539119289161192e+01
1.842800000000214368e+03,6.973208947358497767e+01
1.842900000000214277e+03,6.972875937672027646e+01
1.843000000000214413e+03,6.972540053487078637e+01
1.843100000000214550e+03,6.972232926325909830e+01
1.843200000000214459e+03,6.971922273041387541e+01
1.843300000000214368e+03,6.971608032557837475e+01
1.843400000000214504e+03,6.971290142380871657e+01
1.843500000000214641e+03,6.970968538555972316e+01
1.843600000000214550e+03,6.970643155625580789e+01
1.843700000000214459e+03,6.970313926584687181e+01
1.843800000000214595e+03,6.969980782834832667e+01
1.843900000000214732e+03,6.969643654136457656e+01
1.844000000000214641e+03,6.969302468559622810e+01
1.844100000000214550e+03,6.969000598112259581e+01
1.844200000000214686e+03,6.968694234597015225e+01
1.844300000000214823e+03,6.968383276948901539e+01
1.844400000000214732e+03,6.968067621048949434e+01
1.844500000000214641e+03,6.967747159607974083e+01
1.844600000000214777e+03,6.967421782045003908e+01
1.844700000000214914e+03,6.967091374360042266e+01
1.844800000000214823e+03,6.966755819000910321e+01
1.844900000000214732e+03,6.966414994723803034e+01
1.845000000000214868e+03,6.966068776447333732e+01
1.845100000000215005e+03,6.965771845378684191e+01
1.845200000000214914e+03,6.965469386240629035e+01
1.845300000000214823e+03,6.965161243205623975e+01
1.845400000000214959e+03,6.964847254533854937e+01
1.845500000000215095e+03,6.964527252290173465e+01
1.845600000000215005e+03,6.964201062044577384e+01
1.845700000000214914e+03,6.963868502555169471e+01
1.845800000000215050e+03,6.963529385432345009e+01
1.845900000000215186e+03,6.963183514782942041e+01
1.846000000000215095e+03,6.962830686833031280e+01
1.846100000000215005e+03,6.962540625196598398e+01
1.846200000000215141e+03,6.962243959952164118e+01
1.846300000000215277e+03,6.961940462994357404e+01
1.846400000000215186e+03,6.961629895589648243e+01
1.846500000000215095e+03,6.961312007750053965e+01
1.846600000000215232e+03,6.960986537562025944e+01
1.846700000000215368e+03,6.960653210466738017e+01
1.846800000000215277e+03,6.960311738487615685e+01
1.846900000000215186e+03,6.959961819400535887e+01
1.847000000000215323e+03,6.959603135841848598e+01
1.847100000000215459e+03,6.959317904460237969e+01
1.847200000000215368e+03,6.959024846710715906e+01
1.847300000000215277e+03,6.958723635994954293e+01
1.847400000000215414e+03,6.958413927286133571e+01
1.847500000000215550e+03,6.958095355810537797e+01
1.847600000000215459e+03,6.957767535614344467e+01
1.847700000000215368e+03,6.957430058003717477e+01
1.847800000000215505e+03,6.957082489845016937e+01
1.847900000000215641e+03,6.956724371710190269e+01
1.848000000000215550e+03,6.956355215850921070e+01
1.848100000000215459e+03,6.956079844174655591e+01
1.848200000000215596e+03,6.955795442346405366e+01
1.848300000000215732e+03,6.955501558778625792e+01
1.848400000000215641e+03,6.955197711262155735e+01
1.848500000000215550e+03,6.954883384325933093e+01
1.848600000000215687e+03,6.954558026318750308e+01
1.848700000000215823e+03,6.954221046178267329e+01
1.848800000000215732e+03,6.953871809847484542e+01
1.848900000000215641e+03,6.953509636292977802e+01
1.849000000000215778e+03,6.953133793072477431e+01
1.849100000000215914e+03,6.952841715141117618e+01
1.849200000000215823e+03,6.952542938054246235e+01
1.849300000000215732e+03,6.952237228658361801e+01
1.849400000000215869e+03,6.951924342853583028e+01
1.849500000000216005e+03,6.951604024943625859e+01
1.849600000000215914e+03,6.951276006938881835e+01
1.849700000000215823e+03,6.950940007808635812e+01
1.849800000000215960e+03,6.950595732678023353e+01
1.849900000000216096e+03,6.950242871964927360e+01
1.850000000000216005e+03,6.949881100451445093e+01
1.850100000000215914e+03,6.949515905037053187e+01
1.850200000000216050e+03,6.949160988750365675e+01
1.850300000000216187e+03,6.948815923625602409e+01
1.850400000000216096e+03,6.948480305129271528e+01
1.850500000000216005e+03,6.948153750578103427e+01
1.850600000000216141e+03,6.947835897683452799e+01
1.850700000000216278e+03,6.947526403210525814e+01
1.850800000000216187e+03,6.947224941742018700e+01
1.850900000000216096e+03,6.946931204536774374e+01
1.851000000000216232e+03,6.946644898474912111e+01
1.851100000000216369e+03,6.946285578377269587e+01
1.851200000000216278e+03,6.945935384639103916e+01
1.851300000000216187e+03,6.945593973920490782e+01
1.851400000000216323e+03,6.945261019890459409e+01
1.851500000000216460e+03,6.944936212186598823e+01
1.851600000000216369e+03,6.944619255450116668e+01
1.851700000000216278e+03,6.944309868430029553e+01
1.851800000000216414e+03,6.944007783150766500e+01
1.851900000000216551e+03,6.943712744138058213e+01
1.852000000000216460e+03,6.943424507698152581e+01
1.852100000000216369e+03,6.943066987577149973e+01
1.852200000000216505e+03,6.942717624958962119e+01
1.852300000000216642e+03,6.942376143799373267e+01
1.852400000000216551e+03,6.942042280370101537e+01
1.852500000000216460e+03,6.941715782579522909e+01
1.852600000000216596e+03,6.941396409337859552e+01
1.852700000000216733e+03,6.941083929963477317e+01
1.852800000000216642e+03,6.940778123627211471e+01
1.852900000000216551e+03,6.940478778831926832e+01
1.853000000000216687e+03,6.940185692924571015e+01
1.853100000000216824e+03,6.939831160709505298e+01
1.853200000000216733e+03,6.939483849911597702e+01
1.853300000000216642e+03,6.939143542117207630e+01
1.853400000000216778e+03,6.938810027632754895e+01
1.853500000000216914e+03,6.938483105053836653e+01
1.853600000000216824e+03,6.938162580859643924e+01
1.853700000000216733e+03,6.937848269030966719e+01
1.853800000000216869e+03,6.937539990690198977e+01
1.853900000000217005e+03,6.937237573761866827e+01
1.854000000000216914e+03,6.936940852652216449e+01
1.854100000000216824e+03,6.936591360385338589e+01
1.854200000000216960e+03,6.936248166617039601e+01
1.854300000000217096e+03,6.935911102601937728e+01
1.854400000000217005e+03,6.935580005569192963e+01
1.854500000000216914e+03,6.935254718460402046e+01
1.854600000000217051e+03,6.934935089681189879e+01
1.854700000000217187e+03,6.934620972865633348e+01
1.854800000000217096e+03,6.934312226652787103e+01
1.854900000000217005e+03,6.934008714474560975e+01
1.855000000000217142e+03,6.933710304354181631e+01
1.855100000000217278e+03,6.933363460302527415e+01
1.855200000000217187e+03,6.933022074653517564e+01
1.855300000000217096e+03,6.932686019562019908e+01
1.855400000000217233e+03,6.932355171144439510e+01
1.855500000000217369e+03,6.932029409326457881e+01
1.855600000000217278e+03,6.931708617697738362e+01
1.855700000000217187e+03,6.931392683373219654e+01
1.855800000000217324e+03,6.931081496860680602e+01
1.855900000000217460e+03,6.930774951934223793e+01
1.856000000000217369e+03,6.930472945513274396e+01
1.856100000000217278e+03,6.930129023117126508e+01
1.856200000000217415e+03,6.929789745145050972e+01
1.856300000000217551e+03,6.929455018148621548e+01
1.856400000000217460e+03,6.929124751169698015e+01
1.856500000000217369e+03,6.928798855658007483e+01
1.856600000000217506e+03,6.928477245391994188e+01
1.856700000000217642e+03,6.928159836402781480e+01
1.856800000000217551e+03,6.927846546901061231e+01
1.856900000000217460e+03,6.927537297206841060e+01
1.857000000000217597e+03,6.927232009681800662e+01
1.857100000000217733e+03,6.926892942634046335e+01
1.857200000000217642e+03,6.926557706480494403e+01
1.857300000000217551e+03,6.926226236661743485e+01
1.857400000000217688e+03,6.925898470060920431e+01
1.857500000000217824e+03,6.925574344963619922e+01
1.857600000000217733e+03,6.925253801019159994e+01
1.857700000000217642e+03,6.924936779203116544e+01
1.857800000000217779e+03,6.924623221781102700e+01
1.857900000000217915e+03,6.924313072273707803e+01
1.858000000000217824e+03,6.924006275422510726e+01
1.858100000000217733e+03,6.923669362802586136e+01
1.858200000000217869e+03,6.923335513995199619e+01
1.858300000000218006e+03,6.923004687397013868e+01
1.858400000000217915e+03,6.922676842154541532e+01
1.858500000000217824e+03,6.922351938147319572e+01
1.858600000000217960e+03,6.922029935971542614e+01
1.858700000000218097e+03,6.921710796924139686e+01
1.858800000000218006e+03,6.921394482987258812e+01
1.858900000000217915e+03,6.921080956813170815e+01
1.859000000000218051e+03,6.920770181709512769e+01
1.859100000000218188e+03,6.920435655309231038e+01
1.859200000000218097e+03,6.920103428749771979e+01
1.859300000000218006e+03,6.919773478395562449e+01
1.859400000000218142e+03,6.919445780933796186e+01
1.859500000000218279e+03,6.919120313368942732e+01
1.859600000000218188e+03,6.918797053017371468e+01
1.859700000000218097e+03,6.918475977502072283e+01
1.859800000000218233e+03,6.918157064747497031e+01
1.859900000000218370e+03,6.917840292974508998e+01
1.860000000000218279e+03,6.917525640695367883e+01
1.860100000000218188e+03,6.917195526452034926e+01
1.860200000000218324e+03,6.916866938292952227e+01
1.860300000000218461e+03,6.916539865660128328e+01
1.860400000000218370e+03,6.916214298092738488e+01
1.860500000000218279e+03,6.915890225226011978e+01
1.860600000000218415e+03,6.915567636790127892e+01
1.860700000000218552e+03,6.915246522609136548e+01
1.860800000000218461e+03,6.914926872599886565e+01
1.860900000000218370e+03,6.914608676770963314e+01
1.861000000000218506e+03,6.914291925221633051e+01
1.861100000000218643e+03,6.913964650897936792e+01
1.861200000000218552e+03,6.913638134337092822e+01
1.861300000000218461e+03,6.913312372910385761e+01
1.861400000000218597e+03,6.912987364001243407e+01
1.861500000000218733e+03,6.912663105005171360e+01
1.861600000000218643e+03,6.912339593329681975e+01
1.861700000000218552e+03,6.912016826394221880e+01
1.861800000000218688e+03,6.911694801630099505e+01
1.861900000000218824e+03,6.911373516480432500e+01
1.862000000000218733e+03,6.911052968400058205e+01
1.862100000000218643e+03,6.910729896922697435e+01
1.862200000000218779e+03,6.910406802565304929e+01
1.862300000000218915e+03,6.910083685325449210e+01
1.862400000000218824e+03,6.909760545200701642e+01
1.862500000000218733e+03,6.909437382188629329e+01
1.862600000000218870e+03,6.909114196286799370e+01
1.862700000000219006e+03,6.908790987492781710e+01
1.862800000000218915e+03,6.908467755804143451e+01
1.862900000000218824e+03,6.908144501218451694e+01
1.863000000000218961e+03,6.907821223733280647e+01
1.863100000000219097e+03,6.907501587769644402e+01
1.863200000000219006e+03,6.907181134388518728e+01
1.863300000000218915e+03,6.906859860450265387e+01
1.863400000000219052e+03,6.906537762799152347e+01
1.863500000000219188e+03,6.906214838263244360e+01
1.863600000000219097e+03,6.905891083654296381e+01
1.863700000000219006e+03,6.905566495767649826e+01
1.863800000000219143e+03,6.905241071382134521e+01
1.863900000000219279e+03,6.904914807259953591e+01
1.864000000000219188e+03,6.904587700146501561e+01
1.864100000000219097e+03,6.904224505005460344e+01
1.864200000000219234e+03,6.903859430886446091e+01
1.864300000000219370e+03,6.903492463170401550e+01
1.864400000000219279e+03,6.903123587086214741e+01
1.864500000000219188e+03,6.902752787708747917e+01
1.864600000000219325e+03,6.902380049956813934e+01
1.864700000000219461e+03,6.902005358591138418e+01
1.864800000000219370e+03,6.901628698212284974e+01
1.864900000000219279e+03,6.901250053258539197e+01
1.865000000000219416e+03,6.900869408003818251e+01
1.865100000000219552e+03,6.900510638311320122e+01
1.865200000000219461e+03,6.900149016590265205e+01
1.865300000000219370e+03,6.899784508696775731e+01
1.865400000000219507e+03,6.899417079939765074e+01
1.865500000000219643e+03,6.899046695069942814e+01
1.865600000000219552e+03,6.898673318268539845e+01
1.865700000000219461e+03,6.898296913135754949e+01
1.865800000000219597e+03,6.897917442678934208e+01
1.865900000000219734e+03,6.897534869300444882e+01
1.866000000000219643e+03,6.897149154785341807e+01
1.866100000000219552e+03,6.896796392677531173e+01
1.866200000000219688e+03,6.896439776515930475e+01
1.866300000000219825e+03,6.896079242793220487e+01
1.866400000000219734e+03,6.895714726599072719e+01
1.866500000000219643e+03,6.895346161581187516e+01
1.866600000000219779e+03,6.894973479905029023e+01
1.866700000000219916e+03,6.894596612212214382e+01
1.866800000000219825e+03,6.894215487577466206e+01
1.866900000000219734e+03,6.893830033464126927e+01
1.867000000000219870e+03,6.893440175678222204e+01
1.867100000000220007e+03,6.893092001727639229e+01
1.867200000000219916e+03,6.892738901323036771e+01
1.867300000000219825e+03,6.892380769159828446e+01
1.867400000000219961e+03,6.892017496910663965e+01
1.867500000000220098e+03,6.891648973116188870e+01
1.867600000000220007e+03,6.891275083071022323e+01
1.867700000000219916e+03,6.890895708704714195e+01
1.867800000000220052e+03,6.890510728457456935e+01
1.867900000000220189e+03,6.890120017150204035e+01
1.868000000000220098e+03,6.889723445849104166e+01
1.868100000000220007e+03,6.889381147625849167e+01
1.868200000000220143e+03,6.889032798631293986e+01
1.868300000000220280e+03,6.888678236996453563e+01
1.868400000000220189e+03,6.888317295026681109e+01
1.868500000000220098e+03,6.887949798937202672e+01
1.868600000000220234e+03,6.887575568574118279e+01
1.868700000000220371e+03,6.887194417119928858e+01
1.868800000000220280e+03,6.886806150782554425e+01
1.868900000000220189e+03,6.886410568466797599e+01
1.869000000000220325e+03,6.886007461427192311e+01
1.869100000000220462e+03,6.885671723691780244e+01
1.869200000000220371e+03,6.885328740193074282e+01
1.869300000000220280e+03,6.884978273809406346e+01
1.869400000000220416e+03,6.884620076958407253e+01
1.869500000000220552e+03,6.884253891013737814e+01
1.869600000000220462e+03,6.883879445682332232e+01
1.869700000000220371e+03,6.883496458339035939e+01
1.869800000000220507e+03,6.883104633315176102e+01
1.869900000000220643e+03,6.882703661137315976e+01
1.870000000000220552e+03,6.882293217712249600e+01
1.870100000000220462e+03,6.881963909785970657e+01
1.870200000000220598e+03,6.881626051785497111e+01
1.870300000000220734e+03,6.881279306342962343e+01
1.870400000000220643e+03,6.880923318104841258e+01
1.870500000000220552e+03,6.880557712517202162e+01
1.870600000000220689e+03,6.880182094511165758e+01
1.870700000000220825e+03,6.879796047078848176e+01
1.870800000000220734e+03,6.879399129729029028e+01
1.870900000000220643e+03,6.878990876810493660e+01
1.871000000000220780e+03,6.878570795689898887e+01
1.871100000000220916e+03,6.878249764637105557e+01
1.871200000000220825e+03,6.877918794153433169e+01
1.871300000000220734e+03,6.877577415379163028e+01
1.871400000000220871e+03,6.877225129494280509e+01
1.871500000000221007e+03,6.876861405286530271e+01
1.871600000000220916e+03,6.876485676478682763e+01
1.871700000000220825e+03,6.876097338786706814e+01
1.871800000000220962e+03,6.875695746676738906e+01
1.871900000000221098e+03,6.875280209784204999e+01
1.872000000000221007e+03,6.874849988953636171e+01
1.872100000000220916e+03,6.874539926135933854e+01
1.872200000000221053e+03,6.874218569280752433e+01
1.872300000000221189e+03,6.873885289863144976e+01
1.872400000000221098e+03,6.873539411839253432e+01
1.872500000000221007e+03,6.873180207069010805e+01
1.872600000000221144e+03,6.872806890199392171e+01
1.872700000000221280e+03,6.872418612932493431e+01
1.872800000000221189e+03,6.872014457590402969e+01
1.872900000000221098e+03,6.871593429874160108e+01
1.873000000000221235e+03,6.871154450696506899e+01
1.873100000000221371e+03,6.870733159151777159e+01
1.873200000000221280e+03,6.870323692320012299e+01
1.873300000000221189e+03,6.869925559251210245e+01
1.873400000000221326e+03,6.869538295802691152e+01
1.873500000000221462e+03,6.869161462834038900e+01
1.873600000000221371e+03,6.868794644545945971e+01
1.873700000000221280e+03,6.868437446949785397e+01
1.873800000000221416e+03,6.868089496456015297e+01
1.873900000000221553e+03,6.867750438570838867e+01
1.874000000000221462e+03,6.867419936691295845e+01
1.874100000000221371e+03,6.867005985916669886e+01
1.874200000000221507e+03,6.866602560995181648e+01
1.874300000000221644e+03,6.866209265493279190e+01
1.874400000000221553e+03,6.865825722638338391e+01
1.874500000000221462e+03,6.865451574114736388e+01
1.874600000000221598e+03,6.865086478947344517e+01
1.874700000000221735e+03,6.864730112465075251e+01
1.874800000000221644e+03,6.864382165337917741e+01
1.874900000000221553e+03,6.864042342681398168e+01
1.875000000000221689e+03,6.863710363222875799e+01
1.875100000000221826e+03,6.863300138688124719e+01
1.875200000000221735e+03,6.862899326732596705e+01
1.875300000000221644e+03,6.862507607074059024e+01
1.875400000000221780e+03,6.862124673798319918e+01
1.875500000000221917e+03,6.861750234562465778e+01
1.875600000000221826e+03,6.861384009850542043e+01
1.875700000000221735e+03,6.861025732277681755e+01
1.875800000000221871e+03,6.860675145939052300e+01
1.875900000000222008e+03,6.860332005800287902e+01
1.876000000000221917e+03,6.859996077126180580e+01
1.876100000000221826e+03,6.859589411959841243e+01
1.876200000000221962e+03,6.859191121860051510e+01
1.876300000000222099e+03,6.858800950743278690e+01
1.876400000000222008e+03,6.858418652860977716e+01
1.876500000000221917e+03,6.858043992283415946e+01
1.876600000000222053e+03,6.857676742414143689e+01
1.876700000000222190e+03,6.857316685532991585e+01
1.876800000000222099e+03,6.856963612365646554e+01
1.876900000000222008e+03,6.856617321678051269e+01
1.877000000000222144e+03,6.856277619893786834e+01
1.877100000000222281e+03,6.855874960977783417e+01
1.877200000000222190e+03,6.855479687775338959e+01
1.877300000000222099e+03,6.855091598926071583e+01
1.877400000000222235e+03,6.854710500323399458e+01
1.877500000000222371e+03,6.854336204790811848e+01
1.877600000000222281e+03,6.853968531775333872e+01
1.877700000000222190e+03,6.853607307057114895e+01
1.877800000000222326e+03,6.853252362474160009e+01
1.877900000000222462e+03,6.852903535661306478e+01
1.878000000000222371e+03,6.852560669802430482e+01
1.878100000000222281e+03,6.852162372440199078e+01
1.878200000000222417e+03,6.851770512741492780e+01
1.878300000000222553e+03,6.851384935880005855e+01
1.878400000000222462e+03,6.851005491954734339e+01
1.878500000000222371e+03,6.850632035795658226e+01
1.878600000000222508e+03,6.850264426778561244e+01
1.878700000000222644e+03,6.849902528648490829e+01
1.878800000000222553e+03,6.849546209351356651e+01
1.878900000000222462e+03,6.849195340873285431e+01
1.879000000000222599e+03,6.848849799087155077e+01
1.879100000000222735e+03,6.848454440855826419e+01
1.879200000000222644e+03,6.848064630418362242e+01
1.879300000000222553e+03,6.847680251815710051e+01
1.879400000000222690e+03,6.847301192298128569e+01
1.879500000000222826e+03,6.846927342214928558e+01
1.879600000000222735e+03,6.846558594908725581e+01
1.879700000000222644e+03,6.846194846613985874e+01
1.879800000000222781e+03,6.845835996359677722e+01
1.879900000000222917e+03,6.845481945875826568e+01
1.880000000000222826e+03,6.845132599503699566e+01
1.880100000000222735e+03,6.844741607190202615e+01
1.880200000000222872e+03,6.844355281329892193e+01
1.880300000000223008e+03,6.843973538877874319e+01
1.880400000000222917e+03,6.843596298748140327e+01
1.880500000000222826e+03,6.843223481756145077e+01
1.880600000000222963e+03,6.842855010563401663e+01
1.880700000000223099e+03,6.842490809623986081e+01
1.880800000000223008e+03,6.842130805132912030e+01
1.880900000000222917e+03,6.841774924976260763e+01
1.881000000000223054e+03,6.841423098682933812e+01
1.881100000000223190e+03,6.841034674221134537e+01
1.881200000000223099e+03,6.840650074605566999e+01
1.881300000000223008e+03,6.840269243617684936e+01
1.881400000000223145e+03,6.839892126135318051e+01
1.881500000000223281e+03,6.839518668106083510e+01
1.881600000000223190e+03,6.839148816521556284e+01
1.881700000000223099e+03,6.838782519392177051e+01
1.881800000000223235e+03,6.838419725722904730e+01
1.881900000000223372e+03,6.838060385489542625e+01
1.882000000000223281e+03,6.837704449615671365e+01
1.882100000000223190e+03,6.837319536993130953e+01
1.882200000000223326e+03,6.836937608290160995e+01
1.882300000000223463e+03,6.836558628942823646e+01
1.882400000000223372e+03,6.836182564918951243e+01
1.882500000000223281e+03,6.835809382707959969e+01
1.882600000000223417e+03,6.835439049310892301e+01
1.882700000000223554e+03,6.835071532230701052e+01
1.882800000000223463e+03,6.834706799462723836e+01
1.882900000000223372e+03,6.834344819485409062e+01
1.883000000000223508e+03,6.833985561251176932e+01
1.883100000000223645e+03,6.833605138827400083e+01
1.883200000000223554e+03,6.833226859696328859e+01
1.883300000000223463e+03,6.832850705795935653e+01
1.883400000000223599e+03,6.832476659266578167e+01
1.883500000000223736e+03,6.832104702448171452e+01
1.883600000000223645e+03,6.831734817877399735e+01
1.883700000000223554e+03,6.831366988284996467e+01
1.883800000000223690e+03,6.831001196593048519e+01
1.883900000000223827e+03,6.830637425912351546e+01
1.884000000000223736e+03,6.830275659539779554e+01
1.884100000000223645e+03,6.829897545976194806e+01
1.884200000000223781e+03,6.829520745433936213e+01
1.884300000000223918e+03,6.829145251085543578e+01
1.884400000000223827e+03,6.828771056150814900e+01
1.884500000000223736e+03,6.828398153896381473e+01
1.884600000000223872e+03,6.828026537635327031e+01
1.884700000000224009e+03,6.827656200726775637e+01
1.884800000000223918e+03,6.827287136575492354e+01
1.884900000000223827e+03,6.826919338631502399e+01
1.885000000000223963e+03,6.826552800389676179e+01
1.885100000000224099e+03,6.826179713365625901e+01
1.885200000000224009e+03,6.825807092223978145e+01
1.885300000000223918e+03,6.825434936092635496e+01
1.885400000000224054e+03,6.825063244101680482e+01
1.885500000000224190e+03,6.824692015383364208e+01
1.885600000000224099e+03,6.824321249072103512e+01
1.885700000000224009e+03,6.823950944304462496e+01
1.885800000000224145e+03,6.823581100219158202e+01
1.885900000000224281e+03,6.823211715957046408e+01
1.886000000000224190e+03,6.822842790661121626e+01
1.886100000000224099e+03,6.822472210768796685e+01
1.886200000000224236e+03,6.822101238998823192e+01
1.886300000000224372e+03,6.821729874729270193e+01
1.886400000000224281e+03,6.821358117336899340e+01
1.886500000000224190e+03,6.820985966197139305e+01
1.886600000000224327e+03,6.820613420684102834e+01
1.886700000000224463e+03,6.820240480170576802e+01
1.886800000000224372e+03,6.819867144028013684e+01
1.886900000000224281e+03,6.819493411626532975e+01
1.887000000000224418e+03,6.819119282334933985e+01
1.887100000000224554e+03,6.818753716508622631e+01
1.887200000000224463e+03,6.818386882150240069e+01
1.887300000000224372e+03,6.818018772645500292e+01
1.887400000000224509e+03,6.817649381334057068e+01
1.887500000000224645e+03,6.817278701509101779e+01
1.887600000000224554e+03,6.816906726416948459e+01
1.887700000000224463e+03,6.816533449256634469e+01
1.887800000000224600e+03,6.816158863179499861e+01
1.887900000000224736e+03,6.815782961288768149e+01
1.888000000000224645e+03,6.815405736639068834e+01
1.888100000000224554e+03,6.814999270405492382e+01
1.888200000000224691e+03,6.814590359228560601e+01
1.888300000000224827e+03,6.814178980981782274e+01
1.888400000000224736e+03,6.813765113270872575e+01
1.888500000000224645e+03,6.813348733429681658e+01
1.888600000000224782e+03,6.812929818516057878e+01
1.888700000000224918e+03,6.812508345307639956e+01
1.888800000000224827e+03,6.812084290297562461e+01
1.888900000000224736e+03,6.811657629690084548e+01
1.889000000000224873e+03,6.811228339396203069e+01
1.889100000000225009e+03,6.810826775434603064e+01
1.889200000000224918e+03,6.810421708293806375e+01
1.889300000000224827e+03,6.810013091931219265e+01
1.889400000000224964e+03,6.809600879493848424e+01
1.889500000000225100e+03,6.809185023300383932e+01
1.889600000000225009e+03,6.808765474822814667e+01
1.889700000000224918e+03,6.808342184667549191e+01
1.889800000000225054e+03,6.807915102556034981e+01
1.889900000000225191e+03,6.807484177304841921e+01
1.890000000000225100e+03,6.807049356805320883e+01
1.890100000000225009e+03,6.806653578320988629e+01
1.890200000000225145e+03,6.806253194820335750e+01
1.890300000000225282e+03,6.805848125461670861e+01
1.890400000000225191e+03,6.805438287499922012e+01
1.890500000000225100e+03,6.805023596230267913e+01
1.890600000000225236e+03,6.804603964929796689e+01
1.890700000000225373e+03,6.804179304797030170e+01
1.890800000000225282e+03,6.803749524889276756e+01
1.890900000000225191e+03,6.803314532057709130e+01
1.891000000000225327e+03,6.802874230880172490e+01
1.891100000000225464e+03,6.802482980373800103e+01
1.891200000000225373e+03,6.802085941469343311e+01
1.891300000000225282e+03,6.801682984753871608e+01
1.891400000000225418e+03,6.801273976927716092e+01
1.891500000000225555e+03,6.800858780657472380e+01
1.891600000000225464e+03,6.800437254422233480e+01
1.891700000000225373e+03,6.800009252352772648e+01
1.891800000000225509e+03,6.799574624063242823e+01
1.891900000000225646e+03,6.799133214474997544e+01
1.892000000000225555e+03,6.798684863632267650e+01
1.892100000000225464e+03,6.798301690389294549e+01
1.892200000000225600e+03,6.797911520312682399e+01
1.892300000000225737e+03,6.797514159990815585e+01
1.892400000000225646e+03,6.797109408817222231e+01
1.892500000000225555e+03,6.796697058652853229e+01
1.892600000000225691e+03,6.796276893469207891e+01
1.892700000000225828e+03,6.795848688970933438e+01
1.892800000000225737e+03,6.795412212196569612e+01
1.892900000000225646e+03,6.794967221095926391e+01
1.893000000000225782e+03,6.794513464082673693e+01
1.893100000000225918e+03,6.794136941316288869e+01
1.893200000000225828e+03,6.793752094670685437e+01
1.893300000000225737e+03,6.793358645033661958e+01
1.893400000000225873e+03,6.792956300673235148e+01
1.893500000000226009e+03,6.792544756516237214e+01
1.893600000000225918e+03,6.792123693376866811e+01
1.893700000000225828e+03,6.791692777131076753e+01
1.893800000000225964e+03,6.791251657832324895e+01
1.893900000000226100e+03,6.790799968763757022e+01
1.894000000000226009e+03,6.790337325421663195e+01
1.894100000000225918e+03,6.789967423678277214e+01
1.894200000000226055e+03,6.789587743179826873e+01
1.894300000000226191e+03,6.789197890964075555e+01
1.894400000000226100e+03,6.788797452727848736e+01
1.894500000000226009e+03,6.788385991358362048e+01
1.894600000000226146e+03,6.787963045341581392e+01
1.894700000000226282e+03,6.787528127035412240e+01
1.894800000000226191e+03,6.787080720794146771e+01
1.894900000000226100e+03,6.786620280928984528e+01
1.895000000000226237e+03,6.786146229487982851e+01
1.895100000000226373e+03,6.785786512808192583e+01
1.895200000000226282e+03,6.785415512074251865e+01
1.895300000000226191e+03,6.785032687866535639e+01
1.895400000000226328e+03,6.784637465827006508e+01
1.895500000000226464e+03,6.784229233783952395e+01
1.895600000000226373e+03,6.783807338588007951e+01
1.895700000000226282e+03,6.783371082625082238e+01
1.895800000000226419e+03,6.782919719967048877e+01
1.895900000000226555e+03,6.782452452115505537e+01
1.896000000000226464e+03,6.781968423287788994e+01
1.896100000000226373e+03,6.781600055230371993e+01
1.896200000000226510e+03,6.781222096933365151e+01
1.896300000000226646e+03,6.780834168943221130e+01
1.896400000000226555e+03,6.780435871520569435e+01
1.896500000000226464e+03,6.780026783266244195e+01
1.896600000000226601e+03,6.779606459634099735e+01
1.896700000000226737e+03,6.779174431319590610e+01
1.896800000000226646e+03,6.778730202511810887e+01
1.896900000000226555e+03,6.778273248995358813e+01
1.897000000000226692e+03,6.777803016086693333e+01
1.897100000000226828e+03,6.777331997011636133e+01
1.897200000000226737e+03,6.776873637897891456e+01
1.897300000000226646e+03,6.776427435105767927e+01
1.897400000000226783e+03,6.775992911360410176e+01
1.897500000000226919e+03,6.775569614048882272e+01
1.897600000000226828e+03,6.775157113647559015e+01
1.897700000000226737e+03,6.774755002268328496e+01
1.897800000000226873e+03,6.774362892313291695e+01
1.897900000000227010e+03,6.773980415228602681e+01
1.898000000000226919e+03,6.773607220348793589e+01
1.898100000000226828e+03,6.773143239585735387e+01
1.898200000000226964e+03,6.772690583006775000e+01
1.898300000000227101e+03,6.772248841033193401e+01
1.898400000000227010e+03,6.771817623602778724e+01
1.898500000000226919e+03,6.771396559021040673e+01
1.898600000000227055e+03,6.770985292892652296e+01
1.898700000000227192e+03,6.770583487126606315e+01
1.898800000000227101e+03,6.770190819009265226e+01
1.898900000000227010e+03,6.769806980339919278e+01
1.899000000000227146e+03,6.769431676623818817e+01
1.899100000000227283e+03,6.768970862620830076e+01
1.899200000000227192e+03,6.768520223571532313e+01
1.899300000000227101e+03,6.768079426155402700e+01
1.899400000000227237e+03,6.767648151453619221e+01
1.899500000000227374e+03,6.767226094179562779e+01
1.899600000000227283e+03,6.766812961958126493e+01
1.899700000000227192e+03,6.766408474650268090e+01
1.899800000000227328e+03,6.766012363719542577e+01
1.899900000000227465e+03,6.765624371637565559e+01
1.900000000000227374e+03,6.765244251325479752e+01
1.900100000000227283e+03,6.764788797607454285e+01
1.900200000000227419e+03,6.764342393299716605e+01
1.900300000000227556e+03,6.763904771351172940e+01
1.900400000000227465e+03,6.763475675116069397e+01
1.900500000000227374e+03,6.763054857852077362e+01
1.900600000000227510e+03,6.762642082247177200e+01
1.900700000000227647e+03,6.762237119973393362e+01
1.900800000000227556e+03,6.761839751265644338e+01
1.900900000000227465e+03,6.761449764524047623e+01
1.901000000000227601e+03,6.761066955938025558e+01
1.901100000000227737e+03,6.760615844946865138e+01
1.901200000000227647e+03,6.760172738846819129e+01
1.901300000000227556e+03,6.759737426443456343e+01
1.901400000000227692e+03,6.759309703906886568e+01
1.901500000000227828e+03,6.758889374453524113e+01
1.901600000000227737e+03,6.758476248044208035e+01
1.901700000000227647e+03,6.758070141097719841e+01
1.901800000000227783e+03,6.757670876218772094e+01
1.901900000000227919e+03,6.757278281939639442e+01
1.902000000000227828e+03,6.756892192474461467e+01
1.902100000000227737e+03,6.756444188097333381e+01
1.902200000000227874e+03,6.756003211233078787e+01
1.902300000000228010e+03,6.755569097815406110e+01
1.902400000000227919e+03,6.755141688845705517e+01
1.902500000000227828e+03,6.754720830198878900e+01
1.902600000000227965e+03,6.754306372438043127e+01
1.902700000000228101e+03,6.753898170637610576e+01
1.902800000000228010e+03,6.753496084214333450e+01
1.902900000000227919e+03,6.753099976765868462e+01
1.903000000000228056e+03,6.752709715916375899e+01
1.903100000000228192e+03,6.752265592098871139e+01
1.903200000000228101e+03,6.751827539522830079e+01
1.903300000000228010e+03,6.751395434541173302e+01
1.903400000000228147e+03,6.750969156841779295e+01
1.903500000000228283e+03,6.750548589335802774e+01
1.903600000000228192e+03,6.750133618050452355e+01
1.903700000000228101e+03,6.749724132026013024e+01
1.903800000000228238e+03,6.749320023216930053e+01
1.903900000000228374e+03,6.748921186396769656e+01
1.904000000000228283e+03,6.748527519066746549e+01
1.904100000000228192e+03,6.748088007529401011e+01
1.904200000000228329e+03,6.747653632145602387e+01
1.904300000000228465e+03,6.747224303406339629e+01
1.904400000000228374e+03,6.746799933870451582e+01
1.904500000000228283e+03,6.746380438105244082e+01
1.904600000000228420e+03,6.745965732629171896e+01
1.904700000000228556e+03,6.745555735856440549e+01
1.904800000000228465e+03,6.745150368043501032e+01
1.904900000000228374e+03,6.744749551237345031e+01
1.905000000000228511e+03,6.744353209225418766e+01
1.905100000000228647e+03,6.743916470015292930e+01
1.905200000000228556e+03,6.743483970628552981e+01
1.905300000000228465e+03,6.743055649623721592e+01
1.905400000000228601e+03,6.742631446740786316e+01
1.905500000000228738e+03,6.742211302872938461e+01
1.905600000000228647e+03,6.741795160039120560e+01
1.905700000000228556e+03,6.741382961357346915e+01
1.905800000000228692e+03,6.740974651018791519e+01
1.905900000000228829e+03,6.740570174262592218e+01
1.906000000000228738e+03,6.740169477351291505e+01
1.906100000000228647e+03,6.739737122920526247e+01
1.906200000000228783e+03,6.739308108353873195e+01
1.906300000000228920e+03,6.738882395100412737e+01
1.906400000000228829e+03,6.738459945200257550e+01
1.906500000000228738e+03,6.738040721273270606e+01
1.906600000000228874e+03,6.737624686508037541e+01
1.906700000000229011e+03,6.737211804651093416e+01
1.906800000000228920e+03,6.736802039996393887e+01
1.906900000000228829e+03,6.736395357375012338e+01
1.907000000000228965e+03,6.735991722145020333e+01
1.907100000000229102e+03,6.735562888965186801e+01
1.907200000000229011e+03,6.735136508279079237e+01
1.907300000000228920e+03,6.734712559107993002e+01
1.907400000000229056e+03,6.734291020711819442e+01
1.907500000000229193e+03,6.733871872585652341e+01
1.907600000000229102e+03,6.733455094456471102e+01
1.907700000000229011e+03,6.733040666279867992e+01
1.907800000000229147e+03,6.732628568236835065e+01
1.907900000000229284e+03,6.732218780730605090e+01
1.908000000000229193e+03,6.731811284383506688e+01
1.908100000000229102e+03,6.731386463442224510e+01
1.908200000000229238e+03,6.730963203287753061e+01
1.908300000000229375e+03,6.730541495334395563e+01
1.908400000000229284e+03,6.730121331059316958e+01
1.908500000000229193e+03,6.729702702001958414e+01
1.908600000000229329e+03,6.729285599763477421e+01
1.908700000000229466e+03,6.728870016006187882e+01
1.908800000000229375e+03,6.728455942452998784e+01
1.908900000000229284e+03,6.728043370886864238e+01
1.909000000000229420e+03,6.727632293150220733e+01
1.909100000000229556e+03,6.727211191641622179e+01
1.909200000000229466e+03,6.726790752313294774e+01
1.909300000000229375e+03,6.726370973604548453e+01
1.909400000000229511e+03,6.725951853959597315e+01
1.909500000000229647e+03,6.725533391827541152e+01
1.909600000000229556e+03,6.725115585662335604e+01
1.909700000000229466e+03,6.724698433922783636e+01
1.909800000000229602e+03,6.724281935072505689e+01
1.909900000000229738e+03,6.723866087579938267e+01
1.910000000000229647e+03,6.723450889918294138e+01
1.910100000000229556e+03,6.723034631473954903e+01
1.910200000000229693e+03,6.722618121819179748e+01
1.910300000000229829e+03,6.722201360726496944e+01
1.910400000000229738e+03,6.721784347968159068e+01
1.910500000000229647e+03,6.721367083316137325e+01
1.910600000000229784e+03,6.720949566542131492e+01
1.910700000000229920e+03,6.720531797417562814e+01
1.910800000000229829e+03,6.720113775713579685e+01
1.910900000000229738e+03,6.719695501201054810e+01
1.911000000000229875e+03,6.719276973650590890e+01
1.911100000000230011e+03,6.718864728525612406e+01
1.911200000000229920e+03,6.718451298044621467e+01
1.911300000000229829e+03,6.718036677087751229e+01
1.911400000000229966e+03,6.717620860505614644e+01
1.911500000000230102e+03,6.717203843119082762e+01
1.911600000000230011e+03,6.716785619719070155e+01
1.911700000000229920e+03,6.716366185066316064e+01
1.911800000000230057e+03,6.715945533891169816e+01
1.911900000000230193e+03,6.715523660893369140e+01
1.912000000000230102e+03,6.715100560741841207e+01
1.912100000000230011e+03,6.714686661161125869e+01
1.912200000000230148e+03,6.714270581660397852e+01
1.912300000000230284e+03,6.713852304972435547e+01
1.912400000000230193e+03,6.713431813647162016e+01
1.912500000000230102e+03,6.713009090049229144e+01
1.912600000000230239e+03,6.712584116355544950e+01
1.912700000000230375e+03,6.712156874552775321e+01
1.912800000000230284e+03,6.711727346434793162e+01
1.912900000000230193e+03,6.711295513600093443e+01
1.913000000000230330e+03,6.710861357449233822e+01
1.913100000000230466e+03,6.710453051915521883e+01
1.913200000000230375e+03,6.710041560020388829e+01
1.913300000000230284e+03,6.709626844318822236e+01
1.913400000000230420e+03,6.709208866776782543e+01
1.913500000000230557e+03,6.708787588759572884e+01
1.913600000000230466e+03,6.708362971019940346e+01
1.913700000000230375e+03,6.707934973685875946e+01
1.913800000000230511e+03,6.707503556248146026e+01
1.913900000000230648e+03,6.707068677547501068e+01
1.914000000000230557e+03,6.706630295761681282e+01
1.914100000000230466e+03,6.706226334376795251e+01
1.914200000000230602e+03,6.705818121809139143e+01
1.914300000000230739e+03,6.705405590596248544e+01
1.914400000000230648e+03,6.704988671840648351e+01
1.914500000000230557e+03,6.704567295171483465e+01
1.914600000000230693e+03,6.704141388704924509e+01
1.914700000000230830e+03,6.703710879003287459e+01
1.914800000000230739e+03,6.703275691032828831e+01
1.914900000000230648e+03,6.702835748120133985e+01
1.915000000000230784e+03,6.702390971907209405e+01
1.915100000000230921e+03,6.701993615779866786e+01
1.915200000000230830e+03,6.701590910395212575e+01
1.915300000000230739e+03,6.701182747002694384e+01
1.915400000000230875e+03,6.700769013883778769e+01
1.915500000000231012e+03,6.700349596250002548e+01
1.915600000000230921e+03,6.699924376136796411e+01
1.915700000000230830e+03,6.699493232292866196e+01
1.915800000000230966e+03,6.699056040064927231e+01
1.915900000000231103e+03,6.698612671277538766e+01
1.916000000000231012e+03,6.698162994107977397e+01
1.916100000000230921e+03,6.697770432733162238e+01
1.916200000000231057e+03,6.697371325800948227e+01
1.916300000000231194e+03,6.696965508224347730e+01
1.916400000000231103e+03,6.696552809317707045e+01
1.916500000000231012e+03,6.696133052557340193e+01
1.916600000000231148e+03,6.695706055329782203e+01
1.916700000000231285e+03,6.695271628666885988e+01
1.916800000000231194e+03,6.694829576966986906e+01
1.916900000000231103e+03,6.694379697701242549e+01
1.917000000000231239e+03,6.693921781104428703e+01
1.917100000000231375e+03,6.693537325676727789e+01
1.917200000000231285e+03,6.693145098099989809e+01
1.917300000000231194e+03,6.692744860285016273e+01
1.917400000000231330e+03,6.692336364317570485e+01
1.917500000000231466e+03,6.691919351946285133e+01
1.917600000000231375e+03,6.691493554038213176e+01
1.917700000000231285e+03,6.691058689999596254e+01
1.917800000000231421e+03,6.690614467159237222e+01
1.917900000000231557e+03,6.690160580111637501e+01
1.918000000000231466e+03,6.689696710016995951e+01
1.918100000000231375e+03,6.689318783478059061e+01
1.918200000000231512e+03,6.688931720214131360e+01
1.918300000000231648e+03,6.688535184837849101e+01
1.918400000000231557e+03,6.688128825343480344e+01
1.918500000000231466e+03,6.687712272064720764e+01
1.918600000000231603e+03,6.687285136553057896e+01
1.918700000000231739e+03,6.686847010369557154e+01
1.918800000000231648e+03,6.686397463782158468e+01
1.918900000000231557e+03,6.685936044359765162e+01
1.919000000000231694e+03,6.685462275453701864e+01
1.919100000000231830e+03,6.685091421006910650e+01
1.919200000000231739e+03,6.684709937616429443e+01
1.919300000000231648e+03,6.684317361689548420e+01
1.919400000000231785e+03,6.683913202275695653e+01
1.919500000000231921e+03,6.683496939018132821e+01
1.919600000000231830e+03,6.683068019918837877e+01
1.919700000000231739e+03,6.682625858896363980e+01
1.919800000000231876e+03,6.682169833113974278e+01
1.919900000000232012e+03,6.681699280052423262e+01
1.920000000000231921e+03,6.681213494298791034e+01
1.920100000000231830e+03,6.680853459083347445e+01
1.920200000000231967e+03,6.680481246579418553e+01
1.920300000000232103e+03,6.680096228360146426e+01
1.920400000000232012e+03,6.679697732000622068e+01
1.920500000000231921e+03,6.679285037158742000e+01
1.920600000000232058e+03,6.678857371229554474e+01
1.920700000000232194e+03,6.678413904517930177e+01
1.920800000000232103e+03,6.677953744866088925e+01
1.920900000000232012e+03,6.677475931662827691e+01
1.921000000000232149e+03,6.676979429149903922e+01
1.921100000000232285e+03,6.676541643939225423e+01
1.921200000000232194e+03,6.676107580949539511e+01
1.921300000000232103e+03,6.675677192910129065e+01
1.921400000000232239e+03,6.675250433347336809e+01
1.921500000000232376e+03,6.674827256567829181e+01
1.921600000000232285e+03,6.674407617642283697e+01
1.921700000000232194e+03,6.673991472389488422e+01
1.921800000000232330e+03,6.673578777360833669e+01
1.921900000000232467e+03,6.673169489825203016e+01
1.922000000000232376e+03,6.672763567754027747e+01
1.922100000000232285e+03,6.672290160587522223e+01
1.922200000000232421e+03,6.671828514622929163e+01
1.922300000000232558e+03,6.671378196949548567e+01
1.922400000000232467e+03,6.670938795645467678e+01
1.922500000000232376e+03,6.670509918520811254e+01
1.922600000000232512e+03,6.670091191950197640e+01
1.922700000000232649e+03,6.669682259787147416e+01
1.922800000000232558e+03,6.669282782353772632e+01
1.922900000000232467e+03,6.668892435499749638e+01
1.923000000000232603e+03,6.668510909724865598e+01
1.923100000000232740e+03,6.668045464032022096e+01
1.923200000000232649e+03,6.667590529260952792e+01
1.923300000000232558e+03,6.667145753342805392e+01
1.923400000000232694e+03,6.666710799758747896e+01
1.923500000000232831e+03,6.666285346690845870e+01
1.923600000000232740e+03,6.665869086227959883e+01
1.923700000000232649e+03,6.665461723622581758e+01
1.923800000000232785e+03,6.665062976594813904e+01
1.923900000000232922e+03,6.664672574680065509e+01
1.924000000000232831e+03,6.664290258617049290e+01
1.924100000000232740e+03,6.663827712162920136e+01
1.924200000000232876e+03,6.663374621722824998e+01
1.924300000000233013e+03,6.662930700261384231e+01
1.924400000000232922e+03,6.662495672244054390e+01
1.924500000000232831e+03,6.662069273066816777e+01
1.924600000000232967e+03,6.661651248519484625e+01
1.924700000000233103e+03,6.661241354280326732e+01
1.924800000000233013e+03,6.660839355439874510e+01
1.924900000000232922e+03,6.660445026052005346e+01
1.925000000000233058e+03,6.660058148710282921e+01
1.925100000000233194e+03,6.659599015862868043e+01
1.925200000000233103e+03,6.659148329830496493e+01
1.925300000000233013e+03,6.658705859639643165e+01
1.925400000000233149e+03,6.658271382661847326e+01
1.925500000000233285e+03,6.657844684240200195e+01
1.925600000000233194e+03,6.657425557335720612e+01
1.925700000000233103e+03,6.657013802192382457e+01
1.925800000000233240e+03,6.656609226019673997e+01
1.925900000000233376e+03,6.656211642691607722e+01
1.926000000000233285e+03,6.655820872461043791e+01
1.926100000000233194e+03,6.655365517992356672e+01
1.926200000000233331e+03,6.654917639613771030e+01
1.926300000000233467e+03,6.654477054708752348e+01
1.926400000000233376e+03,6.654043586560361234e+01
1.926500000000233285e+03,6.653617064114934010e+01
1.926600000000233422e+03,6.653197321757006932e+01
1.926700000000233558e+03,6.652784199094918449e+01
1.926800000000233467e+03,6.652377540756450003e+01
1.926900000000233376e+03,6.651977196194002317e+01
1.927000000000233513e+03,6.651583019498615101e+01
1.927100000000233649e+03,6.651132033634074503e+01
1.927200000000233558e+03,6.650687584736525082e+01
1.927300000000233467e+03,6.650249531700202965e+01
1.927400000000233604e+03,6.649817737451509458e+01
1.927500000000233740e+03,6.649392068806008638e+01
1.927600000000233649e+03,6.648972396331460288e+01
1.927700000000233558e+03,6.648558594216612505e+01
1.927800000000233695e+03,6.648150540145445575e+01
1.927900000000233831e+03,6.647748115176644035e+01
1.928000000000233740e+03,6.647351203627864891e+01
1.928100000000233649e+03,6.646903378497104597e+01
1.928200000000233786e+03,6.646461195782025300e+01
1.928300000000233922e+03,6.646024549511986379e+01
1.928400000000233831e+03,6.645593336353492475e+01
1.928500000000233740e+03,6.645167455528667233e+01
1.928600000000233877e+03,6.644746808736741173e+01
1.928700000000234013e+03,6.644331300078390257e+01
1.928800000000233922e+03,6.643920835982871154e+01
1.928900000000233831e+03,6.643515325137752825e+01
1.929000000000233968e+03,6.643114678421082431e+01
1.929100000000234104e+03,6.642670319080106367e+01
1.929200000000234013e+03,6.642230725494555088e+01
1.929300000000233922e+03,6.641795821404261346e+01
1.929400000000234058e+03,6.641365532167472452e+01
1.929500000000234195e+03,6.640939784718167971e+01
1.929600000000234104e+03,6.640518507524667768e+01
1.929700000000234013e+03,6.640101630549591505e+01
1.929800000000234149e+03,6.639689085211023212e+01
1.929900000000234286e+03,6.639280804344912212e+01
1.930000000000234195e+03,6.638876722168519962e+01
1.930100000000234104e+03,6.638437458791267431e+01
1.930200000000234240e+03,6.638002084825085092e+01
1.930300000000234377e+03,6.637570548840101026e+01
1.930400000000234286e+03,6.637142800309202073e+01
1.930500000000234195e+03,6.636718789588323375e+01
1.930600000000234331e+03,6.636298467897239561e+01
1.930700000000234468e+03,6.635881787300856161e+01
1.930800000000234377e+03,6.635468700690984178e+01
1.930900000000234286e+03,6.635059161768590741e+01
1.931000000000234422e+03,6.634653125026409271e+01
1.931100000000234559e+03,6.634215374999905634e+01
1.931200000000234468e+03,6.633780676743342042e+01
1.931300000000234377e+03,6.633348998454491152e+01
1.931400000000234513e+03,6.632920308771480222e+01
1.931500000000234650e+03,6.632494576765192562e+01
1.931600000000234559e+03,6.632071771931821047e+01
1.931700000000234468e+03,6.631651864185585055e+01
1.931800000000234604e+03,6.631234823851598037e+01
1.931900000000234741e+03,6.630820621658875780e+01
1.932000000000234650e+03,6.630409228733429927e+01
1.932100000000234559e+03,6.629977073294448076e+01
1.932200000000234695e+03,6.629547105286673059e+01
1.932300000000234832e+03,6.629119308143928890e+01
1.932400000000234741e+03,6.628693665466896334e+01
1.932500000000234650e+03,6.628270161021021067e+01
1.932600000000234786e+03,6.627848778734453106e+01
1.932700000000234922e+03,6.627429502696006125e+01
1.932800000000234832e+03,6.627012317153165100e+01
1.932900000000234741e+03,6.626597206510101046e+01
1.933000000000234877e+03,6.626184155325691449e+01
1.933100000000235013e+03,6.625754262797032368e+01
1.933200000000234922e+03,6.625325707566324240e+01
1.933300000000234832e+03,6.624898483403214300e+01
1.933400000000234968e+03,6.624472584115989093e+01
1.933500000000235104e+03,6.624048003551280317e+01
1.933600000000235013e+03,6.623624735593766388e+01
1.933700000000234922e+03,6.623202774165875439e+01
1.933800000000235059e+03,6.622782113227502521e+01
1.933900000000235195e+03,6.622362746775716857e+01
1.934000000000235104e+03,6.621944668844449211e+01
1.934100000000235013e+03,6.621518728387746933e+01
1.934200000000235150e+03,6.621093257989483050e+01
1.934300000000235286e+03,6.620668256871968538e+01
1.934400000000235195e+03,6.620243724259229623e+01
1.934500000000235104e+03,6.619819659376999255e+01
1.934600000000235241e+03,6.619396061452714264e+01
1.934700000000235377e+03,6.618972929715519626e+01
1.934800000000235286e+03,6.618550263396248567e+01
1.934900000000235195e+03,6.618128061727429667e+01
1.935000000000235332e+03,6.617706323943275493e+01
1.935100000000235468e+03,6.617284842416603396e+01
1.935200000000235377e+03,6.616862948316804705e+01
1.935300000000235286e+03,6.616440641037800674e+01
1.935400000000235423e+03,6.616017919972328798e+01
1.935500000000235559e+03,6.615594784511931437e+01
1.935600000000235468e+03,6.615171234046967186e+01
1.935700000000235377e+03,6.614747267966586719e+01
1.935800000000235514e+03,6.614322885658746998e+01
1.935900000000235650e+03,6.613898086510201324e+01
1.936000000000235559e+03,6.613472869906520657e+01
1.936100000000235468e+03,6.613055389660421213e+01
1.936200000000235605e+03,6.612636592111063294e+01
1.936300000000235741e+03,6.612216471013734065e+01
1.936400000000235650e+03,6.611795020084187513e+01
1.936500000000235559e+03,6.611372232998327547e+01
1.936600000000235696e+03,6.610948103391893937e+01
1.936700000000235832e+03,6.610522624860149676e+01
1.936800000000235741e+03,6.610095790957548445e+01
1.936900000000235650e+03,6.609667595197416290e+01
1.937000000000235787e+03,6.609238031051660300e+01
1.937100000000235923e+03,6.608825545718788419e+01
1.937200000000235832e+03,6.608410813297052755e+01
1.937300000000235741e+03,6.607993815374162239e+01
1.937400000000235877e+03,6.607574533336115508e+01
1.937500000000236014e+03,6.607152948364442580e+01
1.937600000000235923e+03,6.606729041433374050e+01
1.937700000000235832e+03,6.606302793306987553e+01
1.937800000000235968e+03,6.605874184536298799e+01
1.937900000000236105e+03,6.605443195456295769e+01
1.938000000000236014e+03,6.605009806182944487e+01
1.938100000000235923e+03,6.604574494407691532e+01
1.938200000000236059e+03,6.604135750665255955e+01
1.938300000000236196e+03,6.603693534208935034e+01
1.938400000000236105e+03,6.603247803644430292e+01
1.938500000000236014e+03,6.602798516916941196e+01
1.938600000000236150e+03,6.602345631297922068e+01
1.938700000000236287e+03,6.601889103371543399e+01
1.938800000000236196e+03,6.601428889020826318e+01
1.938900000000236105e+03,6.600964943413411845e+01
1.939000000000236241e+03,6.600497220987112712e+01
1.939100000000236378e+03,6.600067210720972355e+01
1.939200000000236287e+03,6.599632689507093630e+01
1.939300000000236196e+03,6.599193585989243616e+01
1.939400000000236332e+03,6.598749827298203741e+01
1.939500000000236469e+03,6.598301339011474909e+01
1.939600000000236378e+03,6.597848045111669535e+01
1.939700000000236287e+03,6.597389867943540764e+01
1.939800000000236423e+03,6.596926728169653131e+01
1.939900000000236560e+03,6.596458544724566764e+01
1.940000000000236469e+03,6.595985234767678662e+01
1.940100000000236378e+03,6.595560515455875361e+01
1.940200000000236514e+03,6.595130142673448859e+01
1.940300000000236651e+03,6.594694002783425901e+01
1.940400000000236560e+03,6.594251979082761750e+01
1.940500000000236469e+03,6.593803951698228616e+01
1.940600000000236605e+03,6.593349797478029473e+01
1.940700000000236741e+03,6.592889389878943973e+01
1.940800000000236651e+03,6.592422598848777682e+01
1.940900000000236560e+03,6.591949290703875874e+01
1.941000000000236696e+03,6.591469328001655015e+01
1.941100000000236832e+03,6.591050099346247748e+01
1.941200000000236741e+03,6.590623999713477588e+01
1.941300000000236651e+03,6.590190858789105732e+01
1.941400000000236787e+03,6.589750500583117798e+01
1.941500000000236923e+03,6.589302743191309730e+01
1.941600000000236832e+03,6.588847398544729117e+01
1.941700000000236741e+03,6.588384272146302578e+01
1.941800000000236878e+03,6.587913162793832100e+01
1.941900000000237014e+03,6.587433862288527564e+01
1.942000000000236923e+03,6.586946155128437397e+01
1.942100000000236832e+03,6.586535636063561583e+01
1.942200000000236969e+03,6.586116997591042832e+01
1.942300000000237105e+03,6.585689996421685066e+01
1.942400000000237014e+03,6.585254379448372219e+01
1.942500000000236923e+03,6.584809883245767992e+01
1.942600000000237060e+03,6.584356233539104153e+01
1.942700000000237196e+03,6.583893144639822026e+01
1.942800000000237105e+03,6.583420318845598729e+01
1.942900000000237014e+03,6.582937445802141951e+01
1.943000000000237151e+03,6.582444201824081631e+01
1.943100000000237287e+03,6.582039399202777474e+01
1.943200000000237196e+03,6.581625054480542758e+01
1.943300000000237105e+03,6.581200826240484503e+01
1.943400000000237242e+03,6.580766356581220577e+01
1.943500000000237378e+03,6.580321270109827481e+01
1.943600000000237287e+03,6.579865172860056077e+01
1.943700000000237196e+03,6.579397651129249880e+01
1.943800000000237333e+03,6.578918270226762388e+01
1.943900000000237469e+03,6.578426573125908305e+01
1.944000000000237378e+03,6.577922079010936329e+01
1.944100000000237287e+03,6.577526744774284850e+01
1.944200000000237424e+03,6.577120399660725525e+01
1.944300000000237560e+03,6.576702577160045848e+01
1.944400000000237469e+03,6.576272784030967955e+01
1.944500000000237378e+03,6.575830498358708098e+01
1.944600000000237515e+03,6.575375167440655844e+01
1.944700000000237651e+03,6.574906205482176347e+01
1.944800000000237560e+03,6.574422991082322199e+01
1.944900000000237469e+03,6.573924864486760100e+01
1.945000000000237605e+03,6.573411124582740683e+01
1.945100000000237742e+03,6.573024998614812375e+01
1.945200000000237651e+03,6.572626222393893158e+01
1.945300000000237560e+03,6.572214163895705497e+01
1.945400000000237696e+03,6.571788148280514008e+01
1.945500000000237833e+03,6.571347454205091765e+01
1.945600000000237742e+03,6.570891309746770048e+01
1.945700000000237651e+03,6.570418887891156601e+01
1.945800000000237787e+03,6.569929301528019039e+01
1.945900000000237924e+03,6.569421597891626163e+01
1.946000000000237833e+03,6.568894752372430901e+01
1.946100000000237742e+03,6.568436725161444656e+01
1.946200000000237878e+03,6.567980126834687837e+01
1.946300000000238015e+03,6.567524950716152432e+01
1.946400000000237924e+03,6.567071190171347439e+01
1.946500000000237833e+03,6.566618838606986230e+01
1.946600000000237969e+03,6.566167889470663965e+01
1.946700000000238106e+03,6.565718336250540688e+01
1.946800000000238015e+03,6.565270172475031529e+01
1.946900000000237924e+03,6.564823391712494072e+01
1.947000000000238060e+03,6.564377987570763651e+01
1.947100000000238197e+03,6.563876007547203528e+01
1.947200000000238106e+03,6.563386270065103645e+01
1.947300000000238015e+03,6.562908332654164667e+01
1.947400000000238151e+03,6.562441773912628662e+01
1.947500000000238288e+03,6.561986192268052775e+01
1.947600000000238197e+03,6.561541204824503382e+01
1.947700000000238106e+03,6.561106446289277017e+01
1.947800000000238242e+03,6.560681567972778794e+01
1.947900000000238379e+03,6.560266236855827060e+01
1.948000000000238288e+03,6.559860134718887537e+01
1.948100000000238197e+03,6.559362979092549040e+01
1.948200000000238333e+03,6.558876879981643526e+01
1.948300000000238470e+03,6.558401472604639082e+01
1.948400000000238379e+03,6.557936408052160004e+01
1.948500000000238288e+03,6.557481352433003963e+01
1.948600000000238424e+03,6.557035986074710365e+01
1.948700000000238560e+03,6.556600002774654001e+01
1.948800000000238470e+03,6.556173109097977658e+01
1.948900000000238379e+03,6.555755023718978691e+01
1.949000000000238515e+03,6.555345476802639837e+01
1.949100000000238651e+03,6.554853693089371802e+01
1.949200000000238560e+03,6.554371847411754004e+01
1.949300000000238470e+03,6.553899641539258880e+01
1.949400000000238606e+03,6.553436789055977840e+01
1.949500000000238742e+03,6.552983014781301563e+01
1.949600000000238651e+03,6.552538054224363862e+01
1.949700000000238560e+03,6.552101653069956910e+01
1.949800000000238697e+03,6.551673566693833095e+01
1.949900000000238833e+03,6.551253559705472185e+01
1.950000000000238742e+03,6.550841405516260352e+01
1.950100000000238651e+03,6.550352920066579543e+01
1.950200000000238788e+03,6.549873355366163707e+01
1.950300000000238924e+03,6.549402469259291593e+01
1.950400000000238833e+03,6.548940028276142300e+01
1.950500000000238742e+03,6.548485807246818524e+01
1.950600000000238879e+03,6.548039588935750999e+01
1.950700000000239015e+03,6.547601163695286175e+01
1.950800000000238924e+03,6.547170329137246370e+01
1.950900000000238833e+03,6.546746889821407933e+01
1.951000000000238970e+03,6.546330656959698047e+01
1.951100000000239106e+03,6.545844562905750763e+01
1.951200000000239015e+03,6.545366433526243100e+01
1.951300000000238924e+03,6.544896074659489216e+01
1.951400000000239061e+03,6.544433298403926358e+01
1.951500000000239197e+03,6.543977922867837549e+01
1.951600000000239106e+03,6.543529771930985817e+01
1.951700000000239015e+03,6.543088675017496314e+01
1.951800000000239152e+03,6.542654466879389474e+01
1.951900000000239288e+03,6.542226987390171189e+01
1.952000000000239197e+03,6.541806081347792201e+01
1.952100000000239106e+03,6.541324650481308822e+01
1.952200000000239243e+03,6.540850226318595162e+01
1.952300000000239379e+03,6.540382657002257361e+01
1.952400000000239288e+03,6.539921795031735030e+01
1.952500000000239197e+03,6.539467497108157090e+01
1.952600000000239334e+03,6.539019623985792862e+01
1.952700000000239470e+03,6.538578040329763041e+01
1.952800000000239379e+03,6.538142614579687972e+01
1.952900000000239288e+03,6.537713218819014571e+01
1.953000000000239424e+03,6.537289728649581377e+01
1.953100000000239561e+03,6.536812867793541670e+01
1.953200000000239470e+03,6.536342092867670317e+01
1.953300000000239379e+03,6.535877288103313276e+01
1.953400000000239515e+03,6.535418340649570723e+01
1.953500000000239652e+03,6.534965140481953938e+01
1.953600000000239561e+03,6.534517580314442853e+01
1.953700000000239470e+03,6.534075555514819200e+01
1.953800000000239606e+03,6.533638964023111839e+01
1.953900000000239743e+03,6.533207706273044835e+01
1.954000000000239652e+03,6.532781685116195547e+01
1.954100000000239561e+03,6.532307823718375062e+01
1.954200000000239697e+03,6.531839167108024924e+01
1.954300000000239834e+03,6.531375630001187460e+01
1.954400000000239743e+03,6.530917128967026031e+01
1.954500000000239652e+03,6.530463582377770138e+01
1.954600000000239788e+03,6.530014910360270619e+01
1.954700000000239925e+03,6.529571034749095304e+01
1.954800000000239834e+03,6.529131879041149489e+01
1.954900000000239743e+03,6.528697368351699026e+01
1.955000000000239879e+03,6.528267429371705077e+01
1.955100000000240016e+03,6.527797304650268018e+01
1.955200000000239925e+03,6.527331512934092927e+01
1.955300000000239834e+03,6.526869994593862145e+01
1.955400000000239970e+03,6.526412691089399232e+01
1.955500000000240107e+03,6.525959544944902291e+01
1.955600000000240016e+03,6.525510499724873625e+01
1.955700000000239925e+03,6.525065500010683195e+01
1.955800000000240061e+03,6.524624491377771562e+01
1.955900000000240198e+03,6.524187420373456803e+01
1.956000000000240107e+03,6.523754234495251580e+01
1.956100000000240016e+03,6.523287584224804903e+01
1.956200000000240152e+03,6.522824405251428459e+01
1.956300000000240289e+03,6.522364658985459585e+01
1.956400000000240198e+03,6.521908307407113625e+01
1.956500000000240107e+03,6.521455313056003433e+01
1.956600000000240243e+03,6.521005639020890499e+01
1.956700000000240379e+03,6.520559248929654927e+01
1.956800000000240289e+03,6.520116106939495637e+01
1.956900000000240198e+03,6.519676177727328081e+01
1.957000000000240334e+03,6.519239426480332611e+01
1.957100000000240470e+03,6.518776521567188809e+01
1.957200000000240379e+03,6.518316228886281749e+01
1.957300000000240289e+03,6.517858526388076257e+01
1.957400000000240425e+03,6.517403392270499296e+01
1.957500000000240561e+03,6.516950804975481049e+01
1.957600000000240470e+03,6.516500743185542888e+01
1.957700000000240379e+03,6.516053185820453564e+01
1.957800000000240516e+03,6.515608112033935129e+01
1.957900000000240652e+03,6.515165501210435650e+01
1.958000000000240561e+03,6.514725332961884874e+01
1.958100000000240470e+03,6.514266541125344645e+01
1.958200000000240607e+03,6.513809498150229160e+01
1.958300000000240743e+03,6.513354194055878565e+01
1.958400000000240652e+03,6.512900618937432284e+01
1.958500000000240561e+03,6.512448762965105686e+01
1.958600000000240698e+03,6.511998616383496596e+01
1.958700000000240834e+03,6.511550169510866226e+01
1.958800000000240743e+03,6.511103412738459895e+01
1.958900000000240652e+03,6.510658336529806434e+01
1.959000000000240789e+03,6.510214931420017592e+01
1.959100000000240925e+03,6.509758877641978358e+01
1.959200000000240834e+03,6.509303705602142998e+01
1.959300000000240743e+03,6.508849412745841789e+01
1.959400000000240880e+03,6.508395996528261662e+01
1.959500000000241016e+03,6.507943454414403561e+01
1.959600000000240925e+03,6.507491783879034131e+01
1.959700000000240834e+03,6.507040982406637397e+01
1.959800000000240971e+03,6.506591047491363611e+01
1.959900000000241107e+03,6.506141976636992297e+01
1.960000000000241016e+03,6.505693767356876833e+01
1.960100000000240925e+03,6.505243086478625969e+01
1.960200000000241062e+03,6.504792401873190499e+01
1.960300000000241198e+03,6.504341713540526371e+01
1.960400000000241107e+03,6.503891021480588108e+01
1.960500000000241016e+03,6.503440325693325974e+01
1.960600000000241153e+03,6.502989626178695914e+01
1.960700000000241289e+03,6.502538922936652455e+01
1.960800000000241198e+03,6.502088215967148699e+01
1.960900000000241107e+03,6.501637505270137751e+01
1.961000000000241243e+03,6.501186790845582664e+01
1.961100000000241380e+03,6.500739231183453626e+01
1.961200000000241289e+03,6.500290763336302291e+01
1.961300000000241198e+03,6.499841384536998135e+01
1.961400000000241334e+03,6.499391092007154214e+01
1.961500000000241471e+03,6.498939882957077430e+01
1.961600000000241380e+03,6.498487754585706000e+01
1.961700000000241289e+03,6.498034704080549773e+01
1.961800000000241425e+03,6.497580728617636225e+01
1.961900000000241562e+03,6.497125825361449358e+01
1.962000000000241471e+03,6.496669991464908378e+01
1.962100000000241380e+03,6.496226663595892603e+01
1.962200000000241516e+03,6.495781496143530376e+01
1.962300000000241653e+03,6.495334477634030179e+01
1.962400000000241562e+03,6.494885596497979918e+01
1.962500000000241471e+03,6.494434841069345055e+01
1.962600000000241607e+03,6.493982199584468162e+01
1.962700000000241744e+03,6.493527660181050010e+01
1.962800000000241653e+03,6.493071210897096535e+01
1.962900000000241562e+03,6.492612839669878610e+01
1.963000000000241698e+03,6.492152534334933023e+01
1.963100000000241835e+03,6.491714580515919408e+01
1.963200000000241744e+03,6.491273827476862834e+01
1.963300000000241653e+03,6.490830248294534499e+01
1.963400000000241789e+03,6.490383815699324543e+01
1.963500000000241926e+03,6.489934502069658606e+01
1.963600000000241835e+03,6.489482279426300693e+01
1.963700000000241744e+03,6.489027119426538093e+01
1.963800000000241880e+03,6.488568993358272508e+01
1.963900000000242017e+03,6.488107872133964804e+01
1.964000000000241926e+03,6.487643726284552770e+01
1.964100000000241835e+03,6.487196651703686712e+01
1.964200000000241971e+03,6.486745652473743462e+01
1.964300000000242107e+03,6.486290676688032875e+01
1.964400000000242017e+03,6.485831671520459452e+01
1.964500000000241926e+03,6.485368583205091397e+01
1.964600000000242062e+03,6.484901357015147028e+01
1.964700000000242198e+03,6.484429937241456798e+01
1.964800000000242107e+03,6.483954267170304320e+01
1.964900000000242017e+03,6.483474289060683304e+01
1.965000000000242153e+03,6.482989944121054293e+01
1.965100000000242289e+03,6.482549218165696914e+01
1.965200000000242198e+03,6.482103492155157198e+01
1.965300000000242107e+03,6.481652680515252030e+01
1.965400000000242244e+03,6.481196695707822641e+01
1.965500000000242380e+03,6.480735448174081625e+01
1.965600000000242289e+03,6.480268846275964734e+01
1.965700000000242198e+03,6.479796796235434897e+01
1.965800000000242335e+03,6.479319202071651773e+01
1.965900000000242471e+03,6.478835965535910191e+01
1.966000000000242380e+03,6.478346986044407174e+01
1.966100000000242289e+03,6.477912254861298891e+01
1.966200000000242426e+03,6.477471382864277416e+01
1.966300000000242562e+03,6.477024239014349405e+01
1.966400000000242471e+03,6.476570688517489316e+01
1.966500000000242380e+03,6.476110592689154544e+01
1.966600000000242517e+03,6.475643808812912994e+01
1.966700000000242653e+03,6.475170189992840619e+01
1.966800000000242562e+03,6.474689584999407543e+01
1.966900000000242471e+03,6.474201838108467655e+01
1.967000000000242608e+03,6.473706788933216671e+01
1.967100000000242744e+03,6.473278235198812069e+01
1.967200000000242653e+03,6.472842322810473092e+01
1.967300000000242562e+03,6.472398860594813641e+01
1.967400000000242699e+03,6.471947650698494670e+01
1.967500000000242835e+03,6.471488488293918806e+01
1.967600000000242744e+03,6.471021161269176503e+01
1.967700000000242653e+03,6.470545449901332802e+01
1.967800000000242790e+03,6.470061126511961902e+01
1.967900000000242926e+03,6.469567955103805446e+01
1.968000000000242835e+03,6.469065690977545557e+01
1.968100000000242744e+03,6.468643151487044918e+01
1.968200000000242881e+03,6.468211935621212660e+01
1.968300000000243017e+03,6.467771773368379229e+01
1.968400000000242926e+03,6.467322383395628549e+01
1.968500000000242835e+03,6.466863472449155381e+01
1.968600000000242972e+03,6.466394734716109838e+01
1.968700000000243108e+03,6.465915851144988835e+01
1.968800000000243017e+03,6.465426488721423937e+01
1.968900000000242926e+03,6.464926299695899559e+01
1.969000000000243062e+03,6.464414920759894301e+01
1.969100000000243199e+03,6.464000642253544981e+01
1.969200000000243108e+03,6.463576294517707765e+01
1.969300000000243017e+03,6.463141505930285291e+01
1.969400000000243153e+03,6.462695886354275387e+01
1.969500000000243290e+03,6.462239025970164619e+01
1.969600000000243199e+03,6.461770494018851707e+01
1.969700000000243108e+03,6.461289837446948070e+01
1.969800000000243244e+03,6.460796579445565158e+01
1.969900000000243381e+03,6.460290217872619678e+01
1.970000000000243290e+03,6.459770223548041201e+01
1.970100000000243199e+03,6.459364583344347466e+01
1.970200000000243335e+03,6.458947353264103697e+01
1.970300000000243472e+03,6.458518029392737958e+01
1.970400000000243381e+03,6.458076078173228041e+01
1.970500000000243290e+03,6.457620934193950291e+01
1.970600000000243426e+03,6.457151997775420682e+01
1.970700000000243563e+03,6.456668632334266533e+01
1.970800000000243472e+03,6.456170161500070037e+01
1.970900000000243381e+03,6.455655865957606920e+01
1.971000000000243517e+03,6.455124979983887101e+01
1.971100000000243654e+03,6.454729751960380213e+01
1.971200000000243563e+03,6.454321287778695648e+01
1.971300000000243472e+03,6.453898911198228916e+01
1.971400000000243608e+03,6.453461899114400069e+01
1.971500000000243745e+03,6.453009477427453078e+01
1.971600000000243654e+03,6.452540816466390083e+01
1.971700000000243563e+03,6.452055025911130315e+01
1.971800000000243699e+03,6.451551149147535114e+01
1.971900000000243836e+03,6.451028156979964479e+01
1.972000000000243745e+03,6.450484940614539653e+01
1.972100000000243654e+03,6.449980199447047369e+01
1.972200000000243790e+03,6.449485150815682744e+01
1.972300000000243926e+03,6.448999518187164881e+01
1.972400000000243836e+03,6.448523035448641849e+01
1.972500000000243745e+03,6.448055446421426495e+01
1.972600000000243881e+03,6.447596504401735729e+01
1.972700000000244017e+03,6.447145971726652647e+01
1.972800000000243926e+03,6.446703619363744053e+01
1.972900000000243836e+03,6.446269226522815643e+01
1.973000000000243972e+03,6.445842580288226031e+01
1.973100000000244108e+03,6.445328759615257752e+01
1.973200000000244017e+03,6.444826868166821043e+01
1.973300000000243926e+03,6.444336495274117738e+01
1.973400000000244063e+03,6.443857248904437540e+01
1.973500000000244199e+03,6.443388754615891401e+01
1.973600000000244108e+03,6.442930654581705596e+01
1.973700000000244017e+03,6.442482606678758827e+01
1.973800000000244154e+03,6.442044283635460999e+01
1.973900000000244290e+03,6.441615372234537062e+01
1.974000000000244199e+03,6.441195572566350336e+01
1.974100000000244108e+03,6.440686598545049435e+01
1.974200000000244245e+03,6.440188426625793738e+01
1.974300000000244381e+03,6.439700716535269009e+01
1.974400000000244290e+03,6.439223142143423217e+01
1.974500000000244199e+03,6.438755390736216100e+01
1.974600000000244336e+03,6.438297162332763435e+01
1.974700000000244472e+03,6.437848169043786584e+01
1.974800000000244381e+03,6.437408134468455501e+01
1.974900000000244290e+03,6.436976793126973462e+01
1.975000000000244427e+03,6.436553889926246086e+01
1.975100000000244563e+03,6.436048294200510611e+01
1.975200000000244472e+03,6.435552466067323962e+01
1.975300000000244381e+03,6.435066125184793862e+01
1.975400000000244518e+03,6.434589001837565547e+01
1.975500000000244654e+03,6.434120836438053459e+01
1.975600000000244563e+03,6.433661379055484986e+01
1.975700000000244472e+03,6.433210388970985605e+01
1.975800000000244609e+03,6.432767634257049849e+01
1.975900000000244745e+03,6.432332891379826378e+01
1.976000000000244654e+03,6.431905944822602805e+01
1.976100000000244563e+03,6.431403491150379637e+01
1.976200000000244700e+03,6.430909828862309041e+01
1.976300000000244836e+03,6.430424729226419345e+01
1.976400000000244745e+03,6.429947971377309557e+01
1.976500000000244654e+03,6.429479341980830043e+01
1.976600000000244790e+03,6.429018634915802011e+01
1.976700000000244927e+03,6.428565650971725631e+01
1.976800000000244836e+03,6.428120197561560190e+01
1.976900000000244745e+03,6.427682088448726461e+01
1.977000000000244881e+03,6.427251143487303864e+01
1.977100000000245018e+03,6.426753571804925969e+01
1.977200000000244927e+03,6.426263827987274624e+01
1.977300000000244836e+03,6.425781728752525623e+01
1.977400000000244972e+03,6.425307096496355541e+01
1.977500000000245109e+03,6.424839759073813639e+01
1.977600000000245018e+03,6.424379549591130001e+01
1.977700000000244927e+03,6.423926306207012260e+01
1.977800000000245063e+03,6.423479871942882369e+01
1.977900000000245200e+03,6.423040094501608621e+01
1.978000000000245109e+03,6.422606826094116172e+01
1.978100000000245018e+03,6.422112772601813901e+01
1.978200000000245154e+03,6.421625640852703043e+01
1.978300000000245291e+03,6.421145286397096186e+01
1.978400000000245200e+03,6.420671568776901950e+01
1.978500000000245109e+03,6.420204351388680664e+01
1.978600000000245245e+03,6.419743501352324699e+01
1.978700000000245382e+03,6.419288889385062191e+01
1.978800000000245291e+03,6.418840389680534031e+01
1.978900000000245200e+03,6.418397879792729555e+01
1.979000000000245336e+03,6.417961240524383015e+01
1.979100000000245473e+03,6.417470812065612051e+01
1.979200000000245382e+03,6.416986424997190852e+01
1.979300000000245291e+03,6.416507968370309811e+01
1.979400000000245427e+03,6.416035333936363827e+01
1.979500000000245564e+03,6.415568416065303836e+01
1.979600000000245473e+03,6.415107111666938522e+01
1.979700000000245382e+03,6.414651320115039823e+01
1.979800000000245518e+03,6.414200943174179770e+01
1.979900000000245655e+03,6.413755884929136641e+01
1.980000000000245564e+03,6.413316051716677180e+01
1.980100000000245473e+03,6.412830341190466754e+01
1.980200000000245609e+03,6.412349798801999157e+01
1.980300000000245745e+03,6.411874342501479873e+01
1.980400000000245655e+03,6.411403891966813262e+01
1.980500000000245564e+03,6.410938368558356615e+01
1.980600000000245700e+03,6.410477695275106669e+01
1.980700000000245836e+03,6.410021796712244679e+01
1.980800000000245745e+03,6.409570599019978943e+01
1.980900000000245655e+03,6.409124029863664873e+01
1.981000000000245791e+03,6.408682018385043477e+01
1.981100000000245927e+03,6.408198494556084768e+01
1.981200000000245836e+03,6.407719307327796798e+01
1.981300000000245745e+03,6.407244398619850756e+01
1.981400000000245882e+03,6.406773711384470005e+01
1.981500000000246018e+03,6.406307189583593242e+01
1.981600000000245927e+03,6.405844778166628828e+01
1.981700000000245836e+03,6.405386423048791755e+01
1.981800000000245973e+03,6.404932071090028955e+01
1.981900000000246109e+03,6.404481670074474664e+01
1.982000000000246018e+03,6.404035168690354851e+01
1.982100000000245927e+03,6.403555485570566930e+01
1.982200000000246064e+03,6.403079299401089486e+01
1.982300000000246200e+03,6.402606572080989622e+01
1.982400000000246109e+03,6.402137266060844922e+01
1.982500000000246018e+03,6.401671344332773117e+01
1.982600000000246155e+03,6.401208770420737437e+01
1.982700000000246291e+03,6.400749508371002605e+01
1.982800000000246200e+03,6.400293522742833829e+01
1.982900000000246109e+03,6.399840778599369884e+01
1.983000000000246246e+03,6.399391241498633320e+01
1.983100000000246382e+03,6.398914526413016546e+01
1.983200000000246291e+03,6.398440476605309613e+01
1.983300000000246200e+03,6.397969069785770557e+01
1.983400000000246337e+03,6.397500283912513908e+01
1.983500000000246473e+03,6.397034097188075208e+01
1.983600000000246382e+03,6.396570488056028125e+01
1.983700000000246291e+03,6.396109435197665505e+01
1.983800000000246428e+03,6.395650917528730162e+01
1.983900000000246564e+03,6.395194914196198965e+01
1.984000000000246473e+03,6.394741404575079002e+01
1.984100000000246382e+03,6.394268939317790057e+01
1.984200000000246519e+03,6.393798298391255486e+01
1.984300000000246655e+03,6.393329471249396079e+01
1.984400000000246564e+03,6.392862447427270922e+01
1.984500000000246473e+03,6.392397216540284433e+01
1.984600000000246609e+03,6.391933768283420392e+01
1.984700000000246746e+03,6.391472092430488061e+01
1.984800000000246655e+03,6.391012178833366164e+01
1.984900000000246564e+03,6.390554017421253974e+01
1.985000000000246700e+03,6.390097598199906770e+01
1.985100000000246837e+03,6.389628726087489241e+01
1.985200000000246746e+03,6.389160832398755474e+01
1.985300000000246655e+03,6.388693914074292479e+01
1.985400000000246791e+03,6.388227968067429430e+01
1.985500000000246928e+03,6.387762991344174424e+01
1.985600000000246837e+03,6.387298980883144139e+01
1.985700000000246746e+03,6.386835933675498467e+01
1.985800000000246882e+03,6.386373846724876557e+01
1.985900000000247019e+03,6.385912717047331455e+01
1.986000000000246928e+03,6.385452541671257620e+01
1.986100000000246837e+03,6.384987280905870932e+01
1.986200000000246973e+03,6.384522138435529826e+01
1.986300000000247110e+03,6.384057114215125495e+01
1.986400000000247019e+03,6.383592208199571871e+01
1.986500000000246928e+03,6.383127420343802783e+01
1.986600000000247064e+03,6.382662750602776214e+01
1.986700000000247201e+03,6.382198198931476441e+01
1.986800000000247110e+03,6.381733765284908344e+01
1.986900000000247019e+03,6.381269449618098122e+01
1.987000000000247155e+03,6.380805251886103946e+01
1.987100000000247292e+03,6.380344883089237129e+01
1.987200000000247201e+03,6.379883754241770788e+01
1.987300000000247110e+03,6.379421863459930364e+01
1.987400000000247246e+03,6.378959208853709839e+01
1.987500000000247383e+03,6.378495788526846866e+01
1.987600000000247292e+03,6.378031600576800031e+01
1.987700000000247201e+03,6.377566643094718302e+01
1.987800000000247337e+03,6.377100914165409762e+01
1.987900000000247474e+03,6.376634411867334506e+01
1.988000000000247383e+03,6.376167134272584747e+01
1.988100000000247292e+03,6.375710107321673803e+01
1.988200000000247428e+03,6.375251413924676314e+01
1.988300000000247564e+03,6.374791044950465135e+01
1.988400000000247474e+03,6.374328991201076633e+01
1.988500000000247383e+03,6.373865243411103876e+01
1.988600000000247519e+03,6.373399792247073492e+01
1.988700000000247655e+03,6.372932628306822522e+01
1.988800000000247564e+03,6.372463742118866037e+01
1.988900000000247474e+03,6.371993124141749831e+01
1.989000000000247610e+03,6.371520764763464939e+01
1.989100000000247746e+03,6.371068129611221309e+01
1.989200000000247655e+03,6.370612891426664248e+01
1.989300000000247564e+03,6.370155027690609018e+01
1.989400000000247701e+03,6.369694515623361042e+01
1.989500000000247837e+03,6.369231332180947192e+01
1.989600000000247746e+03,6.368765454051261798e+01
1.989700000000247655e+03,6.368296857650158671e+01
1.989800000000247792e+03,6.367825519117474187e+01
1.989900000000247928e+03,6.367351414312977198e+01
1.990000000000247837e+03,6.366874518812416994e+01
1.990100000000247746e+03,6.366464635791618321e+01
1.990200000000247883e+03,6.366051478797194108e+01
1.990300000000248019e+03,6.365635008445161702e+01
1.990400000000247928e+03,6.365215184717308716e+01
1.990500000000247837e+03,6.364791966948368440e+01
1.990600000000247974e+03,6.364365313812896829e+01
1.990700000000248110e+03,6.363935183311814114e+01
1.990800000000248019e+03,6.363501532758630930e+01
1.990900000000247928e+03,6.363064318765317040e+01
1.991000000000248065e+03,6.362623497227937719e+01
1.991100000000248201e+03,6.362218425474055294e+01
1.991200000000248110e+03,6.361809148128448044e+01
1.991300000000248019e+03,6.361395599353529207e+01
1.991400000000248156e+03,6.360977711930277678e+01
1.991500000000248292e+03,6.360555417221809904e+01
1.991600000000248201e+03,6.360128645135793590e+01
1.991700000000248110e+03,6.359697324085674097e+01
1.991800000000248247e+03,6.359261380950629672e+01
1.991900000000248383e+03,6.358820741034264046e+01
1.992000000000248292e+03,6.358375328022048478e+01
1.992100000000248201e+03,6.357974800352770473e+01
1.992200000000248338e+03,6.357569076285414411e+01
1.992300000000248474e+03,6.357158054033531158e+01
1.992400000000248383e+03,6.356741629134817373e+01
1.992500000000248292e+03,6.356319694362614570e+01
1.992600000000248428e+03,6.355892139633854043e+01
1.992700000000248565e+03,6.355458851913305551e+01
1.992800000000248474e+03,6.355019715113947143e+01
1.992900000000248383e+03,6.354574609993272816e+01
1.993000000000248519e+03,6.354123414045496787e+01
1.993100000000248656e+03,6.353728500862248296e+01
1.993200000000248565e+03,6.353327350147834807e+01
1.993300000000248474e+03,6.352919812946088030e+01
1.993400000000248610e+03,6.352505735519904562e+01
1.993500000000248747e+03,6.352084959157861732e+01
1.993600000000248656e+03,6.351657319971405968e+01
1.993700000000248565e+03,6.351222648682009009e+01
1.993800000000248701e+03,6.350780770397751951e+01
1.993900000000248838e+03,6.350331504378709013e+01
1.994000000000248747e+03,6.349874663790630080e+01
1.994100000000248656e+03,6.349484992345855261e+01
1.994200000000248792e+03,6.349087955982976439e+01
1.994300000000248929e+03,6.348683343910935406e+01
1.994400000000248838e+03,6.348270937217128562e+01
1.994500000000248747e+03,6.347850508472468789e+01
1.994600000000248883e+03,6.347421821313159285e+01
1.994700000000249020e+03,6.346984629997592720e+01
1.994800000000248929e+03,6.346538678936596511e+01
1.994900000000248838e+03,6.346083702195173970e+01
1.995000000000248974e+03,6.345619422963898160e+01
1.995100000000249111e+03,6.345237784177989226e+01
1.995200000000249020e+03,6.344847612017759531e+01
1.995300000000248929e+03,6.344448617040200133e+01
1.995400000000249065e+03,6.344040496562470111e+01
1.995500000000249202e+03,6.343622933896126170e+01
1.995600000000249111e+03,6.343195597527549978e+01
1.995700000000249020e+03,6.342758140240167108e+01
1.995800000000249156e+03,6.342310198173540670e+01
1.995900000000249292e+03,6.341851389813996320e+01
1.996000000000249202e+03,6.341381314911145495e+01
1.996100000000249111e+03,6.341004510916960157e+01
1.996200000000249247e+03,6.340617815613794761e+01
1.996300000000249383e+03,6.340220834343323730e+01
1.996400000000249292e+03,6.339813151168658578e+01
1.996500000000249202e+03,6.339394327420671971e+01
1.996600000000249338e+03,6.338963900123498973e+01
1.996700000000249474e+03,6.338521380287344442e+01
1.996800000000249383e+03,6.338066251055343514e+01
1.996900000000249292e+03,6.337597965689715096e+01
1.997000000000249429e+03,6.337115945381050608e+01
1.997100000000249565e+03,6.336748863758214867e+01
1.997200000000249474e+03,6.336370514603182613e+01
1.997300000000249383e+03,6.335980371046257886e+01
1.997400000000249520e+03,6.335577872849073344e+01
1.997500000000249656e+03,6.335162423720390024e+01
1.997600000000249565e+03,6.334733388368543672e+01
1.997700000000249474e+03,6.334290089259916101e+01
1.997800000000249611e+03,6.333831803048632025e+01
1.997900000000249747e+03,6.333357756637921909e+01
1.998000000000249656e+03,6.332867122828250928e+01
1.998100000000249565e+03,6.332456356249577567e+01
1.998200000000249702e+03,6.332042507191362546e+01
1.998300000000249838e+03,6.331625540825557152e+01
1.998400000000249747e+03,6.331205421797446320e+01
1.998500000000249656e+03,6.330782114215653422e+01
1.998600000000249793e+03,6.330355581641924800e+01
1.998700000000249929e+03,6.329925787080664890e+01
1.998800000000249838e+03,6.329492692968251788e+01
1.998900000000249747e+03,6.329056261162080688e+01
1.999000000000249884e+03,6.328616452929284719e+01
1.999100000000250020e+03,6.328146033914971724e+01
1.999200000000249929e+03,6.327686654190759441e+01
1.999300000000249838e+03,6.327237929675876416e+01
1.999400000000249975e+03,6.326799493902613136e+01
1.999500000000250111e+03,6.326370997018157993e+01
1.999600000000250020e+03,6.325952104853540447e+01
1.999700000000249929e+03,6.325542498054487339e+01
1.999800000000250066e+03,6.325141871269450888e+01
1.999900000000250202e+03,6.324749932390461993e+01
2.000000000000250111e+03,6.324366401842605967e+01
2.000100000000250020e+03,6.323900403871120091e+01
2.000200000000250157e+03,6.323444442051159342e+01
2.000300000000250293e+03,6.322998195615506489e+01
2.000400000000250202e+03,6.322561357322316411e+01
2.000500000000250111e+03,6.322133632749662269e+01
2.000600000000250247e+03,6.321714739633787161e+01
2.000700000000250384e+03,6.321304407247935586e+01
2.000800000000250293e+03,6.320902375818862140e+01
2.000900000000250202e+03,6.320508395978416871e+01
2.001000000000250338e+03,6.320122228247531382e+01
2.001100000000250475e+03,6.319659960711042856e+01
2.001200000000250384e+03,6.319206800235120625e+01
2.001300000000250293e+03,6.318762480319738017e+01
2.001400000000250429e+03,6.318326744762539704e+01
2.001500000000250566e+03,6.317899347166226676e+01
2.001600000000250475e+03,6.317480050473944431e+01
2.001700000000250384e+03,6.317068626530829079e+01
2.001800000000250520e+03,6.316664855670045142e+01
2.001900000000250657e+03,6.316268526321690757e+01
2.002000000000250566e+03,6.315879434642945967e+01
2.002100000000250475e+03,6.315419019636662767e+01
2.002200000000250611e+03,6.314966869355270518e+01
2.002300000000250748e+03,6.314522763243186176e+01
2.002400000000250657e+03,6.314086488523405905e+01
2.002500000000250566e+03,6.313657839857580711e+01
2.002600000000250702e+03,6.313236619023766139e+01
2.002700000000250839e+03,6.312822634610782302e+01
2.002800000000250748e+03,6.312415701728183848e+01
2.002900000000250657e+03,6.312015641730933169e+01
2.003000000000250793e+03,6.311622281957730962e+01
2.003100000000250930e+03,6.311165889481993219e+01
2.003200000000250839e+03,6.310716916984357994e+01
2.003300000000250748e+03,6.310275184974126716e+01
2.003400000000250884e+03,6.309840519703510608e+01
2.003500000000251021e+03,6.309412752939777391e+01
2.003600000000250930e+03,6.308991721748140691e+01
2.003700000000250839e+03,6.308577268284843598e+01
2.003800000000250975e+03,6.308169239599854450e+01
2.003900000000251111e+03,6.307767487448678168e+01
2.004000000000251021e+03,6.307371868112609548e+01
2.004100000000250930e+03,6.306918787980843888e+01
2.004200000000251066e+03,6.306472329604459759e+01
2.004300000000251202e+03,6.306032348871360682e+01
2.004400000000251111e+03,6.305598705821157779e+01
2.004500000000251021e+03,6.305171264496739525e+01
2.004600000000251157e+03,6.304749892802150413e+01
2.004700000000251293e+03,6.304334462366490044e+01
2.004800000000251202e+03,6.303924848413529247e+01
2.004900000000251111e+03,6.303520929636750481e+01
2.005000000000251248e+03,6.303122588079443744e+01
2.005100000000251384e+03,6.302672888443976973e+01
2.005200000000251293e+03,6.302229035490037745e+01
2.005300000000251202e+03,6.301790915932330961e+01
2.005400000000251339e+03,6.301358419393466193e+01
2.005500000000251475e+03,6.300931438311255306e+01
2.005600000000251384e+03,6.300509867849523005e+01
2.005700000000251293e+03,6.300093605812290321e+01
2.005800000000251430e+03,6.299682552561183257e+01
2.005900000000251566e+03,6.299276610935925191e+01
2.006000000000251475e+03,6.298875686177635913e+01
2.006100000000251384e+03,6.298428866236715606e+01
2.006200000000251521e+03,6.297987145360276884e+01
2.006300000000251657e+03,6.297550436758519510e+01
2.006400000000251566e+03,6.297118655600161929e+01
2.006500000000251475e+03,6.296691718957509210e+01
2.006600000000251612e+03,6.296269545753361285e+01
2.006700000000251748e+03,6.295852056709671984e+01
2.006800000000251657e+03,6.295439174297931828e+01
2.006900000000251566e+03,6.295030822691158789e+01
2.007000000000251703e+03,6.294626927717366982e+01
2.007100000000251839e+03,6.294182641966804681e+01
2.007200000000251748e+03,6.293742724074741801e+01
2.007300000000251657e+03,6.293307109944371547e+01
2.007400000000251794e+03,6.292875736726906410e+01
2.007500000000251930e+03,6.292448542791367316e+01
2.007600000000251839e+03,6.292025467695214047e+01
2.007700000000251748e+03,6.291606452155838269e+01
2.007800000000251885e+03,6.291191438022881499e+01
2.007900000000252021e+03,6.290780368251321875e+01
2.008000000000251930e+03,6.290373186875252287e+01
2.008100000000251839e+03,6.289933076183801575e+01
2.008200000000251976e+03,6.289496597676014034e+01
2.008300000000252112e+03,6.289063706572670753e+01
2.008400000000252021e+03,6.288634358827616211e+01
2.008500000000251930e+03,6.288208511112819821e+01
2.008600000000252066e+03,6.287786120803801992e+01
2.008700000000252203e+03,6.287367145965411197e+01
2.008800000000252112e+03,6.286951545337945646e+01
2.008900000000252021e+03,6.286539278323603241e+01
2.009000000000252157e+03,6.286130304973186611e+01
2.009100000000252294e+03,6.285691626773080998e+01
2.009200000000252203e+03,6.285255871076019218e+01
2.009300000000252112e+03,6.284823008774098696e+01
2.009400000000252248e+03,6.284393011144688046e+01
2.009500000000252385e+03,6.283965849844074114e+01
2.009600000000252294e+03,6.283541496901234069e+01
2.009700000000252203e+03,6.283119924711724735e+01
2.009800000000252339e+03,6.282701106031706217e+01
2.009900000000252476e+03,6.282285013972064291e+01
2.010000000000252385e+03,6.281871621992605981e+01
2.010100000000252294e+03,6.281437347813084671e+01
2.010200000000252430e+03,6.281005266242753748e+01
2.010300000000252567e+03,6.280575360718016498e+01
2.010400000000252476e+03,6.280147614841685311e+01
2.010500000000252385e+03,6.279722012380909746e+01
2.010600000000252521e+03,6.279298537265110980e+01
2.010700000000252658e+03,6.278877173583970261e+01
2.010800000000252567e+03,6.278457905585430865e+01
2.010900000000252476e+03,6.278040717673732729e+01
2.011000000000252612e+03,6.277625594407434306e+01
2.011100000000252749e+03,6.277194130058153121e+01
2.011200000000252658e+03,6.276764134623225999e+01
2.011300000000252567e+03,6.276335600614052623e+01
2.011400000000252703e+03,6.275908520592845008e+01
2.011500000000252840e+03,6.275482887172210411e+01
2.011600000000252749e+03,6.275058693014712929e+01
2.011700000000252658e+03,6.274635930832451436e+01
2.011800000000252794e+03,6.274214593386649597e+01
2.011900000000252930e+03,6.273794673487241624e+01
2.012000000000252840e+03,6.273376163992429611e+01
2.012100000000252749e+03,6.272948434748013824e+01
2.012200000000252885e+03,6.272521439027043044e+01
2.012300000000253021e+03,6.272095174944229257e+01
2.012400000000252930e+03,6.271669640620739727e+01
2.012500000000252840e+03,6.271244834184164318e+01
2.012600000000252976e+03,6.270820753768497724e+01
2.012700000000253112e+03,6.270397397514106785e+01
2.012800000000253021e+03,6.269974763567701359e+01
2.012900000000252930e+03,6.269552850082315132e+01
2.013000000000253067e+03,6.269131655217254462e+01
2.013100000000253203e+03,6.268706697235409564e+01
2.013200000000253112e+03,6.268281725887147360e+01
2.013300000000253021e+03,6.267856741171834045e+01
2.013400000000253158e+03,6.267431743088839369e+01
2.013500000000253294e+03,6.267006731637534500e+01
2.013600000000253203e+03,6.266581706817287056e+01
2.013700000000253112e+03,6.266156668627468207e+01
2.013800000000253249e+03,6.265731617067443437e+01
2.013900000000253385e+03,6.265306552136583917e+01
2.014000000000253294e+03,6.264881473834270054e+01
2.014100000000253203e+03,6.264459980303129072e+01
2.014200000000253340e+03,6.264037707824108736e+01
2.014300000000253476e+03,6.263614654235890811e+01
2.014400000000253385e+03,6.263190817369157060e+01
2.014500000000253294e+03,6.262766195046543771e+01
2.014600000000253431e+03,6.262340785082611205e+01
2.014700000000253567e+03,6.261914585283808066e+01
2.014800000000253476e+03,6.261487593448423894e+01
2.014900000000253385e+03,6.261059807366563490e+01
2.015000000000253522e+03,6.260631224820124174e+01
2.015100000000253658e+03,6.260212635834333383e+01
2.015200000000253567e+03,6.259792476135542927e+01
2.015300000000253476e+03,6.259370736866219431e+01
2.015400000000253613e+03,6.258947409102106718e+01
2.015500000000253749e+03,6.258522483851592710e+01
2.015600000000253658e+03,6.258095952055079891e+01
2.015700000000253567e+03,6.257667804584332316e+01
2.015800000000253704e+03,6.257238032241829728e+01
2.015900000000253840e+03,6.256806625760104623e+01
2.016000000000253749e+03,6.256373575801139708e+01
2.016100000000253658e+03,6.255959623687550675e+01
2.016200000000253794e+03,6.255543286967343874e+01
2.016300000000253931e+03,6.255124544975900847e+01
2.016400000000253840e+03,6.254703376809148807e+01
2.016500000000253749e+03,6.254279761320070463e+01
2.016600000000253885e+03,6.253853677115172616e+01
2.016700000000254022e+03,6.253425102550881576e+01
2.016800000000253931e+03,6.252994015729883870e+01
2.016900000000253840e+03,6.252560394497386653e+01
2.017000000000253976e+03,6.252124216437404414e+01
2.017100000000254113e+03,6.251715102479388264e+01
2.017200000000254022e+03,6.251302758095707901e+01
2.017300000000253931e+03,6.250887144872807966e+01
2.017400000000254067e+03,6.250468223785668442e+01
2.017500000000254204e+03,6.250045955185586166e+01
2.017600000000254113e+03,6.249620298787669270e+01
2.017700000000254022e+03,6.249191213658020416e+01
2.017800000000254158e+03,6.248758658200616622e+01
2.017900000000254295e+03,6.248322590143869348e+01
2.018000000000254204e+03,6.247882966527017601e+01
2.018100000000254113e+03,6.247503387053497192e+01
2.018200000000254249e+03,6.247119943047008661e+01
2.018300000000254386e+03,6.246732575187842684e+01
2.018400000000254295e+03,6.246341222935985371e+01
2.018500000000254204e+03,6.245945824499582955e+01
2.018600000000254340e+03,6.245546316802407461e+01
2.018700000000254477e+03,6.245142635450317670e+01
2.018800000000254386e+03,6.244734714696659950e+01
2.018900000000254295e+03,6.244322487406568456e+01
2.019000000000254431e+03,6.243905885020238600e+01
2.019100000000254568e+03,6.243529979853847323e+01
2.019200000000254477e+03,6.243149319766776273e+01
2.019300000000254386e+03,6.242763813965476771e+01
2.019400000000254522e+03,6.242373369330029931e+01
2.019500000000254659e+03,6.241977890339161661e+01
2.019600000000254568e+03,6.241577278992328104e+01
2.019700000000254477e+03,6.241171434728753553e+01
2.019800000000254613e+03,6.240760254343278035e+01
2.019900000000254749e+03,6.240343631898856813e+01
2.020000000000254659e+03,6.239921458635713947e+01
2.020100000000254568e+03,6.239551561317976081e+01
2.020200000000254704e+03,6.239175992159960771e+01
2.020300000000254840e+03,6.238794619699583421e+01
2.020400000000254749e+03,6.238407308380410399e+01
2.020500000000254659e+03,6.238013918391020951e+01
2.020600000000254795e+03,6.237614305496731504e+01
2.020700000000254931e+03,6.237208320863280875e+01
2.020800000000254840e+03,6.236795810872006030e+01
2.020900000000254749e+03,6.236376616926035865e+01
2.021000000000254886e+03,6.235950575247154859e+01
2.021100000000255022e+03,6.235584616525527224e+01
2.021200000000254931e+03,6.235211965422546143e+01
2.021300000000254840e+03,6.234832436666199840e+01
2.021400000000254977e+03,6.234445838082019975e+01
2.021500000000255113e+03,6.234051970268605913e+01
2.021600000000255022e+03,6.233650626254684113e+01
2.021700000000254931e+03,6.233241591136447823e+01
2.021800000000255068e+03,6.232824641693839141e+01
2.021900000000255204e+03,6.232399545984356592e+01
2.022000000000255113e+03,6.231966062913012649e+01
2.022100000000255022e+03,6.231607247737578348e+01
2.022200000000255159e+03,6.231240694349846621e+01
2.022300000000255295e+03,6.230866149697589407e+01
2.022400000000255204e+03,6.230483349573347596e+01
2.022500000000255113e+03,6.230092017992894426e+01
2.022600000000255250e+03,6.229691866531666733e+01
2.022700000000255386e+03,6.229282593615822350e+01
2.022800000000255295e+03,6.228863883764259413e+01
2.022900000000255204e+03,6.228435406777580852e+01
2.023000000000255341e+03,6.227996816869891461e+01
2.023100000000255477e+03,6.227643316250664896e+01
2.023200000000255386e+03,6.227280890163941507e+01
2.023300000000255295e+03,6.226909196251598644e+01
2.023400000000255432e+03,6.226527874419434738e+01
2.023500000000255568e+03,6.226136545673558231e+01
2.023600000000255477e+03,6.225734810863962565e+01
2.023700000000255386e+03,6.225322249326501378e+01
2.023800000000255523e+03,6.224898417413584184e+01
2.023900000000255659e+03,6.224462846902780910e+01
2.024000000000255568e+03,6.224015043271632663e+01
2.024100000000255477e+03,6.223668580842171139e+01
2.024200000000255613e+03,6.223311918754224337e+01
2.024300000000255750e+03,6.222944599870571381e+01
2.024400000000255659e+03,6.222566139321851608e+01
2.024500000000255568e+03,6.222176022371220938e+01
2.024600000000255704e+03,6.221773702078615287e+01
2.024700000000255841e+03,6.221358596742361868e+01
2.024800000000255750e+03,6.220930087092909133e+01
2.024900000000255659e+03,6.220487513210277086e+01
2.025000000000255795e+03,6.220030171133154084e+01
2.025100000000255932e+03,6.219660651073267132e+01
2.025200000000255841e+03,6.219285336119207841e+01
2.025300000000255750e+03,6.218904088878475278e+01
2.025400000000255886e+03,6.218516767580675264e+01
2.025500000000256023e+03,6.218123225901744178e+01
2.025600000000255932e+03,6.217723312779650513e+01
2.025700000000255841e+03,6.217316872221046253e+01
2.025800000000255977e+03,6.216903743098394131e+01
2.025900000000256114e+03,6.216483758936990967e+01
2.026000000000256023e+03,6.216056747691260398e+01
2.026100000000255932e+03,6.215617629163283198e+01
2.026200000000256068e+03,6.215188656696719960e+01
2.026300000000256205e+03,6.214769482662622835e+01
2.026400000000256114e+03,6.214359775133551977e+01
2.026500000000256023e+03,6.213959217006968316e+01
2.026600000000256159e+03,6.213567505186721007e+01
2.026700000000256296e+03,6.213184349818169494e+01
2.026800000000256205e+03,6.212809473572884400e+01
2.026900000000256114e+03,6.212442610979218216e+01
2.027000000000256250e+03,6.212083507795134096e+01
2.027100000000256387e+03,6.211646960664342032e+01
2.027200000000256296e+03,6.211219698839551739e+01
2.027300000000256205e+03,6.210801429192121503e+01
2.027400000000256341e+03,6.210391870803329084e+01
2.027500000000256478e+03,6.209990754335191809e+01
2.027600000000256387e+03,6.209597821439783161e+01
2.027700000000256296e+03,6.209212824204350056e+01
2.027800000000256432e+03,6.208835524629708402e+01
2.027900000000256568e+03,6.208465694139615465e+01
2.028000000000256478e+03,6.208103113118798433e+01
2.028100000000256387e+03,6.207670185718317413e+01
2.028200000000256523e+03,6.207245713712077162e+01
2.028300000000256659e+03,6.206829451785456087e+01
2.028400000000256568e+03,6.206421164022621895e+01
2.028500000000256478e+03,6.206020623460677399e+01
2.028600000000256614e+03,6.205627611668951715e+01
2.028700000000256750e+03,6.205241918351796926e+01
2.028800000000256659e+03,6.204863340973360408e+01
2.028900000000256568e+03,6.204491684402942298e+01
2.029000000000256705e+03,6.204126760579435995e+01
2.029100000000256841e+03,6.203695765650530092e+01
2.029200000000256750e+03,6.203272468455167399e+01
2.029300000000256659e+03,6.202856664592010105e+01
2.029400000000256796e+03,6.202448156832976167e+01
2.029500000000256932e+03,6.202046754811305362e+01
2.029600000000256841e+03,6.201652274725756087e+01
2.029700000000256750e+03,6.201264539059978631e+01
2.029800000000256887e+03,6.200883376316163265e+01
2.029900000000257023e+03,6.200508620762118994e+01
2.030000000000256932e+03,6.200140112190825903e+01
2.030100000000256841e+03,6.199713638002075555e+01
2.030200000000256978e+03,6.199294095243833880e+01
2.030300000000257114e+03,6.198881316294784227e+01
2.030400000000257023e+03,6.198475138895124559e+01
2.030500000000256932e+03,6.198075405933904136e+01
2.030600000000257069e+03,6.197681965246393787e+01
2.030700000000257205e+03,6.197294669420973179e+01
2.030800000000257114e+03,6.196913375614963115e+01
2.030900000000257023e+03,6.196537945378982926e+01
2.031000000000257160e+03,6.196168244489176402e+01
2.031100000000257296e+03,6.195743580320883126e+01
2.031200000000257205e+03,6.195325156481792561e+01
2.031300000000257114e+03,6.194912836425146452e+01
2.031400000000257251e+03,6.194506487559111463e+01
2.031500000000257387e+03,6.194105981104615211e+01
2.031600000000257296e+03,6.193711191959283724e+01
2.031700000000257205e+03,6.193321998567148512e+01
2.031800000000257342e+03,6.192938282793865312e+01
2.031900000000257478e+03,6.192559929807173091e+01
2.032000000000257387e+03,6.192186827962169815e+01
2.032100000000257296e+03,6.191765585248094794e+01
2.032200000000257432e+03,6.191349888460628392e+01
2.032300000000257569e+03,6.190939628792584415e+01
2.032400000000257478e+03,6.190534700264579726e+01
2.032500000000257387e+03,6.190134999633755086e+01
2.032600000000257523e+03,6.189740426306023124e+01
2.032700000000257660e+03,6.189350882251664387e+01
2.032800000000257569e+03,6.188966271924124385e+01
2.032900000000257478e+03,6.188586502181891547e+01
2.033000000000257614e+03,6.188211482213161929e+01
2.033100000000257751e+03,6.187792660903214426e+01
2.033200000000257660e+03,6.187378724056177504e+01
2.033300000000257569e+03,6.186969586720559278e+01
2.033400000000257705e+03,6.186565165903498809e+01
2.033500000000257842e+03,6.186165380514650991e+01
2.033600000000257751e+03,6.185770151311970722e+01
2.033700000000257660e+03,6.185379400849361531e+01
2.033800000000257796e+03,6.184993053426068599e+01
2.033900000000257933e+03,6.184611035037804783e+01
2.034000000000257842e+03,6.184233273329372338e+01
2.034100000000257751e+03,6.183817977259568011e+01
2.034200000000257887e+03,6.183406904576565211e+01
2.034300000000258024e+03,6.182999991181186061e+01
2.034400000000257933e+03,6.182597174264853379e+01
2.034500000000257842e+03,6.182198392277269505e+01
2.034600000000257978e+03,6.181803584895057213e+01
2.034700000000258115e+03,6.181412692991355584e+01
2.034800000000258024e+03,6.181025658606287720e+01
2.034900000000257933e+03,6.180642424918310240e+01
2.035000000000258069e+03,6.180262936216313818e+01
2.035100000000258206e+03,6.179848685556054733e+01
2.035200000000258115e+03,6.179438030965951612e+01
2.035300000000258024e+03,6.179030925822660691e+01
2.035400000000258160e+03,6.178627324305335122e+01
2.035500000000258296e+03,6.178227181378440491e+01
2.035600000000258206e+03,6.177830452774998093e+01
2.035700000000258115e+03,6.177437094980253818e+01
2.035800000000258251e+03,6.177047065215771937e+01
2.035900000000258387e+03,6.176660321423931777e+01
2.036000000000258296e+03,6.176276822252728493e+01
2.036100000000258206e+03,6.175866333913189976e+01
2.036200000000258342e+03,6.175458795128304246e+01
2.036300000000258478e+03,6.175054174220942826e+01
2.036400000000258387e+03,6.174652439965958450e+01
2.036500000000258296e+03,6.174253561582153793e+01
2.036600000000258433e+03,6.173857508724421450e+01
2.036700000000258569e+03,6.173464251476046627e+01
2.036800000000258478e+03,6.173073760341171834e+01
2.036900000000258387e+03,6.172686006237427847e+01
2.037000000000258524e+03,6.172300960488639987e+01
2.037100000000258660e+03,6.171893307316231159e+01
2.037200000000258569e+03,6.171487966909496947e+01
2.037300000000258478e+03,6.171084919642358813e+01
2.037400000000258615e+03,6.170684146110176016e+01
2.037500000000258751e+03,6.170285627126628469e+01
2.037600000000258660e+03,6.169889343720658559e+01
2.037700000000258569e+03,6.169495277133453470e+01
2.037800000000258706e+03,6.169103408815490752e+01
2.037900000000258842e+03,6.168713720423628644e+01
2.038000000000258751e+03,6.168326193818190717e+01
2.038100000000258660e+03,6.167921340757450110e+01
2.038200000000258797e+03,6.167518161944298782e+01
2.038300000000258933e+03,6.167116647014528752e+01
2.038400000000258842e+03,6.166716785689300906e+01
2.038500000000258751e+03,6.166318567774265347e+01
2.038600000000258888e+03,6.165921983158698083e+01
2.038700000000259024e+03,6.165527021814642694e+01
2.038800000000258933e+03,6.165133673796071179e+01
2.038900000000258842e+03,6.164741929238038409e+01
2.039000000000258979e+03,6.164351778355828770e+01
2.039100000000259115e+03,6.163948807293485999e+01
2.039200000000259024e+03,6.163546868349651930e+01
2.039300000000258933e+03,6.163145957564093180e+01
2.039400000000259070e+03,6.162746070996809067e+01
2.039500000000259206e+03,6.162347204727909400e+01
2.039600000000259115e+03,6.161949354857480188e+01
2.039700000000259024e+03,6.161552517505455029e+01
2.039800000000259161e+03,6.161156688811492188e+01
2.039900000000259297e+03,6.160761864934853804e+01
2.040000000000259206e+03,6.160368042054254545e+01
2.040100000000259115e+03,6.159968945360831327e+01
2.040200000000259251e+03,6.159570223809647871e+01
2.040300000000259388e+03,6.159171876872017037e+01
2.040400000000259297e+03,6.158773904020237211e+01
2.040500000000259206e+03,6.158376304727606509e+01
2.040600000000259342e+03,6.157979078468405731e+01
2.040700000000259479e+03,6.157582224717901909e+01
2.040800000000259388e+03,6.157185742952347596e+01
2.040900000000259297e+03,6.156789632648975186e+01
2.041000000000259433e+03,6.156393893285996199e+01
2.041100000000259570e+03,6.155997327241593098e+01
2.041200000000259479e+03,6.155600467809456688e+01
2.041300000000259388e+03,6.155203314663888392e+01
2.041400000000259524e+03,6.154805867478702908e+01
2.041500000000259661e+03,6.154408125927229634e+01
2.041600000000259570e+03,6.154010089682322615e+01
2.041700000000259479e+03,6.153611758416343491e+01
2.041800000000259615e+03,6.153213131801165758e+01
2.041900000000259752e+03,6.152814209508186138e+01
2.042000000000259661e+03,6.152414991208324579e+01
2.042100000000259570e+03,6.152022242413888620e+01
2.042200000000259706e+03,6.151628514664070480e+01
2.042300000000259843e+03,6.151233804294125207e+01
2.042400000000259752e+03,6.150838107620994322e+01
2.042500000000259661e+03,6.150441420943186444e+01
2.042600000000259797e+03,6.150043740540665738e+01
2.042700000000259934e+03,6.149645062674739648e+01
2.042800000000259843e+03,6.149245383587931002e+01
2.042900000000259752e+03,6.148844699503870714e+01
2.043000000000259888e+03,6.148443006627205421e+01
2.043100000000260025e+03,6.148052751999701826e+01
2.043200000000259934e+03,6.147660806624396201e+01
2.043300000000259843e+03,6.147267159489885557e+01
2.043400000000259979e+03,6.146871799488937427e+01
2.043500000000260115e+03,6.146474715417451051e+01
2.043600000000260025e+03,6.146075895973397252e+01
2.043700000000259934e+03,6.145675329755735561e+01
2.043800000000260070e+03,6.145273005263346278e+01
2.043900000000260206e+03,6.144868910893910652e+01
2.044000000000260115e+03,6.144463034942869228e+01
2.044100000000260025e+03,6.144076267425775484e+01
2.044200000000260161e+03,6.143687072306002506e+01
2.044300000000260297e+03,6.143295426655789981e+01
2.044400000000260206e+03,6.142901307257746168e+01
2.044500000000260115e+03,6.142504690600250683e+01
2.044600000000260252e+03,6.142105552872784102e+01
2.044700000000260388e+03,6.141703869961160933e+01
2.044800000000260297e+03,6.141299617442674474e+01
2.044900000000260206e+03,6.140892770581146465e+01
2.045000000000260343e+03,6.140483304321957547e+01
2.045100000000260479e+03,6.140100023686704134e+01
2.045200000000260388e+03,6.139713543476033664e+01
2.045300000000260297e+03,6.139323823457577589e+01
2.045400000000260434e+03,6.138930822721600578e+01
2.045500000000260570e+03,6.138534499666697286e+01
2.045600000000260479e+03,6.138134811985096206e+01
2.045700000000260388e+03,6.137731716647613212e+01
2.045800000000260525e+03,6.137325169888207199e+01
2.045900000000260661e+03,6.136915127188135699e+01
2.046000000000260570e+03,6.136501543259932134e+01
2.046100000000260479e+03,6.136168051933987044e+01
2.046200000000260616e+03,6.135831036545618389e+01
2.046300000000260752e+03,6.135490440939028645e+01
2.046400000000260661e+03,6.135146207758925385e+01
2.046500000000260570e+03,6.134798278418325168e+01
2.046600000000260707e+03,6.134446593065312925e+01
2.046700000000260843e+03,6.134091090548720615e+01
2.046800000000260752e+03,6.133731708382676118e+01
2.046900000000260661e+03,6.133368382709988964e+01
2.047000000000260798e+03,6.133001048264432598e+01
2.047100000000260934e+03,6.132670813980372770e+01
2.047200000000260843e+03,6.132336297465999309e+01
2.047300000000260752e+03,6.131997414884620667e+01
2.047400000000260889e+03,6.131654080196725687e+01
2.047500000000261025e+03,6.131306205087138039e+01
2.047600000000260934e+03,6.130953698889301506e+01
2.047700000000260843e+03,6.130596468506478658e+01
2.047800000000260980e+03,6.130234418329786905e+01
2.047900000000261116e+03,6.129867450152892872e+01
2.048000000000261025e+03,6.129495463083331686e+01
2.048100000000260934e+03,6.129170162377998565e+01
2.048200000000260843e+03,6.128839792973449363e+01
2.048300000000261207e+03,6.128504235471959305e+01
2.048400000000261116e+03,6.128163366696107772e+01
2.048500000000261025e+03,6.127817059538001132e+01
2.048600000000261389e+03,6.127465182801257271e+01
2.048700000000261298e+03,6.127107601035285001e+01
2.048800000000261207e+03,6.126744174361428463e+01
2.048900000000261116e+03,6.126374758290540257e+01
2.049000000000261025e+03,6.125999203531596038e+01
2.049100000000261389e+03,6.125678095672488865e+01
2.049200000000261298e+03,6.125351061082653814e+01
2.049300000000261207e+03,6.125017934148015541e+01
2.049400000000261571e+03,6.124678543026017508e+01
2.049500000000261480e+03,6.124332709350040460e+01
2.049600000000261389e+03,6.123980247916817632e+01
2.049700000000261298e+03,6.123620966355720441e+01
2.049800000000261207e+03,6.123254664778644951e+01
2.049900000000261571e+03,6.122881135409178199e+01
2.050000000000261480e+03,6.122500162189785300e+01
2.050100000000261389e+03,6.122182642657261198e+01
2.050200000000261753e+03,6.121858245915685615e+01
2.050300000000261662e+03,6.121526746086950510e+01
2.050400000000261571e+03,6.121187907291658803e+01
2.050500000000261480e+03,6.120841483089402146e+01
2.050600000000261389e+03,6.120487215880999798e+01
2.050700000000261753e+03,6.120124836269688728e+01
2.050800000000261662e+03,6.119754062377919013e+01
2.050900000000261571e+03,6.119374599116105884e+01
2.051000000000261934e+03,6.118986137399592451e+01
2.051100000000261844e+03,6.118675944249318377e+01
2.051200000000261753e+03,6.118357918898134784e+01
2.051300000000261662e+03,6.118031760915249606e+01
2.051400000000261571e+03,6.117697154305464124e+01
2.051500000000261934e+03,6.117353766488016475e+01
2.051600000000261844e+03,6.117001247193964986e+01
2.051700000000261753e+03,6.116639227274406920e+01
2.051800000000262116e+03,6.116267317411046633e+01
2.051900000000262025e+03,6.115885106719606057e+01
2.052000000000261934e+03,6.115492161235822266e+01
2.052100000000261844e+03,6.115187964412287158e+01
2.052200000000261753e+03,6.114874843087901013e+01
2.052300000000262116e+03,6.114552398676428169e+01
2.052400000000262025e+03,6.114220208497392406e+01
2.052500000000261934e+03,6.113877823927518307e+01
2.052600000000262298e+03,6.113524768379366492e+01
2.052700000000262207e+03,6.113160535087973102e+01
2.052800000000262116e+03,6.112784584683872424e+01
2.052900000000262025e+03,6.112396342528074911e+01
2.053000000000261934e+03,6.111995195781493351e+01
2.053100000000262298e+03,6.111659405279229418e+01
2.053200000000262207e+03,6.111320273392938418e+01
2.053300000000262116e+03,6.110977749999064912e+01
2.053400000000262480e+03,6.110631783966493202e+01
2.053500000000262389e+03,6.110282323131104931e+01
2.053600000000262298e+03,6.109929314269542999e+01
2.053700000000262207e+03,6.109572703072198863e+01
2.053800000000262116e+03,6.109212434115362100e+01
2.053900000000262480e+03,6.108848450832493882e+01
2.054000000000262389e+03,6.108480695484578860e+01
2.054100000000262298e+03,6.108096170830586402e+01
2.054200000000262662e+03,6.107720210324220034e+01
2.054300000000262571e+03,6.107352531005011542e+01
2.054400000000262480e+03,6.106992862242086773e+01
2.054500000000262389e+03,6.106640945069865722e+01
2.054600000000262298e+03,6.106296531566227515e+01
2.054700000000262662e+03,6.105959384270041568e+01
2.054800000000262571e+03,6.105629275635190112e+01
2.054900000000262480e+03,6.105305987518407562e+01
2.055000000000262844e+03,6.104989310698366722e+01
2.055100000000262753e+03,6.104606423088931422e+01
2.055200000000262662e+03,6.104231403692686087e+01
2.055300000000262571e+03,6.103864012442525677e+01
2.055400000000262480e+03,6.103504018939278808e+01
2.055500000000262844e+03,6.103151201969859585e+01
2.055600000000262753e+03,6.102805349053995343e+01
2.055700000000262662e+03,6.102466256017479651e+01
2.055800000000263026e+03,6.102133726590253104e+01
2.055900000000262935e+03,6.101807572027579596e+01
2.056000000000262844e+03,6.101487610752614188e+01
2.056100000000262753e+03,6.101106242095647048e+01
2.056200000000262662e+03,6.100732087699695683e+01
2.056300000000263026e+03,6.100364944777089704e+01
2.056400000000262935e+03,6.100004618069896623e+01
2.056500000000262844e+03,6.099650919503643109e+01
2.056600000000263208e+03,6.099303667859987854e+01
2.056700000000263117e+03,6.098962688467123883e+01
2.056800000000263026e+03,6.098627812906799761e+01
2.056900000000262935e+03,6.098298878736945738e+01
2.057000000000262844e+03,6.097975729228772934e+01
2.057100000000263208e+03,6.097598088311608677e+01
2.057200000000263117e+03,6.097227000260366481e+01
2.057300000000263026e+03,6.096862295983041236e+01
2.057400000000263390e+03,6.096503812155747681e+01
2.057500000000263299e+03,6.096151390978840112e+01
2.057600000000263208e+03,6.095804879945311683e+01
2.057700000000263117e+03,6.095464131620738613e+01
2.057800000000263026e+03,6.095129003434119852e+01
2.057900000000263390e+03,6.094799357478983381e+01
2.058000000000263299e+03,6.094475060324022309e+01
2.058100000000263208e+03,6.094099293449528432e+01
2.058200000000263572e+03,6.093729478545856892e+01
2.058300000000263481e+03,6.093365475309551726e+01
2.058400000000263390e+03,6.093007147812522817e+01
2.058500000000263299e+03,6.092654364332824457e+01
2.058600000000263208e+03,6.092306997193205120e+01
2.058700000000263572e+03,6.091964922607044741e+01
2.058800000000263481e+03,6.091628020531280896e+01
2.058900000000263390e+03,6.091296174525948004e+01
2.059000000000263753e+03,6.090969271619873382e+01
2.059100000000263663e+03,6.090596882104387788e+01
2.059200000000263572e+03,6.090229841987471104e+01
2.059300000000263481e+03,6.089868036824458386e+01
2.059400000000263390e+03,6.089511355412133753e+01
2.059500000000263753e+03,6.089159689674770704e+01
2.059600000000263663e+03,6.088812934554960776e+01
2.059700000000263572e+03,6.088470987908965526e+01
2.059800000000263935e+03,6.088133750406404232e+01
2.059900000000263844e+03,6.087801125434067018e+01
2.060000000000263753e+03,6.087473019003490293e+01
2.060100000000263663e+03,6.087101435443271669e+01
2.060200000000263572e+03,6.086734656059703497e+01
2.060300000000263935e+03,6.086372588281935947e+01
2.060400000000263844e+03,6.086015141902248615e+01
2.060500000000263753e+03,6.085662229001121659e+01
2.060600000000264117e+03,6.085313763875142001e+01
2.060700000000264026e+03,6.084969662967619541e+01
2.060800000000263935e+03,6.084629844801781928e+01
2.060900000000263844e+03,6.084294229916466890e+01
2.061000000000263753e+03,6.083962740804060587e+01
2.061100000000264117e+03,6.083594638653728737e+01
2.061200000000264026e+03,6.083230773627228416e+01
2.061300000000263935e+03,6.082871072984631411e+01
2.061400000000264299e+03,6.082515465641533581e+01
2.061500000000264208e+03,6.082163882122221565e+01
2.061600000000264117e+03,6.081816254514421871e+01
2.061700000000264026e+03,6.081472516425567676e+01
2.061800000000263935e+03,6.081132602940527931e+01
2.061900000000264299e+03,6.080796450580731971e+01
2.062000000000264208e+03,6.080463997264564568e+01
2.062100000000264117e+03,6.080098174880183848e+01
2.062200000000264481e+03,6.079736047950297717e+01
2.062300000000264390e+03,6.079377560760354982e+01
2.062400000000264299e+03,6.079022658710176330e+01
2.062500000000264208e+03,6.078671288286233931e+01
2.062600000000264117e+03,6.078323397034753839e+01
2.062700000000264481e+03,6.077978933535605677e+01
2.062800000000264390e+03,6.077637847376979607e+01
2.062900000000264299e+03,6.077300089130773841e+01
2.063000000000264663e+03,6.076965610328640821e+01
2.063100000000264572e+03,6.076601642961342975e+01
2.063200000000264481e+03,6.076240841987630859e+01
2.063300000000264390e+03,6.075883166266625324e+01
2.063400000000264299e+03,6.075528575367094675e+01
2.063500000000264663e+03,6.075177029552222052e+01
2.063600000000264572e+03,6.074828489764759354e+01
2.063700000000264481e+03,6.074482917612563426e+01
2.063800000000264845e+03,6.074140275354498186e+01
2.063900000000264754e+03,6.073800525886693435e+01
2.064000000000264663e+03,6.073463632729077943e+01
2.064100000000264572e+03,6.073101351814481319e+01
2.064200000000264481e+03,6.072741712411864512e+01
2.064300000000264845e+03,6.072384685735942611e+01
2.064400000000264754e+03,6.072030243418154782e+01
2.064500000000264663e+03,6.071678357499159517e+01
2.064600000000265027e+03,6.071329000421468436e+01
2.064700000000264936e+03,6.070982145022271936e+01
2.064800000000264845e+03,6.070637764526377111e+01
2.064900000000264754e+03,6.070295832539336800e+01
2.065000000000264663e+03,6.069956323040634061e+01
2.065100000000265027e+03,6.069597140903612598e+01
2.065200000000264936e+03,6.069240066392234212e+01
2.065300000000264845e+03,6.068885081009929650e+01
2.065400000000265209e+03,6.068532166475930723e+01
2.065500000000265118e+03,6.068181304722144631e+01
2.065600000000265027e+03,6.067832477890051734e+01
2.065700000000264936e+03,6.067485668327686454e+01
2.065800000000264845e+03,6.067140858586660812e+01
2.065900000000265209e+03,6.066798031419229886e+01
2.066000000000265118e+03,6.066457169775379299e+01
2.066100000000265027e+03,6.066100087020345910e+01
2.066200000000265391e+03,6.065744583976879767e+01
2.066300000000265300e+03,6.065390650185304366e+01
2.066400000000265209e+03,6.065038275278076441e+01
2.066500000000265118e+03,6.064687448978779116e+01
2.066600000000265027e+03,6.064338161101127156e+01
2.066700000000265391e+03,6.063990401547967934e+01
2.066800000000265300e+03,6.063644160310328601e+01
2.066900000000265209e+03,6.063299427466431979e+01
2.067000000000265572e+03,6.062956193180732356e+01
2.067100000000265482e+03,6.062600678653751629e+01
2.067200000000265391e+03,6.062246211968317766e+01
2.067300000000265300e+03,6.061892788498643370e+01
2.067400000000265209e+03,6.061540403646129960e+01
2.067500000000265572e+03,6.061189052839165470e+01
2.067600000000265482e+03,6.060838731532935242e+01
2.067700000000265391e+03,6.060489435209211706e+01
2.067800000000265754e+03,6.060141159376168218e+01
2.067900000000265663e+03,6.059793899568193609e+01
2.068000000000265572e+03,6.059447651345668362e+01
2.068100000000265482e+03,6.059095376685885981e+01
2.068200000000265391e+03,6.058743605643303454e+01
2.068300000000265754e+03,6.058392337138725736e+01
2.068400000000265663e+03,6.058041570096040829e+01
2.068500000000265572e+03,6.057691303442199171e+01
2.068600000000265936e+03,6.057341536107215774e+01
2.068700000000265845e+03,6.056992267024153875e+01
2.068800000000265754e+03,6.056643495129115706e+01
2.068900000000265663e+03,6.056295219361224014e+01
2.069000000000265572e+03,6.055947438662617088e+01
2.069100000000265936e+03,6.055597154514150304e+01
2.069200000000265845e+03,6.055246821510059618e+01
2.069300000000265754e+03,6.054896439640123162e+01
2.069400000000266118e+03,6.054546008894114806e+01
2.069500000000266027e+03,6.054195529261808417e+01
2.069600000000265936e+03,6.053845000732973602e+01
2.069700000000265845e+03,6.053494423297376414e+01
2.069800000000265754e+03,6.053143796944780064e+01
2.069900000000266118e+03,6.052793121664947051e+01
2.070000000000266027e+03,6.052442397447644140e+01
2.070100000000265936e+03,6.052095129782873073e+01
2.070200000000266300e+03,6.051747246770399613e+01
2.070300000000266209e+03,6.051398746773207904e+01
2.070400000000266118e+03,6.051049628148469139e+01
2.070500000000266027e+03,6.050699889247517405e+01
2.070600000000265936e+03,6.050349528415824096e+01
2.070700000000266300e+03,6.049998543992968791e+01
2.070800000000266209e+03,6.049646934312617930e+01
2.070900000000266118e+03,6.049294697702494261e+01
2.071000000000266482e+03,6.048941832484376135e+01
2.071100000000266391e+03,6.048597550082600804e+01
2.071200000000266300e+03,6.048252069202774805e+01
2.071300000000266209e+03,6.047905383575972138e+01
2.071400000000266118e+03,6.047557486889464684e+01
2.071500000000266482e+03,6.047208372786347752e+01
2.071600000000266391e+03,6.046858034865152121e+01
2.071700000000266300e+03,6.046506466679440450e+01
2.071800000000266664e+03,6.046153661737425722e+01
2.071900000000266573e+03,6.045799613501568359e+01
2.072000000000266482e+03,6.045444315388205325e+01
2.072100000000266391e+03,6.045102343499716824e+01
2.072200000000266300e+03,6.044758565558440466e+01
2.072300000000266664e+03,6.044412967219062693e+01
2.072400000000266573e+03,6.044065533983942373e+01
2.072500000000266482e+03,6.043716251201079359e+01
2.072600000000266846e+03,6.043365104062061022e+01
2.072700000000266755e+03,6.043012077599968279e+01
2.072800000000266664e+03,6.042657156687247522e+01
2.072900000000266573e+03,6.042300326033547009e+01
2.073000000000266482e+03,6.041941570183583821e+01
2.073100000000266846e+03,6.041602241200467915e+01
2.073200000000266755e+03,6.041260472149934202e+01
2.073300000000266664e+03,6.040916236617734825e+01
2.073400000000267028e+03,6.040569507806986849e+01
2.073500000000266937e+03,6.040220258531222441e+01
2.073600000000266846e+03,6.039868461207280603e+01
2.073700000000266755e+03,6.039514087848042578e+01
2.073800000000266664e+03,6.039157110055013788e+01
2.073900000000267028e+03,6.038797499010733816e+01
2.074000000000266937e+03,6.038435225471314993e+01
2.074100000000266846e+03,6.038178493221023047e+01
2.074200000000267210e+03,6.037919391709043992e+01
2.074300000000267119e+03,6.037657887986134142e+01
2.074400000000267028e+03,6.037393948489233964e+01
2.074500000000266937e+03,6.037127539027116541e+01
2.074600000000266846e+03,6.036858624765618941e+01
2.074700000000267210e+03,6.036587170212452236e+01
2.074800000000267119e+03,6.036313139201601530e+01
2.074900000000267028e+03,6.036036494877242831e+01
2.075000000000267391e+03,6.035757199677310325e+01
2.075100000000267300e+03,6.035503525311172268e+01
2.075200000000267210e+03,6.035246953353080812e+01
2.075300000000267119e+03,6.034987433871309292e+01
2.075400000000267028e+03,6.034724915780256538e+01
2.075500000000267391e+03,6.034459346806933411e+01
2.075600000000267300e+03,6.034190673456254927e+01
2.075700000000267210e+03,6.033918840975120190e+01
2.075800000000267573e+03,6.033643793315204817e+01
2.075900000000267482e+03,6.033365473094449527e+01
2.076000000000267391e+03,6.033083821557230664e+01
2.076100000000267300e+03,6.032833918047885646e+01
2.076200000000267210e+03,6.032580565770764736e+01
2.076300000000267573e+03,6.032323692838279783e+01
2.076400000000267482e+03,6.032063225350925961e+01
2.076500000000267391e+03,6.031799087326391628e+01
2.076600000000267755e+03,6.031531200625670408e+01
2.076700000000267664e+03,6.031259484875991461e+01
2.076800000000267573e+03,6.030983857390418024e+01
2.076900000000267482e+03,6.030704233083962862e+01
2.077000000000267391e+03,6.030420524386116909e+01
2.077100000000267755e+03,6.030171960898683636e+01
2.077200000000267664e+03,6.029919321876971594e+01
2.077300000000267573e+03,6.029662506256596544e+01
2.077400000000267937e+03,6.029401409603755013e+01
2.077500000000267846e+03,6.029135923973628763e+01
2.077600000000267755e+03,6.028865937761580085e+01
2.077700000000267664e+03,6.028591335546718710e+01
2.077800000000267573e+03,6.028311997927384169e+01
2.077900000000267937e+03,6.028027801348033421e+01
2.078000000000267846e+03,6.027738617917151487e+01
2.078100000000267755e+03,6.027494975546442646e+01
2.078200000000268119e+03,6.027246639741979806e+01
2.078300000000268028e+03,6.026993473566029280e+01
2.078400000000267937e+03,6.026735334701392333e+01
2.078500000000267846e+03,6.026472075184634747e+01
2.078600000000267755e+03,6.026203541123268792e+01
2.078700000000268119e+03,6.025929572395764922e+01
2.078800000000268028e+03,6.025650002333182442e+01
2.078900000000267937e+03,6.025364657381037858e+01
2.079000000000268301e+03,6.025073356740178809e+01
2.079100000000268210e+03,6.024832849177618499e+01
2.079200000000268119e+03,6.024586940060228102e+01
2.079300000000268028e+03,6.024335445351240281e+01
2.079400000000267937e+03,6.024078172557408095e+01
2.079500000000268301e+03,6.023814920237638404e+01
2.079600000000268210e+03,6.023545477476972820e+01
2.079700000000268119e+03,6.023269623323002264e+01
2.079800000000268483e+03,6.022987126181576656e+01
2.079900000000268392e+03,6.022697743168327378e+01
2.080000000000268301e+03,6.022401219412355999e+01
2.080100000000268210e+03,6.022165126848375394e+01
2.080200000000268119e+03,6.021922881590528931e+01
2.080300000000268483e+03,6.021674239949926744e+01
2.080400000000268392e+03,6.021418945196509043e+01
2.080500000000268301e+03,6.021156726674820447e+01
2.080600000000268665e+03,6.020887298846874103e+01
2.080700000000268574e+03,6.020610360254958238e+01
2.080800000000268483e+03,6.020325592396481085e+01
2.080900000000268392e+03,6.020032658502011458e+01
2.081000000000268301e+03,6.019731202206892817e+01
2.081100000000268665e+03,6.019498981017781603e+01
2.081200000000268574e+03,6.019259752734925684e+01
2.081300000000268483e+03,6.019013195349734957e+01
2.081400000000268847e+03,6.018758966816297828e+01
2.081500000000268756e+03,6.018496703468191100e+01
2.081600000000268665e+03,6.018226018282775414e+01
2.081700000000268574e+03,6.017946498975557290e+01
2.081800000000268483e+03,6.017657705904868948e+01
2.081900000000268847e+03,6.017359169764485216e+01
2.082000000000268756e+03,6.017050389038795544e+01
2.082100000000268665e+03,6.016773758895441659e+01
2.082200000000269029e+03,6.016499312441946046e+01
2.082300000000268938e+03,6.016227023923232764e+01
2.082400000000268847e+03,6.015956867987650014e+01
2.082500000000268756e+03,6.015688819679112243e+01
2.082600000000268665e+03,6.015422854429411359e+01
2.082700000000269029e+03,6.015158948050708432e+01
2.082800000000268938e+03,6.014897076728207281e+01
2.082900000000268847e+03,6.014637217012982973e+01
2.083000000000269210e+03,6.014379345814877098e+01
2.083100000000269119e+03,6.014085908413270687e+01
2.083200000000269029e+03,6.013798663916936960e+01
2.083300000000268938e+03,6.013517418324040165e+01
2.083400000000268847e+03,6.013241985652183530e+01
2.083500000000269210e+03,6.012972187528293233e+01
2.083600000000269119e+03,6.012707852803380604e+01
2.083700000000269029e+03,6.012448817190499994e+01
2.083800000000269392e+03,6.012194922924246754e+01
2.083900000000269301e+03,6.011946018440345796e+01
2.084000000000269210e+03,6.011701958073793861e+01
2.084100000000269119e+03,6.011411845274988508e+01
2.084200000000269029e+03,6.011127393251355500e+01
2.084300000000269392e+03,6.010848437921371357e+01
2.084400000000269301e+03,6.010574821484194530e+01
2.084500000000269210e+03,6.010306392121982810e+01
2.084600000000269574e+03,6.010043003719015786e+01
2.084700000000269483e+03,6.009784515596469845e+01
2.084800000000269392e+03,6.009530792261869436e+01
2.084900000000269301e+03,6.009281703172265310e+01
2.085000000000269210e+03,6.009037122510142837e+01
2.085100000000269574e+03,6.008748291799179242e+01
2.085200000000269483e+03,6.008464657883053661e+01
2.085300000000269392e+03,6.008186081757068564e+01
2.085400000000269756e+03,6.007912429330205839e+01
2.085500000000269665e+03,6.007643571209923294e+01
2.085600000000269574e+03,6.007379382498134390e+01
2.085700000000269483e+03,6.007119742597759426e+01
2.085800000000269392e+03,6.006864535029156116e+01
2.085900000000269756e+03,6.006613647255891664e+01
2.086000000000269665e+03,6.006366970519160020e+01
2.086100000000269574e+03,6.006079490646360597e+01
2.086200000000269938e+03,6.005796764647948294e+01
2.086300000000269847e+03,6.005518675573139120e+01
2.086400000000269756e+03,6.005245110276104015e+01
2.086500000000269665e+03,6.004975959262488772e+01
2.086600000000269574e+03,6.004711116543286664e+01
2.086700000000269938e+03,6.004450479495671544e+01
2.086800000000269847e+03,6.004193948730429753e+01
2.086900000000269756e+03,6.003941427965576594e+01
2.087000000000270120e+03,6.003692823905763021e+01
2.087100000000270029e+03,6.003406813281549859e+01
2.087200000000269938e+03,6.003125128116454334e+01
2.087300000000269847e+03,6.002847671023279474e+01
2.087400000000269756e+03,6.002574347516601705e+01
2.087500000000270120e+03,6.002305065905486003e+01
2.087600000000270029e+03,6.002039737190939661e+01
2.087700000000269938e+03,6.001778274967835358e+01
2.087800000000270302e+03,6.001520595331098917e+01
2.087900000000270211e+03,6.001266616785943597e+01
2.088000000000270120e+03,6.001016260161827631e+01
2.088100000000270029e+03,6.000731647572663263e+01
2.088200000000269938e+03,6.000450946067461189e+01
2.088300000000270302e+03,6.000174075578467381e+01
2.088400000000270211e+03,5.999900958208647239e+01
2.088500000000270120e+03,5.999631518158611243e+01
2.088600000000270484e+03,5.999365681656488647e+01
2.088700000000270393e+03,5.999103376890580108e+01
2.088800000000270302e+03,5.998844533944684798e+01
2.088900000000270211e+03,5.998589084735970545e+01
2.089000000000270120e+03,5.998336962955178109e+01
2.089100000000270484e+03,5.998054567344541965e+01
2.089200000000270393e+03,5.997775672245935397e+01
2.089300000000270302e+03,5.997500212972945377e+01
2.089400000000270666e+03,5.997228126423198802e+01
2.089500000000270575e+03,5.996959351030175611e+01
2.089600000000270484e+03,5.996693826716754927e+01
2.089700000000270393e+03,5.996431494850455834e+01
2.089800000000270302e+03,5.996172298200268358e+01
2.089900000000270666e+03,5.995916180895029157e+01
2.090000000000270575e+03,5.995663088383197703e+01
2.090100000000270484e+03,5.995382743659536828e+01
2.090200000000270848e+03,5.995105499731124610e+01
2.090300000000270757e+03,5.994831305435684499e+01
2.090400000000270666e+03,5.994560110730332525e+01
2.090500000000270575e+03,5.994291866661132673e+01
2.090600000000270484e+03,5.994026525333635647e+01
2.090700000000270848e+03,5.993764039884366923e+01
2.090800000000270757e+03,5.993504364453251299e+01
2.090900000000270666e+03,5.993247454156876586e+01
2.091000000000271029e+03,5.992993265062573016e+01
2.091100000000270938e+03,5.992714075694549791e+01
2.091200000000270848e+03,5.992437604656519312e+01
2.091300000000270757e+03,5.992163812440249870e+01
2.091400000000270666e+03,5.991892660299429707e+01
2.091500000000271029e+03,5.991624110231400380e+01
2.091600000000270938e+03,5.991358124959393194e+01
2.091700000000270848e+03,5.991094667915281491e+01
2.091800000000271211e+03,5.990833703222819651e+01
2.091900000000271120e+03,5.990575195681358167e+01
2.092000000000271029e+03,5.990319110749953779e+01
2.092100000000270938e+03,5.990041701168728139e+01
2.092200000000270848e+03,5.989766626026698759e+01
2.092300000000271211e+03,5.989493855980393988e+01
2.092400000000271120e+03,5.989223362176087306e+01
2.092500000000271029e+03,5.988955116239607435e+01
2.092600000000271393e+03,5.988689090266425552e+01
2.092700000000271302e+03,5.988425256811982678e+01
2.092800000000271211e+03,5.988163588882238031e+01
2.092900000000271120e+03,5.987904059924473188e+01
2.093000000000271029e+03,5.987646643818250425e+01
2.093100000000271393e+03,5.987370633115117613e+01
2.093200000000271302e+03,5.987096578697424576e+01
2.093300000000271211e+03,5.986824459840227064e+01
2.093400000000271575e+03,5.986554256110292016e+01
2.093500000000271484e+03,5.986285947360997284e+01
2.093600000000271393e+03,5.986019513727308805e+01
2.093700000000271302e+03,5.985754935620888517e+01
2.093800000000271211e+03,5.985492193725290377e+01
2.093900000000271575e+03,5.985231268991256570e+01
2.094000000000271484e+03,5.984972142632078373e+01
2.094100000000271393e+03,5.984698460789274321e+01
2.094200000000271757e+03,5.984426351806673949e+01
2.094300000000271666e+03,5.984155802164194426e+01
2.094400000000271575e+03,5.983886798496268256e+01
2.094500000000271484e+03,5.983619327589634196e+01
2.094600000000271393e+03,5.983353376381182187e+01
2.094700000000271757e+03,5.983088931955825274e+01
2.094800000000271666e+03,5.982825981544405636e+01
2.094900000000271575e+03,5.982564512521643252e+01
2.095000000000271939e+03,5.982304512404071062e+01
2.095100000000271848e+03,5.982031906378061592e+01
2.095200000000271757e+03,5.981760495847055381e+01
2.095300000000271666e+03,5.981490272964115462e+01
2.095400000000271575e+03,5.981221229950832452e+01
2.095500000000271939e+03,5.980953359096569244e+01
2.095600000000271848e+03,5.980686652757735544e+01
2.095700000000271757e+03,5.980421103357048906e+01
2.095800000000272121e+03,5.980156703382827033e+01
2.095900000000272030e+03,5.979893445388276518e+01
2.096000000000271939e+03,5.979631321990760995e+01
2.096100000000271848e+03,5.979359778011954063e+01
2.096200000000271757e+03,5.979089047230922915e+01
2.096300000000272121e+03,5.978819126000181683e+01
2.096400000000272030e+03,5.978550010694026895e+01
2.096500000000271939e+03,5.978281697708373343e+01
2.096600000000272303e+03,5.978014183460589948e+01
2.096700000000272212e+03,5.977747464389350540e+01
2.096800000000272121e+03,5.977481536954464048e+01
2.096900000000272030e+03,5.977216397636723855e+01
2.097000000000271939e+03,5.976952042937740828e+01
2.097100000000272303e+03,5.976683414559550300e+01
2.097200000000272212e+03,5.976415206678621672e+01
2.097300000000272121e+03,5.976147418308391934e+01
2.097400000000272485e+03,5.975880048465375438e+01
2.097500000000272394e+03,5.975613096169166738e+01
2.097600000000272303e+03,5.975346560442414301e+01
2.097700000000272212e+03,5.975080440310815533e+01
2.097800000000272121e+03,5.974814734803103278e+01
2.097900000000272485e+03,5.974549442951033740e+01
2.098000000000272394e+03,5.974284563789375113e+01
2.098100000000272303e+03,5.974017047043568596e+01
2.098200000000272667e+03,5.973749554164790965e+01
2.098300000000272576e+03,5.973482085149847620e+01
2.098400000000272485e+03,5.973214639995546094e+01
2.098500000000272394e+03,5.972947218698691785e+01
2.098600000000272303e+03,5.972679821256094357e+01
2.098700000000272667e+03,5.972412447664559210e+01
2.098800000000272576e+03,5.972145097920900270e+01
2.098900000000272485e+03,5.971877772021922937e+01
2.099000000000272848e+03,5.971610469964443269e+01
2.099100000000272757e+03,5.971344360953574437e+01
2.099200000000272667e+03,5.971077867490332380e+01
2.099300000000272576e+03,5.970810988740976200e+01
2.099400000000272485e+03,5.970543723869353414e+01
2.099500000000272848e+03,5.970276072036890724e+01
2.099600000000272757e+03,5.970008032402584774e+01
2.099700000000272667e+03,5.969739604122992915e+01
2.099800000000273030e+03,5.969470786352222547e+01
2.099900000000272939e+03,5.969201578241931117e+01
2.100000000000272848e+03,5.968931978941321148e+01
2.100100000000272757e+03,5.968668355383478286e+01
2.100200000000272667e+03,5.968403928225135502e+01
2.100300000000273030e+03,5.968138693786273308e+01
2.100400000000272939e+03,5.967872648364371457e+01
2.100500000000272848e+03,5.967605788234232733e+01
2.100600000000273212e+03,5.967338109647807443e+01
2.100700000000273121e+03,5.967069608834022176e+01
2.100800000000273030e+03,5.966800281998601463e+01
2.100900000000272939e+03,5.966530125323885869e+01
2.101000000000272848e+03,5.966259134968685629e+01
2.101100000000273212e+03,5.965998190083715969e+01
2.101200000000273121e+03,5.965736010200176054e+01
2.101300000000273030e+03,5.965472586529779164e+01
2.101400000000273394e+03,5.965207910200649621e+01
2.101500000000273303e+03,5.964941972256345792e+01
2.101600000000273212e+03,5.964674763654826251e+01
2.101700000000273121e+03,5.964406275267442226e+01
2.101800000000273030e+03,5.964136497877892396e+01
2.101900000000273394e+03,5.963865422181165599e+01
2.102000000000273303e+03,5.963593038782516942e+01
2.102100000000273212e+03,5.963333534723332718e+01
2.102200000000273576e+03,5.963072339176682846e+01
2.102300000000273485e+03,5.962809435550429527e+01
2.102400000000273394e+03,5.962544807034716143e+01
2.102500000000273303e+03,5.962278436598378306e+01
2.102600000000273212e+03,5.962010306985300190e+01
2.102700000000273576e+03,5.961740400710684895e+01
2.102800000000273485e+03,5.961468700057245940e+01
2.102900000000273394e+03,5.961195187071344748e+01
2.103000000000273758e+03,5.960919843559072717e+01
2.103100000000273667e+03,5.960661998863324840e+01
2.103200000000273576e+03,5.960401983773889611e+01
2.103300000000273485e+03,5.960139770771186107e+01
2.103400000000273394e+03,5.959875331868416026e+01
2.103500000000273758e+03,5.959608638601597619e+01
2.103600000000273667e+03,5.959339662019360873e+01
2.103700000000273576e+03,5.959068372672459901e+01
2.103800000000273940e+03,5.958794740603032380e+01
2.103900000000273849e+03,5.958518735333572636e+01
2.104000000000273758e+03,5.958240325855887676e+01
2.104100000000273667e+03,5.958062983809150381e+01
2.104200000000273576e+03,5.957883787868728120e+01
2.104300000000273940e+03,5.957702708811596892e+01
2.104400000000273849e+03,5.957519716797301612e+01
2.104500000000273758e+03,5.957334781351546837e+01
2.104600000000274122e+03,5.957147871349295798e+01
2.104700000000274031e+03,5.956958954997300282e+01
2.104800000000273940e+03,5.956767999816069192e+01
2.104900000000273849e+03,5.956574972621255881e+01
2.105000000000273758e+03,5.956379839504494811e+01
2.105100000000274122e+03,5.956204595326728679e+01
2.105200000000274031e+03,5.956027133485252278e+01
2.105300000000273940e+03,5.955847411616187514e+01
2.105400000000274304e+03,5.955665386269708961e+01
2.105500000000274213e+03,5.955481012875024049e+01
2.105600000000274122e+03,5.955294245703987599e+01
2.105700000000274031e+03,5.955105037833290282e+01
2.105800000000273940e+03,5.954913341105154956e+01
2.105900000000274304e+03,5.954719106086474056e+01
2.106000000000274213e+03,5.954522282026383095e+01
2.106100000000274122e+03,5.954348091223906181e+01
2.106200000000274486e+03,5.954171278473048545e+01
2.106300000000274395e+03,5.953991784125903308e+01
2.106400000000274304e+03,5.953809546711460143e+01
2.106500000000274213e+03,5.953624502865422130e+01
2.106600000000274122e+03,5.953436587256738477e+01
2.106700000000274486e+03,5.953245732510714561e+01
2.106800000000274395e+03,5.953051869128463380e+01
2.106900000000274304e+03,5.952854925402525765e+01
2.107000000000274667e+03,5.952654827328525045e+01
2.107100000000274576e+03,5.952484105925200453e+01
2.107200000000274486e+03,5.952310366299347777e+01
2.107300000000274395e+03,5.952133527697372273e+01
2.107400000000274304e+03,5.951953506458969656e+01
2.107500000000274667e+03,5.951770215885151316e+01
2.107600000000274576e+03,5.951583566099024125e+01
2.107700000000274486e+03,5.951393463898831726e+01
2.107800000000274849e+03,5.951199812602775552e+01
2.107900000000274758e+03,5.951002511885057089e+01
2.108000000000274667e+03,5.950801457602658218e+01
2.108100000000274576e+03,5.950632073197797922e+01
2.108200000000274486e+03,5.950459199783625053e+01
2.108300000000274849e+03,5.950282728437511537e+01
2.108400000000274758e+03,5.950102545655239794e+01
2.108500000000274667e+03,5.949918533107551610e+01
2.108600000000275031e+03,5.949730567381007518e+01
2.108700000000274940e+03,5.949538519701959416e+01
2.108800000000274849e+03,5.949342255642342536e+01
2.108900000000274758e+03,5.949141634805874901e+01
2.109000000000274667e+03,5.948936510493246743e+01
2.109100000000275031e+03,5.948769474823347991e+01
2.109200000000274940e+03,5.948598453400376229e+01
2.109300000000274849e+03,5.948423301841528144e+01
2.109400000000275213e+03,5.948243868705126403e+01
2.109500000000275122e+03,5.948059995053903748e+01
2.109600000000275031e+03,5.947871513985440828e+01
2.109700000000274940e+03,5.947678250126875810e+01
2.109800000000274849e+03,5.947480019090645698e+01
2.109900000000275213e+03,5.947276626887709483e+01
2.110000000000275122e+03,5.947067869294495068e+01
2.110100000000275031e+03,5.946905327652372364e+01
2.110200000000275395e+03,5.946738306357591597e+01
2.110300000000275304e+03,5.946566617633543217e+01
2.110400000000275213e+03,5.946390063060016473e+01
2.110500000000275122e+03,5.946208432808239053e+01
2.110600000000275031e+03,5.946021504808967251e+01
2.110700000000275395e+03,5.945829043846707407e+01
2.110800000000275304e+03,5.945630800572309482e+01
2.110900000000275213e+03,5.945426510425173916e+01
2.111000000000275577e+03,5.945215892455934181e+01
2.111100000000275486e+03,5.945215892455934181e+01
2.111200000000275395e+03,5.945215892455934181e+01
2.111300000000275304e+03,5.945215892455933471e+01
2.111400000000275213e+03,5.945215892455934181e+01
2.111500000000275577e+03,5.945215892455934892e+01
2.111600000000275486e+03,5.945215892455934181e+01
2.111700000000275395e+03,5.945215892455934892e+01
2.111800000000275759e+03,5.945215892455934181e+01
2.111900000000275668e+03,5.945215892455935602e+01
2.112000000000275577e+03,5.941482852879101983e+01
2.112100000000275486e+03,5.941482852879101983e+01
2.112200000000275395e+03,5.941482852879101983e+01
2.112300000000275759e+03,5.941482852879101273e+01
2.112400000000275668e+03,5.941482852879101273e+01
2.112500000000275577e+03,5.941482852879101983e+01
2.112600000000275941e+03,5.941482852879102694e+01
2.112700000000275850e+03,5.941482852879101983e+01
2.112800000000275759e+03,5.941482852879101983e+01
2.112900000000275668e+03,5.941482852879101983e+01
2.113000000000275577e+03,5.941482852878542076e+01
2.113100000000275941e+03,5.941281702903820872e+01
2.113200000000275850e+03,5.941084522569612147e+01
2.113300000000275759e+03,5.940891195514417689e+01
2.113400000000276123e+03,5.940701609880585465e+01
2.113500000000276032e+03,5.940515658098491514e+01
2.113600000000275941e+03,5.940333236683009233e+01
2.113700000000275850e+03,5.940154246041475972e+01
2.113800000000275759e+03,5.939978590292379579e+01
2.113900000000276123e+03,5.939806177094094863e+01
2.114000000000276032e+03,5.939636917482916800e+01
2.114100000000275941e+03,5.939435084325795344e+01
2.114200000000276304e+03,5.939236938924882026e+01
2.114300000000276214e+03,5.939042381124956194e+01
2.114400000000276123e+03,5.938851314365056311e+01
2.114500000000276032e+03,5.938663645518683865e+01
2.114600000000275941e+03,5.938479284742454922e+01
2.114700000000276304e+03,5.938298145332680633e+01
2.114800000000276214e+03,5.938120143589407007e+01
2.114900000000276123e+03,5.937945198687452830e+01
2.115000000000276486e+03,5.937773232553955438e+01
2.115100000000276395e+03,5.937572888175627384e+01
2.115200000000276304e+03,5.937375924852577924e+01
2.115300000000276214e+03,5.937182257711837963e+01
2.115400000000276123e+03,5.936991804697567687e+01
2.115500000000276486e+03,5.936804486455127261e+01
2.115600000000276395e+03,5.936620226220846064e+01
2.115700000000276304e+03,5.936438949717117453e+01
2.115800000000276668e+03,5.936260585052576744e+01
2.115900000000276577e+03,5.936085062627036280e+01
2.116000000000276486e+03,5.935912315040847176e+01
2.116100000000276395e+03,5.935712945826862352e+01
2.116200000000276304e+03,5.935516671294068658e+01
2.116300000000276668e+03,5.935323419942248080e+01
2.116400000000276577e+03,5.935133122456959143e+01
2.116500000000276486e+03,5.934945711626644993e+01
2.116600000000276850e+03,5.934761122263486754e+01
2.116700000000276759e+03,5.934579291127802492e+01
2.116800000000276668e+03,5.934400156855818409e+01
2.116900000000276577e+03,5.934223659890610492e+01
2.117000000000276486e+03,5.934049742416030426e+01
2.117100000000276850e+03,5.933852172688913384e+01
2.117200000000276759e+03,5.933657409829118023e+01
2.117300000000276668e+03,5.933465394442924179e+01
2.117400000000277032e+03,5.933276068800579139e+01
2.117500000000276941e+03,5.933089376778439572e+01
2.117600000000276850e+03,5.932905263803488793e+01
2.117700000000276759e+03,5.932723676800163304e+01
2.117800000000276668e+03,5.932544564139336529e+01
2.117900000000277032e+03,5.932367875589378059e+01
2.118000000000276941e+03,5.932193562269119980e+01
2.118100000000276850e+03,5.931995834026248104e+01
2.118200000000277214e+03,5.931800661113022244e+01
2.118300000000277123e+03,5.931607994311988108e+01
2.118400000000277032e+03,5.931417785661577113e+01
2.118500000000276941e+03,5.931229988416306043e+01
2.118600000000276850e+03,5.931044557008470264e+01
2.118700000000277214e+03,5.930861447011292142e+01
2.118800000000277123e+03,5.930680615103425168e+01
2.118900000000277032e+03,5.930502019034794614e+01
2.119000000000277396e+03,5.930325617593615561e+01
2.119100000000277305e+03,5.930129463441455329e+01
2.119200000000277214e+03,5.929935596542870258e+01
2.119300000000277123e+03,5.929743977124002186e+01
2.119400000000277032e+03,5.929554566327873033e+01
2.119500000000277396e+03,5.929367326188103959e+01
2.119600000000277305e+03,5.929182219603556803e+01
2.119700000000277214e+03,5.928999210313815382e+01
2.119800000000277578e+03,5.928818262875511635e+01
2.119900000000277487e+03,5.928639342639445431e+01
2.120000000000277396e+03,5.928462415728397872e+01
2.120100000000277305e+03,5.928268275354600547e+01
2.120200000000277214e+03,5.928076155633186062e+01
2.120300000000277578e+03,5.927886025180436746e+01
2.120400000000277487e+03,5.927697853259208927e+01
2.120500000000277396e+03,5.927511609762350986e+01
2.120600000000277760e+03,5.927327265196655759e+01
2.120700000000277669e+03,5.927144790667296093e+01
2.120800000000277578e+03,5.926964157862708049e+01
2.120900000000277487e+03,5.926785339039965095e+01
2.121000000000277396e+03,5.926608307010511822e+01
2.121100000000277760e+03,5.926413410769931289e+01
2.121200000000277669e+03,5.926220300625187321e+01
2.121300000000277578e+03,5.926028952135682459e+01
2.121400000000277942e+03,5.925839341304711638e+01
2.121500000000277851e+03,5.925651444569437842e+01
2.121600000000277760e+03,5.925465238791122857e+01
2.121700000000277669e+03,5.925280701245635129e+01
2.121800000000277578e+03,5.925097809614199207e+01
2.121900000000277942e+03,5.924916541974400275e+01
2.122000000000277851e+03,5.924736876791391182e+01
2.122100000000277760e+03,5.924545007889151549e+01
2.122200000000278123e+03,5.924354658626537429e+01
2.122300000000278033e+03,5.924165811020998262e+01
2.122400000000277942e+03,5.923978447372582679e+01
2.122500000000277851e+03,5.923792550258434630e+01
2.122600000000277760e+03,5.923608102527370534e+01
2.122700000000278123e+03,5.923425087294616276e+01
2.122800000000278033e+03,5.923243487936655782e+01
2.122900000000277942e+03,5.923063288086184741e+01
2.123000000000278305e+03,5.922884471627167358e+01
2.123100000000278214e+03,5.922692384950720168e+01
2.123200000000278123e+03,5.922501579636393387e+01
2.123300000000278033e+03,5.922312042905343077e+01
2.123400000000277942e+03,5.922123762148078185e+01
2.123500000000278305e+03,5.921936724921675221e+01
2.123600000000278214e+03,5.921750918947033426e+01
2.123700000000278123e+03,5.921566332106183239e+01
2.123800000000278487e+03,5.921382952439655156e+01
2.123900000000278396e+03,5.921200768143899040e+01
2.124000000000278305e+03,5.921019767568717640e+01
2.124100000000278214e+03,5.920828727889104925e+01
2.124200000000278123e+03,5.920638720586318016e+01
2.124300000000278487e+03,5.920449737314473992e+01
2.124400000000278396e+03,5.920261769817408748e+01
2.124500000000278305e+03,5.920074809927470483e+01
2.124600000000278669e+03,5.919888849564338784e+01
2.124700000000278578e+03,5.919703880733863599e+01
2.124800000000278487e+03,5.919519895526918418e+01
2.124900000000278396e+03,5.919336886118266960e+01
2.125000000000278305e+03,5.919154844765440515e+01
2.125100000000278669e+03,5.918965973272546677e+01
2.125200000000278578e+03,5.918777879274118447e+01
2.125300000000278487e+03,5.918590557979152322e+01
2.125400000000278851e+03,5.918404004635929283e+01
2.125500000000278760e+03,5.918218214531607657e+01
2.125600000000278669e+03,5.918033182991833030e+01
2.125700000000278578e+03,5.917848905380341762e+01
2.125800000000278487e+03,5.917665377098578006e+01
2.125900000000278851e+03,5.917482593585302197e+01
2.126000000000278760e+03,5.917300550316203811e+01
2.126100000000278669e+03,5.917111266903234679e+01
2.126200000000279033e+03,5.916922513972412645e+01
2.126300000000278942e+03,5.916734289296776694e+01
2.126400000000278851e+03,5.916546590661818783e+01
2.126500000000278760e+03,5.916359415865388627e+01
2.126600000000278669e+03,5.916172762717608435e+01
2.126700000000279033e+03,5.915986629040793332e+01
2.126800000000278942e+03,5.915801012669363246e+01
2.126900000000278851e+03,5.915615911449755515e+01
2.127000000000279215e+03,5.915431323240336070e+01
2.127100000000279124e+03,5.915244489946422846e+01
2.127200000000279033e+03,5.915057927808148719e+01
2.127300000000278942e+03,5.914871636235641716e+01
2.127400000000278851e+03,5.914685614640735167e+01
2.127500000000279215e+03,5.914499862436969124e+01
2.127600000000279124e+03,5.914314379039582548e+01
2.127700000000279033e+03,5.914129163865500516e+01
2.127800000000279397e+03,5.913944216333337067e+01
2.127900000000279306e+03,5.913759535863383832e+01
2.128000000000279215e+03,5.913575121877600083e+01
2.128100000000279124e+03,5.913388370346494582e+01
2.128200000000279033e+03,5.913201629093018852e+01
2.128300000000279397e+03,5.913014898116319529e+01
2.128400000000279306e+03,5.912828177415553199e+01
2.128500000000279215e+03,5.912641466989868633e+01
2.128600000000279579e+03,5.912454766838416731e+01
2.128700000000279488e+03,5.912268076960352658e+01
2.128800000000279397e+03,5.912081397354825896e+01
2.128900000000279306e+03,5.911894728020990897e+01
2.129000000000279215e+03,5.911708068958004247e+01
2.129100000000279579e+03,5.911523764006733472e+01
2.129200000000279488e+03,5.911339201924867126e+01
2.129300000000279397e+03,5.911154382173931054e+01
2.129400000000279761e+03,5.910969304213945463e+01
2.129500000000279670e+03,5.910783967503422787e+01
2.129600000000279579e+03,5.910598371499359871e+01
2.129700000000279488e+03,5.910412515657230870e+01
2.129800000000279397e+03,5.910226399430988664e+01
2.129900000000279761e+03,5.910040022273047811e+01
2.130000000000279670e+03,5.909853383634303725e+01
2.130100000000279579e+03,5.909669286567458357e+01
2.130200000000279942e+03,5.909484653786844177e+01
2.130300000000279852e+03,5.909299482950706306e+01
2.130400000000279761e+03,5.909113771703611917e+01
2.130500000000279670e+03,5.908927517676366392e+01
2.130600000000279579e+03,5.908740718485902477e+01
2.130700000000279942e+03,5.908553371735184356e+01
2.130800000000279852e+03,5.908365475013100365e+01
2.130900000000279761e+03,5.908177025894364931e+01
2.131000000000280124e+03,5.907988021939428336e+01
2.131100000000280033e+03,5.907805710554299594e+01
2.131200000000279942e+03,5.907622578365751309e+01
2.131300000000279852e+03,5.907438619818138648e+01
2.131400000000279761e+03,5.907253829305563642e+01
2.131500000000280124e+03,5.907068201171310307e+01
2.131600000000280033e+03,5.906881729707259865e+01
2.131700000000279942e+03,5.906694409153313785e+01
2.131800000000280306e+03,5.906506233696796926e+01
2.131900000000280215e+03,5.906317197471853575e+01
2.132000000000280124e+03,5.906127294558870489e+01
2.132100000000280033e+03,5.905946034776804510e+01
2.132200000000279942e+03,5.905763654096797666e+01
2.132300000000280306e+03,5.905580142089267071e+01
2.132400000000280215e+03,5.905395488194837839e+01
2.132500000000280124e+03,5.905209681722318038e+01
2.132600000000280488e+03,5.905022711846626038e+01
2.132700000000280397e+03,5.904834567606702933e+01
2.132800000000280306e+03,5.904645237903355337e+01
2.132900000000280215e+03,5.904454711497082542e+01
2.133000000000280124e+03,5.904262977005890178e+01
2.133100000000280488e+03,5.904083681291753294e+01
2.133200000000280397e+03,5.903902956158665205e+01
2.133300000000280306e+03,5.903720784444341518e+01
2.133400000000280670e+03,5.903537148710650939e+01
2.133500000000280579e+03,5.903352031238047459e+01
2.133600000000280488e+03,5.903165414019872514e+01
2.133700000000280397e+03,5.902977278756516455e+01
2.133800000000280306e+03,5.902787606849436486e+01
2.133900000000280670e+03,5.902596379395025394e+01
2.134000000000280579e+03,5.902403577178379379e+01
2.134100000000280488e+03,5.902225453796324217e+01
2.134200000000280852e+03,5.902045568826384425e+01
2.134300000000280761e+03,5.901863896006322108e+01
2.134400000000280670e+03,5.901680408549250956e+01
2.134500000000280579e+03,5.901495079130484100e+01
2.134600000000280488e+03,5.901307879873957773e+01
2.134700000000280852e+03,5.901118782338259905e+01
2.134800000000280761e+03,5.900927757502227422e+01
2.134900000000280670e+03,5.900734775750086669e+01
2.135000000000281034e+03,5.900539806856217950e+01
2.135100000000280943e+03,5.900363598918056596e+01
2.135200000000280852e+03,5.900185284537185737e+01
2.135300000000280761e+03,5.900004825714905365e+01
2.135400000000280670e+03,5.899822183533029119e+01
2.135500000000281034e+03,5.899637318125900975e+01
2.135600000000280943e+03,5.899450188651388061e+01
2.135700000000280852e+03,5.899260753260799106e+01
2.135800000000281216e+03,5.899068969067674573e+01
2.135900000000281125e+03,5.898874792115432797e+01
2.136000000000281034e+03,5.898678177344017826e+01
2.136100000000280943e+03,5.898566273312683705e+01
2.136200000000280852e+03,5.898452780960277408e+01
2.136300000000281216e+03,5.898337666229107157e+01
2.136400000000281125e+03,5.898220894080758825e+01
2.136500000000281034e+03,5.898102428460538249e+01
2.136600000000281398e+03,5.897982232260356028e+01
2.136700000000281307e+03,5.897860267279977364e+01
2.136800000000281216e+03,5.897736494186536760e+01
2.136900000000281125e+03,5.897610872472255039e+01
2.137000000000281034e+03,5.897483360410285513e+01
2.137100000000281398e+03,5.897371490633810254e+01
2.137200000000281307e+03,5.897257758299905817e+01
2.137300000000281216e+03,5.897142116502581644e+01
2.137400000000281580e+03,5.897024516747492129e+01
2.137500000000281489e+03,5.896904908884136631e+01
2.137600000000281398e+03,5.896783241034546563e+01
2.137700000000281307e+03,5.896659459518256341e+01
2.137800000000281216e+03,5.896533508773341481e+01
2.137900000000281580e+03,5.896405331273254546e+01
2.138000000000281489e+03,5.896274867439279888e+01
2.138100000000281398e+03,5.896164969504338416e+01
2.138200000000281761e+03,5.896052943497549848e+01
2.138300000000281671e+03,5.895938727002381086e+01
2.138400000000281580e+03,5.895822255137289858e+01
2.138500000000281489e+03,5.895703460432820719e+01
2.138600000000281398e+03,5.895582272701282278e+01
2.138700000000281761e+03,5.895458618898456393e+01
2.138800000000281671e+03,5.895332422976788678e+01
2.138900000000281580e+03,5.895203605729422236e+01
2.139000000000281943e+03,5.895072084624488440e+01
2.139100000000281852e+03,5.894964085461988645e+01
2.139200000000281761e+03,5.894853669274527164e+01
2.139300000000281671e+03,5.894740754004223504e+01
2.139400000000281580e+03,5.894625253836196066e+01
2.139500000000281943e+03,5.894507078981062165e+01
2.139600000000281852e+03,5.894386135442140073e+01
2.139700000000281761e+03,5.894262324766103234e+01
2.139800000000282125e+03,5.894135543775671948e+01
2.139900000000282034e+03,5.894005684282867463e+01
2.140000000000281943e+03,5.893872632781158671e+01
2.140100000000281852e+03,5.893765477671470876e+01
2.140200000000281761e+03,5.893655559131773458e+01
2.140300000000282125e+03,5.893542768866230119e+01
2.140400000000282034e+03,5.893426992845446932e+01
2.140500000000281943e+03,5.893308110921936560e+01
2.140600000000282307e+03,5.893185996414214856e+01
2.140700000000282216e+03,5.893060515656515719e+01
2.140800000000282125e+03,5.892931527510720002e+01
2.140900000000282034e+03,5.892798882836808616e+01
2.141000000000281943e+03,5.892662423918000059e+01
2.141100000000282307e+03,5.892662423918000059e+01
2.141200000000282216e+03,5.892662423918000769e+01
2.141300000000282125e+03,5.892662423918000059e+01
2.141400000000282489e+03,5.892662423918000059e+01
2.141500000000282398e+03,5.892662423918000769e+01
2.141600000000282307e+03,5.892662423917999348e+01
2.141700000000282216e+03,5.892662423917999348e+01
2.141800000000282125e+03,5.892662423917999348e+01
2.141900000000282489e+03,5.892662423917997216e+01
2.142000000000282398e+03,5.890253317666496713e+01
2.142100000000282307e+03,5.890253317666496002e+01
2.142200000000282671e+03,5.890253317666496713e+01
2.142300000000282580e+03,5.890253317666496713e+01
2.142400000000282489e+03,5.890253317666496713e+01
2.142500000000282398e+03,5.890253317666497423e+01
2.142600000000282307e+03,5.890253317666496713e+01
2.142700000000282671e+03,5.890253317666496713e+01
2.142800000000282580e+03,5.890253317666496713e+01
2.142900000000282489e+03,5.890253317666496713e+01
2.143000000000282853e+03,5.890253317666117283e+01
2.143100000000282762e+03,5.890120509847343300e+01
2.143200000000282671e+03,5.889990313599426486e+01
2.143300000000282580e+03,5.889862652640370300e+01
2.143400000000282489e+03,5.889737453630383612e+01
2.143500000000282853e+03,5.889614646031384382e+01
2.143600000000282762e+03,5.889494161974476327e+01
2.143700000000282671e+03,5.889375936134879908e+01
2.143800000000283035e+03,5.889259905613829460e+01
2.143900000000282944e+03,5.889146009826983885e+01
2.144000000000282853e+03,5.889034190398898261e+01
2.144100000000282762e+03,5.888905433365143693e+01
2.144200000000282671e+03,5.888779029251960395e+01
2.144300000000283035e+03,5.888654914147011965e+01
2.144400000000282944e+03,5.888533026431931461e+01
2.144500000000282853e+03,5.888413306680303094e+01
2.144600000000283217e+03,5.888295697561062525e+01
2.144700000000283126e+03,5.888180143746949113e+01
2.144800000000283035e+03,5.888066591827720941e+01
2.144900000000282944e+03,5.887954990227838437e+01
2.145000000000282853e+03,5.887845289128294013e+01
2.145100000000283217e+03,5.887715683549254919e+01
2.145200000000283126e+03,5.887588273495611446e+01
2.145300000000283035e+03,5.887463003647450677e+01
2.145400000000283399e+03,5.887339820527881074e+01
2.145500000000283308e+03,5.887218672426916299e+01
2.145600000000283217e+03,5.887099509329103597e+01
2.145700000000283126e+03,5.886982282844665804e+01
2.145800000000283035e+03,5.886866946143991441e+01
2.145900000000283399e+03,5.886753453895256172e+01
2.146000000000283308e+03,5.886641762204961026e+01
2.146100000000283217e+03,5.886511514538781142e+01
2.146200000000283580e+03,5.886383305029991675e+01
2.146300000000283489e+03,5.886257086209383971e+01
2.146400000000283399e+03,5.886132812070489706e+01
2.146500000000283308e+03,5.886010438013664725e+01
2.146600000000283217e+03,5.885889920792725860e+01
2.146700000000283580e+03,5.885771218463995069e+01
2.146800000000283489e+03,5.885654290337630812e+01
2.146900000000283399e+03,5.885539096931121605e+01
2.147000000000283762e+03,5.885425599924787576e+01
2.147100000000283671e+03,5.885297200905812787e+01
2.147200000000283580e+03,5.885170651459906566e+01
2.147300000000283489e+03,5.885045911908520821e+01
2.147400000000283399e+03,5.884922943700004794e+01
2.147500000000283762e+03,5.884801709369880029e+01
2.147600000000283671e+03,5.884682172502789399e+01
2.147700000000283580e+03,5.884564297696022805e+01
2.147800000000283944e+03,5.884448050524563456e+01
2.147900000000283853e+03,5.884333397507570140e+01
2.148000000000283762e+03,5.884220306076182538e+01
2.148100000000283671e+03,5.884093722944969329e+01
2.148200000000283580e+03,5.883968808624709368e+01
2.148300000000283944e+03,5.883845530330315654e+01
2.148400000000283853e+03,5.883723856129898167e+01
2.148500000000283762e+03,5.883603754917191253e+01
2.148600000000284126e+03,5.883485196385037597e+01
2.148700000000284035e+03,5.883368150999893231e+01
2.148800000000283944e+03,5.883252589977295344e+01
2.148900000000283853e+03,5.883138485258274386e+01
2.149000000000283762e+03,5.883025809486580471e+01
2.149100000000284126e+03,5.882898310046324752e+01
2.149200000000284035e+03,5.882772339269799744e+01
2.149300000000283944e+03,5.882647869828794995e+01
2.149400000000284308e+03,5.882524875042643231e+01
2.149500000000284217e+03,5.882403328859159330e+01
2.149600000000284126e+03,5.882283205836229456e+01
2.149700000000284035e+03,5.882164481124073063e+01
2.149800000000283944e+03,5.882047130448093952e+01
2.149900000000284308e+03,5.881931130092336701e+01
2.150000000000284217e+03,5.881816456883474586e+01
2.150100000000284126e+03,5.881689812496949799e+01
2.150200000000284490e+03,5.881564536857263192e+01
2.150300000000284399e+03,5.881440607893974004e+01
2.150400000000284308e+03,5.881318004008607403e+01
2.150500000000284217e+03,5.881196704062103464e+01
2.150600000000284126e+03,5.881076687362665467e+01
2.150700000000284490e+03,5.880957933654000414e+01
2.150800000000284399e+03,5.880840423103909842e+01
2.150900000000284308e+03,5.880724136293261495e+01
2.151000000000284672e+03,5.880609054205244490e+01
2.151100000000284581e+03,5.880483084822147077e+01
2.151200000000284490e+03,5.880358329436311493e+01
2.151300000000284399e+03,5.880234770582518422e+01
2.151400000000284308e+03,5.880112391128972860e+01
2.151500000000284672e+03,5.879991174269376586e+01
2.151600000000284581e+03,5.879871103515242226e+01
2.151700000000284490e+03,5.879752162688408390e+01
2.151800000000284854e+03,5.879634335913778642e+01
2.151900000000284763e+03,5.879517607612259411e+01
2.152000000000284672e+03,5.879401962493861333e+01
2.152100000000284581e+03,5.879277513044200987e+01
2.152200000000284490e+03,5.879154117449835582e+01
2.152300000000284854e+03,5.879031762380915893e+01
2.152400000000284763e+03,5.878910434731452028e+01
2.152500000000284672e+03,5.878790121614638053e+01
2.152600000000285036e+03,5.878670810358287468e+01
2.152700000000284945e+03,5.878552488500384499e+01
2.152800000000284854e+03,5.878435143784745520e+01
2.152900000000284763e+03,5.878318764156783516e+01
2.153000000000284672e+03,5.878203337759354241e+01
2.153100000000285036e+03,5.878078806690815128e+01
2.153200000000284945e+03,5.877955184118746956e+01
2.153300000000284854e+03,5.877832460137596371e+01
2.153400000000285218e+03,5.877710624985291332e+01
2.153500000000285127e+03,5.877589669040655451e+01
2.153600000000285036e+03,5.877469582820871352e+01
2.153700000000284945e+03,5.877350356979003010e+01
2.153800000000284854e+03,5.877231982301571378e+01
2.153900000000285218e+03,5.877114449706186150e+01
2.154000000000285127e+03,5.876997750239189600e+01
2.154100000000285036e+03,5.876874119617770020e+01
2.154200000000285399e+03,5.876751245138041924e+01
2.154300000000285308e+03,5.876629119884160701e+01
2.154400000000285218e+03,5.876507737024358136e+01
2.154500000000285127e+03,5.876387089809674080e+01
2.154600000000285036e+03,5.876267171572708747e+01
2.154700000000285399e+03,5.876147975726389916e+01
2.154800000000285308e+03,5.876029495762768562e+01
2.154900000000285218e+03,5.875911725251836515e+01
2.155000000000285581e+03,5.875794657840337720e+01
2.155100000000285490e+03,5.875671123602963064e+01
2.155200000000285399e+03,5.875548196966315828e+01
2.155300000000285308e+03,5.875425873458686254e+01
2.155400000000285218e+03,5.875304148652134018e+01
2.155500000000285581e+03,5.875183018161956028e+01
2.155600000000285490e+03,5.875062477646169157e+01
2.155700000000285399e+03,5.874942522804978040e+01
2.155800000000285763e+03,5.874823149380263487e+01
2.155900000000285672e+03,5.874704353155097891e+01
2.156000000000285581e+03,5.874586129953210190e+01
2.156100000000285490e+03,5.874463565989143632e+01
2.156200000000285399e+03,5.874341455692182734e+01
2.156300000000285763e+03,5.874219796548126737e+01
2.156400000000285672e+03,5.874098586061317206e+01
2.156500000000285581e+03,5.873977821754470341e+01
2.156600000000285945e+03,5.873857501168506445e+01
2.156700000000285854e+03,5.873737621862383662e+01
2.156800000000285763e+03,5.873618181412932415e+01
2.156900000000285672e+03,5.873499177414691275e+01
2.157000000000285581e+03,5.873380607479737847e+01
2.157100000000285945e+03,5.873258521025391588e+01
2.157200000000285854e+03,5.873136734326926955e+01
2.157300000000285763e+03,5.873015246281723023e+01
2.157400000000286127e+03,5.872894055792557566e+01
2.157500000000286036e+03,5.872773161767580063e+01
2.157600000000285945e+03,5.872652563120273328e+01
2.157700000000285854e+03,5.872532258769425795e+01
2.157800000000285763e+03,5.872412247639092442e+01
2.157900000000286127e+03,5.872292528658566368e+01
2.158000000000286036e+03,5.872173100762348952e+01
2.158100000000285945e+03,5.872051872393172545e+01
2.158200000000286309e+03,5.871930786238104361e+01
2.158300000000286218e+03,5.871809842047045436e+01
2.158400000000286127e+03,5.871689039570475899e+01
2.158500000000286036e+03,5.871568378559465629e+01
2.158600000000285945e+03,5.871447858765664307e+01
2.158700000000286309e+03,5.871327479941304262e+01
2.158800000000286218e+03,5.871207241839198332e+01
2.158900000000286127e+03,5.871087144212733477e+01
2.159000000000286491e+03,5.870967186815872196e+01
2.159100000000286400e+03,5.870846781942466919e+01
2.159200000000286309e+03,5.870726358777171328e+01
2.159300000000286218e+03,5.870605917315817379e+01
2.159400000000286127e+03,5.870485457554235609e+01
2.159500000000286491e+03,5.870364979488253709e+01
2.159600000000286400e+03,5.870244483113700085e+01
2.159700000000286309e+03,5.870123968426400296e+01
2.159800000000286673e+03,5.870003435422179905e+01
2.159900000000286582e+03,5.869882884096864473e+01
2.160000000000286491e+03,5.869762314446277429e+01
2.160100000000286400e+03,5.869643415023307398e+01
2.160200000000286309e+03,5.869524333785835779e+01
2.160300000000286673e+03,5.869405070316511086e+01
2.160400000000286582e+03,5.869285624196707118e+01
2.160500000000286491e+03,5.869165995006508751e+01
2.160600000000286855e+03,5.869046182324717620e+01
2.160700000000286764e+03,5.868926185728842171e+01
2.160800000000286673e+03,5.868806004795089137e+01
2.160900000000286582e+03,5.868685639098366380e+01
2.161000000000286491e+03,5.868565088212270808e+01
2.161100000000286855e+03,5.868445333544458720e+01
2.161200000000286764e+03,5.868325223424479020e+01
2.161300000000286673e+03,5.868204756267412847e+01
2.161400000000287037e+03,5.868083930478910304e+01
2.161500000000286946e+03,5.867962744455110879e+01
2.161600000000286855e+03,5.867841196582577368e+01
2.161700000000286764e+03,5.867719285238224103e+01
2.161800000000286673e+03,5.867597008789240931e+01
2.161900000000287037e+03,5.867474365593025709e+01
2.162000000000286946e+03,5.867351353997124619e+01
2.162100000000286855e+03,5.867233543917988925e+01
2.162200000000287218e+03,5.867115206125964733e+01
2.162300000000287127e+03,5.866996337067372735e+01
2.162400000000287037e+03,5.866876933156558493e+01
2.162500000000286946e+03,5.866756990775524372e+01
2.162600000000286855e+03,5.866636506273567164e+01
2.162700000000287218e+03,5.866515475966909321e+01
2.162800000000287127e+03,5.866393896138318809e+01
2.162900000000287037e+03,5.866271763036736075e+01
2.163000000000287400e+03,5.866149072876900306e+01
2.163100000000287309e+03,5.866032490579811309e+01
2.163200000000287218e+03,5.865915199709611016e+01
2.163300000000287127e+03,5.865797193786674057e+01
2.163400000000287037e+03,5.865678466252130363e+01
2.163500000000287400e+03,5.865559010466649426e+01
2.163600000000287309e+03,5.865438819709200402e+01
2.163700000000287218e+03,5.865317887175790190e+01
2.163800000000287582e+03,5.865196205978185162e+01
2.163900000000287491e+03,5.865073769142600213e+01
2.164000000000287400e+03,5.864950569608387809e+01
2.164100000000287309e+03,5.864834314944828719e+01
2.164200000000287218e+03,5.864717156290228672e+01
2.164300000000287582e+03,5.864599083059343343e+01
2.164400000000287491e+03,5.864480084501013124e+01
2.164500000000287400e+03,5.864360149694910973e+01
2.164600000000287764e+03,5.864239267548187939e+01
2.164700000000287673e+03,5.864117426792066112e+01
2.164800000000287582e+03,5.863994615978324987e+01
2.164900000000287491e+03,5.863870823475723881e+01
2.165000000000287400e+03,5.863746037466357564e+01
2.165100000000287764e+03,5.863630012555839954e+01
2.165200000000287673e+03,5.863512874885840631e+01
2.165300000000287582e+03,5.863394608371018535e+01
2.165400000000287946e+03,5.863275196614505802e+01
2.165500000000287855e+03,5.863154622900334800e+01
2.165600000000287764e+03,5.863032870185627132e+01
2.165700000000287673e+03,5.862909921092565924e+01
2.165800000000287582e+03,5.862785757900132211e+01
2.165900000000287946e+03,5.862660362535584824e+01
2.166000000000287855e+03,5.862533716565738473e+01
2.166100000000287764e+03,5.862419527650381923e+01
2.166200000000288128e+03,5.862304020186321907e+01
2.166300000000288037e+03,5.862187171202855751e+01
2.166400000000287946e+03,5.862068957192588670e+01
2.166500000000287855e+03,5.861949354095676767e+01
2.166600000000287764e+03,5.861828337283497348e+01
2.166700000000288128e+03,5.861705881541742258e+01
2.166800000000288037e+03,5.861581961052906564e+01
2.166900000000287946e+03,5.861456549378139158e+01
2.167000000000288310e+03,5.861329619438480876e+01
2.167100000000288219e+03,5.861216262161838131e+01
2.167200000000288128e+03,5.861101355576919048e+01
2.167300000000288037e+03,5.860984867702462964e+01
2.167400000000287946e+03,5.860866765670888157e+01
2.167500000000288310e+03,5.860747015697376838e+01
2.167600000000288219e+03,5.860625583047648490e+01
2.167700000000288128e+03,5.860502432004373219e+01
2.167800000000288492e+03,5.860377525832148393e+01
2.167900000000288401e+03,5.860250826740958274e+01
2.168000000000288310e+03,5.860122295848274376e+01
2.168100000000288219e+03,5.860065879403870781e+01
2.168200000000288128e+03,5.860008561190516474e+01
2.168300000000288492e+03,5.859950319413005104e+01
2.168400000000288401e+03,5.859891131568058142e+01
2.168500000000288310e+03,5.859830974415334737e+01
2.168600000000288674e+03,5.859769823947000589e+01
2.168700000000288583e+03,5.859707655355791189e+01
2.168800000000288492e+03,5.859644443001445779e+01
2.168900000000288401e+03,5.859580160375460167e+01
2.169000000000288310e+03,5.859514780064036898e+01
2.169100000000288674e+03,5.859457239338085088e+01
2.169200000000288583e+03,5.859398631988313610e+01
2.169300000000288492e+03,5.859338928079504427e+01
2.169400000000288856e+03,5.859278096545664027e+01
2.169500000000288765e+03,5.859216105136128050e+01
2.169600000000288674e+03,5.859152920358551597e+01
2.169700000000288583e+03,5.859088507418559288e+01
2.169800000000288492e+03,5.859022830155864625e+01
2.169900000000288856e+03,5.858955850976573743e+01
2.170000000000288765e+03,5.858887530781473174e+01
2.170100000000288674e+03,5.858833095922015133e+01
2.170200000000289037e+03,5.858777497774294574e+01
2.170300000000288946e+03,5.858720698645868907e+01
2.170400000000288856e+03,5.858662659198114397e+01
2.170500000000288765e+03,5.858603338355376167e+01
2.170600000000288674e+03,5.858542693208014640e+01
2.170700000000289037e+03,5.858480678908895811e+01
2.170800000000288946e+03,5.858417248562791002e+01
2.170900000000288856e+03,5.858352353108104893e+01
2.171000000000289219e+03,5.858285941190357704e+01
2.171100000000289128e+03,5.858230240534112454e+01
2.171200000000289037e+03,5.858173171636667576e+01
2.171300000000288946e+03,5.858114683456529548e+01
2.171400000000288856e+03,5.858054722381479706e+01
2.171500000000289219e+03,5.857993232064649192e+01
2.171600000000289128e+03,5.857930153247917104e+01
2.171700000000289037e+03,5.857865423571431052e+01
2.171800000000289401e+03,5.857798977367967552e+01
2.171900000000289310e+03,5.857730745440729692e+01
2.172000000000289219e+03,5.857660654823174440e+01
2.172100000000289128e+03,5.857660654823175150e+01
2.172200000000289037e+03,5.857660654823175150e+01
2.172300000000289401e+03,5.857660654823175150e+01
2.172400000000289310e+03,5.857660654823175861e+01
2.172500000000289219e+03,5.857660654823175861e+01
2.172600000000289583e+03,5.857660654823176571e+01
2.172700000000289492e+03,5.857660654823176571e+01
2.172800000000289401e+03,5.857660654823174440e+01
2.172900000000289310e+03,5.857660654823166624e+01
2.174000000000289674e+03,5.855804704176357234e+01
2.174100000000289583e+03,5.855804704176357234e+01
2.174200000000289947e+03,5.855804704176357234e+01
2.174300000000289856e+03,5.855804704176356523e+01
2.174400000000289765e+03,5.855804704176356523e+01
2.174500000000289674e+03,5.855804704176357234e+01
2.174600000000289583e+03,5.855804704176356523e+01
2.174700000000289947e+03,5.855804704176356523e+01
2.174800000000289856e+03,5.855804704176357234e+01
2.174900000000289765e+03,5.855804704176357234e+01
2.175000000000290129e+03,5.855804704176164677e+01
2.175100000000290038e+03,5.855739363776800133e+01
2.175200000000289947e+03,5.855675204216338159e+01
2.175300000000289856e+03,5.855612193771058571e+01
2.175400000000289765e+03,5.855550301843519634e+01
2.175500000000290129e+03,5.855489498913010493e+01
2.175600000000290038e+03,5.855429756488597803e+01
2.175700000000289947e+03,5.855371047064625856e+01
2.175800000000290311e+03,5.855313344078470550e+01
2.175900000000290220e+03,5.855256621870485390e+01
2.176000000000290129e+03,5.855200855645912128e+01
2.176100000000290038e+03,5.855134422655296333e+01
2.176200000000289947e+03,5.855069106263230339e+01
2.176300000000290311e+03,5.855004878552824721e+01
2.176400000000290220e+03,5.854941712530123255e+01
2.176500000000290129e+03,5.854879582086281431e+01
2.176600000000290493e+03,5.854818461961575338e+01
2.176700000000290402e+03,5.854758327711171262e+01
2.176800000000290311e+03,5.854699155672514621e+01
2.176900000000290220e+03,5.854640922934297009e+01
2.177000000000290129e+03,5.854583607306844328e+01
2.177100000000290493e+03,5.854517049157529129e+01
2.177200000000290402e+03,5.854451528535043536e+01
2.177300000000290311e+03,5.854387021367125499e+01
2.177400000000290675e+03,5.854323504320487359e+01
2.177500000000290584e+03,5.854260954772669834e+01
2.177600000000290493e+03,5.854199350785180656e+01
2.177700000000290402e+03,5.854138671077841138e+01
2.177800000000290311e+03,5.854078895004271033e+01
2.177900000000290675e+03,5.854020002528476141e+01
2.178000000000290584e+03,5.853961974202425722e+01
2.178100000000290493e+03,5.853896200061076627e+01
2.178200000000290856e+03,5.853831373638801949e+01
2.178300000000290765e+03,5.853767474599032283e+01
2.178400000000290675e+03,5.853704483182917073e+01
2.178500000000290584e+03,5.853642380188962591e+01
2.178600000000290493e+03,5.853581146953509062e+01
2.178700000000290856e+03,5.853520765332033449e+01
2.178800000000290765e+03,5.853461217681229556e+01
2.178900000000290675e+03,5.853402486841809349e+01
2.179000000000291038e+03,5.853344556122004860e+01
2.179100000000290947e+03,5.853279298095996808e+01
2.179200000000290856e+03,5.853214904973068400e+01
2.179300000000290765e+03,5.853151359671810638e+01
2.179400000000290675e+03,5.853088645557668457e+01
2.179500000000291038e+03,5.853026746428430016e+01
2.179600000000290947e+03,5.852965646500268093e+01
2.179700000000290856e+03,5.852905330394320060e+01
2.179800000000291220e+03,5.852845783123786561e+01
2.179900000000291129e+03,5.852786990081514062e+01
2.180000000000291038e+03,5.852728937028026479e+01
2.180100000000290947e+03,5.852663269704294180e+01
2.180200000000290856e+03,5.852598398705793414e+01
2.180300000000291220e+03,5.852534309634675225e+01
2.180400000000291129e+03,5.852470988438107469e+01
2.180500000000291038e+03,5.852408421397989713e+01
2.180600000000291402e+03,5.852346595121057504e+01
2.180700000000291311e+03,5.852285496529318465e+01
2.180800000000291220e+03,5.852225112850829447e+01
2.180900000000291129e+03,5.852165431610798407e+01
2.181000000000291038e+03,5.852106440622974048e+01
2.181100000000291402e+03,5.852042320491388239e+01
2.181200000000291311e+03,5.851978906365045674e+01
2.181300000000291220e+03,5.851916186647411422e+01
2.181400000000291584e+03,5.851854149994534993e+01
2.181500000000291493e+03,5.851792785308220601e+01
2.181600000000291402e+03,5.851732081729402069e+01
2.181700000000291311e+03,5.851672028631737987e+01
2.181800000000291220e+03,5.851612615615409396e+01
2.181900000000291584e+03,5.851553832501119956e+01
2.182000000000291493e+03,5.851495669324253868e+01
2.182100000000291402e+03,5.851430461329435673e+01
2.182200000000291766e+03,5.851365899577301377e+01
2.182300000000291675e+03,5.851301974508355386e+01
2.182400000000291584e+03,5.851238676750723755e+01
2.182500000000291493e+03,5.851175997115564797e+01
2.182600000000291402e+03,5.851113926592636716e+01
2.182700000000291766e+03,5.851052456345964004e+01
2.182800000000291675e+03,5.850991577709655900e+01
2.182900000000291584e+03,5.850931282183829296e+01
2.183000000000291948e+03,5.850871561430641066e+01
2.183100000000291857e+03,5.850808541951708008e+01
2.183200000000291766e+03,5.850746077662862632e+01
2.183300000000291675e+03,5.850684161259595584e+01
2.183400000000291584e+03,5.850622785564976880e+01
2.183500000000291948e+03,5.850561943526880526e+01
2.183600000000291857e+03,5.850501628215288719e+01
2.183700000000291766e+03,5.850441832819652888e+01
2.183800000000292130e+03,5.850382550646335034e+01
2.183900000000292039e+03,5.850323775116110170e+01
2.184000000000291948e+03,5.850265499761712107e+01
2.184100000000291857e+03,5.850201322970407602e+01
2.184200000000291766e+03,5.850137641278415401e+01
2.184300000000292130e+03,5.850074448978500641e+01
2.184400000000292039e+03,5.850011740450809583e+01
2.184500000000291948e+03,5.849949510161204813e+01
2.184600000000292312e+03,5.849887752659645201e+01
2.184700000000292221e+03,5.849826462578581499e+01
2.184800000000292130e+03,5.849765634631414457e+01
2.184900000000292039e+03,5.849705263610963613e+01
2.185000000000291948e+03,5.849645344387975854e+01
2.185100000000292312e+03,5.849581952271870477e+01
2.185200000000292221e+03,5.849518979142978026e+01
2.185300000000292130e+03,5.849456420861064743e+01
2.185400000000292493e+03,5.849394273340268313e+01
2.185500000000292403e+03,5.849332532548208974e+01
2.185600000000292312e+03,5.849271194505110572e+01
2.185700000000292221e+03,5.849210255282952886e+01
2.185800000000292130e+03,5.849149711004633190e+01
2.185900000000292493e+03,5.849089557843134912e+01
2.186000000000292403e+03,5.849029792020721175e+01
2.186100000000292312e+03,5.848966436215746967e+01
2.186200000000292675e+03,5.848903428552510064e+01
2.186300000000292584e+03,5.848840766169303151e+01
2.186400000000292493e+03,5.848778446235692741e+01
2.186500000000292403e+03,5.848716465952104215e+01
2.186600000000292312e+03,5.848654822549391241e+01
2.186700000000292675e+03,5.848593513288429335e+01
2.186800000000292584e+03,5.848532535459710147e+01
2.186900000000292493e+03,5.848471886382936447e+01
2.187000000000292857e+03,5.848411563406631331e+01
2.187100000000292766e+03,5.848348517024466986e+01
2.187200000000292675e+03,5.848285745641128131e+01
2.187300000000292584e+03,5.848223247461279328e+01
2.187400000000292493e+03,5.848161020705172319e+01
2.187500000000292857e+03,5.848099063608486148e+01
2.187600000000292766e+03,5.848037374422159473e+01
2.187700000000292675e+03,5.847975951412223594e+01
2.187800000000293039e+03,5.847914792859640443e+01
2.187900000000292948e+03,5.847853897060145556e+01
2.188000000000292857e+03,5.847793262324073282e+01
2.188100000000292766e+03,5.847730452775365251e+01
2.188200000000292675e+03,5.847667844706464990e+01
2.188300000000293039e+03,5.847605437149469765e+01
2.188400000000292948e+03,5.847543229142666377e+01
2.188500000000292857e+03,5.847481219730477875e+01
2.188600000000293221e+03,5.847419407963423055e+01
2.188700000000293130e+03,5.847357792898061035e+01
2.188800000000293039e+03,5.847296373596946495e+01
2.188900000000292948e+03,5.847235149128581355e+01
2.189000000000292857e+03,5.847174118567367174e+01
2.189100000000293221e+03,5.847112429960628077e+01
2.189200000000293130e+03,5.847050866233401933e+01
2.189300000000293039e+03,5.846989427006873541e+01
2.189400000000293403e+03,5.846928111903756076e+01
2.189500000000293312e+03,5.846866920548286828e+01
2.189600000000293221e+03,5.846805852566216544e+01
2.189700000000293130e+03,5.846744907584804452e+01
2.189800000000293039e+03,5.846684085232812578e+01
2.189900000000293403e+03,5.846623385140490115e+01
2.190000000000293312e+03,5.846562806939571288e+01
2.190100000000293221e+03,5.846501061830709745e+01
2.190200000000293585e+03,5.846439366447604868e+01
2.190300000000293494e+03,5.846377720730208694e+01
2.190400000000293403e+03,5.846316124618576282e+01
2.190500000000293312e+03,5.846254578052851514e+01
2.190600000000293221e+03,5.846193080973282719e+01
2.190700000000293585e+03,5.846131633320208465e+01
2.190800000000293494e+03,5.846070235034063955e+01
2.190900000000293403e+03,5.846008886055383158e+01
2.191000000000293767e+03,5.845947586324791700e+01
2.191100000000293676e+03,5.845886099725164797e+01
2.191200000000293585e+03,5.845824585101308912e+01
2.191300000000293494e+03,5.845763042434057155e+01
2.191400000000293403e+03,5.845701471704232688e+01
2.191500000000293767e+03,5.845639872892635225e+01
2.191600000000293676e+03,5.845578245980048848e+01
2.191700000000293585e+03,5.845516590947239166e+01
2.191800000000293949e+03,5.845454907774956155e+01
2.191900000000293858e+03,5.845393196443928474e+01
2.192000000000293767e+03,5.845331456934875547e+01
2.192100000000293676e+03,5.845270144642071131e+01
2.192200000000293585e+03,5.845208723973974685e+01
2.192300000000293949e+03,5.845147194642989774e+01
2.192400000000293858e+03,5.845085556360495360e+01
2.192500000000293767e+03,5.845023808836852908e+01
2.192600000000294131e+03,5.844961951781391463e+01
2.192700000000294040e+03,5.844899984902411205e+01
2.192800000000293949e+03,5.844837907907175634e+01
2.192900000000293858e+03,5.844775720501904459e+01
2.193000000000293767e+03,5.844713422391775737e+01
2.193100000000294131e+03,5.844652406785245091e+01
2.193200000000294040e+03,5.844591199627169686e+01
2.193300000000293949e+03,5.844529800014101539e+01
2.193400000000294312e+03,5.844468207036899088e+01
2.193500000000294222e+03,5.844406419780688822e+01
2.193600000000294131e+03,5.844344437324814834e+01
2.193700000000294040e+03,5.844282258742792635e+01
2.193800000000293949e+03,5.844219883102270074e+01
2.193900000000294312e+03,5.844157309464971917e+01
2.194000000000294222e+03,5.844094536886667157e+01
2.194100000000294131e+03,5.844034005871346693e+01
2.194200000000294494e+03,5.843973197583785151e+01
2.194300000000294403e+03,5.843912110114472114e+01
2.194400000000294312e+03,5.843850741536324733e+01
2.194500000000294222e+03,5.843789089904481671e+01
2.194600000000294131e+03,5.843727153256099882e+01
2.194700000000294494e+03,5.843664929610145720e+01
2.194800000000294403e+03,5.843602416967182478e+01
2.194900000000294312e+03,5.843539613309161496e+01
2.195000000000294676e+03,5.843476516599208992e+01
2.195100000000294585e+03,5.843416910123169572e+01
2.195200000000294494e+03,5.843356939817567053e+01
2.195300000000294403e+03,5.843296602341055745e+01
2.195400000000294312e+03,5.843235894311251144e+01
2.195500000000294676e+03,5.843174812304095411e+01
2.195600000000294585e+03,5.843113352853215048e+01
2.195700000000294494e+03,5.843051512449260088e+01
2.195800000000294858e+03,5.842989287539248267e+01
2.195900000000294767e+03,5.842926674525867270e+01
2.196000000000294676e+03,5.842863669766808243e+01
2.196100000000294585e+03,5.842803319299359543e+01
2.196200000000294494e+03,5.842742502742954969e+01
2.196300000000294858e+03,5.842681214677230628e+01
2.196400000000294767e+03,5.842619449597444969e+01
2.196500000000294676e+03,5.842557201912836007e+01
2.196600000000295040e+03,5.842494465944930226e+01
2.196700000000294949e+03,5.842431235925818100e+01
2.196800000000294858e+03,5.842367505996383414e+01
2.196900000000294767e+03,5.842303270204497778e+01
2.197000000000294676e+03,5.842238522503184583e+01
2.197100000000295040e+03,5.842180324850100703e+01
2.197200000000294949e+03,5.842121577005034538e+01
2.197300000000294858e+03,5.842062271128776985e+01
2.197400000000295222e+03,5.842002399232487164e+01
2.197500000000295131e+03,5.841941953174101343e+01
2.197600000000295040e+03,5.841880924654638818e+01
2.197700000000294949e+03,5.841819305214405489e+01
2.197800000000294858e+03,5.841757086229088713e+01
2.197900000000295222e+03,5.841694258905726400e+01
2.198000000000295131e+03,5.841630814278583728e+01
2.198100000000295040e+03,5.841571934204888095e+01
2.198200000000295404e+03,5.841512387840357690e+01
2.198300000000295313e+03,5.841452163810947695e+01
2.198400000000295222e+03,5.841391250482253383e+01
2.198500000000295131e+03,5.841329635952009625e+01
2.198600000000295040e+03,5.841267308042339579e+01
2.198700000000295404e+03,5.841204254291730535e+01
2.198800000000295313e+03,5.841140461946729801e+01
2.198900000000295222e+03,5.841075917953342156e+01
2.199000000000295586e+03,5.841010608948151628e+01
2.199100000000295495e+03,5.840952670316222850e+01
2.199200000000295404e+03,5.840893959073633113e+01
2.199300000000295313e+03,5.840834459662529099e+01
2.199400000000295222e+03,5.840774156104516379e+01
2.199500000000295586e+03,5.840713031986361159e+01
2.199600000000295495e+03,5.840651070445098014e+01
2.199700000000295404e+03,5.840588254152511638e+01
2.199800000000295768e+03,5.840524565298989756e+01
2.199900000000295677e+03,5.840459985576683266e+01
2.200000000000295586e+03,5.840394496162112858e+01
2.200100000000295495e+03,5.840380512538922630e+01
2.200200000000295404e+03,5.840366311687023426e+01
2.200300000000295768e+03,5.840351888504980593e+01
2.200400000000295677e+03,5.840337237730359732e+01
2.200500000000295586e+03,5.840322353933329680e+01
2.200600000000295950e+03,5.840307231509947172e+01
2.200700000000295859e+03,5.840291864675127442e+01
2.200800000000295768e+03,5.840276247455260972e+01
2.200900000000295677e+03,5.840260373680475681e+01
2.201000000000295586e+03,5.840244236976509029e+01
2.201100000000295950e+03,5.840229470258580591e+01
2.201200000000295859e+03,5.840214438340476022e+01
2.201300000000295768e+03,5.840199134013241888e+01
2.201400000000296131e+03,5.840183549804251584e+01
2.201500000000296041e+03,5.840167677965040838e+01
2.201600000000295950e+03,5.840151510458463235e+01
2.201700000000295859e+03,5.840135038945116719e+01
2.201800000000295768e+03,5.840118254769002704e+01
2.201900000000296131e+03,5.840101148942359544e+01
2.202000000000296041e+03,5.840083712129620608e+01
2.202100000000295950e+03,5.840070943940784787e+01
2.202200000000296313e+03,5.840057912158197695e+01
2.202300000000296222e+03,5.840044608534056181e+01
2.202400000000296131e+03,5.840031024472829557e+01
2.202500000000296041e+03,5.840017151012747121e+01
2.202600000000295950e+03,5.840002978806077749e+01
2.202700000000296313e+03,5.839988498098125547e+01
2.202800000000296222e+03,5.839973698704840643e+01
2.202900000000296131e+03,5.839958569988933590e+01
2.203000000000296495e+03,5.839943100834383927e+01
2.203100000000296404e+03,5.839929963239337951e+01
2.203200000000296313e+03,5.839916514786122548e+01
2.203300000000296222e+03,5.839902744309480198e+01
2.203400000000296131e+03,5.839888640102971351e+01
2.203500000000296495e+03,5.839874189885782840e+01
2.203600000000296404e+03,5.839859380767059349e+01
2.203700000000296313e+03,5.839844199207552577e+01
2.203800000000296677e+03,5.839828630978330182e+01
2.203900000000296586e+03,5.839812661116299353e+01
2.204000000000296495e+03,5.839796273876284260e+01
2.204100000000296404e+03,5.839796273876284260e+01
2.204200000000296313e+03,5.839796273876284260e+01
2.204300000000296677e+03,5.839796273876284260e+01
2.204400000000296586e+03,5.839796273876284971e+01
2.204500000000296495e+03,5.839796273876284971e+01
2.204600000000296859e+03,5.839796273876284260e+01
2.204700000000296768e+03,5.839796273876282839e+01
2.204800000000296677e+03,5.839796273876287103e+01
2.204900000000296586e+03,5.839796273876284971e+01
2.206000000000296950e+03,5.839341808367084496e+01
2.206100000000296859e+03,5.839341808367084496e+01
2.206200000000297223e+03,5.839341808367083786e+01
2.206300000000297132e+03,5.839341808367083786e+01
2.206400000000297041e+03,5.839341808367084496e+01
2.206500000000296950e+03,5.839341808367083786e+01
2.206600000000296859e+03,5.839341808367083786e+01
2.206700000000297223e+03,5.839341808367083786e+01
2.206800000000297132e+03,5.839341808367084496e+01
2.206900000000297041e+03,5.839341808367083075e+01
2.207000000000297405e+03,5.839341808367035469e+01
2.207100000000297314e+03,5.839325693263310768e+01
2.207200000000297223e+03,5.839309864169878495e+01
2.207300000000297132e+03,5.839294313539564030e+01
2.207400000000297041e+03,5.839279034088411180e+01
2.207500000000297405e+03,5.839264018784311361e+01
2.207600000000297314e+03,5.839249260836209743e+01
2.207700000000297223e+03,5.839234753683866330e+01
2.207800000000297587e+03,5.839220490988131473e+01
2.207900000000297496e+03,5.839206466621708103e+01
2.208000000000297405e+03,5.839192674660365157e+01
2.208100000000297314e+03,5.839174972799391838e+01
2.208200000000297223e+03,5.839157564026816516e+01
2.208300000000297587e+03,5.839140441123439018e+01
2.208400000000297496e+03,5.839123597105218266e+01
2.208500000000297405e+03,5.839107025213780133e+01
2.208600000000297769e+03,5.839090718907375077e+01
2.208700000000297678e+03,5.839074671852263521e+01
2.208800000000297587e+03,5.839058877914512635e+01
2.208900000000297496e+03,5.839043331152188898e+01
2.209000000000297405e+03,5.839028025807890998e+01
2.209100000000297769e+03,5.839012157756864951e+01
2.209200000000297678e+03,5.838996534104420988e+01
2.209300000000297587e+03,5.838981149247390334e+01
2.209400000000297950e+03,5.838965997752591619e+01
2.209500000000297860e+03,5.838951074350425330e+01
2.209600000000297769e+03,5.838936373928765988e+01
2.209700000000297678e+03,5.838921891527121488e+01
2.209800000000297587e+03,5.838907622331051783e+01
2.209900000000297950e+03,5.838893561666839815e+01
2.210000000000297860e+03,5.838879704996367792e+01
2.210100000000297769e+03,5.838863286392246010e+01
2.210200000000298132e+03,5.838847102417417290e+01
2.210300000000298041e+03,5.838831148078125466e+01
2.210400000000297950e+03,5.838815418521326706e+01
2.210500000000297860e+03,5.838799909029775392e+01
2.210600000000297769e+03,5.838784615017299728e+01
2.210700000000298132e+03,5.838769532024283393e+01
2.210800000000298041e+03,5.838754655713331232e+01
2.210900000000297950e+03,5.838739981865109741e+01
2.211000000000298314e+03,5.838725506374353813e+01
2.211100000000298223e+03,5.838710578343584956e+01
2.211200000000298132e+03,5.838695847395160854e+01
2.211300000000298041e+03,5.838681309651807538e+01
2.211400000000297950e+03,5.838666961337290218e+01
2.211500000000298314e+03,5.838652798773148334e+01
2.211600000000298223e+03,5.838638818375548567e+01
2.211700000000298132e+03,5.838625016652265742e+01
2.211800000000298496e+03,5.838611390199767470e+01
2.211900000000298405e+03,5.838597935700423847e+01
2.212000000000298314e+03,5.838584649919796732e+01
2.212100000000298223e+03,5.838567633544670343e+01
2.212200000000298132e+03,5.838550823701557135e+01
2.212300000000298496e+03,5.838534216653039977e+01
2.212400000000298405e+03,5.838517808751341676e+01
2.212500000000298314e+03,5.838501596435646235e+01
2.212600000000298678e+03,5.838485576229527396e+01
2.212700000000298587e+03,5.838469744738464584e+01
2.212800000000298496e+03,5.838454098647437007e+01
2.212900000000298405e+03,5.838438634718621500e+01
2.213000000000298314e+03,5.838423349789146499e+01
2.213100000000298678e+03,5.838407969541186304e+01
2.213200000000298587e+03,5.838392759843160462e+01
2.213300000000298496e+03,5.838377717873893857e+01
2.213400000000298860e+03,5.838362840874096804e+01
2.213500000000298769e+03,5.838348126144670402e+01
2.213600000000298678e+03,5.838333571045075843e+01
2.213700000000298587e+03,5.838319172991759842e+01
2.213800000000298496e+03,5.838304929456617742e+01
2.213900000000298860e+03,5.838290837965522684e+01
2.214000000000298769e+03,5.838276896096876811e+01
2.214100000000298678e+03,5.838261096387243754e+01
2.214200000000299042e+03,5.838245455508381099e+01
2.214300000000298951e+03,5.838229971077233671e+01
2.214400000000298860e+03,5.838214640758182128e+01
2.214500000000298769e+03,5.838199462261869144e+01
2.214600000000298678e+03,5.838184433344059698e+01
2.214700000000299042e+03,5.838169551804531920e+01
2.214800000000298951e+03,5.838154815486007010e+01
2.214900000000298860e+03,5.838140222273106872e+01
2.215000000000299224e+03,5.838125770091333777e+01
2.215100000000299133e+03,5.838110489421479343e+01
2.215200000000299042e+03,5.838095346596998070e+01
2.215300000000298951e+03,5.838080339761030046e+01
2.215400000000298860e+03,5.838065467089919025e+01
2.215500000000299224e+03,5.838050726792470613e+01
2.215600000000299133e+03,5.838036117109233913e+01
2.215700000000299042e+03,5.838021636311803064e+01
2.215800000000299406e+03,5.838007282702131562e+01
2.215900000000299315e+03,5.837993054611874300e+01
2.216000000000299224e+03,5.837978950401731737e+01
2.216100000000299133e+03,5.837963387980978780e+01
2.216200000000299042e+03,5.837947949950257964e+01
2.216300000000299406e+03,5.837932634824136358e+01
2.216400000000299315e+03,5.837917441140737651e+01
2.216500000000299224e+03,5.837902367461280306e+01
2.216600000000299588e+03,5.837887412369620677e+01
2.216700000000299497e+03,5.837872574471808917e+01
2.216800000000299406e+03,5.837857852395654135e+01
2.216900000000299315e+03,5.837843244790311559e+01
2.217000000000299224e+03,5.837828750325851956e+01
2.217100000000299588e+03,5.837812428889683503e+01
2.217200000000299497e+03,5.837796221039761235e+01
2.217300000000299406e+03,5.837780125594470348e+01
2.217400000000299769e+03,5.837764141388531414e+01
2.217500000000299679e+03,5.837748267272710478e+01
2.217600000000299588e+03,5.837732502113555455e+01
2.217700000000299497e+03,5.837716844793119009e+01
2.217800000000299406e+03,5.837701294208695657e+01
2.217900000000299769e+03,5.837685849272562422e+01
2.218000000000299679e+03,5.837670508911727296e+01
2.218100000000299588e+03,5.837654939105592433e+01
2.218200000000299951e+03,5.837639461446961064e+01
2.218300000000299860e+03,5.837624075120207578e+01
2.218400000000299769e+03,5.837608779319298691e+01
2.218500000000299679e+03,5.837593573247662704e+01
2.218600000000299588e+03,5.837578456118045978e+01
2.218700000000299951e+03,5.837563427152372952e+01
2.218800000000299860e+03,5.837548485581624647e+01
2.218900000000299769e+03,5.837533630645692995e+01
2.219000000000300133e+03,5.837518861593262187e+01
2.219100000000300042e+03,5.837503956473464228e+01
2.219200000000299951e+03,5.837489123863793594e+01
2.219300000000299860e+03,5.837474363236412955e+01
2.219400000000299769e+03,5.837459674068602311e+01
2.219500000000300133e+03,5.837445055842682251e+01
2.219600000000300042e+03,5.837430508045969191e+01
2.219700000000299951e+03,5.837416030170703607e+01
2.219800000000300315e+03,5.837401621713996747e+01
2.219900000000300224e+03,5.837387282177768810e+01
2.220000000000300133e+03,5.837373011068692108e+01
2.220100000000300042e+03,5.837357337802140478e+01
2.220200000000299951e+03,5.837341723967520579e+01
2.220300000000300315e+03,5.837326169227434036e+01
2.220400000000300224e+03,5.837310673247024795e+01
2.220500000000300133e+03,5.837295235693964912e+01
2.220600000000300497e+03,5.837279856238426134e+01
2.220700000000300406e+03,5.837264534553059292e+01
2.220800000000300315e+03,5.837249270312970140e+01
2.220900000000300224e+03,5.837234063195697331e+01
2.221000000000300133e+03,5.837218912881182575e+01
2.221100000000300497e+03,5.837203888024116338e+01
2.221200000000300406e+03,5.837188903675419027e+01
2.221300000000300315e+03,5.837173959671488177e+01
2.221400000000300679e+03,5.837159055849603817e+01
2.221500000000300588e+03,5.837144192047914970e+01
2.221600000000300497e+03,5.837129368105448890e+01
2.221700000000300406e+03,5.837114583862085482e+01
2.221800000000300315e+03,5.837099839158562986e+01
2.221900000000300679e+03,5.837085133836475137e+01
2.222000000000300588e+03,5.837070467738251978e+01
2.222100000000300497e+03,5.837055081878421703e+01
2.222200000000300861e+03,5.837039720197956427e+01
2.222300000000300770e+03,5.837024382639902598e+01
2.222400000000300679e+03,5.837009069147485008e+01
2.222500000000300588e+03,5.836993779664106796e+01
2.222600000000300497e+03,5.836978514133351581e+01
2.222700000000300861e+03,5.836963272498973510e+01
2.222800000000300770e+03,5.836948054704907207e+01
2.222900000000300679e+03,5.836932860695262093e+01
2.223000000000301043e+03,5.836917690414323090e+01
2.223100000000300952e+03,5.836903109785291122e+01
2.223200000000300861e+03,5.836888535154497504e+01
2.223300000000300770e+03,5.836873966518243151e+01
2.223400000000300679e+03,5.836859403872830399e+01
2.223500000000301043e+03,5.836844847214564425e+01
2.223600000000300952e+03,5.836830296539753249e+01
2.223700000000300861e+03,5.836815751844709155e+01
2.223800000000301225e+03,5.836801213125746557e+01
2.223900000000301134e+03,5.836786680379182712e+01
2.224000000000301043e+03,5.836772153601334878e+01
2.224100000000300952e+03,5.836756321051908714e+01
2.224200000000300861e+03,5.836740475985919829e+01
2.224300000000301225e+03,5.836724618388519303e+01
2.224400000000301134e+03,5.836708748244833345e+01
2.224500000000301043e+03,5.836692865539970398e+01
2.224600000000301407e+03,5.836676970259007646e+01
2.224700000000301316e+03,5.836661062387005217e+01
2.224800000000301225e+03,5.836645141908994816e+01
2.224900000000301134e+03,5.836629208809987546e+01
2.225000000000301043e+03,5.836613263074971769e+01
2.225100000000301407e+03,5.836598542096341902e+01
2.225200000000301316e+03,5.836583791061482884e+01
2.225300000000301225e+03,5.836569009878249403e+01
2.225400000000301588e+03,5.836554198454121689e+01
2.225500000000301497e+03,5.836539356696198411e+01
2.225600000000301407e+03,5.836524484511199518e+01
2.225700000000301316e+03,5.836509581805459845e+01
2.225800000000301225e+03,5.836494648484931247e+01
2.225900000000301588e+03,5.836479684455179751e+01
2.226000000000301497e+03,5.836464689621382718e+01
2.226100000000301407e+03,5.836450274781122971e+01
2.226200000000301770e+03,5.836435811639078963e+01
2.226300000000301679e+03,5.836421299952064601e+01
2.226400000000301588e+03,5.836406739475259542e+01
2.226500000000301497e+03,5.836392129962196407e+01
2.226600000000301407e+03,5.836377471164742303e+01
2.226700000000301770e+03,5.836362762833090301e+01
2.226800000000301679e+03,5.836348004715739535e+01
2.226900000000301588e+03,5.836333196559483127e+01
2.227000000000301952e+03,5.836318338109398240e+01
2.227100000000301861e+03,5.836303576306918472e+01
2.227200000000301770e+03,5.836288744720298638e+01
2.227300000000301679e+03,5.836273842853528748e+01
2.227400000000301588e+03,5.836258870205882232e+01
2.227500000000301952e+03,5.836243826271866908e+01
2.227600000000301861e+03,5.836228710541163878e+01
2.227700000000301770e+03,5.836213522498572814e+01
2.227800000000302134e+03,5.836198261623953698e+01
2.227900000000302043e+03,5.836182927392162867e+01
2.228000000000301952e+03,5.836167519273000437e+01
2.228100000000301861e+03,5.836152587632975042e+01
2.228200000000301770e+03,5.836137563668481931e+01
2.228300000000302134e+03,5.836122446520581519e+01
2.228400000000302043e+03,5.836107235319646946e+01
2.228500000000301952e+03,5.836091929185198524e+01
2.228600000000302316e+03,5.836076527225727517e+01
2.228700000000302225e+03,5.836061028538534146e+01
2.228800000000302134e+03,5.836045432209539285e+01
2.228900000000302043e+03,5.836029737313108967e+01
2.229000000000301952e+03,5.836013942911883134e+01
2.229100000000302316e+03,5.835999526852884856e+01
2.229200000000302225e+03,5.835984999359830283e+01
2.229300000000302134e+03,5.835970359135652075e+01
2.229400000000302498e+03,5.835955604863073631e+01
2.229500000000302407e+03,5.835940735204216878e+01
2.229600000000302316e+03,5.835925748800194413e+01
2.229700000000302225e+03,5.835910644270699521e+01
2.229800000000302134e+03,5.835895420213574170e+01
2.229900000000302498e+03,5.835880075204385520e+01
2.230000000000302407e+03,5.835864607795980419e+01
2.230100000000302316e+03,5.835850351454833884e+01
2.230200000000302680e+03,5.835835961348208656e+01
2.230300000000302589e+03,5.835821435584571759e+01
2.230400000000302498e+03,5.835806772236561102e+01
2.230500000000302407e+03,5.835791969340127849e+01
2.230600000000302316e+03,5.835777024893662457e+01
2.230700000000302680e+03,5.835761936857090149e+01
2.230800000000302589e+03,5.835746703150945791e+01
2.230900000000302498e+03,5.835731321655414661e+01
2.231000000000302862e+03,5.835715790209352605e+01
2.231100000000302771e+03,5.835700965839112087e+01
2.231200000000302680e+03,5.835685975980547369e+01
2.231300000000302589e+03,5.835670817847019265e+01
2.231400000000302498e+03,5.835655488588972162e+01
2.231500000000302862e+03,5.835639985292142740e+01
2.231600000000302771e+03,5.835624304975723220e+01
2.231700000000302680e+03,5.835608444590437216e+01
2.231800000000303044e+03,5.835592401016574371e+01
2.231900000000302953e+03,5.835576171061934758e+01
2.232000000000302862e+03,5.835559751459732070e+01
2.232100000000302771e+03,5.835545677749778548e+01
2.232200000000302680e+03,5.835531419902913797e+01
2.232300000000303044e+03,5.835516974281541991e+01
2.232400000000302953e+03,5.835502337151613972e+01
2.232500000000302862e+03,5.835487504679414883e+01
2.232600000000303226e+03,5.835472472928217513e+01
2.232700000000303135e+03,5.835457237854793533e+01
2.232800000000303044e+03,5.835441795305794699e+01
2.232900000000302953e+03,5.835426141013970636e+01
2.233000000000302862e+03,5.835410270594250903e+01
2.233100000000303226e+03,5.835396249072095287e+01
2.233200000000303135e+03,5.835382014570777898e+01
2.233300000000303044e+03,5.835367562200608660e+01
2.233400000000303407e+03,5.835352886921064908e+01
2.233500000000303316e+03,5.835337983534926565e+01
2.233600000000303226e+03,5.835322846682142739e+01
2.233700000000303135e+03,5.835307470833400600e+01
2.233800000000303044e+03,5.835291850283395121e+01
2.233900000000303407e+03,5.835275979143767699e+01
2.234000000000303316e+03,5.835259851335791836e+01
2.234100000000303226e+03,5.835271717994929475e+01
2.234200000000303589e+03,5.835283792253656543e+01
2.234300000000303498e+03,5.835296079607778807e+01
2.234400000000303407e+03,5.835308585748816057e+01
2.234500000000303316e+03,5.835321316572793648e+01
2.234600000000303226e+03,5.835334278189512247e+01
2.234700000000303589e+03,5.835347476932323474e+01
2.234800000000303498e+03,5.835360919368447696e+01
2.234900000000303407e+03,5.835374612309870912e+01
2.235000000000303771e+03,5.835388562824852698e+01
2.235100000000303680e+03,5.835401116265517629e+01
2.235200000000303589e+03,5.835413921376896695e+01
2.235300000000303498e+03,5.835426985803844246e+01
2.235400000000303407e+03,5.835440317504011176e+01
2.235500000000303771e+03,5.835453924764011191e+01
2.235600000000303680e+03,5.835467816216596759e+01
2.235700000000303589e+03,5.835482000858918639e+01
2.235800000000303953e+03,5.835496488071964905e+01
2.235900000000303862e+03,5.835511287641247691e+01
2.236000000000303771e+03,5.835526409778828594e+01
2.236100000000303680e+03,5.835537450211418076e+01
2.236200000000303589e+03,5.835548743553298578e+01
2.236300000000303953e+03,5.835560298595461148e+01
2.236400000000303862e+03,5.835572124541097594e+01
2.236500000000303771e+03,5.835584231030047420e+01
2.236600000000304135e+03,5.835596628165009747e+01
2.236700000000304044e+03,5.835609326539655939e+01
2.236800000000303953e+03,5.835622337268821269e+01
2.236900000000303862e+03,5.835635672020959674e+01
2.237000000000303771e+03,5.835649343052994453e+01
2.237100000000304135e+03,5.835649343052993743e+01
2.237200000000304044e+03,5.835649343052994453e+01
2.237300000000303953e+03,5.835649343052994453e+01
2.237400000000304317e+03,5.835649343052993743e+01
2.237500000000304226e+03,5.835649343052994453e+01
2.237600000000304135e+03,5.835649343052995164e+01
2.237700000000304044e+03,5.835649343052994453e+01
2.237800000000303953e+03,5.835649343052995874e+01
2.237900000000304317e+03,5.835649343052990901e+01
2.240000000000304681e+03,5.836177832942228605e+01
2.240100000000304590e+03,5.836177832942228605e+01
2.240200000000304499e+03,5.836177832942229315e+01
2.240300000000304863e+03,5.836177832942229315e+01
2.240400000000304772e+03,5.836177832942229315e+01
2.240500000000304681e+03,5.836177832942228605e+01
2.240600000000305045e+03,5.836177832942228605e+01
2.240700000000304954e+03,5.836177832942228605e+01
2.240800000000304863e+03,5.836177832942228605e+01
2.240900000000304772e+03,5.836177832942228605e+01
2.241000000000304681e+03,5.836177832942274080e+01
2.241100000000305045e+03,5.836192488960890756e+01
2.241200000000304954e+03,5.836206906973786346e+01
2.241300000000304863e+03,5.836221092731886984e+01
2.241400000000305226e+03,5.836235051802322005e+01
2.241500000000305135e+03,5.836248789575706297e+01
2.241600000000305045e+03,5.836262311273079462e+01
2.241700000000304954e+03,5.836275621952525938e+01
2.241800000000304863e+03,5.836288726515479652e+01
2.241900000000305226e+03,5.836301629712741601e+01
2.242000000000305135e+03,5.836314336150228854e+01
2.242100000000305045e+03,5.836327723797285927e+01
2.242200000000305408e+03,5.836340908468834954e+01
2.242300000000305317e+03,5.836353894746232385e+01
2.242400000000305226e+03,5.836366687073995507e+01
2.242500000000305135e+03,5.836379289764865774e+01
2.242600000000305045e+03,5.836391707004661100e+01
2.242700000000305408e+03,5.836403942856903626e+01
2.242800000000305317e+03,5.836416001267267006e+01
2.242900000000305226e+03,5.836427886067800586e+01
2.243000000000305590e+03,5.836439600981017151e+01
2.243100000000305499e+03,5.836454434594376295e+01
2.243200000000305408e+03,5.836469058963218259e+01
2.243300000000305317e+03,5.836483478483972220e+01
2.243400000000305226e+03,5.836497697430760923e+01
2.243500000000305590e+03,5.836511719959621303e+01
2.243600000000305499e+03,5.836525550112558136e+01
2.243700000000305408e+03,5.836539191821426442e+01
2.243800000000305772e+03,5.836552648911657570e+01
2.243900000000305681e+03,5.836565925105838204e+01
2.244000000000305590e+03,5.836579024027145834e+01
2.244100000000305499e+03,5.836593268528083911e+01
2.244200000000305408e+03,5.836607326621412284e+01
2.244300000000305772e+03,5.836621201942420356e+01
2.244400000000305681e+03,5.836634898032481544e+01
2.244500000000305590e+03,5.836648418342064559e+01
2.244600000000305954e+03,5.836661766233635262e+01
2.244700000000305863e+03,5.836674944984444835e+01
2.244800000000305772e+03,5.836687957789207104e+01
2.244900000000305681e+03,5.836700807762686338e+01
2.245000000000305590e+03,5.836713497942183437e+01
2.245100000000305954e+03,5.836726685358224387e+01
2.245200000000305863e+03,5.836739713438695532e+01
2.245300000000305772e+03,5.836752585053991282e+01
2.245400000000306136e+03,5.836765303005967098e+01
2.245500000000306045e+03,5.836777870029981585e+01
2.245600000000305954e+03,5.836790288796849779e+01
2.245700000000305863e+03,5.836802561914743137e+01
2.245800000000305772e+03,5.836814691931009236e+01
2.245900000000306136e+03,5.836826681333938893e+01
2.246000000000306045e+03,5.836838532554470760e+01
2.246100000000305954e+03,5.836852486761716108e+01
2.246200000000306318e+03,5.836866286113875191e+01
2.246300000000306227e+03,5.836879933174451907e+01
2.246400000000306136e+03,5.836893430450678011e+01
2.246500000000306045e+03,5.836906780395050021e+01
2.246600000000305954e+03,5.836919985406810696e+01
2.246700000000306318e+03,5.836933047833393573e+01
2.246800000000306227e+03,5.836945969971806392e+01
2.246900000000306136e+03,5.836958754069985389e+01
2.247000000000306500e+03,5.836971402328096303e+01
2.247100000000306409e+03,5.836985246894074209e+01
2.247200000000306318e+03,5.836998951308760297e+01
2.247300000000306227e+03,5.837012517689607449e+01
2.247400000000306136e+03,5.837025948111624274e+01
2.247500000000306500e+03,5.837039244608438082e+01
2.247600000000306409e+03,5.837052409173321621e+01
2.247700000000306318e+03,5.837065443760182148e+01
2.247800000000306682e+03,5.837078350284537009e+01
2.247900000000306591e+03,5.837091130624448709e+01
2.248000000000306500e+03,5.837103786621437251e+01
2.248100000000306409e+03,5.837117258363274175e+01
2.248200000000306318e+03,5.837130606739169991e+01
2.248300000000306682e+03,5.837143833435963813e+01
2.248400000000306591e+03,5.837156940109883863e+01
2.248500000000306500e+03,5.837169928387233142e+01
2.248600000000306864e+03,5.837182799865070137e+01
2.248700000000306773e+03,5.837195556111849726e+01
2.248800000000306682e+03,5.837208198668076875e+01
2.248900000000306591e+03,5.837220729046917711e+01
2.249000000000306500e+03,5.837233148734803478e+01
2.249100000000306864e+03,5.837247217716861769e+01
2.249200000000306773e+03,5.837261171437393159e+01
2.249300000000306682e+03,5.837275011307055195e+01
2.249400000000307045e+03,5.837288738713581893e+01
2.249500000000306954e+03,5.837302355022242040e+01
2.249600000000306864e+03,5.837315861576297493e+01
2.249700000000306773e+03,5.837329259697441586e+01
2.249800000000306682e+03,5.837342550686228293e+01
2.249900000000307045e+03,5.837355735822502112e+01
2.250000000000306954e+03,5.837368816365795965e+01
2.250100000000306864e+03,5.837382528815368232e+01
2.250200000000307227e+03,5.837396142201352234e+01
2.250300000000307136e+03,5.837409657593391898e+01
2.250400000000307045e+03,5.837423076045782011e+01
2.250500000000306954e+03,5.837436398597752429e+01
2.250600000000306864e+03,5.837449626273729564e+01
2.250700000000307227e+03,5.837462760083598567e+01
2.250800000000307136e+03,5.837475801022966237e+01
2.250900000000307045e+03,5.837488750073406862e+01
2.251000000000307409e+03,5.837501608202713754e+01
2.251100000000307318e+03,5.837514703886112954e+01
2.251200000000307227e+03,5.837527717667808957e+01
2.251300000000307136e+03,5.837540650313736279e+01
2.251400000000307045e+03,5.837553502580312426e+01
2.251500000000307409e+03,5.837566275214579292e+01
2.251600000000307318e+03,5.837578968954352376e+01
2.251700000000307227e+03,5.837591584528355781e+01
2.251800000000307591e+03,5.837604122656372141e+01
2.251900000000307500e+03,5.837616584049369806e+01
2.252000000000307409e+03,5.837628969409649216e+01
2.252100000000307318e+03,5.837643427414825936e+01
2.252200000000307227e+03,5.837657809213404647e+01
2.252300000000307591e+03,5.837672115406314788e+01
2.252400000000307500e+03,5.837686346588191100e+01
2.252500000000307409e+03,5.837700503347441128e+01
2.252600000000307773e+03,5.837714586266339012e+01
2.252700000000307682e+03,5.837728595921095831e+01
2.252800000000307591e+03,5.837742532881948421e+01
2.252900000000307500e+03,5.837756397713228296e+01
2.253000000000307409e+03,5.837770190973439099e+01
2.253100000000307773e+03,5.837783329039837099e+01
2.253200000000307682e+03,5.837796410939489533e+01
2.253300000000307591e+03,5.837809437031809523e+01
2.253400000000307955e+03,5.837822407673144909e+01
2.253500000000307864e+03,5.837835323216821592e+01
2.253600000000307773e+03,5.837848184013166986e+01
2.253700000000307682e+03,5.837860990409542694e+01
2.253800000000307591e+03,5.837873742750382888e+01
2.253900000000307955e+03,5.837886441377216329e+01
2.254000000000307864e+03,5.837899086628706158e+01
2.254100000000307773e+03,5.837912289351367434e+01
2.254200000000308137e+03,5.837925449047198612e+01
2.254300000000308046e+03,5.837938565926184964e+01
2.254400000000307955e+03,5.837951640196956049e+01
2.254500000000307864e+03,5.837964672066782867e+01
2.254600000000307773e+03,5.837977661741597046e+01
2.254700000000308137e+03,5.837990609426000077e+01
2.254800000000308046e+03,5.838003515323266868e+01
2.254900000000307955e+03,5.838016379635368480e+01
2.255000000000308319e+03,5.838029202562973552e+01
2.255100000000308228e+03,5.838042260281314810e+01
2.255200000000308137e+03,5.838055289020650918e+01
2.255300000000308046e+03,5.838068288877349232e+01
2.255400000000307955e+03,5.838081259947339419e+01
2.255500000000308319e+03,5.838094202326136894e+01
2.255600000000308228e+03,5.838107116108831462e+01
2.255700000000308137e+03,5.838120001390090152e+01
2.255800000000308501e+03,5.838132858264169300e+01
2.255900000000308410e+03,5.838145686824902469e+01
2.256000000000308319e+03,5.838158487165718213e+01
2.256100000000308228e+03,5.838171907113347459e+01
2.256200000000308137e+03,5.838185311624143026e+01
2.256300000000308501e+03,5.838198700724724688e+01
2.256400000000308410e+03,5.838212074441651112e+01
2.256500000000308319e+03,5.838225432801418435e+01
2.256600000000308683e+03,5.838238775830465244e+01
2.256700000000308592e+03,5.838252103555168304e+01
2.256800000000308501e+03,5.838265416001841146e+01
2.256900000000308410e+03,5.838278713196742586e+01
2.257000000000308319e+03,5.838291995166062520e+01
2.257100000000308683e+03,5.838304790551318035e+01
2.257200000000308592e+03,5.838317585343430949e+01
2.257300000000308501e+03,5.838330379542442472e+01
2.257400000000308864e+03,5.838343173148393817e+01
2.257500000000308773e+03,5.838355966161326194e+01
2.257600000000308683e+03,5.838368758581280105e+01
2.257700000000308592e+03,5.838381550408298182e+01
2.257800000000308501e+03,5.838394341642420926e+01
2.257900000000308864e+03,5.838407132283690260e+01
2.258000000000308773e+03,5.838419922332149525e+01
2.258100000000308683e+03,5.838433610643977545e+01
2.258200000000309046e+03,5.838447313993978582e+01
2.258300000000308955e+03,5.838461032406945606e+01
2.258400000000308864e+03,5.838474765907731268e+01
2.258500000000308773e+03,5.838488514521237960e+01
2.258600000000308683e+03,5.838502278272427048e+01
2.258700000000309046e+03,5.838516057186311770e+01
2.258800000000308955e+03,5.838529851287962202e+01
2.258900000000308864e+03,5.838543660602501717e+01
2.259000000000309228e+03,5.838557485155111237e+01
2.259100000000309137e+03,5.838570464534157622e+01
2.259200000000309046e+03,5.838583473656335343e+01
2.259300000000308955e+03,5.838596512623997370e+01
2.259400000000308864e+03,5.838609581539969184e+01
2.259500000000309228e+03,5.838622680507550911e+01
2.259600000000309137e+03,5.838635809630512341e+01
2.259700000000309046e+03,5.838648969013108569e+01
2.259800000000309410e+03,5.838662158760071463e+01
2.259900000000309319e+03,5.838675378976616770e+01
2.260000000000309228e+03,5.838688629768450511e+01
2.260100000000309137e+03,5.838702042346516663e+01
2.260200000000309046e+03,5.838715502403684354e+01
2.260300000000309410e+03,5.838729010192506053e+01
2.260400000000309319e+03,5.838742565967328346e+01
2.260500000000309228e+03,5.838756169984311839e+01
2.260600000000309592e+03,5.838769822501438966e+01
2.260700000000309501e+03,5.838783523778538154e+01
2.260800000000309410e+03,5.838797274077296606e+01
2.260900000000309319e+03,5.838811073661275941e+01
2.261000000000309228e+03,5.838824922795929950e+01
2.261100000000309592e+03,5.838837606234766042e+01
2.261200000000309501e+03,5.838850351248681392e+01
2.261300000000309410e+03,5.838863158287163202e+01
2.261400000000309774e+03,5.838876027804084856e+01
2.261500000000309683e+03,5.838888960257764182e+01
2.261600000000309592e+03,5.838901956111008218e+01
2.261700000000309501e+03,5.838915015831173605e+01
2.261800000000309410e+03,5.838928139890222013e+01
2.261900000000309774e+03,5.838941328764774852e+01
2.262000000000309683e+03,5.838954582936177928e+01
2.262100000000309592e+03,5.838967232267474827e+01
2.262200000000309956e+03,5.838979960581279727e+01
2.262300000000309865e+03,5.838992768619657880e+01
2.262400000000309774e+03,5.839005657134003968e+01
2.262500000000309683e+03,5.839018626885182073e+01
2.262600000000309592e+03,5.839031678643677026e+01
2.262700000000309956e+03,5.839044813189753569e+01
2.262800000000309865e+03,5.839058031313599884e+01
2.262900000000309774e+03,5.839071333815498832e+01
2.263000000000310138e+03,5.839084721505973619e+01
2.263100000000310047e+03,5.839097039268455802e+01
2.263200000000309956e+03,5.839109452127498656e+01
2.263300000000309865e+03,5.839121961188629939e+01
2.263400000000309774e+03,5.839134567574577517e+01
2.263500000000310138e+03,5.839147272425606872e+01
2.263600000000310047e+03,5.839160076899867136e+01
2.263700000000309956e+03,5.839172982173742099e+01
2.263800000000310320e+03,5.839185989442211877e+01
2.263900000000310229e+03,5.839199099919217417e+01
2.264000000000310138e+03,5.839212314838040641e+01
2.264100000000310047e+03,5.839225432694681928e+01
2.264200000000309956e+03,5.839238672524452056e+01
2.264300000000310320e+03,5.839252036036505444e+01
2.264400000000310229e+03,5.839265524972074672e+01
2.264500000000310138e+03,5.839279141105231474e+01
2.264600000000310501e+03,5.839292886243666914e+01
2.264700000000310411e+03,5.839306762229485770e+01
2.264800000000310320e+03,5.839320770940035032e+01
2.264900000000310229e+03,5.839334914288748024e+01
2.265000000000310138e+03,5.839349194226007000e+01
2.265100000000310501e+03,5.839361722375979724e+01
2.265200000000310411e+03,5.839374388277571626e+01
2.265300000000310320e+03,5.839387194215287735e+01
2.265400000000310683e+03,5.839400142524426940e+01
2.265500000000310592e+03,5.839413235592506624e+01
2.265600000000310501e+03,5.839426475860728516e+01
2.265700000000310411e+03,5.839439865825491438e+01
2.265800000000310320e+03,5.839453408039970128e+01
2.265900000000310683e+03,5.839467105115729595e+01
2.266000000000310592e+03,5.839480959724402709e+01
2.266100000000310501e+03,5.839493768521812456e+01
2.266200000000310865e+03,5.839506741689697833e+01
2.266300000000310774e+03,5.839519882412446350e+01
2.266400000000310683e+03,5.839533193957239376e+01
2.266500000000310592e+03,5.839546679676753627e+01
2.266600000000310501e+03,5.839560343011982013e+01
2.266700000000310865e+03,5.839574187495156110e+01
2.266800000000310774e+03,5.839588216752795802e+01
2.266900000000310683e+03,5.839602434508870488e+01
2.267000000000311047e+03,5.839616844588092448e+01
2.267100000000310956e+03,5.839629010723781732e+01
2.267200000000310865e+03,5.839641357282880563e+01
2.267300000000310774e+03,5.839653888308882301e+01
2.267400000000310683e+03,5.839666607967013334e+01
2.267500000000311047e+03,5.839679520548853731e+01
2.267600000000310956e+03,5.839692630477158986e+01
2.267700000000310865e+03,5.839705942310918374e+01
2.267800000000311229e+03,5.839719460750632152e+01
2.267900000000311138e+03,5.839733190643853078e+01
2.268000000000311047e+03,5.839747136991007892e+01
2.268100000000310956e+03,5.839771797669079234e+01
2.268200000000310865e+03,5.839796878277122971e+01
2.268300000000311229e+03,5.839822389633299338e+01
2.268400000000311138e+03,5.839848342930584124e+01
2.268500000000311047e+03,5.839874749753138161e+01
2.268600000000311411e+03,5.839901622093550770e+01
2.268700000000311320e+03,5.839928972370999105e+01
2.268800000000311229e+03,5.839956813450383066e+01
2.268900000000311138e+03,5.839985158662508979e+01
2.269000000000311047e+03,5.840014021825354007e+01
2.269100000000311411e+03,5.840039191737653823e+01
2.269200000000311320e+03,5.840064851233177734e+01
2.269300000000311229e+03,5.840091014736630370e+01
2.269400000000311593e+03,5.840117697245009509e+01
2.269500000000311502e+03,5.840144914356257999e+01
2.269600000000311411e+03,5.840172682299676410e+01
2.269700000000311320e+03,5.840201017968194463e+01
2.269800000000311229e+03,5.840229938952634825e+01
2.269900000000311593e+03,5.840259463578141208e+01
2.270000000000311502e+03,5.840289610942867427e+01
2.270100000000311411e+03,5.840313910438766953e+01
2.270200000000311775e+03,5.840338748488051124e+01
2.270300000000311684e+03,5.840364143195404978e+01
2.270400000000311593e+03,5.840390113486219548e+01
2.270500000000311502e+03,5.840416679153628365e+01
2.270600000000311411e+03,5.840443860908809626e+01
2.270700000000311775e+03,5.840471680434849588e+01
2.270800000000311684e+03,5.840500160444415911e+01
2.270900000000311593e+03,5.840529324741611106e+01
2.271000000000311957e+03,5.840559198288232778e+01
2.271100000000311866e+03,5.840559198287944298e+01
2.271200000000311775e+03,5.840559198287582632e+01
2.271300000000311684e+03,5.840559198287118647e+01
2.271400000000311593e+03,5.840559198286499765e+01
2.271500000000311957e+03,5.840559198285634324e+01
2.271600000000311866e+03,5.840559198284334741e+01
2.271700000000311775e+03,5.840559198282169717e+01
2.271800000000312139e+03,5.840559198277839670e+01
2.271900000000312048e+03,5.840559198264843133e+01
2.274000000000312411e+03,5.841652291699885780e+01
2.274100000000312320e+03,5.841652291699886490e+01
2.274200000000312684e+03,5.841652291699887201e+01
2.274300000000312593e+03,5.841652291699886490e+01
2.274400000000312502e+03,5.841652291699885780e+01
2.274500000000312411e+03,5.841652291699886490e+01
2.274600000000312320e+03,5.841652291699886490e+01
2.274700000000312684e+03,5.841652291699885780e+01
2.274800000000312593e+03,5.841652291699887201e+01
2.274900000000312502e+03,5.841652291699887201e+01
2.275000000000312866e+03,5.841652291699978861e+01
2.275100000000312775e+03,5.841681660359758155e+01
2.275200000000312684e+03,5.841710561284697434e+01
2.275300000000312593e+03,5.841739005560469877e+01
2.275400000000312502e+03,5.841767003925168922e+01
2.275500000000312866e+03,5.841794566782836284e+01
2.275600000000312775e+03,5.841821704216346234e+01
2.275700000000312684e+03,5.841848425999702243e+01
2.275800000000313048e+03,5.841874741609780841e+01
2.275900000000312957e+03,5.841900660237529763e+01
2.276000000000312866e+03,5.841926190798685781e+01
2.276100000000312775e+03,5.841955113289053259e+01
2.276200000000312684e+03,5.841983604758738124e+01
2.276300000000313048e+03,5.842011674771475782e+01
2.276400000000312957e+03,5.842039332610146829e+01
2.276500000000312866e+03,5.842066587286993951e+01
2.276600000000313230e+03,5.842093447553428121e+01
2.276700000000313139e+03,5.842119921909389291e+01
2.276800000000313048e+03,5.842146018612316993e+01
2.276900000000312957e+03,5.842171745685738671e+01
2.277000000000312866e+03,5.842197110927495629e+01
2.277100000000313230e+03,5.842225293843114997e+01
2.277200000000313139e+03,5.842253084582689837e+01
2.277300000000313048e+03,5.842280491275579379e+01
2.277400000000313412e+03,5.842307521827998329e+01
2.277500000000313321e+03,5.842334183930628200e+01
2.277600000000313230e+03,5.842360485065904641e+01
2.277700000000313139e+03,5.842386432515026939e+01
2.277800000000313048e+03,5.842412033364666968e+01
2.277900000000313412e+03,5.842437294513435830e+01
2.278000000000313321e+03,5.842462222678084771e+01
2.278100000000313230e+03,5.842491776628016709e+01
2.278200000000313594e+03,5.842520947671376774e+01
2.278300000000313503e+03,5.842549743201781354e+01
2.278400000000313412e+03,5.842578170423715278e+01
2.278500000000313321e+03,5.842606236358533067e+01
2.278600000000313230e+03,5.842633947850247012e+01
2.278700000000313594e+03,5.842661311571089300e+01
2.278800000000313503e+03,5.842688334026865959e+01
2.278900000000313412e+03,5.842715021562115396e+01
2.279000000000313776e+03,5.842741380365082904e+01
2.279100000000313685e+03,5.842770097102847870e+01
2.279200000000313594e+03,5.842798468942546464e+01
2.279300000000313503e+03,5.842826502060607652e+01
2.279400000000313412e+03,5.842854202486859805e+01
2.279500000000313776e+03,5.842881576108853636e+01
2.279600000000313685e+03,5.842908628676032379e+01
2.279700000000313594e+03,5.842935365803761982e+01
2.279800000000313958e+03,5.842961792977211388e+01
2.279900000000313867e+03,5.842987915555109879e+01
2.280000000000313776e+03,5.843013738773375820e+01
2.280100000000313685e+03,5.843041957526117613e+01
2.280200000000313594e+03,5.843069863397313668e+01
2.280300000000313958e+03,5.843097461561986705e+01
2.280400000000313867e+03,5.843124757081659482e+01
2.280500000000313776e+03,5.843151754907450623e+01
2.280600000000314139e+03,5.843178459883067433e+01
2.280700000000314049e+03,5.843204876747702770e+01
2.280800000000313958e+03,5.843231010138839565e+01
2.280900000000313867e+03,5.843256864594961542e+01
2.281000000000313776e+03,5.843282444558196431e+01
2.281100000000314139e+03,5.843310866334880416e+01
2.281200000000314049e+03,5.843338999050126148e+01
2.281300000000313958e+03,5.843366847091441230e+01
2.281400000000314321e+03,5.843394414757980115e+01
2.281500000000314230e+03,5.843421706262763848e+01
2.281600000000314139e+03,5.843448725734828031e+01
2.281700000000314049e+03,5.843475477221299741e+01
2.281800000000313958e+03,5.843501964689423289e+01
2.281900000000314321e+03,5.843528192028520607e+01
2.282000000000314230e+03,5.843554163051898342e+01
2.282100000000314139e+03,5.843582159516162022e+01
2.282200000000314503e+03,5.843609896603172160e+01
2.282300000000314412e+03,5.843637377900864749e+01
2.282400000000314321e+03,5.843664606931304206e+01
2.282500000000314230e+03,5.843691587152186173e+01
2.282600000000314139e+03,5.843718321958309758e+01
2.282700000000314503e+03,5.843744814682987965e+01
2.282800000000314412e+03,5.843771068599441776e+01
2.282900000000314321e+03,5.843797086922148054e+01
2.283000000000314685e+03,5.843822872808156887e+01
2.283100000000314594e+03,5.843851298204139511e+01
2.283200000000314503e+03,5.843879485908755100e+01
2.283300000000314412e+03,5.843907438890929740e+01
2.283400000000314321e+03,5.843935160070355295e+01
2.283500000000314685e+03,5.843962652318491280e+01
2.283600000000314594e+03,5.843989918459569566e+01
2.283700000000314503e+03,5.844016961271557875e+01
2.283800000000314867e+03,5.844043783487101251e+01
2.283900000000314776e+03,5.844070387794442212e+01
2.284000000000314685e+03,5.844096776838330243e+01
2.284100000000314594e+03,5.844125442803469639e+01
2.284200000000314503e+03,5.844153895003628207e+01
2.284300000000314867e+03,5.844182135821024815e+01
2.284400000000314776e+03,5.844210167602612671e+01
2.284500000000314685e+03,5.844237992660727343e+01
2.284600000000315049e+03,5.844265613273726245e+01
2.284700000000314958e+03,5.844293031686607520e+01
2.284800000000314867e+03,5.844320250111619686e+01
2.284900000000314776e+03,5.844347270728856358e+01
2.285000000000314685e+03,5.844374095686843162e+01
2.285100000000315049e+03,5.844401152542109656e+01
2.285200000000314958e+03,5.844428032179655474e+01
2.285300000000314867e+03,5.844454736334919431e+01
2.285400000000315231e+03,5.844481266720747925e+01
2.285500000000315140e+03,5.844507625027771525e+01
2.285600000000315049e+03,5.844533812924758820e+01
2.285700000000314958e+03,5.844559832058970983e+01
2.285800000000314867e+03,5.844585684056507802e+01
2.285900000000315231e+03,5.844611370522643767e+01
2.286000000000315140e+03,5.844636893042170556e+01
2.286100000000315049e+03,5.844665587993575429e+01
2.286200000000315413e+03,5.844694121191054137e+01
2.286300000000315322e+03,5.844722493998479251e+01
2.286400000000315231e+03,5.844750707764428199e+01
2.286500000000315140e+03,5.844778763822407797e+01
2.286600000000315049e+03,5.844806663491055332e+01
2.286700000000315413e+03,5.844834408074345333e+01
2.286800000000315322e+03,5.844861998861802022e+01
2.286900000000315231e+03,5.844889437128686183e+01
2.287000000000315595e+03,5.844916724136208330e+01
2.287100000000315504e+03,5.844944626594521253e+01
2.287200000000315413e+03,5.844972397661101127e+01
2.287300000000315322e+03,5.845000038261844111e+01
2.287400000000315231e+03,5.845027549313969217e+01
2.287500000000315595e+03,5.845054931726122760e+01
2.287600000000315504e+03,5.845082186398463620e+01
2.287700000000315413e+03,5.845109314222781194e+01
2.287800000000315777e+03,5.845136316082577110e+01
2.287900000000315686e+03,5.845163192853168965e+01
2.288000000000315595e+03,5.845189945401782694e+01
2.288100000000315504e+03,5.845216612341661744e+01
2.288200000000315413e+03,5.845243178823306351e+01
2.288300000000315777e+03,5.845269645413309689e+01
2.288400000000315686e+03,5.845296012674014463e+01
2.288500000000315595e+03,5.845322281163545597e+01
2.288600000000315958e+03,5.845348451435860682e+01
2.288700000000315868e+03,5.845374524040776976e+01
2.288800000000315777e+03,5.845400499524019011e+01
2.288900000000315686e+03,5.845426378427254122e+01
2.289000000000315595e+03,5.845452161288131521e+01
2.289100000000315958e+03,5.845480353053776668e+01
2.289200000000315868e+03,5.845508465697303535e+01
2.289300000000315777e+03,5.845536499551334231e+01
2.289400000000316140e+03,5.845564454946634925e+01
2.289500000000316049e+03,5.845592332212120823e+01
2.289600000000315958e+03,5.845620131674868958e+01
2.289700000000315868e+03,5.845647853660137372e+01
2.289800000000315777e+03,5.845675498491370092e+01
2.289900000000316140e+03,5.845703066490216315e+01
2.290000000000316049e+03,5.845730557976535380e+01
2.290100000000315958e+03,5.845757682411004907e+01
2.290200000000316322e+03,5.845784757447624003e+01
2.290300000000316231e+03,5.845811783221208913e+01
2.290400000000316140e+03,5.845838759866089873e+01
2.290500000000316049e+03,5.845865687516106846e+01
2.290600000000315958e+03,5.845892566304615201e+01
2.290700000000316322e+03,5.845919396364487142e+01
2.290800000000316231e+03,5.845946177828113832e+01
2.290900000000316140e+03,5.845972910827405400e+01
2.291000000000316504e+03,5.845999595493797329e+01
2.291100000000316413e+03,5.846026724105150407e+01
2.291200000000316322e+03,5.846053830831463216e+01
2.291300000000316231e+03,5.846080915699209157e+01
2.291400000000316140e+03,5.846107978734816868e+01
2.291500000000316504e+03,5.846135019964673063e+01
2.291600000000316413e+03,5.846162039415121825e+01
2.291700000000316322e+03,5.846189037112463893e+01
2.291800000000316686e+03,5.846216013082958085e+01
2.291900000000316595e+03,5.846242967352824138e+01
2.292000000000316504e+03,5.846269899948237025e+01
2.292100000000316413e+03,5.846297553549425174e+01
2.292200000000316322e+03,5.846325213829128842e+01
2.292300000000316686e+03,5.846352880789770268e+01
2.292400000000316595e+03,5.846380554433768140e+01
2.292500000000316504e+03,5.846408234763543987e+01
2.292600000000316868e+03,5.846435921781523604e+01
2.292700000000316777e+03,5.846463615490128518e+01
2.292800000000316686e+03,5.846491315891785945e+01
2.292900000000316595e+03,5.846519022988921677e+01
2.293000000000316504e+03,5.846546736783959375e+01
2.293100000000316868e+03,5.846573350729931917e+01
2.293200000000316777e+03,5.846600000056238144e+01
2.293300000000316686e+03,5.846626684833476872e+01
2.293400000000317050e+03,5.846653405132434500e+01
2.293500000000316959e+03,5.846680161024086431e+01
2.293600000000316868e+03,5.846706952579596361e+01
2.293700000000316777e+03,5.846733779870317704e+01
2.293800000000316686e+03,5.846760642967796429e+01
2.293900000000317050e+03,5.846787541943766087e+01
2.294000000000316959e+03,5.846814476870156341e+01
2.294100000000316868e+03,5.846841507983608466e+01
2.294200000000317232e+03,5.846868605719906498e+01
2.294300000000317141e+03,5.846895770325660635e+01
2.294400000000317050e+03,5.846923002048698237e+01
2.294500000000316959e+03,5.846950301138073769e+01
2.294600000000316868e+03,5.846977667844073068e+01
2.294700000000317232e+03,5.847005102418226841e+01
2.294800000000317141e+03,5.847032605113312798e+01
2.294900000000317050e+03,5.847060176183367730e+01
2.295000000000317414e+03,5.847087815883686801e+01
2.295100000000317323e+03,5.847115018086182658e+01
2.295200000000317232e+03,5.847142319639351626e+01
2.295300000000317141e+03,5.847169721088476280e+01
2.295400000000317050e+03,5.847197222982839548e+01
2.295500000000317414e+03,5.847224825875756693e+01
2.295600000000317323e+03,5.847252530324614384e+01
2.295700000000317232e+03,5.847280336890911911e+01
2.295800000000317596e+03,5.847308246140289612e+01
2.295900000000317505e+03,5.847336258642576468e+01
2.296000000000317414e+03,5.847364374971820666e+01
2.296100000000317323e+03,5.847390523663590756e+01
2.296200000000317232e+03,5.847416800525554237e+01
2.296300000000317596e+03,5.847443206502384783e+01
2.296400000000317505e+03,5.847469742548058491e+01
2.296500000000317414e+03,5.847496409625977520e+01
2.296600000000317777e+03,5.847523208709076670e+01
2.296700000000317686e+03,5.847550140779951278e+01
2.296800000000317596e+03,5.847577206830970908e+01
2.296900000000317505e+03,5.847604407864405118e+01
2.297000000000317414e+03,5.847631744892541406e+01
2.297100000000317777e+03,5.847658631456936007e+01
2.297200000000317686e+03,5.847685685377362574e+01
2.297300000000317596e+03,5.847712908221269856e+01
2.297400000000317959e+03,5.847740301575737476e+01
2.297500000000317868e+03,5.847767867047792123e+01
2.297600000000317777e+03,5.847795606264714507e+01
2.297700000000317686e+03,5.847823520874366920e+01
2.297800000000317596e+03,5.847851612545512978e+01
2.297900000000317959e+03,5.847879882968158682e+01
2.298000000000317868e+03,5.847908333853872165e+01
2.298100000000317777e+03,5.847933917136020909e+01
2.298200000000318141e+03,5.847959695589749174e+01
2.298300000000318050e+03,5.847985671457018242e+01
2.298400000000317959e+03,5.848011847014259246e+01
2.298500000000317868e+03,5.848038224573036814e+01
2.298600000000317777e+03,5.848064806480733324e+01
2.298700000000318141e+03,5.848091595121240971e+01
2.298800000000318050e+03,5.848118592915678704e+01
2.298900000000317959e+03,5.848145802323121245e+01
2.299000000000318323e+03,5.848173225841334499e+01
2.299100000000318232e+03,5.848199501978486836e+01
2.299200000000318141e+03,5.848226018002915083e+01
2.299300000000318050e+03,5.848252777214747056e+01
2.299400000000317959e+03,5.848279782974928054e+01
2.299500000000318323e+03,5.848307038706617789e+01
2.299600000000318232e+03,5.848334547896646285e+01
2.299700000000318141e+03,5.848362314096992520e+01
2.299800000000318505e+03,5.848390340926319908e+01
2.299900000000318414e+03,5.848418632071545176e+01
2.300000000000318323e+03,5.848447191289443481e+01
2.300100000000318232e+03,5.848472721568462163e+01
2.300200000000318141e+03,5.848498526030121525e+01
2.300300000000318505e+03,5.848524609115146689e+01
2.300400000000318414e+03,5.848550975360682003e+01
2.300500000000318323e+03,5.848577629402917921e+01
2.300600000000318687e+03,5.848604575979816644e+01
2.300700000000318596e+03,5.848631819933909526e+01
2.300800000000318505e+03,5.848659366215207456e+01
2.300900000000318414e+03,5.848687219884192245e+01
2.301000000000318323e+03,5.848715386114914594e+01
2.301100000000318687e+03,5.848742153024435453e+01
2.301200000000318596e+03,5.848769254024126951e+01
2.301300000000318505e+03,5.848796695408170621e+01
2.301400000000318869e+03,5.848824483629852722e+01
2.301500000000318778e+03,5.848852625306630415e+01
2.301600000000318687e+03,5.848881127225376986e+01
2.301700000000318596e+03,5.848909996347843787e+01
2.301800000000318505e+03,5.848939239816330371e+01
2.301900000000318869e+03,5.848968864959572045e+01
2.302000000000318778e+03,5.848998879298846987e+01
2.302100000000318687e+03,5.849024514719992140e+01
2.302200000000319051e+03,5.849050518831872125e+01
2.302300000000318960e+03,5.849076899645908156e+01
2.302400000000318869e+03,5.849103665407325536e+01
2.302500000000318778e+03,5.849130824603746248e+01
2.302600000000318687e+03,5.849158385974163110e+01
2.302700000000319051e+03,5.849186358518311124e+01
2.302800000000318960e+03,5.849214751506471544e+01
2.302900000000318869e+03,5.849243574489707242e+01
2.303000000000319233e+03,5.849272837310564199e+01
2.303100000000319142e+03,5.849296922636871443e+01
2.303200000000319051e+03,5.849321404225356247e+01
2.303300000000318960e+03,5.849346291936348763e+01
2.303400000000318869e+03,5.849371595960055004e+01
2.303500000000319233e+03,5.849397326830476374e+01
2.303600000000319142e+03,5.849423495440023402e+01
2.303700000000319051e+03,5.849450113054898281e+01
2.303800000000319415e+03,5.849477191331261139e+01
2.303900000000319324e+03,5.849504742332251084e+01
2.304000000000319233e+03,5.849532778545911071e+01
2.304100000000319142e+03,5.849562196084595200e+01
2.304200000000319051e+03,5.849592165095484120e+01
2.304300000000319415e+03,5.849622701232461708e+01
2.304400000000319324e+03,5.849653820747531796e+01
2.304500000000319233e+03,5.849685540519658389e+01
2.304600000000319596e+03,5.849717878085299105e+01
2.304700000000319505e+03,5.849750851670726348e+01
2.304800000000319415e+03,5.849784480226290384e+01
2.304900000000319324e+03,5.849818783462732341e+01
2.305000000000319233e+03,5.849853781889690651e+01
2.305100000000319596e+03,5.849883739127312765e+01
2.305200000000319505e+03,5.849914334471428390e+01
2.305300000000319415e+03,5.849945588529570983e+01
2.305400000000319778e+03,5.849977522806286601e+01
2.305500000000319687e+03,5.850010159752473982e+01
2.305600000000319596e+03,5.850043522818022979e+01
2.305700000000319505e+03,5.850077636508010670e+01
2.305800000000319415e+03,5.850112526442718064e+01
2.305900000000319778e+03,5.850148219421808449e+01
2.306000000000319687e+03,5.850184743492854977e+01
2.306100000000319596e+03,5.850184743492854977e+01
2.306200000000319960e+03,5.850184743492854267e+01
2.306300000000319869e+03,5.850184743492854977e+01
2.306400000000319778e+03,5.850184743492854267e+01
2.306500000000319687e+03,5.850184743492854267e+01
2.306600000000319596e+03,5.850184743492854267e+01
2.306700000000319960e+03,5.850184743492854977e+01
2.306800000000319869e+03,5.850184743492857109e+01
2.306900000000319778e+03,5.850184743492859241e+01
2.310000000000320597e+03,5.851769943057189494e+01
2.310100000000320506e+03,5.851769943057188783e+01
2.310200000000320870e+03,5.851769943057188783e+01
2.310300000000320779e+03,5.851769943057189494e+01
2.310400000000320688e+03,5.851769943057189494e+01
2.310500000000320597e+03,5.851769943057188783e+01
2.310600000000320506e+03,5.851769943057188783e+01
2.310700000000320870e+03,5.851769943057188783e+01
2.310800000000320779e+03,5.851769943057189494e+01
2.310900000000320688e+03,5.851769943057188073e+01
2.311000000000321052e+03,5.851769943057300338e+01
2.311100000000320961e+03,5.851804427732427882e+01
2.311200000000320870e+03,5.851838405961982659e+01
2.311300000000320779e+03,5.851871888821207079e+01
2.311400000000320688e+03,5.851904887064748806e+01
2.311500000000321052e+03,5.851937411138177225e+01
2.311600000000320961e+03,5.851969471189003968e+01
2.311700000000320870e+03,5.852001077077245839e+01
2.311800000000321234e+03,5.852032238385525886e+01
2.311900000000321143e+03,5.852062964428766634e+01
2.312000000000321052e+03,5.852093264263485395e+01
2.312100000000320961e+03,5.852127285315109617e+01
2.312200000000320870e+03,5.852160838393968589e+01
2.312300000000321234e+03,5.852193933089828448e+01
2.312400000000321143e+03,5.852226578732209816e+01
2.312500000000321052e+03,5.852258784399163716e+01
2.312600000000321415e+03,5.852290558925682973e+01
2.312700000000321324e+03,5.852321910911777536e+01
2.312800000000321234e+03,5.852352848730250656e+01
2.312900000000321143e+03,5.852383380534136137e+01
2.313000000000321052e+03,5.852413514263881211e+01
2.313100000000321415e+03,5.852447038658838352e+01
2.313200000000321324e+03,5.852480132202664720e+01
2.313300000000321234e+03,5.852512803148193399e+01
2.313400000000321597e+03,5.852545059538815764e+01
2.313500000000321506e+03,5.852576909215092371e+01
2.313600000000321415e+03,5.852608359821101658e+01
2.313700000000321324e+03,5.852639418810555583e+01
2.313800000000321234e+03,5.852670093452692868e+01
2.313900000000321597e+03,5.852700390837945577e+01
2.314000000000321506e+03,5.852730317883422373e+01
2.314100000000321415e+03,5.852764740600493809e+01
2.314200000000321779e+03,5.852798751469828886e+01
2.314300000000321688e+03,5.852832357838753552e+01
2.314400000000321597e+03,5.852865566880853976e+01
2.314500000000321506e+03,5.852898385601093167e+01
2.314600000000321415e+03,5.852930820840727222e+01
2.314700000000321779e+03,5.852962879282061692e+01
2.314800000000321688e+03,5.852994567453049513e+01
2.314900000000321597e+03,5.853025891731707731e+01
2.315000000000321961e+03,5.853056858350421976e+01
2.315100000000321870e+03,5.853090578371865149e+01
2.315200000000321779e+03,5.853123924277583967e+01
2.315300000000321688e+03,5.853156902259319594e+01
2.315400000000321597e+03,5.853189518372929712e+01
2.315500000000321961e+03,5.853221778542094711e+01
2.315600000000321870e+03,5.853253688561902379e+01
2.315700000000321779e+03,5.853285254102325297e+01
2.315800000000322143e+03,5.853316480711570335e+01
2.315900000000322052e+03,5.853347373819336497e+01
2.316000000000321961e+03,5.853377938739969011e+01
2.316100000000321870e+03,5.853410797310333891e+01
2.316200000000321779e+03,5.853443319508303233e+01
2.316300000000322143e+03,5.853475510472728871e+01
2.316400000000322052e+03,5.853507375238314836e+01
2.316500000000321961e+03,5.853538918738244945e+01
2.316600000000322325e+03,5.853570145806725833e+01
2.316700000000322234e+03,5.853601061181462484e+01
2.316800000000322143e+03,5.853631669506044943e+01
2.316900000000322052e+03,5.853661975332283873e+01
2.317000000000321961e+03,5.853691983122469367e+01
2.317100000000322325e+03,5.853724915794271766e+01
2.317200000000322234e+03,5.853757539356957551e+01
2.317300000000322143e+03,5.853789858142188507e+01
2.317400000000322507e+03,5.853821876401065794e+01
2.317500000000322416e+03,5.853853598306000805e+01
2.317600000000322325e+03,5.853885027952517817e+01
2.317700000000322234e+03,5.853916169361026078e+01
2.317800000000322143e+03,5.853947026478525117e+01
2.317900000000322507e+03,5.853977603180282330e+01
2.318000000000322416e+03,5.854007903271461544e+01
2.318100000000322325e+03,5.854042084586706096e+01
2.318200000000322689e+03,5.854075973976722480e+01
2.318300000000322598e+03,5.854109575165387014e+01
2.318400000000322507e+03,5.854142891813504690e+01
2.318500000000322416e+03,5.854175927520142864e+01
2.318600000000322325e+03,5.854208685823927283e+01
2.318700000000322689e+03,5.854241170204302591e+01
2.318800000000322598e+03,5.854273384082763698e+01
2.318900000000322507e+03,5.854305330824063702e+01
2.319000000000322871e+03,5.854337013737382023e+01
2.319100000000322780e+03,5.854370003349890794e+01
2.319200000000322689e+03,5.854402739036220282e+01
2.319300000000322598e+03,5.854435223716892267e+01
2.319400000000322507e+03,5.854467460267816392e+01
2.319500000000322871e+03,5.854499451521132869e+01
2.319600000000322780e+03,5.854531200266044522e+01
2.319700000000322689e+03,5.854562709249627517e+01
2.319800000000323053e+03,5.854593981177622908e+01
2.319900000000322962e+03,5.854625018715209706e+01
2.320000000000322871e+03,5.854655824487773685e+01
2.320100000000322780e+03,5.854688212479192089e+01
2.320200000000322689e+03,5.854720378618516463e+01
2.320300000000323053e+03,5.854752325177440753e+01
2.320400000000322962e+03,5.854784054396744608e+01
2.320500000000322871e+03,5.854815568486824162e+01
2.320600000000323234e+03,5.854846869628205752e+01
2.320700000000323143e+03,5.854877959972041168e+01
2.320800000000323053e+03,5.854908841640610717e+01
2.320900000000322962e+03,5.854939516727797155e+01
2.321000000000322871e+03,5.854969987299575251e+01
2.321100000000323234e+03,5.855003163509341846e+01
2.321200000000323143e+03,5.855036140700313041e+01
2.321300000000323053e+03,5.855068920657954834e+01
2.321400000000323416e+03,5.855101505146441099e+01
2.321500000000323325e+03,5.855133895908969777e+01
2.321600000000323234e+03,5.855166094668071253e+01
2.321700000000323143e+03,5.855198103125913889e+01
2.321800000000323053e+03,5.855229922964606004e+01
2.321900000000323416e+03,5.855261555846488619e+01
2.322000000000323325e+03,5.855293003414431752e+01
2.322100000000323234e+03,5.855325161223510122e+01
2.322200000000323598e+03,5.855357153781169899e+01
2.322300000000323507e+03,5.855388982357924732e+01
2.322400000000323416e+03,5.855420648211304524e+01
2.322500000000323325e+03,5.855452152586008907e+01
2.322600000000323234e+03,5.855483496714079905e+01
2.322700000000323598e+03,5.855514681815053279e+01
2.322800000000323507e+03,5.855545709096120532e+01
2.322900000000323416e+03,5.855576579752292332e+01
2.323000000000323780e+03,5.855607294966541332e+01
2.323100000000323689e+03,5.855639818807324559e+01
2.323200000000323598e+03,5.855672203913278651e+01
2.323300000000323507e+03,5.855704451170202418e+01
2.323400000000323416e+03,5.855736561456371447e+01
2.323500000000323780e+03,5.855768535642612704e+01
2.323600000000323689e+03,5.855800374592390511e+01
2.323700000000323598e+03,5.855832079161876180e+01
2.323800000000323962e+03,5.855863650200033987e+01
2.323900000000323871e+03,5.855895088548688676e+01
2.324000000000323780e+03,5.855926395042610721e+01
2.324100000000323689e+03,5.855959309868712381e+01
2.324200000000323598e+03,5.855992113514102471e+01
2.324300000000323962e+03,5.856024806541153538e+01
2.324400000000323871e+03,5.856057389508453070e+01
2.324500000000323780e+03,5.856089862970836890e+01
2.324600000000324144e+03,5.856122227479414022e+01
2.324700000000324053e+03,5.856154483581603643e+01
2.324800000000323962e+03,5.856186631821161370e+01
2.324900000000323871e+03,5.856218672738217634e+01
2.325000000000323780e+03,5.856250606869294018e+01
2.325100000000324144e+03,5.856282294810410605e+01
2.325200000000324053e+03,5.856313904451264563e+01
2.325300000000323962e+03,5.856345436081718248e+01
2.325400000000324326e+03,5.856376889990198720e+01
2.325500000000324235e+03,5.856408266463719769e+01
2.325600000000324144e+03,5.856439565787876944e+01
2.325700000000324053e+03,5.856470788246868153e+01
2.325800000000323962e+03,5.856501934123497222e+01
2.325900000000324326e+03,5.856533003699176732e+01
2.326000000000324235e+03,5.856563997253954312e+01
2.326100000000324144e+03,5.856596750483705449e+01
2.326200000000324508e+03,5.856629453299701282e+01
2.326300000000324417e+03,5.856662105818244868e+01
2.326400000000324326e+03,5.856694708155286122e+01
2.326500000000324235e+03,5.856727260426418979e+01
2.326600000000324144e+03,5.856759762746876419e+01
2.326700000000324508e+03,5.856792215231546095e+01
2.326800000000324417e+03,5.856824617994959681e+01
2.326900000000324326e+03,5.856856971151297131e+01
2.327000000000324690e+03,5.856889274814390234e+01
2.327100000000324599e+03,5.856921497158464263e+01
2.327200000000324508e+03,5.856953700798870699e+01
2.327300000000324417e+03,5.856985885751886656e+01
2.327400000000324326e+03,5.857018052033774325e+01
2.327500000000324690e+03,5.857050199660776002e+01
2.327600000000324599e+03,5.857082328649116221e+01
2.327700000000324508e+03,5.857114439014998908e+01
2.327800000000324872e+03,5.857146530774610227e+01
2.327900000000324781e+03,5.857178603944117867e+01
2.328000000000324690e+03,5.857210658539668202e+01
2.328100000000324599e+03,5.857241849534047873e+01
2.328200000000324508e+03,5.857273053359080706e+01
2.328300000000324872e+03,5.857304270022686410e+01
2.328400000000324781e+03,5.857335499532788958e+01
2.328500000000324690e+03,5.857366741897318718e+01
2.328600000000325053e+03,5.857397997124214584e+01
2.328700000000324962e+03,5.857429265221422554e+01
2.328800000000324872e+03,5.857460546196894313e+01
2.328900000000324781e+03,5.857491840058585808e+01
2.329000000000324690e+03,5.857523146814464354e+01
2.329100000000325053e+03,5.857555470157020494e+01
2.329200000000324962e+03,5.857587840074311458e+01
2.329300000000324872e+03,5.857620256667073022e+01
2.329400000000325235e+03,5.857652720036334415e+01
2.329500000000325144e+03,5.857685230283414057e+01
2.329600000000325053e+03,5.857717787509924534e+01
2.329700000000324962e+03,5.857750391817771884e+01
2.329800000000324872e+03,5.857783043309156312e+01
2.329900000000325235e+03,5.857815742086577160e+01
2.330000000000325144e+03,5.857848488252820118e+01
2.330100000000325053e+03,5.857879483285501010e+01
2.330200000000325417e+03,5.857910556259025014e+01
2.330300000000325326e+03,5.857941707467751513e+01
2.330400000000325235e+03,5.857972937207519948e+01
2.330500000000325144e+03,5.858004245775668295e+01
2.330600000000325053e+03,5.858035633471035197e+01
2.330700000000325417e+03,5.858067100593969201e+01
2.330800000000325326e+03,5.858098647446345808e+01
2.330900000000325235e+03,5.858130274331567477e+01
2.331000000000325599e+03,5.858161981554583519e+01
2.331100000000325508e+03,5.858194003030133956e+01
2.331200000000325417e+03,5.858226141034673162e+01
2.331300000000325326e+03,5.858258396205450680e+01
2.331400000000325235e+03,5.858290769184367974e+01
2.331500000000325599e+03,5.858323260618028172e+01
2.331600000000325508e+03,5.858355871157770878e+01
2.331700000000325417e+03,5.858388601459722622e+01
2.331800000000325781e+03,5.858421452184838785e+01
2.331900000000325690e+03,5.858454423998944094e+01
2.332000000000325599e+03,5.858487517572775971e+01
2.332100000000325508e+03,5.858518951958127730e+01
2.332200000000325417e+03,5.858550537888356047e+01
2.332300000000325781e+03,5.858582276462000493e+01
2.332400000000325690e+03,5.858614168788250964e+01
2.332500000000325599e+03,5.858646215987063499e+01
2.332600000000325963e+03,5.858678419189300257e+01
2.332700000000325872e+03,5.858710779536862390e+01
2.332800000000325781e+03,5.858743298182820070e+01
2.332900000000325690e+03,5.858775976291554599e+01
2.333000000000325599e+03,5.858808815038883466e+01
2.333100000000325963e+03,5.858839568868582148e+01
2.333200000000325872e+03,5.858870509424999540e+01
2.333300000000325781e+03,5.858901638413925639e+01
2.333400000000326145e+03,5.858932957561988530e+01
2.333500000000326054e+03,5.858964468616979104e+01
2.333600000000325963e+03,5.858996173348171510e+01
2.333700000000325872e+03,5.859028073546655691e+01
2.333800000000325781e+03,5.859060171025676311e+01
2.333900000000326145e+03,5.859092467620974531e+01
2.334000000000326054e+03,5.859124965191130485e+01
2.334100000000325963e+03,5.859155728089834980e+01
2.334200000000326327e+03,5.859186718555241669e+01
2.334300000000326236e+03,5.859217939121842278e+01
2.334400000000326145e+03,5.859249392361903119e+01
2.334500000000326054e+03,5.859281080886177762e+01
2.334600000000325963e+03,5.859313007344621838e+01
2.334700000000326327e+03,5.859345174427139114e+01
2.334800000000326236e+03,5.859377584864328270e+01
2.334900000000326145e+03,5.859410241428265209e+01
2.335000000000326509e+03,5.859443146933279678e+01
2.335100000000326418e+03,5.859473892741973344e+01
2.335200000000326327e+03,5.859504909548371643e+01
2.335300000000326236e+03,5.859536200951252738e+01
2.335400000000326145e+03,5.859567770613395510e+01
2.335500000000326509e+03,5.859599622263014140e+01
2.335600000000326418e+03,5.859631759695221831e+01
2.335700000000326327e+03,5.859664186773542838e+01
2.335800000000326690e+03,5.859696907431458612e+01
2.335900000000326600e+03,5.859729925673995155e+01
2.336000000000326509e+03,5.859763245579353708e+01
2.336100000000326418e+03,5.859793961949048224e+01
2.336200000000326327e+03,5.859824995710779660e+01
2.336300000000326690e+03,5.859856351809512631e+01
2.336400000000326600e+03,5.859888035293467112e+01
2.336500000000326509e+03,5.859920051316835554e+01
2.336600000000326872e+03,5.859952405142573184e+01
2.336700000000326781e+03,5.859985102145284230e+01
2.336800000000326690e+03,5.860018147814195544e+01
2.336900000000326600e+03,5.860051547756233958e+01
2.337000000000326509e+03,5.860085307699180390e+01
2.337100000000326872e+03,5.860115278246523474e+01
2.337200000000326781e+03,5.860145607564160741e+01
2.337300000000326690e+03,5.860176302133014303e+01
2.337400000000327054e+03,5.860207368591047583e+01
2.337500000000326963e+03,5.860238813738055796e+01
2.337600000000326872e+03,5.860270644540620566e+01
2.337700000000326781e+03,5.860302868137263488e+01
2.337800000000326690e+03,5.860335491843778755e+01
2.337900000000327054e+03,5.860368523158768994e+01
2.338000000000326963e+03,5.860401969769385033e+01
2.338100000000326872e+03,5.860432073608402703e+01
2.338200000000327236e+03,5.860462591494332685e+01
2.338300000000327145e+03,5.860493532028498720e+01
2.338400000000327054e+03,5.860524904052130779e+01
2.338500000000326963e+03,5.860556716654789255e+01
2.338600000000326872e+03,5.860588979183135194e+01
2.338700000000327236e+03,5.860621701250099136e+01
2.338800000000327145e+03,5.860654892744418731e+01
2.338900000000327054e+03,5.860688563840611209e+01
2.339000000000327418e+03,5.860722725009347300e+01
2.339100000000327327e+03,5.860752540395790078e+01
2.339200000000327236e+03,5.860782823762780680e+01
2.339300000000327145e+03,5.860813586215566318e+01
2.339400000000327054e+03,5.860844839213564939e+01
2.339500000000327418e+03,5.860876594584603794e+01
2.339600000000327327e+03,5.860908864539841545e+01
2.339700000000327236e+03,5.860941661689421522e+01
2.339800000000327600e+03,5.860974999058907997e+01
2.339900000000327509e+03,5.861008890106526792e+01
2.340000000000327418e+03,5.861043348741270620e+01
2.340100000000327327e+03,5.861072693619159679e+01
2.340200000000327236e+03,5.861102562015366857e+01
2.340300000000327600e+03,5.861132968065486182e+01
2.340400000000327509e+03,5.861163926418635128e+01
2.340500000000327418e+03,5.861195452260989924e+01
2.340600000000327782e+03,5.861227561340625414e+01
2.340700000000327691e+03,5.861260269993743321e+01
2.340800000000327600e+03,5.861293595172386972e+01
2.340900000000327509e+03,5.861327554473740520e+01
2.341000000000327418e+03,5.861362166171090848e+01
2.341100000000327782e+03,5.861392044465946327e+01
2.341200000000327691e+03,5.861422526845633030e+01
2.341300000000327600e+03,5.861453631817492038e+01
2.341400000000327964e+03,5.861485378652673717e+01
2.341500000000327873e+03,5.861517787425957238e+01
2.341600000000327782e+03,5.861550879058080454e+01
2.341700000000327691e+03,5.861584675360772678e+01
2.341800000000327600e+03,5.861619199084704945e+01
2.341900000000327964e+03,5.861654473970556722e+01
2.342000000000327873e+03,5.861690524803345426e+01
2.342100000000327782e+03,5.861690524803344715e+01
2.342200000000328146e+03,5.861690524803346136e+01
2.342300000000328055e+03,5.861690524803344005e+01
2.342400000000327964e+03,5.861690524803345426e+01
2.342500000000327873e+03,5.861690524803345426e+01
2.342600000000327782e+03,5.861690524803344715e+01
2.342700000000328146e+03,5.861690524803345426e+01
2.342800000000328055e+03,5.861690524803346847e+01
2.342900000000327964e+03,5.861690524803347557e+01
2.346000000000328782e+03,5.863362911304404435e+01
2.346100000000328691e+03,5.863362911304403724e+01
2.346200000000329055e+03,5.863362911304404435e+01
2.346300000000328964e+03,5.863362911304404435e+01
2.346400000000328873e+03,5.863362911304404435e+01
2.346500000000328782e+03,5.863362911304404435e+01
2.346600000000328691e+03,5.863362911304404435e+01
2.346700000000329055e+03,5.863362911304404435e+01
2.346800000000328964e+03,5.863362911304405145e+01
2.346900000000328873e+03,5.863362911304403724e+01
2.347000000000329237e+03,5.863362911304526648e+01
2.347100000000329146e+03,5.863399906086109326e+01
2.347200000000329055e+03,5.863436363025579823e+01
2.347300000000328964e+03,5.863472293767274834e+01
2.347400000000328873e+03,5.863507709621809738e+01
2.347500000000329237e+03,5.863542621577941105e+01
2.347600000000329146e+03,5.863577040313937516e+01
2.347700000000329055e+03,5.863610976208470760e+01
2.347800000000329419e+03,5.863644439351043047e+01
2.347900000000329328e+03,5.863677439551996429e+01
2.348000000000329237e+03,5.863709986352108672e+01
2.348100000000329146e+03,5.863745763739888162e+01
2.348200000000329055e+03,5.863781052406665850e+01
2.348300000000329419e+03,5.863815862298444870e+01
2.348400000000329328e+03,5.863850203093159053e+01
2.348500000000329237e+03,5.863884084209652059e+01
2.348600000000329601e+03,5.863917514816286314e+01
2.348700000000329510e+03,5.863950503839215145e+01
2.348800000000329419e+03,5.863983059970330203e+01
2.348900000000329328e+03,5.864015191674890559e+01
2.349000000000329237e+03,5.864046907198879666e+01
2.349100000000329601e+03,5.864081307147397837e+01
2.349200000000329510e+03,5.864115266470852106e+01
2.349300000000329419e+03,5.864148793581242813e+01
2.349400000000329783e+03,5.864181896677799699e+01
2.349500000000329692e+03,5.864214583753666687e+01
2.349600000000329601e+03,5.864246862602335142e+01
2.349700000000329510e+03,5.864278740823838376e+01
2.349800000000329419e+03,5.864310225830719503e+01
2.349900000000329783e+03,5.864341324853777593e+01
2.350000000000329692e+03,5.864372044947622697e+01
2.350100000000329601e+03,5.864408948276812339e+01
2.350200000000329965e+03,5.864445409588763169e+01
2.350300000000329874e+03,5.864481436777725065e+01
2.350400000000329783e+03,5.864517037551078005e+01
2.350500000000329692e+03,5.864552219434829539e+01
2.350600000000329601e+03,5.864586989778910464e+01
2.350700000000329965e+03,5.864621355762305654e+01
2.350800000000329874e+03,5.864655324397987357e+01
2.350900000000329783e+03,5.864688902537686488e+01
2.351000000000330147e+03,5.864722096876512580e+01
2.351100000000330056e+03,5.864756541703761172e+01
2.351200000000329965e+03,5.864790602209085790e+01
2.351300000000329874e+03,5.864824284788972619e+01
2.351400000000329783e+03,5.864857595698743609e+01
2.351500000000330147e+03,5.864890541056431061e+01
2.351600000000330056e+03,5.864923126846518642e+01
2.351700000000329965e+03,5.864955358923572959e+01
2.351800000000330328e+03,5.864987243015744411e+01
2.351900000000330238e+03,5.865018784728160739e+01
2.352000000000330147e+03,5.865049989546234599e+01
2.352100000000330056e+03,5.865085981453951547e+01
2.352200000000329965e+03,5.865121600777715116e+01
2.352300000000330328e+03,5.865156853273152393e+01
2.352400000000330238e+03,5.865191744577948896e+01
2.352500000000330147e+03,5.865226280214849908e+01
2.352600000000330510e+03,5.865260465594582229e+01
2.352700000000330419e+03,5.865294306018674320e+01
2.352800000000330328e+03,5.865327806682200418e+01
2.352900000000330238e+03,5.865360972676435125e+01
2.353000000000330147e+03,5.865393808991446889e+01
2.353100000000330510e+03,5.865428525098910484e+01
2.353200000000330419e+03,5.865462909538518943e+01
2.353300000000330328e+03,5.865496967040666476e+01
2.353400000000330692e+03,5.865530702246217487e+01
2.353500000000330601e+03,5.865564119708613333e+01
2.353600000000330510e+03,5.865597223895924373e+01
2.353700000000330419e+03,5.865630019192835221e+01
2.353800000000330328e+03,5.865662509902590216e+01
2.353900000000330692e+03,5.865694700248864280e+01
2.354000000000330601e+03,5.865726594377616721e+01
2.354100000000330510e+03,5.865761966655815485e+01
2.354200000000330874e+03,5.865797028909345556e+01
2.354300000000330783e+03,5.865831785196295556e+01
2.354400000000330692e+03,5.865866239504239132e+01
2.354500000000330601e+03,5.865900395751757657e+01
2.354600000000330510e+03,5.865934257789923123e+01
2.354700000000330874e+03,5.865967829403754052e+01
2.354800000000330783e+03,5.866001114313615261e+01
2.354900000000330692e+03,5.866034116176599866e+01
2.355000000000331056e+03,5.866066838587872923e+01
2.355100000000330965e+03,5.866101894753004586e+01
2.355200000000330874e+03,5.866136671424378335e+01
2.355300000000330783e+03,5.866171171931222261e+01
2.355400000000330692e+03,5.866205399550095478e+01
2.355500000000331056e+03,5.866239357505929775e+01
2.355600000000330965e+03,5.866273048973037163e+01
2.355700000000330874e+03,5.866306477076106063e+01
2.355800000000331238e+03,5.866339644891166927e+01
2.355900000000331147e+03,5.866372555446525894e+01
2.356000000000331056e+03,5.866405211723704127e+01
2.356100000000330965e+03,5.866439396594700639e+01
2.356200000000330874e+03,5.866473335827030411e+01
2.356300000000331238e+03,5.866507032058804327e+01
2.356400000000331147e+03,5.866540487890491562e+01
2.356500000000331056e+03,5.866573705885591039e+01
2.356600000000331420e+03,5.866606688571279449e+01
2.356700000000331329e+03,5.866639438439054288e+01
2.356800000000331238e+03,5.866671957945371219e+01
2.356900000000331147e+03,5.866704249512239500e+01
2.357000000000331056e+03,5.866736315527850820e+01
2.357100000000331420e+03,5.866771507681941955e+01
2.357200000000331329e+03,5.866806474807522420e+01
2.357300000000331238e+03,5.866841219056058065e+01
2.357400000000331602e+03,5.866875742551671635e+01
2.357500000000331511e+03,5.866910047391586147e+01
2.357600000000331420e+03,5.866944135646534875e+01
2.357700000000331329e+03,5.866978009361191937e+01
2.357800000000331238e+03,5.867011670554572333e+01
2.357900000000331602e+03,5.867045121220437665e+01
2.358000000000331511e+03,5.867078363327691193e+01
2.358100000000331420e+03,5.867113109405137550e+01
2.358200000000331784e+03,5.867147661094053746e+01
2.358300000000331693e+03,5.867182020021161293e+01
2.358400000000331602e+03,5.867216187795084892e+01
2.358500000000331511e+03,5.867250166006596857e+01
2.358600000000331420e+03,5.867283956228869357e+01
2.358700000000331784e+03,5.867317560017712452e+01
2.358800000000331693e+03,5.867350978911819226e+01
2.358900000000331602e+03,5.867384214432991740e+01
2.359000000000331966e+03,5.867417268086382620e+01
2.359100000000331875e+03,5.867451137525255689e+01
2.359200000000331784e+03,5.867484844805119337e+01
2.359300000000331693e+03,5.867518391087764229e+01
2.359400000000331602e+03,5.867551777523907219e+01
2.359500000000331966e+03,5.867585005253322095e+01
2.359600000000331875e+03,5.867618075404978839e+01
2.359700000000331784e+03,5.867650989097158032e+01
2.359800000000332147e+03,5.867683747437585851e+01
2.359900000000332057e+03,5.867716351523559837e+01
2.360000000000331966e+03,5.867748802442070399e+01
2.360100000000331875e+03,5.867782990310394098e+01
2.360200000000331784e+03,5.867817042515315507e+01
2.360300000000332147e+03,5.867850959862738591e+01
2.360400000000332057e+03,5.867884743152199434e+01
2.360500000000331966e+03,5.867918393176923075e+01
2.360600000000332329e+03,5.867951910723889597e+01
2.360700000000332238e+03,5.867985296573897358e+01
2.360800000000332147e+03,5.868018551501616997e+01
2.360900000000332057e+03,5.868051676275658934e+01
2.361000000000331966e+03,5.868084671658630924e+01
2.361100000000332329e+03,5.868119062808201392e+01
2.361200000000332238e+03,5.868153346187012431e+01
2.361300000000332147e+03,5.868187522300853232e+01
2.361400000000332511e+03,5.868221591652347513e+01
2.361500000000332420e+03,5.868255554740986213e+01
2.361600000000332329e+03,5.868289412063147381e+01
2.361700000000332238e+03,5.868323164112124601e+01
2.361800000000332147e+03,5.868356811378146887e+01
2.361900000000332511e+03,5.868390354348404969e+01
2.362000000000332420e+03,5.868423793507079722e+01
2.362100000000332329e+03,5.868458475473782698e+01
2.362200000000332693e+03,5.868493078337606761e+01
2.362300000000332602e+03,5.868527602368868656e+01
2.362400000000332511e+03,5.868562047836659445e+01
2.362500000000332420e+03,5.868596415008843792e+01
2.362600000000332329e+03,5.868630704152069910e+01
2.362700000000332693e+03,5.868664915531781645e+01
2.362800000000332602e+03,5.868699049412212787e+01
2.362900000000332511e+03,5.868733106056406257e+01
2.363000000000332875e+03,5.868767085726212684e+01
2.363100000000332784e+03,5.868800669367507084e+01
2.363200000000332693e+03,5.868834205832521889e+01
2.363300000000332602e+03,5.868867695220591685e+01
2.363400000000332511e+03,5.868901137630774656e+01
2.363500000000332875e+03,5.868934533161848321e+01
2.363600000000332784e+03,5.868967881912318774e+01
2.363700000000332693e+03,5.869001183980410019e+01
2.363800000000333057e+03,5.869034439464076769e+01
2.363900000000332966e+03,5.869067648460993070e+01
2.364000000000332875e+03,5.869100811068570067e+01
2.364100000000332784e+03,5.869134505980477456e+01
2.364200000000332693e+03,5.869168183952223927e+01
2.364300000000333057e+03,5.869201844996580064e+01
2.364400000000332966e+03,5.869235489126305083e+01
2.364500000000332875e+03,5.869269116354145410e+01
2.364600000000333239e+03,5.869302726692836103e+01
2.364700000000333148e+03,5.869336320155096587e+01
2.364800000000333057e+03,5.869369896753634919e+01
2.364900000000332966e+03,5.869403456501144234e+01
2.365000000000332875e+03,5.869436999410309852e+01
2.365100000000333239e+03,5.869470759694819151e+01
2.365200000000333148e+03,5.869504534500535442e+01
2.365300000000333057e+03,5.869538323836828653e+01
2.365400000000333421e+03,5.869572127713078658e+01
2.365500000000333330e+03,5.869605946138672437e+01
2.365600000000333239e+03,5.869639779123006207e+01
2.365700000000333148e+03,5.869673626675481160e+01
2.365800000000333057e+03,5.869707488805510565e+01
2.365900000000333421e+03,5.869741365522511956e+01
2.366000000000333330e+03,5.869775256835914234e+01
2.366100000000333239e+03,5.869809062562299573e+01
2.366200000000333603e+03,5.869842915552459317e+01
2.366300000000333512e+03,5.869876815905584522e+01
2.366400000000333421e+03,5.869910763721138380e+01
2.366500000000333330e+03,5.869944759098866882e+01
2.366600000000333239e+03,5.869978802138795260e+01
2.366700000000333603e+03,5.870012892941228699e+01
2.366800000000333512e+03,5.870047031606753762e+01
2.366900000000333421e+03,5.870081218236240517e+01
2.367000000000333785e+03,5.870115452930836852e+01
2.367100000000333694e+03,5.870148115896498808e+01
2.367200000000333603e+03,5.870180857469295432e+01
2.367300000000333512e+03,5.870213677933333685e+01
2.367400000000333421e+03,5.870246577574091873e+01
2.367500000000333785e+03,5.870279556678427468e+01
2.367600000000333694e+03,5.870312615534583500e+01
2.367700000000333603e+03,5.870345754432201346e+01
2.367800000000333966e+03,5.870378973662326416e+01
2.367900000000333876e+03,5.870412273517415258e+01
2.368000000000333785e+03,5.870445654291345505e+01
2.368100000000333694e+03,5.870479069321711307e+01
2.368200000000333603e+03,5.870512600032367345e+01
2.368300000000333966e+03,5.870546247025070841e+01
2.368400000000333876e+03,5.870580010905759849e+01
2.368500000000333785e+03,5.870613892284586655e+01
2.368600000000334148e+03,5.870647891775961114e+01
2.368700000000334057e+03,5.870682009998583339e+01
2.368800000000333966e+03,5.870716247575479940e+01
2.368900000000333876e+03,5.870750605134048072e+01
2.369000000000333785e+03,5.870785083306083152e+01
2.369100000000334148e+03,5.870818688703887034e+01
2.369200000000334057e+03,5.870852447770516847e+01
2.369300000000333966e+03,5.870886361562423161e+01
2.369400000000334330e+03,5.870920431145758300e+01
2.369500000000334239e+03,5.870954657596492865e+01
2.369600000000334148e+03,5.870989042000528713e+01
2.369700000000334057e+03,5.871023585453816196e+01
2.369800000000333966e+03,5.871058289062466429e+01
2.369900000000334330e+03,5.871093153942867104e+01
2.370000000000334239e+03,5.871128181221803288e+01
2.370100000000334148e+03,5.871160671631351136e+01
2.370200000000334512e+03,5.871193348611613061e+01
2.370300000000334421e+03,5.871226213774238545e+01
2.370400000000334330e+03,5.871259268749500393e+01
2.370500000000334239e+03,5.871292515186552663e+01
2.370600000000334148e+03,5.871325954753714171e+01
2.370700000000334512e+03,5.871359589138735657e+01
2.370800000000334421e+03,5.871393420049098211e+01
2.370900000000334330e+03,5.871427449212289673e+01
2.371000000000334694e+03,5.871461678376101645e+01
2.371100000000334603e+03,5.871494674524832647e+01
2.371200000000334512e+03,5.871527901120606430e+01
2.371300000000334421e+03,5.871561360586068190e+01
2.371400000000334330e+03,5.871595055377936490e+01
2.371500000000334694e+03,5.871628987987614323e+01
2.371600000000334603e+03,5.871663160941793791e+01
2.371700000000334512e+03,5.871697576803089902e+01
2.371800000000334876e+03,5.871732238170677221e+01
2.371900000000334785e+03,5.871767147680943566e+01
2.372000000000334694e+03,5.871802308008157212e+01
2.372100000000334603e+03,5.871834972672998987e+01
2.372200000000334512e+03,5.871867908680547998e+01
2.372300000000334876e+03,5.871901119425935178e+01
2.372400000000334785e+03,5.871934608361175378e+01
2.372500000000334694e+03,5.871968378996353977e+01
2.372600000000335058e+03,5.872002434900861090e+01
2.372700000000334967e+03,5.872036779704645681e+01
2.372800000000334876e+03,5.872071417099500223e+01
2.372900000000334785e+03,5.872106350840397937e+01
2.373000000000334694e+03,5.872141584746819376e+01
2.373100000000335058e+03,5.872173443614183697e+01
2.373200000000334967e+03,5.872205612155280363e+01
2.373300000000334876e+03,5.872238094907280015e+01
2.373400000000335240e+03,5.872270896496429771e+01
2.373500000000335149e+03,5.872304021640240279e+01
2.373600000000335058e+03,5.872337475149751640e+01
2.373700000000334967e+03,5.872371261931860431e+01
2.373800000000334876e+03,5.872405386991722054e+01
2.373900000000335240e+03,5.872439855435218448e+01
2.374000000000335149e+03,5.872474672471499701e+01
2.374100000000335058e+03,5.872507066075733206e+01
2.374200000000335422e+03,5.872539823953383120e+01
2.374300000000335331e+03,5.872572952283695713e+01
2.374400000000335240e+03,5.872606457386476819e+01
2.374500000000335149e+03,5.872640345726103561e+01
2.374600000000335058e+03,5.872674623915687420e+01
2.374700000000335422e+03,5.872709298721368043e+01
2.374800000000335331e+03,5.872744377066779720e+01
2.374900000000335240e+03,5.872779866037645746e+01
2.375000000000335604e+03,5.872815772886542618e+01
2.375100000000335513e+03,5.872847374208408411e+01
2.375200000000335422e+03,5.872879383061179936e+01
2.375300000000335331e+03,5.872911807379301763e+01
2.375400000000335240e+03,5.872944655304536354e+01
2.375500000000335604e+03,5.872977935192781729e+01
2.375600000000335513e+03,5.873011655621156279e+01
2.375700000000335422e+03,5.873045825395371367e+01
2.375800000000335785e+03,5.873080453557393810e+01
2.375900000000335694e+03,5.873115549393424573e+01
2.376000000000335604e+03,5.873151122442187244e+01
2.376100000000335513e+03,5.873182762627861564e+01
2.376200000000335422e+03,5.873214867783255499e+01
2.376300000000335785e+03,5.873247448233711054e+01
2.376400000000335694e+03,5.873280514612569903e+01
2.376500000000335604e+03,5.873314077872743155e+01
2.376600000000335967e+03,5.873348149298807641e+01
2.376700000000335876e+03,5.873382740519657119e+01
2.376800000000335785e+03,5.873417863521733295e+01
2.376900000000335694e+03,5.873453530662875011e+01
2.377000000000335604e+03,5.873489754686795550e+01
2.377100000000335967e+03,5.873520382145918006e+01
2.377200000000335876e+03,5.873551520059751851e+01
2.377300000000335785e+03,5.873583181296827860e+01
2.377400000000336149e+03,5.873615379161897465e+01
2.377500000000336058e+03,5.873648127414571718e+01
2.377600000000335967e+03,5.873681440288925870e+01
2.377700000000335876e+03,5.873715332514134957e+01
2.377800000000335785e+03,5.873749819336179456e+01
2.377900000000336149e+03,5.873784916540721923e+01
2.378000000000336058e+03,5.873820640477170940e+01
2.378100000000335967e+03,5.873851122358504995e+01
2.378200000000336331e+03,5.873882178734883297e+01
2.378300000000336240e+03,5.873913826002158345e+01
2.378400000000336149e+03,5.873946081186085877e+01
2.378500000000336058e+03,5.873978961972866131e+01
2.378600000000335967e+03,5.874012486741478511e+01
2.378700000000336331e+03,5.874046674597937567e+01
2.378800000000336240e+03,5.874081545411609540e+01
2.378900000000336149e+03,5.874117119853708147e+01
2.379000000000336513e+03,5.874153419438046342e+01
2.379100000000336422e+03,5.874153419438046342e+01
2.379200000000336331e+03,5.874153419438046342e+01
2.379300000000336240e+03,5.874153419438047052e+01
2.379400000000336149e+03,5.874153419438046342e+01
2.379500000000336513e+03,5.874153419438047052e+01
2.379600000000336422e+03,5.874153419438046342e+01
2.379700000000336331e+03,5.874153419438046342e+01
2.379800000000336695e+03,5.874153419438047763e+01
2.379900000000336604e+03,5.874153419438051316e+01
2.384000000000337423e+03,5.876188007439769478e+01
2.384100000000337332e+03,5.876188007439770189e+01
2.384200000000337241e+03,5.876188007439770189e+01
2.384300000000337604e+03,5.876188007439769478e+01
2.384400000000337513e+03,5.876188007439769478e+01
2.384500000000337423e+03,5.876188007439770189e+01
2.384600000000337786e+03,5.876188007439769478e+01
2.384700000000337695e+03,5.876188007439769478e+01
2.384800000000337604e+03,5.876188007439770189e+01
2.384900000000337513e+03,5.876188007439770900e+01
2.385000000000337423e+03,5.876188007439888850e+01
2.385100000000337786e+03,5.876223009724966317e+01
2.385200000000337695e+03,5.876257533743775241e+01
2.385300000000337604e+03,5.876291589232240398e+01
2.385400000000337968e+03,5.876325185663819894e+01
2.385500000000337877e+03,5.876358332258280370e+01
2.385600000000337786e+03,5.876391037990131139e+01
2.385700000000337695e+03,5.876423311596736454e+01
2.385800000000337604e+03,5.876455161586086717e+01
2.385900000000337968e+03,5.876486596244281202e+01
2.386000000000337877e+03,5.876517623642730115e+01
2.386100000000337786e+03,5.876553107269512566e+01
2.386200000000338150e+03,5.876588134638230798e+01
2.386300000000338059e+03,5.876622714492705057e+01
2.386400000000337968e+03,5.876656855354747222e+01
2.386500000000337877e+03,5.876690565531167465e+01
2.386600000000337786e+03,5.876723853120503804e+01
2.386700000000338150e+03,5.876756726019520016e+01
2.386800000000338059e+03,5.876789191929443490e+01
2.386900000000337968e+03,5.876821258361980682e+01
2.387000000000338332e+03,5.876852932645131489e+01
2.387100000000338241e+03,5.876889639392522469e+01
2.387200000000338150e+03,5.876925902955417769e+01
2.387300000000338059e+03,5.876961731311939729e+01
2.387400000000337968e+03,5.876997132249858424e+01
2.387500000000338332e+03,5.877032113372231237e+01
2.387600000000338241e+03,5.877066682102854855e+01
2.387700000000338150e+03,5.877100845691513342e+01
2.387800000000338514e+03,5.877134611219047144e+01
2.387900000000338423e+03,5.877167985602243050e+01
2.388000000000338332e+03,5.877200975598572796e+01
2.388100000000338241e+03,5.877236206025737886e+01
2.388200000000338150e+03,5.877271038294048822e+01
2.388300000000338514e+03,5.877305479115301523e+01
2.388400000000338423e+03,5.877339535051284258e+01
2.388500000000338332e+03,5.877373212517938583e+01
2.388600000000338696e+03,5.877406517789390961e+01
2.388700000000338605e+03,5.877439457001849377e+01
2.388800000000338514e+03,5.877472036157374902e+01
2.388900000000338423e+03,5.877504261127524643e+01
2.389000000000338332e+03,5.877536137656887405e+01
2.389100000000338696e+03,5.877570415780000701e+01
2.389200000000338605e+03,5.877604332517284291e+01
2.389300000000338514e+03,5.877637893553774973e+01
2.389400000000338878e+03,5.877671104455886564e+01
2.389500000000338787e+03,5.877703970674487977e+01
2.389600000000338696e+03,5.877736497547889627e+01
2.389700000000338605e+03,5.877768690304728949e+01
2.389800000000338514e+03,5.877800554066778460e+01
2.389900000000338878e+03,5.877832093851655770e+01
2.390000000000338787e+03,5.877863314575479592e+01
2.390100000000338696e+03,5.877899481718890229e+01
2.390200000000339060e+03,5.877935294656684562e+01
2.390300000000338969e+03,5.877970758566915777e+01
2.390400000000338878e+03,5.878005878527196160e+01
2.390500000000338787e+03,5.878040659517124311e+01
2.390600000000338696e+03,5.878075106420634199e+01
2.390700000000339060e+03,5.878109224028284530e+01
2.390800000000338969e+03,5.878143017039478480e+01
2.390900000000338878e+03,5.878176490064622328e+01
2.391000000000339242e+03,5.878209647627230794e+01
2.391100000000339151e+03,5.878245045863779694e+01
2.391200000000339060e+03,5.878280123571472160e+01
2.391300000000338969e+03,5.878314885084242292e+01
2.391400000000338878e+03,5.878349334658237524e+01
2.391500000000339242e+03,5.878383476473560876e+01
2.391600000000339151e+03,5.878417314635962754e+01
2.391700000000339060e+03,5.878450853178483015e+01
2.391800000000339423e+03,5.878484096063057507e+01
2.391900000000339332e+03,5.878517047182072019e+01
2.392000000000339242e+03,5.878549710359894931e+01
2.392100000000339151e+03,5.878583754530060901e+01
2.392200000000339060e+03,5.878617515577576569e+01
2.392300000000339423e+03,5.878650997019631319e+01
2.392400000000339332e+03,5.878684202315395879e+01
2.392500000000339242e+03,5.878717134867211769e+01
2.392600000000339605e+03,5.878749798021762274e+01
2.392700000000339514e+03,5.878782195071193684e+01
2.392800000000339423e+03,5.878814329254235105e+01
2.392900000000339332e+03,5.878846203757262145e+01
2.393000000000339242e+03,5.878877821715379071e+01
2.393100000000339605e+03,5.878912731858165586e+01
2.393200000000339514e+03,5.878947377413784636e+01
2.393300000000339423e+03,5.878981761378872761e+01
2.393400000000339787e+03,5.879015886704992511e+01
2.393500000000339696e+03,5.879049756299459517e+01
2.393600000000339605e+03,5.879083373026185910e+01
2.393700000000339514e+03,5.879116739706473993e+01
2.393800000000339423e+03,5.879149859119813470e+01
2.393900000000339787e+03,5.879182734004651678e+01
2.394000000000339696e+03,5.879215367059153152e+01
2.394100000000339605e+03,5.879250792016123484e+01
2.394200000000339969e+03,5.879285974507437373e+01
2.394300000000339878e+03,5.879320917013934178e+01
2.394400000000339787e+03,5.879355621982723079e+01
2.394500000000339696e+03,5.879390091827759335e+01
2.394600000000339605e+03,5.879424328930397081e+01
2.394700000000339969e+03,5.879458335639937161e+01
2.394800000000339878e+03,5.879492114274172820e+01
2.394900000000339787e+03,5.879525667119908405e+01
2.395000000000340151e+03,5.879558996433487295e+01
2.395100000000340060e+03,5.879593603557637493e+01
2.395200000000339969e+03,5.879627999449564868e+01
2.395300000000339878e+03,5.879662186037333527e+01
2.395400000000339787e+03,5.879696165225622906e+01
2.395500000000340151e+03,5.879729938896068120e+01
2.395600000000340060e+03,5.879763508907611680e+01
2.395700000000339969e+03,5.879796877096843133e+01
2.395800000000340333e+03,5.879830045278335149e+01
2.395900000000340242e+03,5.879863015244977476e+01
2.396000000000340151e+03,5.879895788768290998e+01
2.396100000000340060e+03,5.879929958174763271e+01
2.396200000000339969e+03,5.879963944493091788e+01
2.396300000000340333e+03,5.879997749190891199e+01
2.396400000000340242e+03,5.880031373720132137e+01
2.396500000000340151e+03,5.880064819517352248e+01
2.396600000000340515e+03,5.880098088003853718e+01
2.396700000000340424e+03,5.880131180585912176e+01
2.396800000000340333e+03,5.880164098654969962e+01
2.396900000000340242e+03,5.880196843587832234e+01
2.397000000000340151e+03,5.880229416746864501e+01
2.397100000000340515e+03,5.880263710090886775e+01
2.397200000000340424e+03,5.880297845602201789e+01
2.397300000000340333e+03,5.880331824367931404e+01
2.397400000000340697e+03,5.880365647465230694e+01
2.397500000000340606e+03,5.880399315961411588e+01
2.397600000000340515e+03,5.880432830914052289e+01
2.397700000000340424e+03,5.880466193371103856e+01
2.397800000000340333e+03,5.880499404371003180e+01
2.397900000000340697e+03,5.880532464942780990e+01
2.398000000000340606e+03,5.880565376106174114e+01
2.398100000000340515e+03,5.880600223445246399e+01
2.398200000000340879e+03,5.880634937086676217e+01
2.398300000000340788e+03,5.880669517798420287e+01
2.398400000000340697e+03,5.880703966342564115e+01
2.398500000000340606e+03,5.880738283475379546e+01
2.398600000000340515e+03,5.880772469947382319e+01
2.398700000000340879e+03,5.880806526503380383e+01
2.398800000000340788e+03,5.880840453882533581e+01
2.398900000000340697e+03,5.880874252818401260e+01
2.399000000000341061e+03,5.880907924039006929e+01
2.399100000000340970e+03,5.880941818275721289e+01
2.399200000000340879e+03,5.880975608949020028e+01
2.399300000000340788e+03,5.881009296532835862e+01
2.399400000000340697e+03,5.881042881498211017e+01
2.399500000000341061e+03,5.881076364313325655e+01
2.399600000000340970e+03,5.881109745443513503e+01
2.399700000000340879e+03,5.881143025351285303e+01
2.399800000000341242e+03,5.881176204496355808e+01
2.399900000000341151e+03,5.881209283335655869e+01
2.400000000000341061e+03,5.881242262323362269e+01
2.400100000000340970e+03,5.881276776529607275e+01
2.400200000000340879e+03,5.881311212793722376e+01
2.400300000000341242e+03,5.881345571379426929e+01
2.400400000000341151e+03,5.881379852549260789e+01
2.400500000000341061e+03,5.881414056564572945e+01
2.400600000000341424e+03,5.881448183685544251e+01
2.400700000000341333e+03,5.881482234171179613e+01
2.400800000000341242e+03,5.881516208279330016e+01
2.400900000000341151e+03,5.881550106266685418e+01
2.401000000000341061e+03,5.881583928388788252e+01
2.401100000000341424e+03,5.881617619778348427e+01
2.401200000000341333e+03,5.881651262675444514e+01
2.401300000000341242e+03,5.881684857184693271e+01
2.401400000000341606e+03,5.881718403410415164e+01
2.401500000000341515e+03,5.881751901456625831e+01
2.401600000000341424e+03,5.881785351427047459e+01
2.401700000000341333e+03,5.881818753425098834e+01
2.401800000000341242e+03,5.881852107553908837e+01
2.401900000000341606e+03,5.881885413916305794e+01
2.402000000000341515e+03,5.881918672614829546e+01
2.402100000000341424e+03,5.881952719357550308e+01
2.402200000000341788e+03,5.881986745778826275e+01
2.402300000000341697e+03,5.882020751896844502e+01
2.402400000000341606e+03,5.882054737729770011e+01
2.402500000000341515e+03,5.882088703295752907e+01
2.402600000000341424e+03,5.882122648612912741e+01
2.402700000000341788e+03,5.882156573699352009e+01
2.402800000000341697e+03,5.882190478573151893e+01
2.402900000000341606e+03,5.882224363252370125e+01
2.403000000000341970e+03,5.882258227755043123e+01
2.403100000000341879e+03,5.882291751466378571e+01
2.403200000000341788e+03,5.882325284351029637e+01
2.403300000000341697e+03,5.882358826412762909e+01
2.403400000000341606e+03,5.882392377655343552e+01
2.403500000000341970e+03,5.882425938082544548e+01
2.403600000000341879e+03,5.882459507698134615e+01
2.403700000000341788e+03,5.882493086505891000e+01
2.403800000000342152e+03,5.882526674509588105e+01
2.403900000000342061e+03,5.882560271713003175e+01
2.404000000000341970e+03,5.882593878119916297e+01
2.404100000000341879e+03,5.882626792238828983e+01
2.404200000000341788e+03,5.882659745064130163e+01
2.404300000000342152e+03,5.882692736664137101e+01
2.404400000000342061e+03,5.882725767107327641e+01
2.404500000000341970e+03,5.882758836462342344e+01
2.404600000000342334e+03,5.882791944797980932e+01
2.404700000000342243e+03,5.882825092183206550e+01
2.404800000000342152e+03,5.882858278687145770e+01
2.404900000000342061e+03,5.882891504379088587e+01
2.405000000000341970e+03,5.882924769328490555e+01
2.405100000000342334e+03,5.882958592560547118e+01
2.405200000000342243e+03,5.882992487362119505e+01
2.405300000000342152e+03,5.883026453960611946e+01
2.405400000000342516e+03,5.883060492584385770e+01
2.405500000000342425e+03,5.883094603462780725e+01
2.405600000000342334e+03,5.883128786826102186e+01
2.405700000000342243e+03,5.883163042905641049e+01
2.405800000000342152e+03,5.883197371933672315e+01
2.405900000000342516e+03,5.883231774143457216e+01
2.406000000000342425e+03,5.883266249769258138e+01
2.406100000000342334e+03,5.883299872079149395e+01
2.406200000000342698e+03,5.883333598522643371e+01
2.406300000000342607e+03,5.883367429584267683e+01
2.406400000000342516e+03,5.883401365751558387e+01
2.406500000000342425e+03,5.883435407515091242e+01
2.406600000000342334e+03,5.883469555368493076e+01
2.406700000000342698e+03,5.883503809808476603e+01
2.406800000000342607e+03,5.883538171334859612e+01
2.406900000000342516e+03,5.883572640450589120e+01
2.407000000000342880e+03,5.883607217661759137e+01
2.407100000000342789e+03,5.883639484090269889e+01
2.407200000000342698e+03,5.883671883644334599e+01
2.407300000000342607e+03,5.883704417149528609e+01
2.407400000000342516e+03,5.883737085438279735e+01
2.407500000000342880e+03,5.883769889349919424e+01
2.407600000000342789e+03,5.883802829730766604e+01
2.407700000000342698e+03,5.883835907434193047e+01
2.407800000000343061e+03,5.883869123320703665e+01
2.407900000000342970e+03,5.883902478258006141e+01
2.408000000000342880e+03,5.883935973121086960e+01
2.408100000000342789e+03,5.883969102619660418e+01
2.408200000000342698e+03,5.884002404753449866e+01
2.408300000000343061e+03,5.884035880875364199e+01
2.408400000000342970e+03,5.884069532352483378e+01
2.408500000000342880e+03,5.884103360566250274e+01
2.408600000000343243e+03,5.884137366912654699e+01
2.408700000000343152e+03,5.884171552802425254e+01
2.408800000000343061e+03,5.884205919661232542e+01
2.408900000000342970e+03,5.884240468929873913e+01
2.409000000000342880e+03,5.884275202064481647e+01
2.409100000000343243e+03,5.884308794029280421e+01
2.409200000000343152e+03,5.884342599511303007e+01
2.409300000000343061e+03,5.884376620552777837e+01
2.409400000000343425e+03,5.884410859222060708e+01
2.409500000000343334e+03,5.884445317614051874e+01
2.409600000000343243e+03,5.884479997850629474e+01
2.409700000000343152e+03,5.884514902081077281e+01
2.409800000000343061e+03,5.884550032482535897e+01
2.409900000000343425e+03,5.884585391260451104e+01
2.410000000000343334e+03,5.884620980649025768e+01
2.410100000000343243e+03,5.884653397634894390e+01
2.410200000000343607e+03,5.884686060260348484e+01
2.410300000000343516e+03,5.884718971328003079e+01
2.410400000000343425e+03,5.884752133683276298e+01
2.410500000000343334e+03,5.884785550215197958e+01
2.410600000000343243e+03,5.884819223857265058e+01
2.410700000000343607e+03,5.884853157588280936e+01
2.410800000000343516e+03,5.884887354433242734e+01
2.410900000000343425e+03,5.884921817464249472e+01
2.411000000000343789e+03,5.884956549801394488e+01
2.411100000000343698e+03,5.884988805635878606e+01
2.411200000000343607e+03,5.885021347812222103e+01
2.411300000000343516e+03,5.885054180160300064e+01
2.411400000000343425e+03,5.885087306578596156e+01
2.411500000000343789e+03,5.885120731035740249e+01
2.411600000000343698e+03,5.885154457572096476e+01
2.411700000000343607e+03,5.885188490301393216e+01
2.411800000000343971e+03,5.885222833412392163e+01
2.411900000000343880e+03,5.885257491170610678e+01
2.412000000000343789e+03,5.885292467920072568e+01
2.412100000000343698e+03,5.885324244300372953e+01
2.412200000000343607e+03,5.885356347051568093e+01
2.412300000000343971e+03,5.885388781227779020e+01
2.412400000000343880e+03,5.885421551988028455e+01
2.412500000000343789e+03,5.885454664598965735e+01
2.412600000000344153e+03,5.885488124437701174e+01
2.412700000000344062e+03,5.885521936994710757e+01
2.412800000000343971e+03,5.885556107876835341e+01
2.412900000000343880e+03,5.885590642810389284e+01
2.413000000000343789e+03,5.885625547644341538e+01
2.413100000000344153e+03,5.885657979078349911e+01
2.413200000000344062e+03,5.885690792523595150e+01
2.413300000000343971e+03,5.885723994769657708e+01
2.413400000000344335e+03,5.885757592767969015e+01
2.413500000000344244e+03,5.885791593636670171e+01
2.413600000000344153e+03,5.885826004665638322e+01
2.413700000000344062e+03,5.885860833321697072e+01
2.413800000000343971e+03,5.885896087254015185e+01
2.413900000000344335e+03,5.885931774299713481e+01
2.414000000000344244e+03,5.885967902489647230e+01
2.414100000000344153e+03,5.885998917876866443e+01
2.414200000000344517e+03,5.886030349328671463e+01
2.414300000000344426e+03,5.886062205273717751e+01
2.414400000000344335e+03,5.886094494369875463e+01
2.414500000000344244e+03,5.886127225512067440e+01
2.414600000000344153e+03,5.886160407840446140e+01
2.414700000000344517e+03,5.886194050748900963e+01
2.414800000000344426e+03,5.886228163893916587e+01
2.414900000000344335e+03,5.886262757203829921e+01
2.415000000000344698e+03,5.886297840888435928e+01
2.415100000000344608e+03,5.886330001401997691e+01
2.415200000000344517e+03,5.886362650542134389e+01
2.415300000000344426e+03,5.886395799529915251e+01
2.415400000000344335e+03,5.886429459932641350e+01
2.415500000000344698e+03,5.886463643677301860e+01
2.415600000000344608e+03,5.886498363064670514e+01
2.415700000000344517e+03,5.886533630784057891e+01
2.415800000000344880e+03,5.886569459928773540e+01
2.415900000000344789e+03,5.886605864012338429e+01
2.416000000000344698e+03,5.886642856985451289e+01
2.416100000000344608e+03,5.886674297530863242e+01
2.416200000000344517e+03,5.886706277478260319e+01
2.416300000000344880e+03,5.886738810828926205e+01
2.416400000000344789e+03,5.886771912072942570e+01
2.416500000000344698e+03,5.886805596210722769e+01
2.416600000000345062e+03,5.886839878775666079e+01
2.416700000000344971e+03,5.886874775858047570e+01
2.416800000000344880e+03,5.886910304130197602e+01
2.416900000000344789e+03,5.886946480873060494e+01
2.417000000000344698e+03,5.886983324004096119e+01
2.417100000000345062e+03,5.886983324004096119e+01
2.417200000000344971e+03,5.886983324004096119e+01
2.417300000000344880e+03,5.886983324004096829e+01
2.417400000000345244e+03,5.886983324004096119e+01
2.417500000000345153e+03,5.886983324004096119e+01
2.417600000000345062e+03,5.886983324004096829e+01
2.417700000000344971e+03,5.886983324004094698e+01
2.417800000000344880e+03,5.886983324004097540e+01
2.417900000000345244e+03,5.886983324004089724e+01
2.423000000000346517e+03,5.889332445185601728e+01
2.423100000000346427e+03,5.889332445185603149e+01
2.423200000000346336e+03,5.889332445185603149e+01
2.423300000000346245e+03,5.889332445185603149e+01
2.423400000000346154e+03,5.889332445185602438e+01
2.423500000000346517e+03,5.889332445185601728e+01
2.423600000000346427e+03,5.889332445185602438e+01
2.423700000000346336e+03,5.889332445185602438e+01
2.423800000000346699e+03,5.889332445185603149e+01
2.423900000000346608e+03,5.889332445185601728e+01
2.424000000000346517e+03,5.889332445185728915e+01
2.424100000000346427e+03,5.889369018679997936e+01
2.424200000000346336e+03,5.889405115895949905e+01
2.424300000000346699e+03,5.889440746076902400e+01
2.424400000000346608e+03,5.889475918228523454e+01
2.424500000000346517e+03,5.889510641126422996e+01
2.424600000000346881e+03,5.889544923323452963e+01
2.424700000000346790e+03,5.889578773156725333e+01
2.424800000000346699e+03,5.889612198754380756e+01
2.424900000000346608e+03,5.889645208042091440e+01
2.425000000000346517e+03,5.889677808749333821e+01
2.425100000000346881e+03,5.889713911892151543e+01
2.425200000000346790e+03,5.889749571851265841e+01
2.425300000000346699e+03,5.889784796737342276e+01
2.425400000000347063e+03,5.889819594464334074e+01
2.425500000000346972e+03,5.889853972755408762e+01
2.425600000000346881e+03,5.889887939148673013e+01
2.425700000000346790e+03,5.889921501002671533e+01
2.425800000000346699e+03,5.889954665501706899e+01
2.425900000000347063e+03,5.889987439660965407e+01
2.426000000000346972e+03,5.890019830331480222e+01
2.426100000000346881e+03,5.890054992219176455e+01
2.426200000000347245e+03,5.890089748050683482e+01
2.426300000000347154e+03,5.890124104819440021e+01
2.426400000000347063e+03,5.890158069359207360e+01
2.426500000000346972e+03,5.890191648348602627e+01
2.426600000000346881e+03,5.890224848315465778e+01
2.426700000000347245e+03,5.890257675641105095e+01
2.426800000000347154e+03,5.890290136564375700e+01
2.426900000000347063e+03,5.890322237185635146e+01
2.427000000000347427e+03,5.890353983470577504e+01
2.427100000000347336e+03,5.890388191144614893e+01
2.427200000000347245e+03,5.890422028311613190e+01
2.427300000000347154e+03,5.890455500958653090e+01
2.427400000000347063e+03,5.890488614944508328e+01
2.427500000000347427e+03,5.890521376003072618e+01
2.427600000000347336e+03,5.890553789746659419e+01
2.427700000000347245e+03,5.890585861669215006e+01
2.427800000000347609e+03,5.890617597149418572e+01
2.427900000000347518e+03,5.890649001453693501e+01
2.428000000000347427e+03,5.890680079739134811e+01
2.428100000000347336e+03,5.890716711471175415e+01
2.428200000000347245e+03,5.890752972104832708e+01
2.428300000000347609e+03,5.890788867250816452e+01
2.428400000000347518e+03,5.890824402407294258e+01
2.428500000000347427e+03,5.890859582962705332e+01
2.428600000000347791e+03,5.890894414198480433e+01
2.428700000000347700e+03,5.890928901291686515e+01
2.428800000000347609e+03,5.890963049317590361e+01
2.428900000000347518e+03,5.890996863252152593e+01
2.429000000000347427e+03,5.891030347974443515e+01
2.429100000000347791e+03,5.891064689130568865e+01
2.429200000000347700e+03,5.891098706428644505e+01
2.429300000000347609e+03,5.891132404428439884e+01
2.429400000000347973e+03,5.891165787604523274e+01
2.429500000000347882e+03,5.891198860348242761e+01
2.429600000000347791e+03,5.891231626969655366e+01
2.429700000000347700e+03,5.891264091699399330e+01
2.429800000000347609e+03,5.891296258690510257e+01
2.429900000000347973e+03,5.891328132020196762e+01
2.430000000000347882e+03,5.891359715691574195e+01
2.430100000000347791e+03,5.891394424453940815e+01
2.430200000000348155e+03,5.891428829843265902e+01
2.430300000000348064e+03,5.891462935819706104e+01
2.430400000000347973e+03,5.891496746274786744e+01
2.430500000000347882e+03,5.891530265032891833e+01
2.430600000000347791e+03,5.891563495852693677e+01
2.430700000000348155e+03,5.891596442428566149e+01
2.430800000000348064e+03,5.891629108391951775e+01
2.430900000000347973e+03,5.891661497312695417e+01
2.431000000000348336e+03,5.891693612700361626e+01
2.431100000000348246e+03,5.891729600856043447e+01
2.431200000000348155e+03,5.891765299109250975e+01
2.431300000000348064e+03,5.891800710948895414e+01
2.431400000000347973e+03,5.891835839808126707e+01
2.431500000000348336e+03,5.891870689065442690e+01
2.431600000000348246e+03,5.891905262045774094e+01
2.431700000000348155e+03,5.891939562021539700e+01
2.431800000000348518e+03,5.891973592213683730e+01
2.431900000000348427e+03,5.892007355792678425e+01
2.432000000000348336e+03,5.892040855879511696e+01
2.432100000000348246e+03,5.892074639702762795e+01
2.432200000000348155e+03,5.892108174587585978e+01
2.432300000000348518e+03,5.892141463275363122e+01
2.432400000000348427e+03,5.892174508467365968e+01
2.432500000000348336e+03,5.892207312825497922e+01
2.432600000000348700e+03,5.892239878973003897e+01
2.432700000000348609e+03,5.892272209495161661e+01
2.432800000000348518e+03,5.892304306939981728e+01
2.432900000000348427e+03,5.892336173818862477e+01
2.433000000000348336e+03,5.892367812607265165e+01
2.433100000000348700e+03,5.892402625034210928e+01
2.433200000000348609e+03,5.892437204773418813e+01
2.433300000000348518e+03,5.892471554150061763e+01
2.433400000000348882e+03,5.892505675458431114e+01
2.433500000000348791e+03,5.892539570962459550e+01
2.433600000000348700e+03,5.892573242896208541e+01
2.433700000000348609e+03,5.892606693464367140e+01
2.433800000000348518e+03,5.892639924842732313e+01
2.433900000000348882e+03,5.892672939178677893e+01
2.434000000000348791e+03,5.892705738591630649e+01
2.434100000000348700e+03,5.892741014095117436e+01
2.434200000000349064e+03,5.892776078174116350e+01
2.434300000000348973e+03,5.892810932723713790e+01
2.434400000000348882e+03,5.892845579616414398e+01
2.434500000000348791e+03,5.892880020702476429e+01
2.434600000000348700e+03,5.892914257810246426e+01
2.434700000000349064e+03,5.892948292746472561e+01
2.434800000000348973e+03,5.892982127296632200e+01
2.434900000000348882e+03,5.893015763225234593e+01
2.435000000000349246e+03,5.893049202276145593e+01
2.435100000000349155e+03,5.893083822713963826e+01
2.435200000000349064e+03,5.893118259713191520e+01
2.435300000000348973e+03,5.893152514727917435e+01
2.435400000000348882e+03,5.893186589196903213e+01
2.435500000000349246e+03,5.893220484543783044e+01
2.435600000000349155e+03,5.893254202177264034e+01
2.435700000000349064e+03,5.893287743491319475e+01
2.435800000000349428e+03,5.893321109865381402e+01
2.435900000000349337e+03,5.893354302664531730e+01
2.436000000000349246e+03,5.893387323239689124e+01
2.436100000000349155e+03,5.893421545651873572e+01
2.436200000000349064e+03,5.893455610802810440e+01
2.436300000000349428e+03,5.893489519773998353e+01
2.436400000000349337e+03,5.893523273637048732e+01
2.436500000000349246e+03,5.893556873453785983e+01
2.436600000000349610e+03,5.893590320276366157e+01
2.436700000000349519e+03,5.893623615147387795e+01
2.436800000000349428e+03,5.893656759099995668e+01
2.436900000000349337e+03,5.893689753157991618e+01
2.437000000000349246e+03,5.893722598335936169e+01
2.437100000000349610e+03,5.893756427140120735e+01
2.437200000000349519e+03,5.893790124625270010e+01
2.437300000000349428e+03,5.893823691554548105e+01
2.437400000000349792e+03,5.893857128685215230e+01
2.437500000000349701e+03,5.893890436768690222e+01
2.437600000000349610e+03,5.893923616550599576e+01
2.437700000000349519e+03,5.893956668770837837e+01
2.437800000000349428e+03,5.893989594163622314e+01
2.437900000000349792e+03,5.894022393457544950e+01
2.438000000000349701e+03,5.894055067375634138e+01
2.438100000000349610e+03,5.894089377370403326e+01
2.438200000000349974e+03,5.894123579055728612e+01
2.438300000000349883e+03,5.894157672943671145e+01
2.438400000000349792e+03,5.894191659543062656e+01
2.438500000000349701e+03,5.894225539359538857e+01
2.438600000000349610e+03,5.894259312895566438e+01
2.438700000000349974e+03,5.894292980650459413e+01
2.438800000000349883e+03,5.894326543120416062e+01
2.438900000000349792e+03,5.894360000798529597e+01
2.439000000000350155e+03,5.894393354174823685e+01
2.439100000000350065e+03,5.894427306794594301e+01
2.439200000000349974e+03,5.894461177408693686e+01
2.439300000000349883e+03,5.894494966313866513e+01
2.439400000000349792e+03,5.894528673805426422e+01
2.439500000000350155e+03,5.894562300177264547e+01
2.439600000000350065e+03,5.894595845721862304e+01
2.439700000000349974e+03,5.894629310730292815e+01
2.439800000000350337e+03,5.894662695492237248e+01
2.439900000000350246e+03,5.894696000295984817e+01
2.440000000000350155e+03,5.894729225428454811e+01
2.440100000000350065e+03,5.894763998529162308e+01
2.440200000000349974e+03,5.894798714039844612e+01
2.440300000000350337e+03,5.894833372103456526e+01
2.440400000000350246e+03,5.894867972862472527e+01
2.440500000000350155e+03,5.894902516458896713e+01
2.440600000000350519e+03,5.894937003034269907e+01
2.440700000000350428e+03,5.894971432729660421e+01
2.440800000000350337e+03,5.895005805685672584e+01
2.440900000000350246e+03,5.895040122042452424e+01
2.441000000000350155e+03,5.895074381939677721e+01
2.441100000000350519e+03,5.895108288491974236e+01
2.441200000000350428e+03,5.895142165364951836e+01
2.441300000000350337e+03,5.895176012597561765e+01
2.441400000000350701e+03,5.895209830228687764e+01
2.441500000000350610e+03,5.895243618297145360e+01
2.441600000000350519e+03,5.895277376841682582e+01
2.441700000000350428e+03,5.895311105900978532e+01
2.441800000000350337e+03,5.895344805513645525e+01
2.441900000000350701e+03,5.895378475718229083e+01
2.442000000000350610e+03,5.895412116553207937e+01
2.442100000000350519e+03,5.895445797388668296e+01
2.442200000000350883e+03,5.895479475853520057e+01
2.442300000000350792e+03,5.895513151948013331e+01
2.442400000000350701e+03,5.895546825672399649e+01
2.442500000000350610e+03,5.895580497026927702e+01
2.442600000000350519e+03,5.895614166011846891e+01
2.442700000000350883e+03,5.895647832627408036e+01
2.442800000000350792e+03,5.895681496873861249e+01
2.442900000000350701e+03,5.895715158751457352e+01
2.443000000000351065e+03,5.895748818260442903e+01
2.443100000000350974e+03,5.895781650927897743e+01
2.443200000000350883e+03,5.895814508636454576e+01
2.443300000000350792e+03,5.895847391414775274e+01
2.443400000000350701e+03,5.895880299291562210e+01
2.443500000000351065e+03,5.895913232295558259e+01
2.443600000000350974e+03,5.895946190455556746e+01
2.443700000000350883e+03,5.895979173800389361e+01
2.443800000000351247e+03,5.896012182358938247e+01
2.443900000000351156e+03,5.896045216160124625e+01
2.444000000000351065e+03,5.896078275232915189e+01
2.444100000000350974e+03,5.896112137316234225e+01
2.444200000000350883e+03,5.896146054515689627e+01
2.444300000000351247e+03,5.896180026965956245e+01
2.444400000000351156e+03,5.896214054802149462e+01
2.444500000000351065e+03,5.896248138159823782e+01
2.444600000000351429e+03,5.896282277174978503e+01
2.444700000000351338e+03,5.896316471984054886e+01
2.444800000000351247e+03,5.896350722723944671e+01
2.444900000000351156e+03,5.896385029531982269e+01
2.445000000000351065e+03,5.896419392545954707e+01
2.445100000000351429e+03,5.896453262377041682e+01
2.445200000000351338e+03,5.896487217891995414e+01
2.445300000000351247e+03,5.896521259416374505e+01
2.445400000000351611e+03,5.896555387277386018e+01
2.445500000000351520e+03,5.896589601803899683e+01
2.445600000000351429e+03,5.896623903326456428e+01
2.445700000000351338e+03,5.896658292177280458e+01
2.445800000000351247e+03,5.896692768690292752e+01
2.445900000000351611e+03,5.896727333201116039e+01
2.446000000000351520e+03,5.896761986047082615e+01
2.446100000000351429e+03,5.896795065380386092e+01
2.446200000000351793e+03,5.896828259622609636e+01
2.446300000000351702e+03,5.896861569373539425e+01
2.446400000000351611e+03,5.896894995237145309e+01
2.446500000000351520e+03,5.896928537821614213e+01
2.446600000000351429e+03,5.896962197739385658e+01
2.446700000000351793e+03,5.896995975607195817e+01
2.446800000000351702e+03,5.897029872046103804e+01
2.446900000000351611e+03,5.897063887681545680e+01
2.447000000000351974e+03,5.897098023143349366e+01
2.447100000000351884e+03,5.897130304876594664e+01
2.447200000000351793e+03,5.897162730705039024e+01
2.447300000000351702e+03,5.897195301595632344e+01
2.447400000000351611e+03,5.897228018523997406e+01
2.447500000000351974e+03,5.897260882474520827e+01
2.447600000000351884e+03,5.897293894440458217e+01
2.447700000000351793e+03,5.897327055424035080e+01
2.447800000000352156e+03,5.897360366436542023e+01
2.447900000000352065e+03,5.897393828498442048e+01
2.448000000000351974e+03,5.897427442639472872e+01
2.448100000000351884e+03,5.897460415102562337e+01
2.448200000000351793e+03,5.897493569203263775e+01
2.448300000000352156e+03,5.897526906446626072e+01
2.448400000000352065e+03,5.897560428354363893e+01
2.448500000000351974e+03,5.897594136465103531e+01
2.448600000000352338e+03,5.897628032334605308e+01
2.448700000000352247e+03,5.897662117536016524e+01
2.448800000000352156e+03,5.897696393660103809e+01
2.448900000000352065e+03,5.897730862315504652e+01
2.449000000000351974e+03,5.897765525128976094e+01
2.449100000000352338e+03,5.897798915476981563e+01
2.449200000000352247e+03,5.897832526700084088e+01
2.449300000000352156e+03,5.897866360997169721e+01
2.449400000000352520e+03,5.897900420596408821e+01
2.449500000000352429e+03,5.897934707755744199e+01
2.449600000000352338e+03,5.897969224763394891e+01
2.449700000000352247e+03,5.898003973938356381e+01
2.449800000000352156e+03,5.898038957630931378e+01
2.449900000000352520e+03,5.898074178223251351e+01
2.450000000000352429e+03,5.898109638129805887e+01
2.450100000000352338e+03,5.898142443501075860e+01
2.450200000000352702e+03,5.898175504460650131e+01
2.450300000000352611e+03,5.898208824007162576e+01
2.450400000000352520e+03,5.898242405186337578e+01
2.450500000000352429e+03,5.898276251091919420e+01
2.450600000000352338e+03,5.898310364866624411e+01
2.450700000000352702e+03,5.898344749703112200e+01
2.450800000000352611e+03,5.898379408844979110e+01
2.450900000000352520e+03,5.898414345587779906e+01
2.451000000000352884e+03,5.898449563280062335e+01
2.451100000000352793e+03,5.898481813747473268e+01
2.451200000000352702e+03,5.898514355976939783e+01
2.451300000000352611e+03,5.898547193945697842e+01
2.451400000000352520e+03,5.898580331703608692e+01
2.451500000000352884e+03,5.898613773374816560e+01
2.451600000000352793e+03,5.898647523159458217e+01
2.451700000000352702e+03,5.898681585335426547e+01
2.451800000000353066e+03,5.898715964260176747e+01
2.451900000000352975e+03,5.898750664372580133e+01
2.452000000000352884e+03,5.898785690194828391e+01
2.452100000000352793e+03,5.898817218918682670e+01
2.452200000000352702e+03,5.898849075510428719e+01
2.452300000000353066e+03,5.898881265111054972e+01
2.452400000000352975e+03,5.898913792969593572e+01
2.452500000000352884e+03,5.898946664445982435e+01
2.452600000000353248e+03,5.898979885013996949e+01
2.452700000000353157e+03,5.899013460264298914e+01
2.452800000000353066e+03,5.899047395907567903e+01
2.452900000000352975e+03,5.899081697777742050e+01
2.453000000000352884e+03,5.899116371835345518e+01
2.453100000000353248e+03,5.899148533023009122e+01
2.453200000000353157e+03,5.899181075353550341e+01
2.453300000000353066e+03,5.899214005642753733e+01
2.453400000000353430e+03,5.899247330869891925e+01
2.453500000000353339e+03,5.899281058182649673e+01
2.453600000000353248e+03,5.899315194902242609e+01
2.453700000000353157e+03,5.899349748528710791e+01
2.453800000000353066e+03,5.899384726746414742e+01
2.453900000000353430e+03,5.899420137429731881e+01
2.454000000000353339e+03,5.899455988648950466e+01
2.454100000000353248e+03,5.899488351820465937e+01
2.454200000000353612e+03,5.899521149792467867e+01
2.454300000000353521e+03,5.899554391386561747e+01
2.454400000000353430e+03,5.899588085664613857e+01
2.454500000000353339e+03,5.899622241936990719e+01
2.454600000000353248e+03,5.899656869771138901e+01
2.454700000000353612e+03,5.899691979000519382e+01
2.454800000000353521e+03,5.899727579733910687e+01
2.454900000000353430e+03,5.899763682365122008e+01
2.455000000000353793e+03,5.899800297583084330e+01
2.455100000000353702e+03,5.899831417009652057e+01
2.455200000000353612e+03,5.899863008102482809e+01
2.455300000000353521e+03,5.899895081666785046e+01
2.455400000000353430e+03,5.899927648840343863e+01
2.455500000000353793e+03,5.899960721106427997e+01
2.455600000000353702e+03,5.899994310307280898e+01
2.455700000000353612e+03,5.900028428658259827e+01
2.455800000000353975e+03,5.900063088762652797e+01
2.455900000000353884e+03,5.900098303627195406e+01
2.456000000000353793e+03,5.900134086678325929e+01
2.456100000000353702e+03,5.900165618508499676e+01
2.456200000000353612e+03,5.900197688160924514e+01
2.456300000000353975e+03,5.900230309513995053e+01
2.456400000000353884e+03,5.900263496927755114e+01
2.456500000000353793e+03,5.900297265264975266e+01
2.456600000000354157e+03,5.900331629913347342e+01
2.456700000000354066e+03,5.900366606808858450e+01
2.456800000000353975e+03,5.900402212460441120e+01
2.456900000000353884e+03,5.900438463975949333e+01
2.457000000000353793e+03,5.900475379089436956e+01
2.457100000000354157e+03,5.900475379089437666e+01
2.457200000000354066e+03,5.900475379089436956e+01
2.457300000000353975e+03,5.900475379089437666e+01
2.457400000000354339e+03,5.900475379089436956e+01
2.457500000000354248e+03,5.900475379089437666e+01
2.457600000000354157e+03,5.900475379089436956e+01
2.457700000000354066e+03,5.900475379089439087e+01
2.457800000000353975e+03,5.900475379089438377e+01
2.457900000000354339e+03,5.900475379089431271e+01
