# wavelength (nm),transmission (I/F) 
9.200000000000000000e+02,2.315748377791318134e-08
9.201000000000000227e+02,2.232718377600846447e-08
9.202000000000000455e+02,2.145215394098046667e-08
9.203000000000000682e+02,2.053201377846564572e-08
9.204000000000000909e+02,1.956635880240518963e-08
9.205000000000001137e+02,1.855513545408961475e-08
9.206000000000001364e+02,1.749762768877021025e-08
9.207000000000001592e+02,1.639335123188605840e-08
9.208000000000001819e+02,1.524172737196843149e-08
9.209000000000002046e+02,1.404234913105904684e-08
9.210000000000002274e+02,1.279504856761488511e-08
9.211000000000002501e+02,1.211925106832904751e-08
9.212000000000002728e+02,1.145770476469594234e-08
9.213000000000002956e+02,1.081058195942945523e-08
9.214000000000003183e+02,1.017805567712789170e-08
9.215000000000003411e+02,9.560299666168576474e-09
9.216000000000003638e+02,8.957488400606009637e-09
9.217000000000003865e+02,8.369797082073672319e-09
9.218000000000004093e+02,7.797401641689374378e-09
9.219000000000004320e+02,7.240478741964149850e-09
9.220000000000004547e+02,6.699205778717425739e-09
9.221000000000004775e+02,6.739314133650377365e-09
9.222000000000005002e+02,6.772410382472140746e-09
9.223000000000005230e+02,6.798427071759322215e-09
9.224000000000005457e+02,6.817280760745289660e-09
9.225000000000005684e+02,6.828887640630900799e-09
9.226000000000005912e+02,6.833163533553255460e-09
9.227000000000006139e+02,6.830023891552479989e-09
9.228000000000006366e+02,6.819383795536284899e-09
9.229000000000006594e+02,6.801267758911273952e-09
9.230000000000006821e+02,6.775525394270463024e-09
9.231000000000007049e+02,6.863867345138925251e-09
9.232000000000007276e+02,6.948787513242064744e-09
9.233000000000007503e+02,7.030264089844607401e-09
9.234000000000007731e+02,7.108254447655210874e-09
9.235000000000007958e+02,7.182715779908070048e-09
9.236000000000008185e+02,7.253605099892177655e-09
9.237000000000008413e+02,7.320990829316321723e-09
9.238000000000008640e+02,7.384776483088423414e-09
9.239000000000008868e+02,7.444862720301756720e-09
9.240000000000009095e+02,7.501205570750623708e-09
9.241000000000009322e+02,7.555656585356131788e-09
9.242000000000009550e+02,7.609792069462710169e-09
9.243000000000009777e+02,7.663721527878271878e-09
9.244000000000010004e+02,7.717674384257820341e-09
9.245000000000010232e+02,7.771425092783886857e-09
9.246000000000010459e+02,7.825057387938873556e-09
9.247000000000010687e+02,7.878700308102587502e-09
9.248000000000010914e+02,7.932351175357424924e-09
9.249000000000011141e+02,7.986007298484434904e-09
9.250000000000011369e+02,8.039665972925411347e-09
9.251000000000011596e+02,8.060254522952080664e-09
9.252000000000011823e+02,8.080120011353732620e-09
9.253000000000012051e+02,8.098750979016779002e-09
9.254000000000012278e+02,8.116191615104530947e-09
9.255000000000012506e+02,8.132877440417328245e-09
9.256000000000012733e+02,8.148799314650094509e-09
9.257000000000012960e+02,8.163948066033511803e-09
9.258000000000013188e+02,8.178316034591811762e-09
9.259000000000013415e+02,8.191898767115696800e-09
9.260000000000013642e+02,8.204680696328648660e-09
9.261000000000013870e+02,8.197751258004480513e-09
9.262000000000014097e+02,8.187397091402939822e-09
9.263000000000014325e+02,8.173656627952382389e-09
9.264000000000014552e+02,8.156475318654399842e-09
9.265000000000014779e+02,8.135615689927806267e-09
9.266000000000015007e+02,8.111232311328792936e-09
9.267000000000015234e+02,8.083278847965477188e-09
9.268000000000015461e+02,8.051708789728593655e-09
9.269000000000015689e+02,8.016101504079869559e-09
9.270000000000015916e+02,7.976432104339885985e-09
9.271000000000016144e+02,7.934265479609262077e-09
9.272000000000016371e+02,7.886509520530239550e-09
9.273000000000016598e+02,7.833091791361811636e-09
9.274000000000016826e+02,7.773939601517651033e-09
9.275000000000017053e+02,7.708980005024144481e-09
9.276000000000017280e+02,7.638139799977497576e-09
9.277000000000017508e+02,7.561410942523812731e-09
9.278000000000017735e+02,7.478638189392797460e-09
9.279000000000017963e+02,7.389762415700269220e-09
9.280000000000018190e+02,7.294709266710440621e-09
9.281000000000018417e+02,7.230672564632357884e-09
9.282000000000018645e+02,7.160871432155341784e-09
9.283000000000018872e+02,7.085241787952132146e-09
9.284000000000019099e+02,7.003719348431696252e-09
9.285000000000019327e+02,6.916239627356029978e-09
9.286000000000019554e+02,6.822737935456457658e-09
9.287000000000019782e+02,6.722984651391267451e-09
9.288000000000020009e+02,6.616908991830706105e-09
9.289000000000020236e+02,6.504627742370673133e-09
9.290000000000020464e+02,6.386076356382945412e-09
9.291000000000020691e+02,6.340173836770769793e-09
9.292000000000020918e+02,6.289991178069295510e-09
9.293000000000021146e+02,6.235426720583957369e-09
9.294000000000021373e+02,6.176407041107278260e-09
9.295000000000021600e+02,6.112973262360788647e-09
9.296000000000021828e+02,6.045079791976451780e-09
9.297000000000022055e+02,5.972680910464528727e-09
9.298000000000022283e+02,5.895790795544800892e-09
9.299000000000022510e+02,5.814539036488375033e-09
9.300000000000022737e+02,5.728635057037277787e-09
9.301000000000022965e+02,5.735013169261154302e-09
9.302000000000023192e+02,5.738882789059593414e-09
9.303000000000023419e+02,5.740208442586841982e-09
9.304000000000023647e+02,5.738954539895878514e-09
9.305000000000023874e+02,5.735085374714328282e-09
9.306000000000024102e+02,5.728565124220116227e-09
9.307000000000024329e+02,5.719357848816737701e-09
9.308000000000024556e+02,5.707427491908357986e-09
9.309000000000024784e+02,5.692614223124270306e-09
9.310000000000025011e+02,5.675007874850914730e-09
9.311000000000025238e+02,5.729503578000767262e-09
9.312000000000025466e+02,5.782804824299123058e-09
9.313000000000025693e+02,5.834890967313279608e-09
9.314000000000025921e+02,5.885741298751824146e-09
9.315000000000026148e+02,5.935335048360601617e-09
9.316000000000026375e+02,5.983651383818662813e-09
9.317000000000026603e+02,6.030707770178990660e-09
9.318000000000026830e+02,6.076544979003247820e-09
9.319000000000027057e+02,6.121043901331423908e-09
9.320000000000027285e+02,6.164183362319579236e-09
9.321000000000027512e+02,6.275537677989317934e-09
9.322000000000027740e+02,6.386454092866758429e-09
9.323000000000027967e+02,6.496905235532106290e-09
9.324000000000028194e+02,6.606863614133619450e-09
9.325000000000028422e+02,6.716301616088838020e-09
9.326000000000028649e+02,6.825191507785268152e-09
9.327000000000028876e+02,6.933505434280571252e-09
9.328000000000029104e+02,7.041215419002244486e-09
9.329000000000029331e+02,7.148293363446747885e-09
9.330000000000029559e+02,7.254711046879790344e-09
9.331000000000029786e+02,7.414230571339243258e-09
9.332000000000030013e+02,7.572630647234539934e-09
9.333000000000030241e+02,7.730047593630089579e-09
9.334000000000030468e+02,7.887330282062959810e-09
9.335000000000030695e+02,8.043473510897424645e-09
9.336000000000030923e+02,8.198432247988213703e-09
9.337000000000031150e+02,8.352161302610147986e-09
9.338000000000031378e+02,8.504615325149268982e-09
9.339000000000031605e+02,8.655751310807309936e-09
9.340000000000031832e+02,8.805668920264505476e-09
9.341000000000032060e+02,9.057563330707439647e-09
9.342000000000032287e+02,9.307490459977975555e-09
9.343000000000032514e+02,9.555551663544615856e-09
9.344000000000032742e+02,9.801872742317686447e-09
9.345000000000032969e+02,1.004615058515415722e-08
9.346000000000033197e+02,1.028829915081436703e-08
9.347000000000033424e+02,1.052823201418945412e-08
9.348000000000033651e+02,1.076586236531329215e-08
9.349000000000033879e+02,1.100107171842559710e-08
9.350000000000034106e+02,1.123357964248269084e-08
9.351000000000034333e+02,1.165540917242349299e-08
9.352000000000034561e+02,1.207545674668950055e-08
9.353000000000034788e+02,1.249362190877922467e-08
9.354000000000035016e+02,1.290979761924127931e-08
9.355000000000035243e+02,1.332414558644739590e-08
9.356000000000035470e+02,1.373637571075161787e-08
9.357000000000035698e+02,1.414631373436986117e-08
9.358000000000035925e+02,1.455385100998765795e-08
9.359000000000036152e+02,1.495887852428472688e-08
9.360000000000036380e+02,1.536128689728687225e-08
9.361000000000036607e+02,1.617185435369473444e-08
9.362000000000036835e+02,1.698852276113936340e-08
9.363000000000037062e+02,1.781121835617370462e-08
9.364000000000037289e+02,1.863986705675508606e-08
9.365000000000037517e+02,1.947437318850048489e-08
9.366000000000037744e+02,2.031504088548700537e-08
9.367000000000037971e+02,2.116223884281747035e-08
9.368000000000038199e+02,2.201518061653427861e-08
9.369000000000038426e+02,2.287380075397646770e-08
9.370000000000038654e+02,2.373805120681118746e-08
9.371000000000038881e+02,2.537401633542290098e-08
9.372000000000039108e+02,2.703807454982796306e-08
9.373000000000039336e+02,2.873042780300299705e-08
9.374000000000039563e+02,3.045060809978905072e-08
9.375000000000039790e+02,3.219942937216764604e-08
9.376000000000040018e+02,3.397710018488948407e-08
9.377000000000040245e+02,3.578554417355599924e-08
9.378000000000040473e+02,3.762921989767928319e-08
9.379000000000040700e+02,3.950312780377315207e-08
9.380000000000040927e+02,4.140748925542346867e-08
9.381000000000041155e+02,4.497882288407024187e-08
9.382000000000041382e+02,4.864095798326776917e-08
9.383000000000041609e+02,5.239497725079929191e-08
9.384000000000041837e+02,5.624196813770149576e-08
9.385000000000042064e+02,6.018302286112052532e-08
9.386000000000042292e+02,6.421923841719271486e-08
9.387000000000042519e+02,6.835171659394956544e-08
9.388000000000042746e+02,7.258151407390699123e-08
9.389000000000042974e+02,7.690421179153392850e-08
9.390000000000043201e+02,8.132388427957781926e-08
9.391000000000043428e+02,8.933997439104378767e-08
9.392000000000043656e+02,9.755193436158250756e-08
9.393000000000043883e+02,1.059619274389357218e-07
9.394000000000044110e+02,1.145721243415690155e-07
9.395000000000044338e+02,1.233847032735292236e-07
9.396000000000044565e+02,1.324018499393214268e-07
9.397000000000044793e+02,1.416257575588036949e-07
9.398000000000045020e+02,1.510555762848349687e-07
9.399000000000045247e+02,1.606957907689039560e-07
9.400000000000045475e+02,1.705402534396360483e-07
9.401000000000045702e+02,1.894657885098226815e-07
9.402000000000045929e+02,2.088101746333710015e-07
9.403000000000046157e+02,2.285770269282891464e-07
9.404000000000046384e+02,2.487699722299204508e-07
9.405000000000046612e+02,2.693926491139828211e-07
9.406000000000046839e+02,2.904096863227599891e-07
9.407000000000047066e+02,3.118518020414569178e-07
9.408000000000047294e+02,3.337278239016322167e-07
9.409000000000047521e+02,3.560412339111134016e-07
9.410000000000047748e+02,3.787955237443126689e-07
9.411000000000047976e+02,4.245390287618550325e-07
9.412000000000048203e+02,4.709669829104351621e-07
9.413000000000048431e+02,5.180921041186808681e-07
9.414000000000048658e+02,5.659052233120328019e-07
9.415000000000048885e+02,6.144137133412564220e-07
9.416000000000049113e+02,6.636209400684410342e-07
9.417000000000049340e+02,7.135281256640030888e-07
9.418000000000049567e+02,7.641364928295443031e-07
9.419000000000049795e+02,8.154472647962425101e-07
9.420000000000050022e+02,8.674616653262844149e-07
9.421000000000050250e+02,9.813726650427746194e-07
9.422000000000050477e+02,1.096595741330709954e-06
9.423000000000050704e+02,1.213126368060080488e-06
9.424000000000050932e+02,1.330955701208594963e-06
9.425000000000051159e+02,1.450066915201632216e-06
9.426000000000051386e+02,1.570447409516920870e-06
9.427000000000051614e+02,1.692084324611059902e-06
9.428000000000051841e+02,1.814963688149945139e-06
9.429000000000052069e+02,1.939071477509930321e-06
9.430000000000052296e+02,2.064462575547900478e-06
9.431000000000052523e+02,2.349844815324924353e-06
9.432000000000052751e+02,2.637628966662773420e-06
9.433000000000052978e+02,2.927767405159525925e-06
9.434000000000053205e+02,3.220212338091971015e-06
9.435000000000053433e+02,3.514915804124530523e-06
9.436000000000053660e+02,3.811829673017845752e-06
9.437000000000053888e+02,4.110905645337075002e-06
9.438000000000054115e+02,4.412165089645066168e-06
9.439000000000054342e+02,4.715530970781339088e-06
9.440000000000054570e+02,5.020926857660776314e-06
9.441000000000054797e+02,5.747433461612460259e-06
9.442000000000055024e+02,6.483122174818753898e-06
9.443000000000055252e+02,7.227901854256352853e-06
9.444000000000055479e+02,7.981684181013283449e-06
9.445000000000055707e+02,8.744250087445765664e-06
9.446000000000055934e+02,9.515927280053907385e-06
9.447000000000056161e+02,1.029658807544623883e-05
9.448000000000056389e+02,1.108593941627979856e-05
9.449000000000056616e+02,1.188388789206274944e-05
9.450000000000056843e+02,1.269033976783938955e-05
9.451000000000057071e+02,1.455997463574036178e-05
9.452000000000057298e+02,1.646265957436492217e-05
9.453000000000057526e+02,1.839849326294056955e-05
9.454000000000057753e+02,2.036872166159237082e-05
9.455000000000057980e+02,2.237328205665561014e-05
9.456000000000058208e+02,2.441165777817769431e-05
9.457000000000058435e+02,2.648395730251799151e-05
9.458000000000058662e+02,2.859028932081432466e-05
9.459000000000058890e+02,3.073076273929023776e-05
9.460000000000059117e+02,3.290548667971571737e-05
9.461000000000059345e+02,3.774148944900935419e-05
9.462000000000059572e+02,4.270114070145051427e-05
9.463000000000059799e+02,4.778562099292271731e-05
9.464000000000060027e+02,5.299574951080180145e-05
9.465000000000060254e+02,5.833267250619712292e-05
9.466000000000060481e+02,6.379753962389630713e-05
9.467000000000060709e+02,6.939150390824970851e-05
9.468000000000060936e+02,7.511386769921607801e-05
9.469000000000061164e+02,8.096734635979686736e-05
9.470000000000061391e+02,8.695310218879271193e-05
9.471000000000061618e+02,9.804552665086036011e-05
9.472000000000061846e+02,1.094432129022854033e-04
9.473000000000062073e+02,1.211497776811223275e-04
9.474000000000062300e+02,1.331688510785110477e-04
9.475000000000062528e+02,1.455040765687817459e-04
9.476000000000062755e+02,1.581591110396083635e-04
9.477000000000062983e+02,1.711376248222094864e-04
9.478000000000063210e+02,1.844433017215975855e-04
9.479000000000063437e+02,1.980447805011981263e-04
9.480000000000063665e+02,2.119610579544537756e-04
9.481000000000063892e+02,2.295958342497542658e-04
9.482000000000064119e+02,2.477029598864461334e-04
9.483000000000064347e+02,2.662875006164405344e-04
9.484000000000064574e+02,2.853545330659145764e-04
9.485000000000064801e+02,3.049091447479865638e-04
9.486000000000065029e+02,3.249564340753969887e-04
9.487000000000065256e+02,3.455015103732007983e-04
9.488000000000065484e+02,3.665494938914662750e-04
9.489000000000065711e+02,3.881055158179851387e-04
9.490000000000065938e+02,4.101747182905058709e-04
9.491000000000066166e+02,4.253288949918150250e-04
9.492000000000066393e+02,4.407649894479152126e-04
9.493000000000066620e+02,4.564851752778651566e-04
9.494000000000066848e+02,4.724916323190775911e-04
9.495000000000067075e+02,4.887865466384309779e-04
9.496000000000067303e+02,5.053721105433905481e-04
9.497000000000067530e+02,5.222505225931502139e-04
9.498000000000067757e+02,5.394239876097801185e-04
9.499000000000067985e+02,5.568943247571651141e-04
9.500000000000068212e+02,5.746639718526269083e-04
9.501000000000068439e+02,5.833743458687801241e-04
9.502000000000068667e+02,5.921833911070730838e-04
9.503000000000068894e+02,6.010398983581075657e-04
9.504000000000069122e+02,6.099518781777957428e-04
9.505000000000069349e+02,6.189193668475515778e-04
9.506000000000069576e+02,6.290740891367599050e-04
9.507000000000069804e+02,6.384066701397250699e-04
9.508000000000070031e+02,6.478018719348602921e-04
9.509000000000070258e+02,6.571888220021129259e-04
9.510000000000070486e+02,6.665504063139967910e-04
9.511000000000070713e+02,6.714077938601351308e-04
9.512000000000070941e+02,6.762288927379425619e-04
9.513000000000071168e+02,6.810282651685109273e-04
9.514000000000071395e+02,6.857934174458339477e-04
9.515000000000071623e+02,6.905220984551961984e-04
9.516000000000071850e+02,6.952141676609083654e-04
9.517000000000072077e+02,6.998696432183788320e-04
9.518000000000072305e+02,7.044687940828650878e-04
9.519000000000072532e+02,7.089870288246583789e-04
9.520000000000072760e+02,7.134648718287485425e-04
9.521000000000072987e+02,7.181345485077527194e-04
9.522000000000073214e+02,7.227220095436618372e-04
9.523000000000073442e+02,7.272269629233066085e-04
9.524000000000073669e+02,7.316598284095641004e-04
9.525000000000073896e+02,7.360171099632287868e-04
9.526000000000074124e+02,7.402728204297860009e-04
9.527000000000074351e+02,7.457664942974211652e-04
9.528000000000074579e+02,7.497027844076856011e-04
9.529000000000074806e+02,7.535529867055553669e-04
9.530000000000075033e+02,7.573168588541714409e-04
9.531000000000075261e+02,7.606824916508595023e-04
9.532000000000075488e+02,7.639567203993431407e-04
9.533000000000075715e+02,7.671393540837681806e-04
9.534000000000075943e+02,7.702425474046723473e-04
9.535000000000076170e+02,7.733114507271335097e-04
9.536000000000076398e+02,7.763281321970266118e-04
9.537000000000076625e+02,7.792532358552353407e-04
9.538000000000076852e+02,7.820865302408990189e-04
9.539000000000077080e+02,7.849297851899946941e-04
9.540000000000077307e+02,7.879406903195776456e-04
9.541000000000077534e+02,7.939826724211152507e-04
9.542000000000077762e+02,7.999533716533205894e-04
9.543000000000077989e+02,8.058635111536226626e-04
9.544000000000078217e+02,8.116985826409105816e-04
9.545000000000078444e+02,8.174583480006481200e-04
9.546000000000078671e+02,8.231452191215818349e-04
9.547000000000078899e+02,8.288352367351911176e-04
9.548000000000079126e+02,8.344503028454248799e-04
9.549000000000079353e+02,8.399847423992334514e-04
9.550000000000079581e+02,8.454280006213588236e-04
9.551000000000079808e+02,8.540254246127494848e-04
9.552000000000080036e+02,8.631145090095502246e-04
9.553000000000080263e+02,8.718707297143814348e-04
9.554000000000080490e+02,8.802524999506895591e-04
9.555000000000080718e+02,8.886259135362983494e-04
9.556000000000080945e+02,8.968784705451585430e-04
9.557000000000081172e+02,9.050856538691927572e-04
9.558000000000081400e+02,9.133178616741351175e-04
9.559000000000081627e+02,9.215687783949100481e-04
9.560000000000081855e+02,9.298095178317089104e-04
9.561000000000082082e+02,9.438017786848680764e-04
9.562000000000082309e+02,9.578757975379291034e-04
9.563000000000082537e+02,9.720318059856571666e-04
9.564000000000082764e+02,9.862700360817274782e-04
9.565000000000082991e+02,1.000590720339440860e-03
9.566000000000083219e+02,1.014995994381853207e-03
9.567000000000083446e+02,1.029505395810106482e-03
9.568000000000083674e+02,1.044098603093760076e-03
9.569000000000083901e+02,1.058837098318252167e-03
9.570000000000084128e+02,1.073730999606330389e-03
9.571000000000084356e+02,1.091477521470454477e-03
9.572000000000084583e+02,1.109377119508232019e-03
9.573000000000084810e+02,1.127427914538232543e-03
9.574000000000085038e+02,1.145631946371291699e-03
9.575000000000085265e+02,1.163990564740416487e-03
9.576000000000085493e+02,1.182504309486120562e-03
9.577000000000085720e+02,1.201180545075785982e-03
9.578000000000085947e+02,1.220028945651501721e-03
9.579000000000086175e+02,1.239034805575690108e-03
9.580000000000086402e+02,1.258222268671231560e-03
9.581000000000086629e+02,1.280676284687042726e-03
9.582000000000086857e+02,1.303338592954871858e-03
9.583000000000087084e+02,1.326180700696439176e-03
9.584000000000087311e+02,1.349231943490302160e-03
9.585000000000087539e+02,1.374808498402998059e-03
9.586000000000087766e+02,1.397888606574221315e-03
9.587000000000087994e+02,1.421166191438905275e-03
9.588000000000088221e+02,1.444641902363701970e-03
9.589000000000088448e+02,1.468786434188898080e-03
9.590000000000088676e+02,1.493323375627342124e-03
9.591000000000088903e+02,1.514627241538395782e-03
9.592000000000089130e+02,1.536309102634605484e-03
9.593000000000089358e+02,1.558158534162394897e-03
9.594000000000089585e+02,1.580153124297026821e-03
9.595000000000089813e+02,1.602293344438725665e-03
9.596000000000090040e+02,1.624579666993621919e-03
9.597000000000090267e+02,1.647012565375285866e-03
9.598000000000090495e+02,1.669592514006269530e-03
9.599000000000090722e+02,1.692319988319645812e-03
9.600000000000090949e+02,1.715195464760287418e-03
9.601000000000091177e+02,1.735182299631960129e-03
9.602000000000091404e+02,1.755202985292064928e-03
9.603000000000091632e+02,1.775304926512042769e-03
9.604000000000091859e+02,1.795410080111907447e-03
9.605000000000092086e+02,1.815536248636196674e-03
9.606000000000092314e+02,1.835646563864439754e-03
9.607000000000092541e+02,1.855678786200442134e-03
9.608000000000092768e+02,1.875727684810988291e-03
9.609000000000092996e+02,1.900792626487280779e-03
9.610000000000093223e+02,1.920806230163243228e-03
9.611000000000093451e+02,1.933784209298684094e-03
9.612000000000093678e+02,1.946633435887152241e-03
9.613000000000093905e+02,1.959353288727414856e-03
9.614000000000094133e+02,1.971943145144748090e-03
9.615000000000094360e+02,1.984326756360171775e-03
9.616000000000094587e+02,1.996564981529442076e-03
9.617000000000094815e+02,2.008670256957100723e-03
9.618000000000095042e+02,2.020641972019964622e-03
9.619000000000095270e+02,2.032467196717380707e-03
9.620000000000095497e+02,2.044135076366982492e-03
9.621000000000095724e+02,2.051279900085065545e-03
9.622000000000095952e+02,2.058119194586588777e-03
9.623000000000096179e+02,2.064651601150446509e-03
9.624000000000096406e+02,2.070875757777623869e-03
9.625000000000096634e+02,2.076783240567179906e-03
9.626000000000096861e+02,2.082286426669669246e-03
9.627000000000097089e+02,2.087476817673933772e-03
9.628000000000097316e+02,2.092353084201786090e-03
9.629000000000097543e+02,2.096913893772337119e-03
9.630000000000097771e+02,2.101150346265867955e-03
9.631000000000097998e+02,2.101551495997815849e-03
9.632000000000098225e+02,2.101542735541663681e-03
9.633000000000098453e+02,2.101132814434801196e-03
9.634000000000098680e+02,2.100680961106493171e-03
9.635000000000098908e+02,2.100647689250184462e-03
9.636000000000099135e+02,2.099064053286245086e-03
9.637000000000099362e+02,2.096863872486413437e-03
9.638000000000099590e+02,2.094221862131861404e-03
9.639000000000099817e+02,2.091477803070951325e-03
9.640000000000100044e+02,2.088429927018855495e-03
9.641000000000100272e+02,2.088243784072313196e-03
9.642000000000100499e+02,2.087641319213389551e-03
9.643000000000100727e+02,2.086620350555629198e-03
9.644000000000100954e+02,2.085178689393302892e-03
9.645000000000101181e+02,2.083314140185677475e-03
9.646000000000101409e+02,2.081024500541220346e-03
9.647000000000101636e+02,2.078272155475980112e-03
9.648000000000101863e+02,2.074948798594379931e-03
9.649000000000102091e+02,2.071072937827992538e-03
9.650000000000102318e+02,2.066764489263673427e-03
9.651000000000102546e+02,2.068763977117232984e-03
9.652000000000102773e+02,2.070479965149154243e-03
9.653000000000103000e+02,2.071911554731643932e-03
9.654000000000103228e+02,2.073057845692552557e-03
9.655000000000103455e+02,2.073917936313605416e-03
9.656000000000103682e+02,2.074490923328672215e-03
9.657000000000103910e+02,2.074775901921976397e-03
9.658000000000104137e+02,2.074771965726360419e-03
9.659000000000104365e+02,2.074421362147084360e-03
9.660000000000104592e+02,2.073589413539711837e-03
9.661000000000104819e+02,2.086283652986100062e-03
9.662000000000105047e+02,2.098911158999079707e-03
9.663000000000105274e+02,2.117178799993939091e-03
9.664000000000105501e+02,2.129707907425510815e-03
9.665000000000105729e+02,2.142169926422622835e-03
9.666000000000105956e+02,2.154565611169011446e-03
9.667000000000106184e+02,2.166893206844768341e-03
9.668000000000106411e+02,2.179152467310631336e-03
9.669000000000106638e+02,2.191343145981830901e-03
9.670000000000106866e+02,2.203464995829213825e-03
9.671000000000107093e+02,2.231195218812378426e-03
9.672000000000107320e+02,2.259049423483789655e-03
9.673000000000107548e+02,2.287092146980224550e-03
9.674000000000107775e+02,2.315325304100669581e-03
9.675000000000108002e+02,2.343749393878713071e-03
9.676000000000108230e+02,2.372364916238278894e-03
9.677000000000108457e+02,2.401172371994851184e-03
9.678000000000108685e+02,2.430172262856725076e-03
9.679000000000108912e+02,2.459335310743398454e-03
9.680000000000109139e+02,2.488665773334670754e-03
9.681000000000109367e+02,2.531289957661815235e-03
9.682000000000109594e+02,2.574060026761915143e-03
9.683000000000109821e+02,2.617090850656588873e-03
9.684000000000110049e+02,2.660500926494609435e-03
9.685000000000110276e+02,2.704292352906970641e-03
9.686000000000110504e+02,2.748466556303147835e-03
9.687000000000110731e+02,2.793024370296966988e-03
9.688000000000110958e+02,2.842424115752576006e-03
9.689000000000111186e+02,2.887849968148972941e-03
9.690000000000111413e+02,2.933663404155760924e-03
9.691000000000111640e+02,2.988267140078275114e-03
9.692000000000111868e+02,3.043387095648013210e-03
9.693000000000112095e+02,3.098795642609662639e-03
9.694000000000112323e+02,3.154348141689894153e-03
9.695000000000112550e+02,3.210399410155732360e-03
9.696000000000112777e+02,3.266950483863054026e-03
9.697000000000113005e+02,3.324002400036963137e-03
9.698000000000113232e+02,3.381556197273154814e-03
9.699000000000113459e+02,3.439612915539301801e-03
9.700000000000113687e+02,3.498173596176087051e-03
9.701000000000113914e+02,3.554267200587021662e-03
9.702000000000114142e+02,3.610787962300778843e-03
9.703000000000114369e+02,3.667733023626716746e-03
9.704000000000114596e+02,3.725002465135634697e-03
9.705000000000114824e+02,3.781817436719512801e-03
9.706000000000115051e+02,3.839033010066064244e-03
9.707000000000115278e+02,3.896649373418372905e-03
9.708000000000115506e+02,3.954666715004984817e-03
9.709000000000115733e+02,4.013085223039828363e-03
9.710000000000115961e+02,4.071905085721287502e-03
9.711000000000116188e+02,4.122911285184901672e-03
9.712000000000116415e+02,4.173714905930299771e-03
9.713000000000116643e+02,4.224737315775942831e-03
9.714000000000116870e+02,4.276038731187242932e-03
9.715000000000117097e+02,4.327632976243840635e-03
9.716000000000117325e+02,4.379261247007455032e-03
9.717000000000117552e+02,4.431121546111132549e-03
9.718000000000117780e+02,4.483266807333178249e-03
9.719000000000118007e+02,4.535696856176382914e-03
9.720000000000118234e+02,4.588411518124987064e-03
9.721000000000118462e+02,4.625901109064206422e-03
9.722000000000118689e+02,4.663544104874515692e-03
9.723000000000118916e+02,4.701337426892266205e-03
9.724000000000119144e+02,4.739281043675204648e-03
9.725000000000119371e+02,4.777374923706386584e-03
9.726000000000119599e+02,4.815619035394155638e-03
9.727000000000119826e+02,4.853760210078417701e-03
9.728000000000120053e+02,4.891836747635838756e-03
9.729000000000120281e+02,4.930055984169854147e-03
9.730000000000120508e+02,4.968417843486784037e-03
9.731000000000120735e+02,4.992874087602647802e-03
9.732000000000120963e+02,5.017366644248454598e-03
9.733000000000121190e+02,5.041895484012336517e-03
9.734000000000121418e+02,5.066460577479258917e-03
9.735000000000121645e+02,5.091061895231022150e-03
9.736000000000121872e+02,5.115699407846301464e-03
9.737000000000122100e+02,5.140373085900623584e-03
9.738000000000122327e+02,5.164984142113178932e-03
9.739000000000122554e+02,5.189357017124310127e-03
9.740000000000122782e+02,5.213697844872650783e-03
9.741000000000123009e+02,5.224199832724481934e-03
9.742000000000123237e+02,5.234726490246492149e-03
9.743000000000123464e+02,5.245229661911003129e-03
9.744000000000123691e+02,5.255705914630096759e-03
9.745000000000123919e+02,5.266155248347514223e-03
9.746000000000124146e+02,5.276577663021547564e-03
9.747000000000124373e+02,5.286973158625099534e-03
9.748000000000124601e+02,5.297341735145641092e-03
9.749000000000124828e+02,5.307683392585217479e-03
9.750000000000125056e+02,5.317496689263015268e-03
9.751000000000125283e+02,5.321640498838795669e-03
9.752000000000125510e+02,5.325729700343315859e-03
9.753000000000125738e+02,5.329764351472436081e-03
9.754000000000125965e+02,5.333744509922514442e-03
9.755000000000126192e+02,5.337670233390383497e-03
9.756000000000126420e+02,5.341541579573302542e-03
9.757000000000126647e+02,5.345358606168882157e-03
9.758000000000126875e+02,5.349125337012978001e-03
9.759000000000127102e+02,5.352839024243749230e-03
9.760000000000127329e+02,5.356498571886494225e-03
9.761000000000127557e+02,5.359107624806788012e-03
9.762000000000127784e+02,5.361578123544714046e-03
9.763000000000128011e+02,5.364022858991369762e-03
9.764000000000128239e+02,5.366441848788988320e-03
9.765000000000128466e+02,5.368835110591972833e-03
9.766000000000128694e+02,5.371202662066892029e-03
9.767000000000128921e+02,5.373544520892436886e-03
9.768000000000129148e+02,5.375860704759449250e-03
9.769000000000129376e+02,5.378151231370888012e-03
9.770000000000129603e+02,5.380408206193328623e-03
9.771000000000129830e+02,5.389464811971300152e-03
9.772000000000130058e+02,5.398516557698007472e-03
9.773000000000130285e+02,5.407563436128502016e-03
9.774000000000130512e+02,5.416605440027271248e-03
9.775000000000130740e+02,5.425642562168269886e-03
9.776000000000130967e+02,5.434670465499520826e-03
9.777000000000131195e+02,5.443682164051515462e-03
9.778000000000131422e+02,5.452688907615856409e-03
9.779000000000131649e+02,5.461690689047594104e-03
9.780000000000131877e+02,5.470687501212217682e-03
9.781000000000132104e+02,5.486448089932178564e-03
9.782000000000132331e+02,5.502215874599849545e-03
9.783000000000132559e+02,5.518005066709736998e-03
9.784000000000132786e+02,5.533797188944185839e-03
9.785000000000133014e+02,5.549596499951902316e-03
9.786000000000133241e+02,5.565402960950516752e-03
9.787000000000133468e+02,5.581216533178798810e-03
9.788000000000133696e+02,5.597037177896699127e-03
9.789000000000133923e+02,5.612864856385370131e-03
9.790000000000134150e+02,5.628699529948202537e-03
9.791000000000134378e+02,5.652288751497572608e-03
9.792000000000134605e+02,5.675884491179157207e-03
9.793000000000134833e+02,5.699486678517333600e-03
9.794000000000135060e+02,5.723095243123639368e-03
9.795000000000135287e+02,5.746600907274318319e-03
9.796000000000135515e+02,5.770101845457024405e-03
9.797000000000135742e+02,5.793607914661547988e-03
9.798000000000135969e+02,5.817119043763867466e-03
9.799000000000136197e+02,5.840635161731853008e-03
9.800000000000136424e+02,5.862017795274627151e-03
9.801000000000136652e+02,5.884689398600843543e-03
9.802000000000136879e+02,5.907336477679810648e-03
9.803000000000137106e+02,5.929959023762193006e-03
9.804000000000137334e+02,5.952557028144764978e-03
9.805000000000137561e+02,5.975130482170401200e-03
9.806000000000137788e+02,5.997933840858035541e-03
9.807000000000138016e+02,6.020895565315331072e-03
9.808000000000138243e+02,6.043711560319861911e-03
9.809000000000138471e+02,6.066495465833127154e-03
9.810000000000138698e+02,6.089257184726065870e-03
9.811000000000138925e+02,6.108877582073466220e-03
9.812000000000139153e+02,6.128479991351918135e-03
9.813000000000139380e+02,6.148062736095233523e-03
9.814000000000139607e+02,6.167623231644605956e-03
9.815000000000139835e+02,6.187165671843277738e-03
9.816000000000140062e+02,6.206444479921553216e-03
9.817000000000140290e+02,6.225580402614013832e-03
9.818000000000140517e+02,6.244471808172396762e-03
9.819000000000140744e+02,6.263289807225406319e-03
9.820000000000140972e+02,6.281989821373874273e-03
9.821000000000141199e+02,6.289506462324821918e-03
9.822000000000141426e+02,6.297006244250895508e-03
9.823000000000141654e+02,6.304489179911601168e-03
9.824000000000141881e+02,6.311596520828981552e-03
9.825000000000142109e+02,6.318622143672522964e-03
9.826000000000142336e+02,6.325629850425285895e-03
9.827000000000142563e+02,6.332619656790630831e-03
9.828000000000142791e+02,6.339603028315672802e-03
9.829000000000143018e+02,6.347019083465735810e-03
9.830000000000143245e+02,6.354418504667809844e-03
9.831000000000143473e+02,6.349631103770006155e-03
9.832000000000143700e+02,6.347153574633098393e-03
9.833000000000143928e+02,6.345216358584537808e-03
9.834000000000144155e+02,6.343278471118886895e-03
9.835000000000144382e+02,6.341339913125218324e-03
9.836000000000144610e+02,6.339400685492605630e-03
9.837000000000144837e+02,6.337460789110050362e-03
9.838000000000145064e+02,6.335520224866522838e-03
9.839000000000145292e+02,6.333578993650950013e-03
9.840000000000145519e+02,6.331866297642485542e-03
9.841000000000145747e+02,6.312455773887637803e-03
9.842000000000145974e+02,6.293070155616554799e-03
9.843000000000146201e+02,6.273709422572121101e-03
9.844000000000146429e+02,6.254373554507699877e-03
9.845000000000146656e+02,6.235062531187080849e-03
9.846000000000146883e+02,6.215776332384536675e-03
9.847000000000147111e+02,6.196514937884773505e-03
9.848000000000147338e+02,6.177278327482957007e-03
9.849000000000147566e+02,6.158066480984683740e-03
9.850000000000147793e+02,6.138877680613586373e-03
9.851000000000148020e+02,6.109233732510110232e-03
9.852000000000148248e+02,6.079788827198739226e-03
9.853000000000148475e+02,6.050382748732087597e-03
9.854000000000148702e+02,6.021015469132936712e-03
9.855000000000148930e+02,5.991686960431405820e-03
9.856000000000149157e+02,5.962397194664993683e-03
9.857000000000149385e+02,5.933146143878540411e-03
9.858000000000149612e+02,5.903933780124261295e-03
9.859000000000149839e+02,5.874760075461740727e-03
9.860000000000150067e+02,5.845625001956897444e-03
9.861000000000150294e+02,5.809647098892627842e-03
9.862000000000150521e+02,5.773790751596156838e-03
9.863000000000150749e+02,5.738231951755263030e-03
9.864000000000150976e+02,5.702739342131529776e-03
9.865000000000151203e+02,5.667312844385819816e-03
9.866000000000151431e+02,5.631952380242627280e-03
9.867000000000151658e+02,5.596657871490110653e-03
9.868000000000151886e+02,5.561429239979967000e-03
9.869000000000152113e+02,5.526270594435582148e-03
9.870000000000152340e+02,5.491178709996328428e-03
9.871000000000152568e+02,5.459879539521646924e-03
9.872000000000152795e+02,5.428615423748436863e-03
9.873000000000153022e+02,5.397389609458955358e-03
9.874000000000153250e+02,5.365728259649703812e-03
9.875000000000153477e+02,5.334060293233902281e-03
9.876000000000153705e+02,5.302436546006359698e-03
9.877000000000153932e+02,5.270856988788055753e-03
9.878000000000154159e+02,5.239321592398610977e-03
9.879000000000154387e+02,5.207830327656258994e-03
9.880000000000154614e+02,5.174841086707942378e-03
9.881000000000154841e+02,5.147976612081820412e-03
9.882000000000155069e+02,5.121172743683544658e-03
9.883000000000155296e+02,5.094429383928386623e-03
9.884000000000155524e+02,5.067746435352512430e-03
9.885000000000155751e+02,5.041046902941660225e-03
9.886000000000155978e+02,5.014362125016130767e-03
9.887000000000156206e+02,4.987734505767347018e-03
9.888000000000156433e+02,4.961158168740047343e-03
9.889000000000156660e+02,4.934643160835642389e-03
9.890000000000156888e+02,4.908189380978727166e-03
9.891000000000157115e+02,4.893858756083036519e-03
9.892000000000157343e+02,4.879550942604386765e-03
9.893000000000157570e+02,4.865265917815623543e-03
9.894000000000157797e+02,4.851003658999179444e-03
9.895000000000158025e+02,4.836764143447149465e-03
9.896000000000158252e+02,4.822574133828976158e-03
9.897000000000158479e+02,4.808507823330024876e-03
9.898000000000158707e+02,4.794463470409576419e-03
9.899000000000158934e+02,4.780441053899995435e-03
9.900000000000159162e+02,4.766440552643757406e-03
9.901000000000159389e+02,4.764640807881204317e-03
9.902000000000159616e+02,4.762840103139762311e-03
9.903000000000159844e+02,4.761038439952874901e-03
9.904000000000160071e+02,4.759235819854009883e-03
9.905000000000160298e+02,4.757432244376716586e-03
9.906000000000160526e+02,4.755627715054570361e-03
9.907000000000160753e+02,4.753836854644529625e-03
9.908000000000160981e+02,4.752263914998458572e-03
9.909000000000161208e+02,4.750689928783624442e-03
9.910000000000161435e+02,4.749114897344439666e-03
9.911000000000161663e+02,4.752689492017989764e-03
9.912000000000161890e+02,4.756983770941326621e-03
9.913000000000162117e+02,4.762316201176956115e-03
9.914000000000162345e+02,4.767639307408920099e-03
9.915000000000162572e+02,4.772953096715742971e-03
9.916000000000162800e+02,4.778257576174228284e-03
9.917000000000163027e+02,4.783552752859444000e-03
9.918000000000163254e+02,4.788838633844731164e-03
9.919000000000163482e+02,4.794299784437462165e-03
9.920000000000163709e+02,4.799803543337910310e-03
9.921000000000163936e+02,4.809623200484272262e-03
9.922000000000164164e+02,4.819439641427111960e-03
9.923000000000164391e+02,4.829256374387943043e-03
9.924000000000164619e+02,4.839076776772580600e-03
9.925000000000164846e+02,4.848897238422317929e-03
9.926000000000165073e+02,4.858714525215938537e-03
9.927000000000165301e+02,4.868528633640846828e-03
9.928000000000165528e+02,4.878377778927296508e-03
9.929000000000165755e+02,4.888295887413735344e-03
9.930000000000165983e+02,4.898211269369383974e-03
9.931000000000166210e+02,4.903208157784926663e-03
9.932000000000166438e+02,4.908199746703405079e-03
9.933000000000166665e+02,4.913186037229854558e-03
9.934000000000166892e+02,4.918167030471509195e-03
9.935000000000167120e+02,4.923142727537760215e-03
9.936000000000167347e+02,4.928181808480055701e-03
9.937000000000167574e+02,4.933369727357023518e-03
9.938000000000167802e+02,4.938552841496031409e-03
9.939000000000168029e+02,4.943731151430316891e-03
9.940000000000168257e+02,4.948904657694325714e-03
9.941000000000168484e+02,4.948532202023806816e-03
9.942000000000168711e+02,4.948158055374594910e-03
9.943000000000168939e+02,4.947782218878505126e-03
9.944000000000169166e+02,4.947525410293755060e-03
9.945000000000169393e+02,4.947593144208341578e-03
9.946000000000169621e+02,4.947659203565386854e-03
9.947000000000169848e+02,4.947723589042624798e-03
9.948000000000170076e+02,4.947786301318328819e-03
9.949000000000170303e+02,4.947847341071323103e-03
9.950000000000170530e+02,4.947906708978891399e-03
9.951000000000170758e+02,4.935996189523244107e-03
9.952000000000170985e+02,4.923677115206388268e-03
9.953000000000171212e+02,4.909999341560903653e-03
9.954000000000171440e+02,4.896333966419461059e-03
9.955000000000171667e+02,4.882654596022269027e-03
9.956000000000171894e+02,4.868986211559959282e-03
9.957000000000172122e+02,4.855330387751046264e-03
9.958000000000172349e+02,4.841687126414169831e-03
9.959000000000172577e+02,4.828056429343174569e-03
9.960000000000172804e+02,4.814438298306094981e-03
9.961000000000173031e+02,4.794654593953826850e-03
9.962000000000173259e+02,4.774862930839101488e-03
9.963000000000173486e+02,4.755069730893329155e-03
9.964000000000173713e+02,4.735352473994739256e-03
9.965000000000173941e+02,4.715672675656231230e-03
9.966000000000174168e+02,4.695990495709792371e-03
9.967000000000174396e+02,4.676305968397304579e-03
9.968000000000174623e+02,4.656635402890740849e-03
9.969000000000174850e+02,4.637051236207732734e-03
9.970000000000175078e+02,4.617463965806751017e-03
9.971000000000175305e+02,4.594457685805131142e-03
9.972000000000175532e+02,4.571431938068193368e-03
9.973000000000175760e+02,4.548386756481961890e-03
9.974000000000175987e+02,4.525305849424843263e-03
9.975000000000176215e+02,4.502424259539602146e-03
9.976000000000176442e+02,4.479933706649603595e-03
9.977000000000176669e+02,4.457417722416175468e-03
9.978000000000176897e+02,4.434876329754987127e-03
9.979000000000177124e+02,4.412309551598255462e-03
9.980000000000177351e+02,4.389717410894491620e-03
9.981000000000177579e+02,4.365814908159917039e-03
9.982000000000177806e+02,4.341908695694372128e-03
9.983000000000178034e+02,4.317998837424541145e-03
9.984000000000178261e+02,4.294092918361352464e-03
9.985000000000178488e+02,4.270272853091536085e-03
9.986000000000178716e+02,4.246469413677160347e-03
9.987000000000178943e+02,4.222849649925405034e-03
9.988000000000179170e+02,4.199223170813014966e-03
9.989000000000179398e+02,4.175590037648630598e-03
9.990000000000179625e+02,4.151950311644101756e-03
9.991000000000179853e+02,4.137519821524460531e-03
9.992000000000180080e+02,4.123117161283255776e-03
9.993000000000180307e+02,4.108728969823648332e-03
9.994000000000180535e+02,4.094318251406785583e-03
9.995000000000180762e+02,4.079885026988870449e-03
9.996000000000180989e+02,4.065429317532171308e-03
9.997000000000181217e+02,4.050951144004967357e-03
9.998000000000181444e+02,4.036446913342089417e-03
9.999000000000181672e+02,4.021912351021591885e-03
1.000000000000018190e+03,4.007355471142633359e-03
1.000100000000018213e+03,4.002795204497660089e-03
1.000200000000018235e+03,3.998229566588809569e-03
1.000300000000018258e+03,3.993658579911902977e-03
1.000400000000018281e+03,3.989082266925953260e-03
1.000500000000018304e+03,3.984500650053255343e-03
1.000600000000018326e+03,3.979913751679379184e-03
1.000700000000018349e+03,3.975321594153245243e-03
1.000800000000018372e+03,3.970724199787137483e-03
1.000900000000018395e+03,3.966121590856759756e-03
1.001000000000018417e+03,3.961489699836819901e-03
1.001100000000018440e+03,3.971628117591988714e-03
1.001200000000018463e+03,3.981766175883175510e-03
1.001300000000018485e+03,3.991903850114431745e-03
1.001400000000018508e+03,4.002041115730862846e-03
1.001500000000018531e+03,4.012177948218541464e-03
1.001600000000018554e+03,4.022314323104515289e-03
1.001700000000018576e+03,4.032195497353019582e-03
1.001800000000018599e+03,4.042053445687231357e-03
1.001900000000018622e+03,4.051909386735804211e-03
1.002000000000018645e+03,4.061789464216559835e-03
1.002100000000018667e+03,4.085744837241541381e-03
1.002200000000018690e+03,4.109711386220962596e-03
1.002300000000018713e+03,4.133689035796923872e-03
1.002400000000018736e+03,4.157677710708783739e-03
1.002500000000018758e+03,4.183283216418319343e-03
1.002600000000018781e+03,4.209130676624183061e-03
1.002700000000018804e+03,4.235011108960777364e-03
1.002800000000018827e+03,4.260924475692836819e-03
1.002900000000018849e+03,4.286870739100365028e-03
1.003000000000018872e+03,4.312849861480267874e-03
1.003100000000018895e+03,4.347810034916630047e-03
1.003200000000018917e+03,4.382711975668009997e-03
1.003300000000018940e+03,4.417743662480214800e-03
1.003400000000018963e+03,4.452838962741487855e-03
1.003500000000018986e+03,4.487979635980394663e-03
1.003600000000019008e+03,4.523162420700280878e-03
1.003700000000019031e+03,4.558393076400027791e-03
1.003800000000019054e+03,4.593671555084896142e-03
1.003900000000019077e+03,4.628997808780926058e-03
1.004000000000019099e+03,4.664371789535547673e-03
1.004100000000019122e+03,4.702969188343608491e-03
1.004200000000019145e+03,4.741610804989341947e-03
1.004300000000019168e+03,4.780400228736467021e-03
1.004400000000019190e+03,4.819302924706420077e-03
1.004500000000019213e+03,4.858274503914457136e-03
1.004600000000019236e+03,4.897312912432974681e-03
1.004700000000019259e+03,4.936421164839802263e-03
1.004800000000019281e+03,4.975601812571516652e-03
1.004900000000019304e+03,5.014761150461838693e-03
1.005000000000019327e+03,5.053959172342709777e-03
1.005100000000019349e+03,5.088434516585711893e-03
1.005200000000019372e+03,5.122967940950544884e-03
1.005300000000019395e+03,5.157559423809035537e-03
1.005400000000019418e+03,5.192317024106849442e-03
1.005500000000019440e+03,5.227285286471574678e-03
1.005600000000019463e+03,5.262315032679380084e-03
1.005700000000019486e+03,5.296520970915138092e-03
1.005800000000019509e+03,5.330446868941855071e-03
1.005900000000019531e+03,5.364418097323027379e-03
1.006000000000019554e+03,5.398434601804788860e-03
1.006100000000019577e+03,5.420422397969179573e-03
1.006200000000019600e+03,5.442430377364792897e-03
1.006300000000019622e+03,5.464458495260608728e-03
1.006400000000019645e+03,5.486506706954173522e-03
1.006500000000019668e+03,5.508681205640436618e-03
1.006600000000019691e+03,5.531034312043298096e-03
1.006700000000019713e+03,5.553409547068315598e-03
1.006800000000019736e+03,5.575806869656017330e-03
1.006900000000019759e+03,5.598226238768551355e-03
1.007000000000019782e+03,5.620667613386646361e-03
1.007100000000019804e+03,5.627937575225173440e-03
1.007200000000019827e+03,5.635207828057754026e-03
1.007300000000019850e+03,5.643070062100651041e-03
1.007400000000019872e+03,5.651249586711258252e-03
1.007500000000019895e+03,5.659432069283235230e-03
1.007600000000019918e+03,5.667617505506466341e-03
1.007700000000019941e+03,5.675805891072005158e-03
1.007800000000019963e+03,5.683997221672046699e-03
1.007900000000019986e+03,5.692191492999972534e-03
1.008000000000020009e+03,5.700388700746790265e-03
1.008100000000020032e+03,5.691137738692272907e-03
1.008200000000020054e+03,5.681918255584087959e-03
1.008300000000020077e+03,5.672679777623063947e-03
1.008400000000020100e+03,5.663422337193788937e-03
1.008500000000020123e+03,5.654145966657400137e-03
1.008600000000020145e+03,5.644850698351542261e-03
1.008700000000020168e+03,5.635536564590382276e-03
1.008800000000020191e+03,5.626284713155508231e-03
1.008900000000020214e+03,5.617076777140804326e-03
1.009000000000020236e+03,5.607849599059172747e-03
1.009100000000020259e+03,5.585429115335160087e-03
1.009200000000020282e+03,5.562973172373491051e-03
1.009300000000020304e+03,5.540484623397821246e-03
1.009400000000020327e+03,5.517963532603971204e-03
1.009500000000020350e+03,5.495409964136884623e-03
1.009600000000020373e+03,5.472823982090621424e-03
1.009700000000020395e+03,5.450205650508429742e-03
1.009800000000020418e+03,5.427555033382726844e-03
1.009900000000020441e+03,5.404952160649511249e-03
1.010000000000020464e+03,5.382504737833856273e-03
1.010100000000020486e+03,5.352349535002676011e-03
1.010200000000020509e+03,5.322158266455911599e-03
1.010300000000020532e+03,5.291930991814863990e-03
1.010400000000020555e+03,5.261667770661906940e-03
1.010500000000020577e+03,5.231308678072256815e-03
1.010600000000020600e+03,5.200854419911089821e-03
1.010700000000020623e+03,5.170365775333510619e-03
1.010800000000020646e+03,5.139842806516738312e-03
1.010900000000020668e+03,5.109285575594401003e-03
1.011000000000020691e+03,5.078694144657205402e-03
1.011100000000020714e+03,5.051231229610122359e-03
1.011200000000020736e+03,5.023699194678632983e-03
1.011300000000020759e+03,4.996151376699905534e-03
1.011400000000020782e+03,4.968595344661473970e-03
1.011500000000020805e+03,4.940969625914333301e-03
1.011600000000020827e+03,4.913274230753039533e-03
1.011700000000020850e+03,4.885500753168139053e-03
1.011800000000020873e+03,4.857611703866609489e-03
1.011900000000020896e+03,4.829653507769272533e-03
1.012000000000020918e+03,4.801626136072704130e-03
1.012100000000020941e+03,4.778415907224333251e-03
1.012200000000020964e+03,4.755154842829300427e-03
1.012300000000020987e+03,4.731835950602019183e-03
1.012400000000021009e+03,4.708490575390789773e-03
1.012500000000021032e+03,4.685118743783929680e-03
1.012600000000021055e+03,4.661720482363553020e-03
1.012700000000021078e+03,4.638295817705591351e-03
1.012800000000021100e+03,4.614844776379752045e-03
1.012900000000021123e+03,4.591731832678147725e-03
1.013000000000021146e+03,4.569174021729598655e-03
1.013100000000021168e+03,4.561089483853870974e-03
1.013200000000021191e+03,4.552982563048766154e-03
1.013300000000021214e+03,4.544904848188017869e-03
1.013400000000021237e+03,4.536865918938454145e-03
1.013500000000021259e+03,4.528804162793321347e-03
1.013600000000021282e+03,4.520719565139258607e-03
1.013700000000021305e+03,4.512612111360585730e-03
1.013800000000021328e+03,4.504481786839310137e-03
1.013900000000021350e+03,4.496328576955099104e-03
1.014000000000021373e+03,4.488152467088561866e-03
1.014100000000021396e+03,4.495163506575133340e-03
1.014200000000021419e+03,4.502183932354662972e-03
1.014300000000021441e+03,4.509218262097201314e-03
1.014400000000021464e+03,4.516267668568009139e-03
1.014500000000021487e+03,4.523292226041274178e-03
1.014600000000021510e+03,4.530251164422136392e-03
1.014700000000021532e+03,4.537216783314417835e-03
1.014800000000021555e+03,4.544189085952508693e-03
1.014900000000021578e+03,4.551168075571531205e-03
1.015000000000021600e+03,4.558153755410389307e-03
1.015100000000021623e+03,4.579253121124110017e-03
1.015200000000021646e+03,4.600374584603232966e-03
1.015300000000021669e+03,4.621518148617546895e-03
1.015400000000021691e+03,4.642683815936797173e-03
1.015500000000021714e+03,4.663871589330686671e-03
1.015600000000021737e+03,4.685081471568869685e-03
1.015700000000021760e+03,4.706313465420965819e-03
1.015800000000021782e+03,4.727567573656521818e-03
1.015900000000021805e+03,4.748843799045069682e-03
1.016000000000021828e+03,4.770142144357962001e-03
1.016100000000021851e+03,4.800098488342103772e-03
1.016200000000021873e+03,4.830064838004500226e-03
1.016300000000021896e+03,4.860041183830397793e-03
1.016400000000021919e+03,4.890027516306115832e-03
1.016500000000021942e+03,4.920023825918979840e-03
1.016600000000021964e+03,4.950030103157373497e-03
1.016700000000021987e+03,4.979968777751194592e-03
1.016800000000022010e+03,5.009867634935653846e-03
1.016900000000022033e+03,5.039796954925360173e-03
1.017000000000022055e+03,5.069829649424725457e-03
1.017100000000022078e+03,5.103875682996309587e-03
1.017200000000022101e+03,5.137933429478057194e-03
1.017300000000022123e+03,5.172002875680678340e-03
1.017400000000022146e+03,5.206084008412243704e-03
1.017500000000022169e+03,5.240176814478154227e-03
1.017600000000022192e+03,5.274281280681151519e-03
1.017700000000022214e+03,5.308397393821318727e-03
1.017800000000022237e+03,5.342525140696057113e-03
1.017900000000022260e+03,5.376664508100132030e-03
1.018000000000022283e+03,5.410815482824915708e-03
1.018100000000022305e+03,5.441734754676124698e-03
1.018200000000022328e+03,5.472666272158662089e-03
1.018300000000022351e+03,5.503610032381691872e-03
1.018400000000022374e+03,5.534566032450473176e-03
1.018500000000022396e+03,5.565548708446038835e-03
1.018600000000022419e+03,5.596658275815369690e-03
1.018700000000022442e+03,5.627781505292114676e-03
1.018800000000022465e+03,5.658918394844571730e-03
1.018900000000022487e+03,5.690061198496619045e-03
1.019000000000022510e+03,5.721083039220691870e-03
1.019100000000022533e+03,5.740774003221212063e-03
1.019200000000022555e+03,5.760461595269319654e-03
1.019300000000022578e+03,5.780155666974114322e-03
1.019400000000022601e+03,5.799970235630204363e-03
1.019500000000022624e+03,5.819782333125496712e-03
1.019600000000022646e+03,5.839613769608958602e-03
1.019700000000022669e+03,5.859446690255472497e-03
1.019800000000022692e+03,5.879277306637829305e-03
1.019900000000022715e+03,5.899105616371155478e-03
1.020000000000022737e+03,5.918931617069179280e-03
1.020100000000022760e+03,5.927050807153817422e-03
1.020200000000022783e+03,5.935272795632471482e-03
1.020300000000022806e+03,5.943580758364646645e-03
1.020400000000022828e+03,5.951912463965932688e-03
1.020500000000022851e+03,5.960248877291436133e-03
1.020600000000022874e+03,5.968590000056459358e-03
1.020700000000022897e+03,5.976935833976670769e-03
1.020800000000022919e+03,5.985286380768153371e-03
1.020900000000022942e+03,5.993641642147382216e-03
1.021000000000022965e+03,6.002139484008846976e-03
1.021100000000022987e+03,5.995540453112569758e-03
1.021200000000023010e+03,5.988936583417668602e-03
1.021300000000023033e+03,5.982327873406806905e-03
1.021400000000023056e+03,5.975714321562406069e-03
1.021500000000023078e+03,5.969095926366650706e-03
1.021600000000023101e+03,5.962472686301486906e-03
1.021700000000023124e+03,5.955844599848623966e-03
1.021800000000023147e+03,5.949474324515736934e-03
1.021900000000023169e+03,5.943110050898530762e-03
1.022000000000023192e+03,5.936740305601638859e-03
1.022100000000023215e+03,5.916382370167296532e-03
1.022200000000023238e+03,5.896017792705116750e-03
1.022300000000023260e+03,5.875709093021604969e-03
1.022400000000023283e+03,5.855622482738223958e-03
1.022500000000023306e+03,5.835389040287438170e-03
1.022600000000023329e+03,5.815110533049908104e-03
1.022700000000023351e+03,5.794824594333486574e-03
1.022800000000023374e+03,5.774531225666836194e-03
1.022900000000023397e+03,5.754230428579718525e-03
1.023000000000023419e+03,5.733922204601091949e-03
1.023100000000023442e+03,5.705559096792002169e-03
1.023200000000023465e+03,5.677185136595533886e-03
1.023300000000023488e+03,5.648800324569533404e-03
1.023400000000023510e+03,5.620404661273418687e-03
1.023500000000023533e+03,5.591998147268199305e-03
1.023600000000023556e+03,5.563580783116433073e-03
1.023700000000023579e+03,5.535152569382283290e-03
1.023800000000023601e+03,5.506713506631458893e-03
1.023900000000023624e+03,5.478263595431267369e-03
1.024000000000023647e+03,5.449802836349811573e-03
1.024100000000023556e+03,5.418068487563943054e-03
1.024200000000023692e+03,5.386233244915010834e-03
1.024300000000023829e+03,5.354383362690304758e-03
1.024400000000023738e+03,5.322538490955417735e-03
1.024500000000023647e+03,5.290716734442508541e-03
1.024600000000023783e+03,5.259096653077632334e-03
1.024700000000023920e+03,5.227524134204237019e-03
1.024800000000023829e+03,5.195953509729542980e-03
1.024900000000023738e+03,5.164384785080949197e-03
1.025000000000023874e+03,5.132817965688869603e-03
1.025100000000024011e+03,5.104384681819870533e-03
1.025200000000023920e+03,5.075966613381733758e-03
1.025300000000023829e+03,5.047563759651875828e-03
1.025400000000023965e+03,5.019176119906636896e-03
1.025500000000024102e+03,4.990803693421382199e-03
1.025600000000024011e+03,4.962446479470399713e-03
1.025700000000023920e+03,4.934058700828814099e-03
1.025800000000024056e+03,4.905523756837881603e-03
1.025900000000024193e+03,4.876980117944757637e-03
1.026000000000024102e+03,4.848454417247313394e-03
1.026100000000024011e+03,4.830382964451217058e-03
1.026200000000024147e+03,4.812315336882909758e-03
1.026300000000024284e+03,4.794251539872611267e-03
1.026400000000024193e+03,4.776191578751617754e-03
1.026500000000024102e+03,4.758135458852222853e-03
1.026600000000024238e+03,4.740003986766963724e-03
1.026700000000024374e+03,4.721847303152804445e-03
1.026800000000024284e+03,4.703706141974284098e-03
1.026900000000024193e+03,4.685675414664971020e-03
1.027000000000024329e+03,4.667648491435042769e-03
1.027100000000024465e+03,4.660698667047706578e-03
1.027200000000024374e+03,4.653688650971256509e-03
1.027300000000024284e+03,4.646668233504638000e-03
1.027400000000024420e+03,4.639570066665638266e-03
1.027500000000024556e+03,4.632414578915052678e-03
1.027600000000024465e+03,4.625267674117807329e-03
1.027700000000024374e+03,4.618126194616399560e-03
1.027800000000024511e+03,4.610989499227206682e-03
1.027900000000024647e+03,4.603857586727395229e-03
1.028000000000024556e+03,4.596730455897455464e-03
1.028100000000024465e+03,4.602897016723755085e-03
1.028200000000024602e+03,4.608922117447272065e-03
1.028300000000024738e+03,4.614868660572602962e-03
1.028400000000024647e+03,4.620810809203425122e-03
1.028500000000024556e+03,4.626748562191519872e-03
1.028600000000024693e+03,4.632681918388581802e-03
1.028700000000024829e+03,4.638610876646191011e-03
1.028800000000024738e+03,4.644535435815853874e-03
1.028900000000024647e+03,4.650455594749037733e-03
1.029000000000024784e+03,4.656371352299700124e-03
1.029100000000024920e+03,4.672794266650945327e-03
1.029200000000024829e+03,4.689209430460857669e-03
1.029300000000024738e+03,4.705616838703148737e-03
1.029400000000024875e+03,4.722018104136851621e-03
1.029500000000025011e+03,4.738414521591227495e-03
1.029600000000024920e+03,4.754803199712896548e-03
1.029700000000024829e+03,4.771184133448623174e-03
1.029800000000024966e+03,4.787557317744009500e-03
1.029900000000025102e+03,4.803933949395275751e-03
1.030000000000025011e+03,4.820316329461882092e-03
1.030100000000024920e+03,4.842514945471389567e-03
1.030200000000025057e+03,4.864699895320115895e-03
1.030300000000025193e+03,4.886871172010037387e-03
1.030400000000025102e+03,4.909028768541940334e-03
1.030500000000025011e+03,4.931172677915512080e-03
1.030600000000025148e+03,4.953302893129238674e-03
1.030700000000025284e+03,4.975419407180324202e-03
1.030800000000025193e+03,4.997522213064763651e-03
1.030900000000025102e+03,5.019611303777458261e-03
1.031000000000025238e+03,5.041686672312346504e-03
1.031100000000025375e+03,5.064671597294125374e-03
1.031200000000025284e+03,5.087635918430859217e-03
1.031300000000025193e+03,5.110579635330772877e-03
1.031400000000025329e+03,5.133378721561598738e-03
1.031500000000025466e+03,5.156152410678765952e-03
1.031600000000025375e+03,5.178904360788954067e-03
1.031700000000025284e+03,5.201634573096005666e-03
1.031800000000025420e+03,5.224343048804105070e-03
1.031900000000025557e+03,5.247029789117623952e-03
1.032000000000025466e+03,5.269694795240732754e-03
1.032100000000025375e+03,5.290280807490187198e-03
1.032200000000025511e+03,5.310796692386489729e-03
1.032300000000025648e+03,5.331231160063346769e-03
1.032400000000025557e+03,5.351650286604590218e-03
1.032500000000025466e+03,5.371961737319527232e-03
1.032600000000025602e+03,5.392215679596933098e-03
1.032700000000025739e+03,5.412477735994536757e-03
1.032800000000025648e+03,5.432728883056690654e-03
1.032900000000025557e+03,5.452963883281100946e-03
1.033000000000025693e+03,5.473182733747055349e-03
1.033100000000025830e+03,5.486061386466963008e-03
1.033200000000025739e+03,5.498920497801422502e-03
1.033300000000025648e+03,5.511760078782754722e-03
1.033400000000025784e+03,5.524580140439275949e-03
1.033500000000025921e+03,5.537380693795223262e-03
1.033600000000025830e+03,5.550161749870853416e-03
1.033700000000025739e+03,5.562923319682434170e-03
1.033800000000025875e+03,5.575616780866425592e-03
1.033900000000026012e+03,5.588210829937016386e-03
1.034000000000025921e+03,5.600784841875195569e-03
1.034100000000025830e+03,5.607629614501374524e-03
1.034200000000025966e+03,5.614467364321501508e-03
1.034300000000026102e+03,5.621298091467408567e-03
1.034400000000026012e+03,5.628121796071468980e-03
1.034500000000025921e+03,5.634938478266638025e-03
1.034600000000026057e+03,5.641571295748071604e-03
1.034700000000026193e+03,5.647835947952108658e-03
1.034800000000026102e+03,5.653969953646465624e-03
1.034900000000026012e+03,5.660095393924307640e-03
1.035000000000026148e+03,5.666212271530975987e-03
1.035100000000026284e+03,5.664652772204174791e-03
1.035200000000026193e+03,5.663092149518657650e-03
1.035300000000026102e+03,5.661530404566752182e-03
1.035400000000026239e+03,5.659967538440272526e-03
1.035500000000026375e+03,5.658403552230523680e-03
1.035600000000026284e+03,5.656838447028321448e-03
1.035700000000026193e+03,5.655272223923944741e-03
1.035800000000026330e+03,5.653704884007160723e-03
1.035900000000026466e+03,5.652255984132729429e-03
1.036000000000026375e+03,5.650827006579604676e-03
1.036100000000026284e+03,5.645563699252053105e-03
1.036200000000026421e+03,5.640336924187917302e-03
1.036300000000026557e+03,5.635207879061880296e-03
1.036400000000026466e+03,5.630080920382123794e-03
1.036500000000026375e+03,5.624956048280383564e-03
1.036600000000026512e+03,5.619833262888271341e-03
1.036700000000026648e+03,5.614712564337267023e-03
1.036800000000026557e+03,5.609593952758706523e-03
1.036900000000026466e+03,5.604474956501264392e-03
1.037000000000026603e+03,5.599321797229590489e-03
1.037100000000026739e+03,5.591296465581908903e-03
1.037200000000026648e+03,5.583274776291559729e-03
1.037300000000026557e+03,5.575256730001466182e-03
1.037400000000026694e+03,5.567242327354074427e-03
1.037500000000026830e+03,5.559231568991409092e-03
1.037600000000026739e+03,5.551224455554999541e-03
1.037700000000026648e+03,5.543220987685878141e-03
1.037800000000026785e+03,5.535221166024588933e-03
1.037900000000026921e+03,5.527224991211235339e-03
1.038000000000026830e+03,5.519232463885361331e-03
1.038100000000026739e+03,5.510856107644969068e-03
1.038200000000026876e+03,5.502482722126310517e-03
1.038300000000027012e+03,5.494112308315209081e-03
1.038400000000026921e+03,5.485744867196939989e-03
1.038500000000026830e+03,5.477380399756246777e-03
1.038600000000026967e+03,5.469018906977343025e-03
1.038700000000027103e+03,5.460660389843966997e-03
1.038800000000027012e+03,5.452304849339330468e-03
1.038900000000026921e+03,5.443952286446109186e-03
1.039000000000027057e+03,5.435602702146285006e-03
1.039100000000027194e+03,5.426685748247304930e-03
1.039200000000027103e+03,5.417776475520118956e-03
1.039300000000027012e+03,5.409007087446987549e-03
1.039400000000027148e+03,5.400257323566868065e-03
1.039500000000027285e+03,5.391624188539711864e-03
1.039600000000027194e+03,5.382996680794897154e-03
1.039700000000027103e+03,5.374374798815021413e-03
1.039800000000027239e+03,5.365758541082599718e-03
1.039900000000027376e+03,5.357147906080115922e-03
1.040000000000027285e+03,5.348542892290304544e-03
1.040100000000027194e+03,5.341106213252012382e-03
1.040200000000027330e+03,5.333674005782118761e-03
1.040300000000027467e+03,5.326246268237068600e-03
1.040400000000027376e+03,5.318822998973749168e-03
1.040500000000027285e+03,5.311404196349415498e-03
1.040600000000027421e+03,5.303995156817963713e-03
1.040700000000027558e+03,5.296644949902753335e-03
1.040800000000027467e+03,5.289299039277438851e-03
1.040900000000027376e+03,5.281957423445772688e-03
1.041000000000027512e+03,5.274624011182019179e-03
1.041100000000027649e+03,5.269153707326048805e-03
1.041200000000027558e+03,5.263683070475702434e-03
1.041300000000027467e+03,5.258212101930037283e-03
1.041400000000027603e+03,5.252740802988157404e-03
1.041500000000027740e+03,5.247327742824370138e-03
1.041600000000027649e+03,5.241986208681648045e-03
1.041700000000027558e+03,5.236644077759570852e-03
1.041800000000027694e+03,5.231301351326470353e-03
1.041900000000027831e+03,5.226317275941119202e-03
1.042000000000027740e+03,5.221334234458375675e-03
1.042100000000027649e+03,5.213044192213936619e-03
1.042200000000027785e+03,5.204757678863669232e-03
1.042300000000027921e+03,5.196474693735800982e-03
1.042400000000027831e+03,5.188195236158617447e-03
1.042500000000027740e+03,5.179919305460389464e-03
1.042600000000027876e+03,5.171625265782534009e-03
1.042700000000028012e+03,5.163227907620700219e-03
1.042800000000027921e+03,5.154834490006997283e-03
1.042900000000027831e+03,5.146445011986061809e-03
1.043000000000027967e+03,5.138059472601576305e-03
1.043100000000028103e+03,5.125712376048111203e-03
1.043200000000028012e+03,5.113373321219451262e-03
1.043300000000027921e+03,5.101042304745284639e-03
1.043400000000028058e+03,5.088719323256325582e-03
1.043500000000028194e+03,5.076297079008479894e-03
1.043600000000028103e+03,5.063873618717410624e-03
1.043700000000028012e+03,5.051458750465999230e-03
1.043800000000028149e+03,5.039052470334082906e-03
1.043900000000028285e+03,5.026654774402874483e-03
1.044000000000028194e+03,5.014265658753982308e-03
1.044100000000028103e+03,4.998529674376020124e-03
1.044200000000028240e+03,4.982793984536639832e-03
1.044300000000028376e+03,4.967057481360035581e-03
1.044400000000028285e+03,4.951323119996249578e-03
1.044500000000028194e+03,4.935590900530541746e-03
1.044600000000028331e+03,4.919860823048132978e-03
1.044700000000028467e+03,4.904132887634297076e-03
1.044800000000028376e+03,4.888407094374280955e-03
1.044900000000028285e+03,4.872683443353241321e-03
1.045000000000028422e+03,4.856961934655290580e-03
1.045100000000028558e+03,4.837734680790947706e-03
1.045200000000028467e+03,4.818498214841127579e-03
1.045300000000028376e+03,4.799249230535825896e-03
1.045400000000028513e+03,4.779987724399969995e-03
1.045500000000028649e+03,4.760713692958412624e-03
1.045600000000028558e+03,4.741427132735881629e-03
1.045700000000028467e+03,4.722128040256879343e-03
1.045800000000028604e+03,4.702816412045779729e-03
1.045900000000028740e+03,4.683492244626892564e-03
1.046000000000028649e+03,4.664155534522661933e-03
1.046100000000028558e+03,4.638687005183729159e-03
1.046200000000028695e+03,4.613220990533022266e-03
1.046300000000028831e+03,4.587758007702194725e-03
1.046400000000028740e+03,4.562298058427718614e-03
1.046500000000028649e+03,4.536841144445317477e-03
1.046600000000028786e+03,4.511387267490094694e-03
1.046700000000028922e+03,4.485936429296630626e-03
1.046800000000028831e+03,4.460488631598901951e-03
1.046900000000028740e+03,4.435043876130127273e-03
1.047000000000028876e+03,4.409602164622868602e-03
1.047100000000029013e+03,4.384033781653914191e-03
1.047200000000028922e+03,4.358446219815500199e-03
1.047300000000028831e+03,4.332839472205171454e-03
1.047400000000028967e+03,4.307213531919417207e-03
1.047500000000029104e+03,4.281568392053826388e-03
1.047600000000029013e+03,4.255904045702941889e-03
1.047700000000028922e+03,4.230220485960151273e-03
1.047800000000029058e+03,4.204527050077020225e-03
1.047900000000029195e+03,4.178823170678522443e-03
1.048000000000029104e+03,4.153099833323230239e-03
1.048100000000029013e+03,4.128941021508078860e-03
1.048200000000029149e+03,4.104765058583731419e-03
1.048300000000029286e+03,4.080571939112473401e-03
1.048400000000029195e+03,4.056361657656056864e-03
1.048500000000029104e+03,4.032134208775571202e-03
1.048600000000029240e+03,4.007889587031562839e-03
1.048700000000029377e+03,3.983627786984136714e-03
1.048800000000029286e+03,3.959348803192866938e-03
1.048900000000029195e+03,3.935052630216657153e-03
1.049000000000029331e+03,3.910739262615371171e-03
1.049100000000029468e+03,3.891576090124415199e-03
1.049200000000029377e+03,3.872439477071355166e-03
1.049300000000029286e+03,3.853297493879605500e-03
1.049400000000029422e+03,3.834196538568497743e-03
1.049500000000029559e+03,3.815138541761076141e-03
1.049600000000029468e+03,3.796074224077810103e-03
1.049700000000029377e+03,3.777003585582968965e-03
1.049800000000029513e+03,3.757926626340865432e-03
1.049900000000029650e+03,3.738843346415919328e-03
1.050000000000029559e+03,3.719753745875482593e-03
1.050100000000029468e+03,3.710420853144563973e-03
1.050200000000029604e+03,3.701086447045516623e-03
1.050300000000029740e+03,3.691750529266494933e-03
1.050400000000029650e+03,3.682413101495188388e-03
1.050500000000029559e+03,3.673111803665868400e-03
1.050600000000029695e+03,3.663953631232068527e-03
1.050700000000029831e+03,3.654793026859210966e-03
1.050800000000029740e+03,3.645629991985379747e-03
1.050900000000029650e+03,3.636464528048458968e-03
1.051000000000029786e+03,3.627296636490206366e-03
1.051100000000029922e+03,3.631553594934246003e-03
1.051200000000029831e+03,3.635812179909051617e-03
1.051300000000029740e+03,3.640072391249198243e-03
1.051400000000029877e+03,3.644334228789045810e-03
1.051500000000030013e+03,3.648597692362698375e-03
1.051600000000029922e+03,3.652862781804033614e-03
1.051700000000029831e+03,3.657297930947246700e-03
1.051800000000029968e+03,3.661748660318344100e-03
1.051900000000030104e+03,3.666201437055624339e-03
1.052000000000030013e+03,3.670656261227942061e-03
1.052100000000029922e+03,3.688448141902693576e-03
1.052200000000030059e+03,3.706245482310636680e-03
1.052300000000030195e+03,3.724132884242124623e-03
1.052400000000030104e+03,3.742114341352379466e-03
1.052500000000030013e+03,3.760102899170688403e-03
1.052600000000030150e+03,3.778098554396990688e-03
1.052700000000030286e+03,3.796101303729413224e-03
1.052800000000030195e+03,3.814233547262554924e-03
1.052900000000030104e+03,3.832441645282650897e-03
1.053000000000030241e+03,3.850658611060808149e-03
1.053100000000030377e+03,3.882023944868334252e-03
1.053200000000030286e+03,3.913419589155875573e-03
1.053300000000030195e+03,3.944845557612969462e-03
1.053400000000030332e+03,3.976301863931217158e-03
1.053500000000030468e+03,4.007788521804165824e-03
1.053600000000030377e+03,4.039305544927420874e-03
1.053700000000030286e+03,4.070864507027227054e-03
1.053800000000030423e+03,4.102461920380239858e-03
1.053900000000030559e+03,4.134129630386128122e-03
1.054000000000030468e+03,4.165884950541130956e-03
1.054100000000030377e+03,4.206148896467185906e-03
1.054200000000030514e+03,4.246457229595475800e-03
1.054300000000030650e+03,4.286809975659463742e-03
1.054400000000030559e+03,4.327207160402008965e-03
1.054500000000030468e+03,4.367655236349070325e-03
1.054600000000030604e+03,4.408156089422470177e-03
1.054700000000030741e+03,4.448740362041864876e-03
1.054800000000030650e+03,4.489434794622471601e-03
1.054900000000030559e+03,4.530175940017810120e-03
1.055000000000030695e+03,4.570963827537850681e-03
1.055100000000030832e+03,4.614619359035645324e-03
1.055200000000030741e+03,4.658325981634825128e-03
1.055300000000030650e+03,4.702083728955516739e-03
1.055400000000030786e+03,4.745892634633422022e-03
1.055500000000030923e+03,4.789790054874330273e-03
1.055600000000030832e+03,4.833813277414542899e-03
1.055700000000030741e+03,4.877889785488342608e-03
1.055800000000030877e+03,4.922019616251757657e-03
1.055900000000031014e+03,4.966202806879065589e-03
1.056000000000030923e+03,5.010439394562405530e-03
1.056100000000030832e+03,5.052597167970785536e-03
1.056200000000030968e+03,5.094823908593893759e-03
1.056300000000031105e+03,5.137226026606670805e-03
1.056400000000031014e+03,5.179950327458768440e-03
1.056500000000030923e+03,5.222749684099911756e-03
1.056600000000031059e+03,5.265624183564981790e-03
1.056700000000031196e+03,5.308573912966320189e-03
1.056800000000031105e+03,5.351598959494005027e-03
1.056900000000031014e+03,5.394699410416078054e-03
1.057000000000031150e+03,5.437875353074873158e-03
1.057100000000031287e+03,5.469769489423214823e-03
1.057200000000031196e+03,5.501692994338592234e-03
1.057300000000031105e+03,5.533645875419177483e-03
1.057400000000031241e+03,5.565628140257630578e-03
1.057500000000031378e+03,5.597639796441063013e-03
1.057600000000031287e+03,5.629680851551064659e-03
1.057700000000031196e+03,5.661751313163908457e-03
1.057800000000031332e+03,5.693851188850365674e-03
1.057900000000031469e+03,5.726039061310675762e-03
1.058000000000031378e+03,5.758463599675692039e-03
1.058100000000031287e+03,5.780374685621881767e-03
1.058200000000031423e+03,5.802321559644872152e-03
1.058300000000031559e+03,5.824304262779500183e-03
1.058400000000031469e+03,5.846322836097514290e-03
1.058500000000031378e+03,5.868377320707684509e-03
1.058600000000031514e+03,5.890467757755766046e-03
1.058700000000031650e+03,5.912594188424400397e-03
1.058800000000031559e+03,5.934756653933231582e-03
1.058900000000031469e+03,5.956955195539072670e-03
1.059000000000031605e+03,5.979189854530909780e-03
1.059100000000031741e+03,5.985975267705253081e-03
1.059200000000031650e+03,5.992767108510406796e-03
1.059300000000031559e+03,5.999565382024400935e-03
1.059400000000031696e+03,6.006370093328598780e-03
1.059500000000031832e+03,6.013186631951612793e-03
1.059600000000031741e+03,6.019497793435094057e-03
1.059700000000031650e+03,6.025803421480610544e-03
1.059800000000031787e+03,6.032114441749567360e-03
1.059900000000031923e+03,6.038430858011195959e-03
1.060000000000031832e+03,6.044752674031788307e-03
1.060100000000031741e+03,6.035102578291122975e-03
1.060200000000031878e+03,6.025441204362969559e-03
1.060300000000032014e+03,6.015768547185498631e-03
1.060400000000031923e+03,6.006084601695870287e-03
1.060500000000031832e+03,5.996389362830189043e-03
1.060600000000031969e+03,5.986682825523539399e-03
1.060700000000032105e+03,5.976762829817924491e-03
1.060800000000032014e+03,5.966738549208640448e-03
1.060900000000031923e+03,5.956703953993574066e-03
1.061000000000032060e+03,5.946659040608696933e-03
1.061100000000032196e+03,5.925343737947627067e-03
1.061200000000032105e+03,5.903881262462416096e-03
1.061300000000032014e+03,5.882399200721436829e-03
1.061400000000032151e+03,5.860897546459378077e-03
1.061500000000032287e+03,5.839376293410425585e-03
1.061600000000032196e+03,5.817835435308121514e-03
1.061700000000032105e+03,5.796274965885279441e-03
1.061800000000032242e+03,5.774637315433825760e-03
1.061900000000032378e+03,5.752891590867292154e-03
1.062000000000032287e+03,5.730999350239453401e-03
1.062100000000032196e+03,5.703729069587549529e-03
1.062200000000032333e+03,5.676425659911433358e-03
1.062300000000032469e+03,5.649089099414522121e-03
1.062400000000032378e+03,5.621719366290320839e-03
1.062500000000032287e+03,5.594316438722309569e-03
1.062600000000032423e+03,5.566880294884011052e-03
1.062700000000032560e+03,5.539410912939217099e-03
1.062800000000032469e+03,5.511782763770306341e-03
1.062900000000032378e+03,5.484104770423647683e-03
1.063000000000032514e+03,5.456276413169688921e-03
1.063100000000032651e+03,5.426718522656270340e-03
1.063200000000032560e+03,5.397141625112255627e-03
1.063300000000032469e+03,5.367545717893931409e-03
1.063400000000032605e+03,5.337930798357867941e-03
1.063500000000032742e+03,5.308296863861028392e-03
1.063600000000032651e+03,5.278412942585713162e-03
1.063700000000032560e+03,5.248500980607469918e-03
1.063800000000032696e+03,5.218572748338791423e-03
1.063900000000032833e+03,5.188628245382041759e-03
1.064000000000032742e+03,5.158667471342207045e-03
1.064100000000032651e+03,5.135817253784848158e-03
1.064200000000032787e+03,5.112977418298343332e-03
1.064300000000032924e+03,5.090107620777839688e-03
1.064400000000032833e+03,5.067207837892587566e-03
1.064500000000032742e+03,5.044278046298381057e-03
1.064600000000032878e+03,5.021318222637708058e-03
1.064700000000033015e+03,4.998328343539815317e-03
1.064800000000032924e+03,4.975308385620593084e-03
1.064900000000032833e+03,4.952258325482494436e-03
1.065000000000032969e+03,4.929178139717709829e-03
1.065100000000033106e+03,4.915432573998806780e-03
1.065200000000033015e+03,4.901476973447897907e-03
1.065300000000032924e+03,4.887481318796541192e-03
1.065400000000033060e+03,4.873473937508182759e-03
1.065500000000033197e+03,4.859454824866133761e-03
1.065600000000033106e+03,4.845423976152551764e-03
1.065700000000033015e+03,4.831381386648407779e-03
1.065800000000033151e+03,4.817327051633485402e-03
1.065900000000033288e+03,4.803260966386532597e-03
1.066000000000033197e+03,4.789183126189309678e-03
1.066100000000033106e+03,4.787682964509026168e-03
1.066200000000033242e+03,4.786181357180462753e-03
1.066300000000033378e+03,4.784711608950460889e-03
1.066400000000033288e+03,4.783326268975500797e-03
1.066500000000033197e+03,4.781944575955826213e-03
1.066600000000033333e+03,4.780561353196163300e-03
1.066700000000033469e+03,4.779176600068929873e-03
1.066800000000033378e+03,4.777790315946402362e-03
1.066900000000033288e+03,4.776402500200668116e-03
1.067000000000033424e+03,4.775013152208045474e-03
1.067100000000033560e+03,4.786754084064650042e-03
1.067200000000033469e+03,4.798502068466556705e-03
1.067300000000033378e+03,4.810257107968222111e-03
1.067400000000033515e+03,4.822019205124769038e-03
1.067500000000033651e+03,4.833788362491911808e-03
1.067600000000033560e+03,4.845564582626003987e-03
1.067700000000033469e+03,4.857347868084134664e-03
1.067800000000033606e+03,4.869138221424024367e-03
1.067900000000033742e+03,4.880935645204005115e-03
1.068000000000033651e+03,4.892740141986252206e-03
1.068100000000033560e+03,4.914064612435087992e-03
1.068200000000033697e+03,4.935392679615793581e-03
1.068300000000033833e+03,4.956724343076058907e-03
1.068400000000033742e+03,4.978142003361251886e-03
1.068500000000033651e+03,4.999596108118520461e-03
1.068600000000033788e+03,5.021054790615013183e-03
1.068700000000033924e+03,5.042518050667943105e-03
1.068800000000033833e+03,5.063985888094253533e-03
1.068900000000033742e+03,5.085458302710742055e-03
1.069000000000033879e+03,5.106935294336195988e-03
1.069100000000034015e+03,5.135027164018574238e-03
1.069200000000033924e+03,5.163128278102419901e-03
1.069300000000033833e+03,5.191238636219365314e-03
1.069400000000033970e+03,5.219358237999313296e-03
1.069500000000034106e+03,5.247487083070330460e-03
1.069600000000034015e+03,5.275625171058773849e-03
1.069700000000033924e+03,5.303772501589390682e-03
1.069800000000034061e+03,5.331929074285219478e-03
1.069900000000034197e+03,5.360094888767443465e-03
1.070000000000034106e+03,5.388269944655571866e-03
1.070100000000034015e+03,5.416561742157206642e-03
1.070200000000034152e+03,5.444853650834243636e-03
1.070300000000034288e+03,5.473145668688712481e-03
1.070400000000034197e+03,5.501437793722035660e-03
1.070500000000034106e+03,5.529730023935161207e-03
1.070600000000034242e+03,5.558022357328426533e-03
1.070700000000034379e+03,5.586314791901442200e-03
1.070800000000034288e+03,5.614529339956618459e-03
1.070900000000034197e+03,5.642691922753493433e-03
1.071000000000034333e+03,5.670853304568938651e-03
1.071100000000034470e+03,5.695996031183201032e-03
1.071200000000034379e+03,5.721145921860191878e-03
1.071300000000034288e+03,5.746302976434154892e-03
1.071400000000034424e+03,5.771467194738399628e-03
1.071500000000034561e+03,5.796638576605203479e-03
1.071600000000034470e+03,5.821892825172549600e-03
1.071700000000034379e+03,5.847213212658469370e-03
1.071800000000034515e+03,5.872541923114059370e-03
1.071900000000034652e+03,5.897878956888247953e-03
1.072000000000034561e+03,5.922967009159634325e-03
1.072100000000034470e+03,5.940181904529036848e-03
1.072200000000034606e+03,5.957400375043150030e-03
1.072300000000034743e+03,5.974622420983499542e-03
1.072400000000034652e+03,5.991920639793191054e-03
1.072500000000034561e+03,6.009288111045816422e-03
1.072600000000034697e+03,6.026659950494725644e-03
1.072700000000034834e+03,6.044036158667817626e-03
1.072800000000034743e+03,6.061416736092966988e-03
1.072900000000034652e+03,6.078801683298128145e-03
1.073000000000034788e+03,6.096191000807883210e-03
1.073100000000034925e+03,6.103915533688844541e-03
1.073200000000034834e+03,6.111642017586348639e-03
1.073300000000034743e+03,6.119370452655331465e-03
1.073400000000034879e+03,6.127100839050710762e-03
1.073500000000035016e+03,6.134833176927343562e-03
1.073600000000034925e+03,6.142567466440069547e-03
1.073700000000034834e+03,6.150303707743738808e-03
1.073800000000034970e+03,6.158116366851366062e-03
1.073900000000035106e+03,6.165961344842948652e-03
1.074000000000035016e+03,6.173744700225093293e-03
1.074100000000034925e+03,6.171196899814540907e-03
1.074200000000035061e+03,6.168648693954370196e-03
1.074300000000035197e+03,6.166100082921496806e-03
1.074400000000035106e+03,6.163551066992858929e-03
1.074500000000035016e+03,6.161001646445399965e-03
1.074600000000035152e+03,6.158451821556086732e-03
1.074700000000035288e+03,6.155901592601921608e-03
1.074800000000035197e+03,6.153292789700416481e-03
1.074900000000035106e+03,6.150600503902287942e-03
1.075000000000035243e+03,6.147907936401157333e-03
1.075100000000035379e+03,6.138485280128644188e-03
1.075200000000035288e+03,6.129059144441032121e-03
1.075300000000035197e+03,6.119629529739285985e-03
1.075400000000035334e+03,6.110196436424747066e-03
1.075500000000035470e+03,6.100759864899257118e-03
1.075600000000035379e+03,6.091267630108543503e-03
1.075700000000035288e+03,6.081684491640444896e-03
1.075800000000035425e+03,6.072098312305191856e-03
1.075900000000035561e+03,6.062509092735892530e-03
1.076000000000035470e+03,6.052916833564558723e-03
1.076100000000035379e+03,6.039199296532462083e-03
1.076200000000035516e+03,6.025476720874118307e-03
1.076300000000035652e+03,6.011749108089938301e-03
1.076400000000035561e+03,5.998016459682474488e-03
1.076500000000035470e+03,5.984166792586251803e-03
1.076600000000035607e+03,5.970277060202294067e-03
1.076700000000035743e+03,5.956384528801920118e-03
1.076800000000035652e+03,5.942488820533805942e-03
1.076900000000035561e+03,5.928620593094982745e-03
1.077000000000035698e+03,5.914768123030364477e-03
1.077100000000035834e+03,5.900251570791814441e-03
1.077200000000035743e+03,5.885732825404837651e-03
1.077300000000035652e+03,5.871211888898389235e-03
1.077400000000035789e+03,5.856688763302721028e-03
1.077500000000035925e+03,5.842163450649563716e-03
1.077600000000035834e+03,5.827704704158558242e-03
1.077700000000035743e+03,5.813318238797675688e-03
1.077800000000035880e+03,5.798928875567676590e-03
1.077900000000036016e+03,5.784536616344464026e-03
1.078000000000035925e+03,5.770141463005939476e-03
1.078100000000035834e+03,5.756888663665393410e-03
1.078200000000035971e+03,5.743644493303149204e-03
1.078300000000036107e+03,5.730408949628398689e-03
1.078400000000036016e+03,5.717182030350506303e-03
1.078500000000035925e+03,5.703963733178944902e-03
1.078600000000036061e+03,5.690754055823354744e-03
1.078700000000036198e+03,5.677552995993599000e-03
1.078800000000036107e+03,5.664332097089096532e-03
1.078900000000036016e+03,5.651018497936232017e-03
1.079000000000036152e+03,5.637714114790966062e-03
1.079100000000036289e+03,5.631746545670750746e-03
1.079200000000036198e+03,5.625781508005289581e-03
1.079300000000036107e+03,5.619819001700905765e-03
1.079400000000036243e+03,5.613859026663814075e-03
1.079500000000036380e+03,5.607901582800150359e-03
1.079600000000036289e+03,5.601946670015936838e-03
1.079700000000036198e+03,5.595994288217084715e-03
1.079800000000036334e+03,5.590044437309382025e-03
1.079900000000036471e+03,5.584223465114689956e-03
1.080000000000036380e+03,5.578416078289007325e-03
1.080100000000036289e+03,5.580421400310368527e-03
1.080200000000036425e+03,5.582424445386147994e-03
1.080300000000036562e+03,5.584425213232391445e-03
1.080400000000036471e+03,5.586423703565402202e-03
1.080500000000036380e+03,5.588419916101761142e-03
1.080600000000036516e+03,5.590413850558341446e-03
1.080700000000036653e+03,5.592405506652270430e-03
1.080800000000036562e+03,5.594394884100959905e-03
1.080900000000036471e+03,5.596381982622088830e-03
1.081000000000036607e+03,5.598366801936303407e-03
1.081100000000036744e+03,5.607682432306116370e-03
1.081200000000036653e+03,5.617018019240401470e-03
1.081300000000036562e+03,5.626579102288183608e-03
1.081400000000036698e+03,5.636134444476647437e-03
1.081500000000036835e+03,5.645684044264417424e-03
1.081600000000036744e+03,5.655227900110467582e-03
1.081700000000036653e+03,5.664766010474165704e-03
1.081800000000036789e+03,5.674298373815182296e-03
1.081900000000036925e+03,5.683824988593508785e-03
1.082000000000036835e+03,5.693362682983925047e-03
1.082100000000036744e+03,5.708461154273825229e-03
1.082200000000036880e+03,5.723644712801256342e-03
1.082300000000037016e+03,5.738823141003790776e-03
1.082400000000036925e+03,5.753996434002874374e-03
1.082500000000036835e+03,5.769164586918318870e-03
1.082600000000036971e+03,5.784327594868238567e-03
1.082700000000037107e+03,5.799485452968991366e-03
1.082800000000037016e+03,5.814638156335230797e-03
1.082900000000036925e+03,5.829785700079996233e-03
1.083000000000037062e+03,5.844928079315297488e-03
1.083100000000037198e+03,5.861932080545885319e-03
1.083200000000037107e+03,5.878920252076579381e-03
1.083300000000037016e+03,5.895769539474608571e-03
1.083400000000037153e+03,5.912613269478035963e-03
1.083500000000037289e+03,5.929451436849096473e-03
1.083600000000037198e+03,5.946284036347938146e-03
1.083700000000037107e+03,5.963111062732727972e-03
1.083800000000037244e+03,5.979932510759536531e-03
1.083900000000037380e+03,5.996748375182294616e-03
1.084000000000037289e+03,6.013558650752364766e-03
1.084100000000037198e+03,6.029099062328476151e-03
1.084200000000037335e+03,6.044635317469095742e-03
1.084300000000037471e+03,6.060169410144728742e-03
1.084400000000037380e+03,6.075582174929268497e-03
1.084500000000037289e+03,6.090961621646552582e-03
1.084600000000037426e+03,6.106338132302327297e-03
1.084700000000037562e+03,6.121711700865939236e-03
1.084800000000037471e+03,6.137082321303267279e-03
1.084900000000037380e+03,6.152449987576806729e-03
1.085000000000037517e+03,6.167814693643690858e-03
1.085100000000037653e+03,6.178067416816763156e-03
1.085200000000037562e+03,6.188319785104970036e-03
1.085300000000037471e+03,6.198595583669824598e-03
1.085400000000037608e+03,6.208868041825550167e-03
1.085500000000037744e+03,6.219295210717340830e-03
1.085600000000037653e+03,6.229868006771000812e-03
1.085700000000037562e+03,6.240438461210569797e-03
1.085800000000037699e+03,6.251006569578859695e-03
1.085900000000037835e+03,6.261572327416275487e-03
1.086000000000037744e+03,6.272135730258731820e-03
1.086100000000037653e+03,6.277018863775483092e-03
1.086200000000037790e+03,6.281901524391789865e-03
1.086300000000037926e+03,6.286783709658160142e-03
1.086400000000037835e+03,6.291665417123072299e-03
1.086500000000037744e+03,6.296546644332987226e-03
1.086600000000037880e+03,6.301463954978122825e-03
1.086700000000038017e+03,6.306499457971088268e-03
1.086800000000037926e+03,6.311534705895874460e-03
1.086900000000037835e+03,6.316569696237414253e-03
1.087000000000037971e+03,6.321604426475465818e-03
1.087100000000038108e+03,6.319055649984883262e-03
1.087200000000038017e+03,6.316506630797411211e-03
1.087300000000037926e+03,6.313958224945691138e-03
1.087400000000038062e+03,6.311409948351394406e-03
1.087500000000038199e+03,6.308861429134552355e-03
1.087600000000038108e+03,6.306312667651652396e-03
1.087700000000038017e+03,6.303763664259361479e-03
1.087800000000038153e+03,6.301066309849637399e-03
1.087900000000038290e+03,6.298361944685721726e-03
1.088000000000038199e+03,6.295657479366502732e-03
1.088100000000038108e+03,6.288516385313842535e-03
1.088200000000038244e+03,6.281375978157420145e-03
1.088300000000038381e+03,6.274236259768631828e-03
1.088400000000038290e+03,6.267097232019863511e-03
1.088500000000038199e+03,6.259850291039263832e-03
1.088600000000038335e+03,6.252571908960003789e-03
1.088700000000038472e+03,6.245297829190870828e-03
1.088800000000038381e+03,6.238024767867562069e-03
1.088900000000038290e+03,6.230752726799083582e-03
1.089000000000038426e+03,6.223481707794227200e-03
1.089100000000038563e+03,6.213390169611698009e-03
1.089200000000038472e+03,6.203302703022777961e-03
1.089300000000038381e+03,6.193015399450729069e-03
1.089400000000038517e+03,6.182652509396469737e-03
1.089500000000038654e+03,6.172294633190103692e-03
1.089600000000038563e+03,6.161941771589723310e-03
1.089700000000038472e+03,6.151593925353245756e-03
1.089800000000038608e+03,6.141251095238445951e-03
1.089900000000038744e+03,6.130913282003009473e-03
1.090000000000038654e+03,6.120580486405189161e-03
1.090100000000038563e+03,6.112246345421141341e-03
1.090200000000038699e+03,6.103959422168857979e-03
1.090300000000038835e+03,6.095674531613325987e-03
1.090400000000038744e+03,6.087391675507375886e-03
1.090500000000038654e+03,6.079116397480897015e-03
1.090600000000038790e+03,6.070843410645113646e-03
1.090700000000038926e+03,6.062572447697008385e-03
1.090800000000038835e+03,6.054303510397126067e-03
1.090900000000038744e+03,6.046036600506459954e-03
1.091000000000038881e+03,6.037771719787996504e-03
1.091100000000039017e+03,6.033468671408160136e-03
1.091200000000038926e+03,6.029297688607089187e-03
1.091300000000038835e+03,6.025127379845353001e-03
1.091400000000038972e+03,6.020957745764597170e-03
1.091500000000039108e+03,6.016788787006645961e-03
1.091600000000039017e+03,6.012620504213472827e-03
1.091700000000038926e+03,6.008452898027195205e-03
1.091800000000039063e+03,6.004285969090081450e-03
1.091900000000039199e+03,6.000119718044583800e-03
1.092000000000039108e+03,5.995954145536139951e-03
1.092100000000039017e+03,5.999066645899885607e-03
1.092200000000039154e+03,6.002178532448724374e-03
1.092300000000039290e+03,6.005412851419006381e-03
1.092400000000039199e+03,6.008677941043648850e-03
1.092500000000039108e+03,6.012026389648037969e-03
1.092600000000039245e+03,6.015434858553631026e-03
1.092700000000039381e+03,6.018843015667089437e-03
1.092800000000039290e+03,6.022250859455964556e-03
1.092900000000039199e+03,6.025658388386606439e-03
1.093000000000039336e+03,6.029065600926352200e-03
1.093100000000039472e+03,6.038255341224943451e-03
1.093200000000039381e+03,6.047443786720121776e-03
1.093300000000039290e+03,6.056558053826275982e-03
1.093400000000039427e+03,6.065687001957313813e-03
1.093500000000039563e+03,6.074880996106436434e-03
1.093600000000039472e+03,6.084073696262878687e-03
1.093700000000039381e+03,6.093265098953164725e-03
1.093800000000039518e+03,6.102455200701764788e-03
1.093900000000039654e+03,6.111643998031026682e-03
1.094000000000039563e+03,6.120831487463090914e-03
1.094100000000039472e+03,6.134667007566995539e-03
1.094200000000039608e+03,6.148427754793578046e-03
1.094300000000039745e+03,6.162186023265590028e-03
1.094400000000039654e+03,6.175941809086884192e-03
1.094500000000039563e+03,6.189612028792747418e-03
1.094600000000039699e+03,6.203058295377011054e-03
1.094700000000039836e+03,6.216500763483285945e-03
1.094800000000039745e+03,6.229939429865149862e-03
1.094900000000039654e+03,6.243374291275296736e-03
1.095000000000039790e+03,6.256805344466538459e-03
1.095100000000039927e+03,6.273047729659467740e-03
1.095200000000039836e+03,6.289291899018318796e-03
1.095300000000039745e+03,6.305537847582996791e-03
1.095400000000039881e+03,6.321785570388993754e-03
1.095500000000040018e+03,6.338035062467298371e-03
1.095600000000039927e+03,6.354286318844499203e-03
1.095700000000039836e+03,6.370443909601316082e-03
1.095800000000039972e+03,6.386688485346686192e-03
1.095900000000040109e+03,6.402934772451710117e-03
1.096000000000040018e+03,6.419182766010510070e-03
1.096100000000039927e+03,6.430374342583049588e-03
1.096200000000040063e+03,6.441557947858483207e-03
1.096300000000040200e+03,6.452733582654881367e-03
1.096400000000040109e+03,6.463901247790801094e-03
1.096500000000040018e+03,6.475060944085292078e-03
1.096600000000040154e+03,6.486212672357884526e-03
1.096700000000040291e+03,6.497356433428526715e-03
1.096800000000040200e+03,6.508264747797477302e-03
1.096900000000040109e+03,6.519072584941747704e-03
1.097000000000040245e+03,6.529871398781364293e-03
1.097100000000040382e+03,6.534646987421896709e-03
1.097200000000040291e+03,6.539419664195502725e-03
1.097300000000040200e+03,6.544139662001647109e-03
1.097400000000040336e+03,6.548756103220238975e-03
1.097500000000040473e+03,6.553369415214005400e-03
1.097600000000040382e+03,6.557979597886062079e-03
1.097700000000040291e+03,6.562586651139631390e-03
1.097800000000040427e+03,6.567190574878056276e-03
1.097900000000040563e+03,6.571861047552841895e-03
1.098000000000040473e+03,6.576620212785803769e-03
1.098100000000040382e+03,6.571507180226246123e-03
1.098200000000040518e+03,6.566282377922244388e-03
1.098300000000040654e+03,6.561055992657742995e-03
1.098400000000040563e+03,6.555830964392236546e-03
1.098500000000040473e+03,6.550607293446118057e-03
1.098600000000040609e+03,6.545384980139682535e-03
1.098700000000040745e+03,6.540164024793166005e-03
1.098800000000040654e+03,6.534944427726690867e-03
1.098900000000040563e+03,6.529688095768139584e-03
1.099000000000040700e+03,6.524321402036972750e-03
1.099100000000040836e+03,6.507090252712044963e-03
1.099200000000040745e+03,6.489866431740357391e-03
1.099300000000040654e+03,6.472649939142994732e-03
1.099400000000040791e+03,6.455440774940608868e-03
1.099500000000040927e+03,6.438238939153536830e-03
1.099600000000040836e+03,6.421044431801721866e-03
1.099700000000040745e+03,6.403854387268951773e-03
1.099800000000040882e+03,6.386668440531857380e-03
1.099900000000041018e+03,6.369489855123412932e-03
1.100000000000040927e+03,6.352318631036643973e-03
1.100100000000040836e+03,6.324942131918964532e-03
1.100200000000040973e+03,6.297437666406302884e-03
1.100300000000041109e+03,6.269921259223841525e-03
1.100400000000041018e+03,6.242412747836262668e-03
1.100500000000040927e+03,6.214962636378871565e-03
1.100600000000041064e+03,6.187754018146301473e-03
1.100700000000041200e+03,6.160550794314875907e-03
1.100800000000041109e+03,6.133352966621515370e-03
1.100900000000041018e+03,6.106160536802939139e-03
1.101000000000041155e+03,6.078973506593123022e-03
1.101100000000041291e+03,6.045151401678724480e-03
1.101200000000041200e+03,6.011324231321795233e-03
1.101300000000041109e+03,5.977337759689432990e-03
1.101400000000041246e+03,5.943346780900344781e-03
1.101500000000041382e+03,5.909352516968098198e-03
1.101600000000041291e+03,5.875354971558790183e-03
1.101700000000041200e+03,5.841349114862628977e-03
1.101800000000041337e+03,5.807246632656850802e-03
1.101900000000041473e+03,5.773142035081734597e-03
1.102000000000041382e+03,5.739035325930177782e-03
1.102100000000041291e+03,5.701112080602194557e-03
1.102200000000041427e+03,5.663219637916615083e-03
1.102300000000041564e+03,5.625345438797287913e-03
1.102400000000041473e+03,5.587442521239141882e-03
1.102500000000041382e+03,5.549460466222948252e-03
1.102600000000041518e+03,5.511494150265670161e-03
1.102700000000041655e+03,5.473543571183331520e-03
1.102800000000041564e+03,5.435608726791348218e-03
1.102900000000041473e+03,5.397682038270308798e-03
1.103000000000041609e+03,5.359655564244479760e-03
1.103100000000041746e+03,5.327856350911493177e-03
1.103200000000041655e+03,5.296040709093448144e-03
1.103300000000041564e+03,5.264208636812351370e-03
1.103400000000041700e+03,5.232362502364363600e-03
1.103500000000041837e+03,5.200502519035753689e-03
1.103600000000041746e+03,5.168626038370028458e-03
1.103700000000041655e+03,5.136738371558454211e-03
1.103800000000041791e+03,5.105063454608836648e-03
1.103900000000041928e+03,5.073369110583046508e-03
1.104000000000041837e+03,5.041655334992802516e-03
1.104100000000041746e+03,5.018320973010336090e-03
1.104200000000041882e+03,4.994984574884607856e-03
1.104300000000042019e+03,4.971646142141276752e-03
1.104400000000041928e+03,4.948305676305816969e-03
1.104500000000041837e+03,4.924963178903344480e-03
1.104600000000041973e+03,4.901507843895890060e-03
1.104700000000042110e+03,4.878139441217415988e-03
1.104800000000042019e+03,4.854798874180847948e-03
1.104900000000041928e+03,4.831456212558141693e-03
1.105000000000042064e+03,4.808111457843508227e-03
1.105100000000042201e+03,4.798861426358331204e-03
1.105200000000042110e+03,4.789611219957282465e-03
1.105300000000042019e+03,4.780356376156943629e-03
1.105400000000042155e+03,4.771204899981315410e-03
1.105500000000042292e+03,4.762058848251243121e-03
1.105600000000042201e+03,4.752912217685171734e-03
1.105700000000042110e+03,4.743765008770989625e-03
1.105800000000042246e+03,4.734562667484247013e-03
1.105900000000042382e+03,4.725298656835445581e-03
1.106000000000042292e+03,4.716034519415371849e-03
1.106100000000042201e+03,4.724359394848833341e-03
1.106200000000042337e+03,4.732786976331597277e-03
1.106300000000042473e+03,4.741229176379606683e-03
1.106400000000042382e+03,4.749675875451745029e-03
1.106500000000042292e+03,4.758127075141677619e-03
1.106600000000042428e+03,4.766582777043478283e-03
1.106700000000042564e+03,4.775042982751597290e-03
1.106800000000042473e+03,4.783507693860880421e-03
1.106900000000042382e+03,4.791999225450939079e-03
1.107000000000042519e+03,4.800494857526889543e-03
1.107100000000042655e+03,4.822855362738800826e-03
1.107200000000042564e+03,4.845214514270887625e-03
1.107300000000042473e+03,4.867574698794639720e-03
1.107400000000042610e+03,4.889935916247461350e-03
1.107500000000042746e+03,4.912298166566645731e-03
1.107600000000042655e+03,4.934661449689455720e-03
1.107700000000042564e+03,4.957025765553273004e-03
1.107800000000042701e+03,4.979391114095448913e-03
1.107900000000042837e+03,5.001757495253251508e-03
1.108000000000042746e+03,5.024124908968760975e-03
1.108100000000042655e+03,5.057717860516054015e-03
1.108200000000042792e+03,5.091306139742957960e-03
1.108300000000042928e+03,5.124900852976635446e-03
1.108400000000042837e+03,5.158501999405993958e-03
1.108500000000042746e+03,5.192109578219472610e-03
1.108600000000042883e+03,5.225723588604850450e-03
1.108700000000043019e+03,5.259344029749149323e-03
1.108800000000042928e+03,5.292968771914211695e-03
1.108900000000042837e+03,5.326599089560145328e-03
1.109000000000042974e+03,5.360230764108107199e-03
1.109100000000043110e+03,5.396815864419789339e-03
1.109200000000043019e+03,5.433392984642008115e-03
1.109300000000042928e+03,5.469962123124112556e-03
1.109400000000043065e+03,5.506523278215857617e-03
1.109500000000043201e+03,5.543076448267212492e-03
1.109600000000043110e+03,5.579621631628548829e-03
1.109700000000043019e+03,5.616158826650792524e-03
1.109800000000043156e+03,5.652688031685284067e-03
1.109900000000043292e+03,5.689209245083585997e-03
1.110000000000043201e+03,5.725722465196764720e-03
1.110100000000043110e+03,5.760188130681916097e-03
1.110200000000043246e+03,5.794573350683269661e-03
1.110300000000043383e+03,5.828933682526954776e-03
1.110400000000043292e+03,5.863306982751176864e-03
1.110500000000043201e+03,5.897693249996898909e-03
1.110600000000043337e+03,5.932092154597630625e-03
1.110700000000043474e+03,5.966498730276660958e-03
1.110800000000043383e+03,6.000918204048410164e-03
1.110900000000043292e+03,6.035350574506056533e-03
1.111000000000043428e+03,6.069701712194817272e-03
1.111100000000043565e+03,6.091747776726127647e-03
1.111200000000043474e+03,6.113794308400740361e-03
1.111300000000043383e+03,6.135841305183805695e-03
1.111400000000043519e+03,6.157909531566837028e-03
1.111500000000043656e+03,6.180260410806929193e-03
1.111600000000043565e+03,6.202613925169860910e-03
1.111700000000043474e+03,6.224970072847660872e-03
1.111800000000043610e+03,6.247511557065103110e-03
1.111900000000043747e+03,6.270161634016092889e-03
1.112000000000043656e+03,6.292816406900278783e-03
1.112100000000043565e+03,6.299417268110858899e-03
1.112200000000043701e+03,6.306020364286017005e-03
1.112300000000043838e+03,6.312625695528091378e-03
1.112400000000043747e+03,6.319233261939377795e-03
1.112500000000043656e+03,6.325843063622183307e-03
1.112600000000043792e+03,6.332460516838565694e-03
1.112700000000043929e+03,6.339116828382074416e-03
1.112800000000043838e+03,6.345775461312621463e-03
1.112900000000043747e+03,6.352436415770828723e-03
1.113000000000043883e+03,6.359099691888876922e-03
1.113100000000044020e+03,6.346562740165268522e-03
1.113200000000043929e+03,6.334021738458046023e-03
1.113300000000043838e+03,6.321476687506941486e-03
1.113400000000043974e+03,6.308927588051816207e-03
1.113500000000044110e+03,6.296374440832780417e-03
1.113600000000044020e+03,6.283817246590101338e-03
1.113700000000043929e+03,6.271256006064100837e-03
1.113800000000044065e+03,6.258690719995334099e-03
1.113900000000044201e+03,6.246121389124513305e-03
1.114000000000044110e+03,6.233548014186272163e-03
1.114100000000044020e+03,6.206797085279114508e-03
1.114200000000044156e+03,6.180011764892744640e-03
1.114300000000044292e+03,6.153192028669329967e-03
1.114400000000044201e+03,6.126340526128415225e-03
1.114500000000044110e+03,6.099461209957679313e-03
1.114600000000044247e+03,6.072547322292622465e-03
1.114700000000044383e+03,6.045598838569897666e-03
1.114800000000044292e+03,6.018615734214070347e-03
1.114900000000044201e+03,5.991597984637386798e-03
1.115000000000044338e+03,5.964479521539052358e-03
1.115100000000044474e+03,5.925114292090719222e-03
1.115200000000044383e+03,5.885712325620726104e-03
1.115300000000044292e+03,5.846273606068907655e-03
1.115400000000044429e+03,5.806798117371043608e-03
1.115500000000044565e+03,5.767285843459022711e-03
1.115600000000044474e+03,5.727736768260713492e-03
1.115700000000044383e+03,5.688150875699701445e-03
1.115800000000044520e+03,5.648470612024992371e-03
1.115900000000044656e+03,5.608682685524144645e-03
1.116000000000044565e+03,5.568945908215437376e-03
1.116100000000044474e+03,5.525299284298891729e-03
1.116200000000044611e+03,5.481628416704515186e-03
1.116300000000044747e+03,5.437933309711720509e-03
1.116400000000044656e+03,5.394224218874581200e-03
1.116500000000044565e+03,5.350490790081213408e-03
1.116600000000044702e+03,5.306732967397313067e-03
1.116700000000044838e+03,5.262950754975309446e-03
1.116800000000044747e+03,5.219144156970761256e-03
1.116900000000044656e+03,5.175313177542157153e-03
1.117000000000044793e+03,5.131457820854906475e-03
1.117100000000044929e+03,5.096030920806619846e-03
1.117200000000044838e+03,5.060558438867222668e-03
1.117300000000044747e+03,5.025040344115526587e-03
1.117400000000044884e+03,4.989518591365013460e-03
1.117500000000045020e+03,4.954022602317497727e-03
1.117600000000044929e+03,4.918479271915562889e-03
1.117700000000044838e+03,4.882888565994409485e-03
1.117800000000044975e+03,4.847250450372281999e-03
1.117900000000045111e+03,4.811564890850648403e-03
1.118000000000045020e+03,4.775831853220548380e-03
1.118100000000044929e+03,4.754519393252549901e-03
1.118200000000045065e+03,4.733187021372349881e-03
1.118300000000045202e+03,4.711834730895199212e-03
1.118400000000045111e+03,4.690462515134811820e-03
1.118500000000045020e+03,4.669070367403301350e-03
1.118600000000045156e+03,4.647658281011254888e-03
1.118700000000045293e+03,4.626226249267831846e-03
1.118800000000045202e+03,4.604774265480700637e-03
1.118900000000045111e+03,4.583302322955873018e-03
1.119000000000045247e+03,4.561780113429829420e-03
1.119100000000045384e+03,4.560395056801052650e-03
1.119200000000045293e+03,4.559008454580779079e-03
1.119300000000045202e+03,4.557620306891162730e-03
1.119400000000045338e+03,4.556230613854373238e-03
1.119500000000045475e+03,4.554839375592587176e-03
1.119600000000045384e+03,4.553446592228005407e-03
1.119700000000045293e+03,4.552043087331654470e-03
1.119800000000045429e+03,4.550611641367096998e-03
1.119900000000045566e+03,4.549100442440643516e-03
1.120000000000045475e+03,4.547587771045745984e-03
1.120100000000045384e+03,4.567839606847226737e-03
1.120200000000045520e+03,4.588104404736129127e-03
1.120300000000045657e+03,4.608382166021676718e-03
1.120400000000045566e+03,4.628672892012860619e-03
1.120500000000045475e+03,4.649070663823803157e-03
1.120600000000045611e+03,4.669502090914399994e-03
1.120700000000045748e+03,4.689947482693202115e-03
1.120800000000045657e+03,4.710406841421339169e-03
1.120900000000045566e+03,4.730880169359979841e-03
1.121000000000045702e+03,4.751367468777835390e-03
1.121100000000045839e+03,4.788581375222020209e-03
1.121200000000045748e+03,4.825825515866536720e-03
1.121300000000045657e+03,4.863099898827549783e-03
1.121400000000045793e+03,4.900404532221118437e-03
1.121500000000045929e+03,4.937739424162979930e-03
1.121600000000045839e+03,4.975103924916983965e-03
1.121700000000045748e+03,5.012494635949974256e-03
1.121800000000045884e+03,5.049915559438705737e-03
1.121900000000046020e+03,5.087366703413100620e-03
1.122000000000045929e+03,5.124848075905848871e-03
1.122100000000045839e+03,5.168775390383441304e-03
1.122200000000045975e+03,5.212730808213652742e-03
1.122300000000046111e+03,5.256714331103575985e-03
1.122400000000046020e+03,5.300725960759184938e-03
1.122500000000045929e+03,5.344765698885555784e-03
1.122600000000046066e+03,5.388833547186659689e-03
1.122700000000046202e+03,5.432929507365153766e-03
1.122800000000046111e+03,5.477053581122582303e-03
1.122900000000046020e+03,5.521205770159590999e-03
1.123000000000046157e+03,5.565398401868718037e-03
1.123100000000046293e+03,5.602302277859812392e-03
1.123200000000046202e+03,5.639202922963586044e-03
1.123300000000046111e+03,5.676100322756226155e-03
1.123400000000046248e+03,5.712994462822271712e-03
1.123500000000046384e+03,5.749885328754441791e-03
1.123600000000046293e+03,5.786772906153809896e-03
1.123700000000046202e+03,5.823657180629994781e-03
1.123800000000046339e+03,5.860538137800941003e-03
1.123900000000046475e+03,5.897415763292787085e-03
1.124000000000046384e+03,5.934290042734022101e-03
1.124100000000046293e+03,5.958227241385476679e-03
1.124200000000046430e+03,5.982192332591639017e-03
1.124300000000046566e+03,6.006185442198903185e-03
1.124400000000046475e+03,6.030206983532188612e-03
1.124500000000046384e+03,6.054256476863299763e-03
1.124600000000046521e+03,6.078333940408525357e-03
1.124700000000046657e+03,6.102439392390903057e-03
1.124800000000046566e+03,6.126572851040323550e-03
1.124900000000046475e+03,6.150734334593647643e-03
1.125000000000046612e+03,6.174817320539588775e-03
1.125100000000046748e+03,6.172010355866036635e-03
1.125200000000046657e+03,6.169199634097438829e-03
1.125300000000046566e+03,6.166385154292370468e-03
1.125400000000046703e+03,6.163566915509306916e-03
1.125500000000046839e+03,6.160744916806589963e-03
1.125600000000046748e+03,6.157922150883634281e-03
1.125700000000046657e+03,6.155098510664954239e-03
1.125800000000046794e+03,6.152271102286302647e-03
1.125900000000046930e+03,6.149439924794774213e-03
1.126000000000046839e+03,6.146604977224247660e-03
1.126100000000046748e+03,6.115877478426584406e-03
1.126200000000046884e+03,6.085212405058197487e-03
1.126300000000047021e+03,6.054523221315691490e-03
1.126400000000046930e+03,6.023809923467668415e-03
1.126500000000046839e+03,5.993072507782370301e-03
1.126600000000046975e+03,5.962310970527817146e-03
1.126700000000047112e+03,5.931525307971935272e-03
1.126800000000047021e+03,5.900715516382435896e-03
1.126900000000046930e+03,5.869881592026670279e-03
1.127000000000047066e+03,5.839023531161575270e-03
1.127100000000047203e+03,5.786517855219097499e-03
1.127200000000047112e+03,5.733963408391259953e-03
1.127300000000047021e+03,5.681360174311349091e-03
1.127400000000047157e+03,5.628708198799064512e-03
1.127500000000047294e+03,5.576012669554424039e-03
1.127600000000047203e+03,5.523268203109141065e-03
1.127700000000047112e+03,5.470474782943698065e-03
1.127800000000047248e+03,5.417632392535304091e-03
1.127900000000047385e+03,5.364741015358161919e-03
1.128000000000047294e+03,5.311800634878363625e-03
1.128100000000047203e+03,5.248630473057310127e-03
1.128200000000047339e+03,5.185432626541134314e-03
1.128300000000047476e+03,5.122207103083751753e-03
1.128400000000047385e+03,5.059060840113423912e-03
1.128500000000047294e+03,4.995900849524857745e-03
1.128600000000047430e+03,4.932710105478214577e-03
1.128700000000047567e+03,4.869396227383575304e-03
1.128800000000047476e+03,4.806033928854193567e-03
1.128900000000047385e+03,4.742643826584409805e-03
1.129000000000047521e+03,4.679225928448214541e-03
1.129100000000047658e+03,4.625069315077083229e-03
1.129200000000047567e+03,4.570886222108147545e-03
1.129300000000047476e+03,4.516676654371801387e-03
1.129400000000047612e+03,4.462440616699172441e-03
1.129500000000047748e+03,4.408178113922373714e-03
1.129600000000047658e+03,4.353889150874255473e-03
1.129700000000047567e+03,4.299573732388171921e-03
1.129800000000047703e+03,4.245231863298197170e-03
1.129900000000047839e+03,4.190863548439407137e-03
1.130000000000047748e+03,4.136468792661274207e-03
1.130100000000047658e+03,4.110687955173544447e-03
1.130200000000047794e+03,4.084875725258682068e-03
1.130300000000047930e+03,4.059033130238321949e-03
1.130400000000047839e+03,4.033159102054741964e-03
1.130500000000047748e+03,4.007253607424577334e-03
1.130600000000047885e+03,3.981316626150834675e-03
1.130700000000048021e+03,3.955348138027979694e-03
1.130800000000047930e+03,3.929348122841857388e-03
1.130900000000047839e+03,3.903316560369543727e-03
1.131000000000047976e+03,3.877253430397796172e-03
1.131100000000048112e+03,3.889388210616859156e-03
1.131200000000048021e+03,3.901531164698569636e-03
1.131300000000047930e+03,3.913682294693805741e-03
1.131400000000048067e+03,3.925841602653692801e-03
1.131500000000048203e+03,3.938009090629537856e-03
1.131600000000048112e+03,3.950184760672899482e-03
1.131700000000048021e+03,3.962373093939198371e-03
1.131800000000048158e+03,3.974759436337005174e-03
1.131900000000048294e+03,3.987155156558667979e-03
1.132000000000048203e+03,3.999557908836437470e-03
1.132100000000048112e+03,4.050895753504354067e-03
1.132200000000048249e+03,4.102283208366615599e-03
1.132300000000048385e+03,4.153720299914231105e-03
1.132400000000048294e+03,4.205207054647833002e-03
1.132500000000048203e+03,4.256743499077899132e-03
1.132600000000048340e+03,4.308329659724544590e-03
1.132700000000048476e+03,4.359965563117264992e-03
1.132800000000048385e+03,4.411651235795199279e-03
1.132900000000048294e+03,4.463386704307350898e-03
1.133000000000048431e+03,4.515169750449357471e-03
1.133100000000048567e+03,4.590603882628802035e-03
1.133200000000048476e+03,4.666103288398423636e-03
1.133300000000048385e+03,4.741667994187696335e-03
1.133400000000048522e+03,4.817298026431024276e-03
1.133500000000048658e+03,4.892993411567419029e-03
1.133600000000048567e+03,4.968754176040802301e-03
1.133700000000048476e+03,5.044580346300385834e-03
1.133800000000048612e+03,5.120471948800316662e-03
1.133900000000048749e+03,5.196429009999318886e-03
1.134000000000048658e+03,5.272451556360031009e-03
1.134100000000048567e+03,5.346429147881700573e-03
1.134200000000048703e+03,5.420474754797536751e-03
1.134300000000048840e+03,5.494588414457583607e-03
1.134400000000048749e+03,5.568770164226221828e-03
1.134500000000048658e+03,5.643020041482498320e-03
1.134600000000048794e+03,5.717338083619796611e-03
1.134700000000048931e+03,5.791724328045504654e-03
1.134800000000048840e+03,5.866178812181355694e-03
1.134900000000048749e+03,5.940701573463771749e-03
1.135000000000048885e+03,6.015292649328977947e-03
1.135100000000049022e+03,6.060193169971465031e-03
1.135200000000048931e+03,6.105252610114537265e-03
1.135300000000048840e+03,6.150349779609819677e-03
1.135400000000048976e+03,6.195489172210889850e-03
1.135500000000049113e+03,6.240670812400914147e-03
1.135600000000049022e+03,6.285894724673295533e-03
1.135700000000048931e+03,6.331160933531831438e-03
1.135800000000049067e+03,6.376469463490575841e-03
1.135900000000049204e+03,6.421961694990730232e-03
1.136000000000049113e+03,6.467653080448858803e-03
1.136100000000049022e+03,6.471595048956438855e-03
1.136200000000049158e+03,6.475537726109334077e-03
1.136300000000049295e+03,6.479481111680884635e-03
1.136400000000049204e+03,6.483425205444293647e-03
1.136500000000049113e+03,6.487370007172674029e-03
1.136600000000049249e+03,6.491315516639019866e-03
1.136700000000049386e+03,6.495261733616191670e-03
1.136800000000049295e+03,6.499208657876944135e-03
1.136900000000049204e+03,6.503156289193916598e-03
1.137000000000049340e+03,6.507104627343000998e-03
1.137100000000049477e+03,6.517833456792468221e-03
1.137200000000049386e+03,6.528571260299324136e-03
1.137300000000049295e+03,6.539318043253865460e-03
1.137400000000049431e+03,6.550073811048827931e-03
1.137500000000049567e+03,6.560838569079395846e-03
1.137600000000049477e+03,6.571612322743225487e-03
1.137700000000049386e+03,6.582395077440450319e-03
1.137800000000049522e+03,6.593186838573736504e-03
1.137900000000049658e+03,6.603987611548118100e-03
1.138000000000049567e+03,6.614797401846669173e-03
1.138100000000049477e+03,6.778007730748383634e-03
1.138200000000049613e+03,6.941254405693621059e-03
1.138300000000049749e+03,7.104537419810154700e-03
1.138400000000049658e+03,7.267856766219838067e-03
1.138500000000049567e+03,7.431212438039399432e-03
1.138600000000049704e+03,7.594604428379658594e-03
1.138700000000049840e+03,7.758032730344782690e-03
1.138800000000049749e+03,7.921497337033050340e-03
1.138900000000049658e+03,8.084998241537581093e-03
1.139000000000049795e+03,8.248535437173049045e-03
1.139100000000049931e+03,8.869163814402203014e-03
1.139200000000049840e+03,9.490315937762582033e-03
1.139300000000049749e+03,1.011186400209799184e-02
1.139400000000049886e+03,1.073380811797513060e-02
1.139500000000050022e+03,1.135614839593120616e-02
1.139600000000049931e+03,1.197886717566478895e-02
1.139700000000049840e+03,1.260169228989722022e-02
1.139800000000049977e+03,1.322488356424993822e-02
1.139900000000050113e+03,1.384844108535121174e-02
1.140000000000050022e+03,1.447236494020166277e-02
1.140100000000049931e+03,1.590534731092819315e-02
1.140200000000050068e+03,1.733822717940657412e-02
1.140300000000050204e+03,1.877097583926390714e-02
1.140400000000050113e+03,2.020358702692108890e-02
1.140500000000050022e+03,2.163608668068373042e-02
1.140600000000050159e+03,2.306847468051273498e-02
1.140700000000050295e+03,2.450061162638956722e-02
1.140800000000050204e+03,2.593167965251549217e-02
1.140900000000050113e+03,2.736236945355203370e-02
1.141000000000050250e+03,2.879281180348802413e-02
1.141100000000050386e+03,3.112098137752512123e-02
1.141200000000050295e+03,3.344980197996817728e-02
1.141300000000050204e+03,3.577927360609168411e-02
1.141400000000050341e+03,3.810939625109203283e-02
1.141500000000050477e+03,4.043939370385533916e-02
1.141600000000050386e+03,4.276684584828174818e-02
1.141700000000050295e+03,4.509452098573263346e-02
1.141800000000050431e+03,4.742241898090455987e-02
1.141900000000050568e+03,4.974932839855872313e-02
1.142000000000050477e+03,5.207508065025863442e-02
1.142100000000050386e+03,5.484369372186440050e-02
1.142200000000050522e+03,5.761259916395741754e-02
1.142300000000050659e+03,6.038076295103327745e-02
1.142400000000050568e+03,6.314719670632817916e-02
1.142500000000050477e+03,6.591299796938357436e-02
1.142600000000050613e+03,6.867816677580225460e-02
1.142700000000050750e+03,7.144270316118411790e-02
1.142800000000050659e+03,7.420660716113873512e-02
1.142900000000050568e+03,7.696987881129775666e-02
1.143000000000050704e+03,7.973251814722213948e-02
1.143100000000050841e+03,8.233578482951470212e-02
1.143200000000050750e+03,8.493645514161135557e-02
1.143300000000050659e+03,8.753611917114696717e-02
1.143400000000050795e+03,9.013477709802968085e-02
1.143500000000050932e+03,9.273242910215608037e-02
1.143600000000050841e+03,9.532907536342270782e-02
1.143700000000050750e+03,9.792471606173808185e-02
1.143800000000050886e+03,1.005193513770103325e-01
1.143900000000051023e+03,1.031129814891361268e-01
1.144000000000050932e+03,1.057056065778132076e-01
1.144100000000050841e+03,1.079076235250573113e-01
1.144200000000050977e+03,1.101077777073534159e-01
1.144300000000051114e+03,1.123083670706448156e-01
1.144400000000051023e+03,1.145095499122452815e-01
1.144500000000050932e+03,1.167113261172472299e-01
1.144600000000051068e+03,1.189136955706480564e-01
1.144700000000051205e+03,1.211166581573401291e-01
1.144800000000051114e+03,1.233202137621207256e-01
1.144900000000051023e+03,1.255243622697022055e-01
1.145000000000051159e+03,1.277291035644954609e-01
1.145100000000051296e+03,1.295304708719109410e-01
1.145200000000051205e+03,1.313314677076340142e-01
1.145300000000051114e+03,1.331342289932400391e-01
1.145400000000051250e+03,1.349375879291982161e-01
1.145500000000051386e+03,1.367407040537806096e-01
1.145600000000051296e+03,1.385466664480794197e-01
1.145700000000051205e+03,1.403524227134206048e-01
1.145800000000051341e+03,1.421579726806463939e-01
1.145900000000051477e+03,1.439633161806549988e-01
1.146000000000051386e+03,1.457684530442860393e-01
1.146100000000051296e+03,1.473353532088597373e-01
1.146200000000051432e+03,1.489016545728180929e-01
1.146300000000051568e+03,1.504673570385695880e-01
1.146400000000051477e+03,1.520330753896164677e-01
1.146500000000051386e+03,1.535936480347543653e-01
1.146600000000051523e+03,1.551535417094479230e-01
1.146700000000051659e+03,1.567127563752880315e-01
1.146800000000051568e+03,1.582712919939983365e-01
1.146900000000051477e+03,1.598291485274430102e-01
1.147000000000051614e+03,1.613863259375974968e-01
1.147100000000051750e+03,1.629022641385587111e-01
1.147200000000051659e+03,1.644188119657946368e-01
1.147300000000051568e+03,1.659359692902664385e-01
1.147400000000051705e+03,1.674537359827337757e-01
1.147500000000051841e+03,1.689721119137482241e-01
1.147600000000051750e+03,1.704910969536603260e-01
1.147700000000051659e+03,1.720106909726261124e-01
1.147800000000051796e+03,1.735308938406001922e-01
1.147900000000051932e+03,1.750517054273284245e-01
1.148000000000051841e+03,1.765767827685616187e-01
1.148100000000051750e+03,1.779494764222672165e-01
1.148200000000051887e+03,1.793214683755409433e-01
1.148300000000052023e+03,1.806928686010957907e-01
1.148400000000051932e+03,1.820636771052544234e-01
1.148500000000051841e+03,1.834338938943589348e-01
1.148600000000051978e+03,1.848035189747643525e-01
1.148700000000052114e+03,1.861688471418566915e-01
1.148800000000052023e+03,1.875512920401006534e-01
1.148900000000051932e+03,1.889363558477188676e-01
1.149000000000052069e+03,1.903210773886256368e-01
1.149100000000052205e+03,1.916175871032748668e-01
1.149200000000052114e+03,1.929138518871008345e-01
1.149300000000052023e+03,1.942098716073543119e-01
1.149400000000052160e+03,1.955056461312592864e-01
1.149500000000052296e+03,1.968011753260085483e-01
1.149600000000052205e+03,1.981002099502925662e-01
1.149700000000052114e+03,1.993998590175570795e-01
1.149800000000052250e+03,2.007019482350509698e-01
1.149900000000052387e+03,2.020061545070044595e-01
1.150000000000052296e+03,2.033102375156764507e-01
1.150100000000052205e+03,2.044579793631115527e-01
1.150200000000052341e+03,2.056052891166123275e-01
1.150300000000052478e+03,2.067521666410214731e-01
1.150400000000052387e+03,2.078948608224474859e-01
1.150500000000052296e+03,2.090360458202948357e-01
1.150600000000052432e+03,2.101767458766608809e-01
1.150700000000052569e+03,2.113169608923076426e-01
1.150800000000052478e+03,2.124566907680155992e-01
1.150900000000052387e+03,2.135959354045903758e-01
1.151000000000052523e+03,2.147346947027633235e-01
1.151100000000052660e+03,2.156960596346970405e-01
1.151200000000052569e+03,2.166493562160617115e-01
1.151300000000052478e+03,2.175994094710775872e-01
1.151400000000052614e+03,2.185487392148158792e-01
1.151500000000052751e+03,2.194940908070320829e-01
1.151600000000052660e+03,2.204382272361750938e-01
1.151700000000052569e+03,2.213816086917683168e-01
1.151800000000052705e+03,2.223242353810414018e-01
1.151900000000052842e+03,2.232661075112107874e-01
1.152000000000052751e+03,2.242181650410158544e-01
1.152100000000052660e+03,2.250471264377739422e-01
1.152200000000052796e+03,2.258757951682840992e-01
1.152300000000052933e+03,2.267041710047439651e-01
1.152400000000052842e+03,2.275322537193492367e-01
1.152500000000052751e+03,2.283600430842963325e-01
1.152600000000052887e+03,2.291875388717807271e-01
1.152700000000053024e+03,2.300147408539901239e-01
1.152800000000052933e+03,2.308381001088925244e-01
1.152900000000052842e+03,2.316593764498057206e-01
1.153000000000052978e+03,2.324803207317445997e-01
1.153100000000053114e+03,2.331099361242579826e-01
1.153200000000053024e+03,2.337430235182687277e-01
1.153300000000052933e+03,2.343773677893019602e-01
1.153400000000053069e+03,2.350112518232761738e-01
1.153500000000053205e+03,2.356446756491757943e-01
1.153600000000053114e+03,2.362707951357340963e-01
1.153700000000053024e+03,2.368923920530791316e-01
1.153800000000053160e+03,2.375134716023150072e-01
1.153900000000053296e+03,2.381340338825388980e-01
1.154000000000053205e+03,2.387540789927744267e-01
1.154100000000053114e+03,2.392226615646940724e-01
1.154200000000053251e+03,2.396907511093416265e-01
1.154300000000053387e+03,2.401607820699361573e-01
1.154400000000053296e+03,2.406304707837456369e-01
1.154500000000053205e+03,2.410974142863602787e-01
1.154600000000053342e+03,2.415638664536877145e-01
1.154700000000053478e+03,2.420298274219612189e-01
1.154800000000053387e+03,2.424952973274059620e-01
1.154900000000053296e+03,2.429602763062394255e-01
1.155000000000053433e+03,2.434247644946772871e-01
1.155100000000053569e+03,2.439006530186342281e-01
1.155200000000053478e+03,2.443734590473088941e-01
1.155300000000053387e+03,2.448437613404270130e-01
1.155400000000053524e+03,2.453131673047422856e-01
1.155500000000053660e+03,2.457765491568744132e-01
1.155600000000053569e+03,2.462399055887492250e-01
1.155700000000053478e+03,2.467032363881321577e-01
1.155800000000053615e+03,2.471665413426503699e-01
1.155900000000053751e+03,2.476298202397910764e-01
1.156000000000053660e+03,2.480930728668034602e-01
1.156100000000053569e+03,2.483698301440661615e-01
1.156200000000053706e+03,2.486463116643719551e-01
1.156300000000053842e+03,2.489225174369176230e-01
1.156400000000053751e+03,2.491984474709141584e-01
1.156500000000053660e+03,2.494741017755864321e-01
1.156600000000053797e+03,2.497754742970136610e-01
1.156700000000053933e+03,2.500810015820364995e-01
1.156800000000053842e+03,2.503890605036961925e-01
1.156900000000053751e+03,2.506999790610633383e-01
1.157000000000053888e+03,2.510107479671987996e-01
1.157100000000054024e+03,2.512949774675363734e-01
1.157200000000053933e+03,2.515791416693454186e-01
1.157300000000053842e+03,2.518632404267189262e-01
1.157400000000053979e+03,2.521472735936683973e-01
1.157500000000054115e+03,2.524312410241217330e-01
1.157600000000054024e+03,2.527176824936820942e-01
1.157700000000053933e+03,2.530108758270392388e-01
1.157800000000054069e+03,2.533066342658911174e-01
1.157900000000054206e+03,2.536023530817027583e-01
1.158000000000054115e+03,2.538980321181216748e-01
1.158100000000054024e+03,2.541172897864763525e-01
1.158200000000054160e+03,2.543364639672668903e-01
1.158300000000054297e+03,2.545555545098892591e-01
1.158400000000054206e+03,2.547815649005133465e-01
1.158500000000054115e+03,2.550180747762895717e-01
1.158600000000054251e+03,2.552545312749368578e-01
1.158700000000054388e+03,2.554909342294274799e-01
1.158800000000054297e+03,2.557272834725990429e-01
1.158900000000054206e+03,2.559638531291639207e-01
1.159000000000054342e+03,2.562005843538641692e-01
1.159100000000054479e+03,2.563456461871288505e-01
1.159200000000054388e+03,2.564842257270789627e-01
1.159300000000054297e+03,2.566113649939604224e-01
1.159400000000054433e+03,2.567383704698363300e-01
1.159500000000054570e+03,2.568652420849760198e-01
1.159600000000054479e+03,2.569919797696461061e-01
1.159700000000054388e+03,2.571185834541124815e-01
1.159800000000054524e+03,2.572450530686383741e-01
1.159900000000054661e+03,2.573712934295925847e-01
1.160000000000054570e+03,2.574912461843348321e-01
1.160100000000054479e+03,2.576414265208631926e-01
1.160200000000054615e+03,2.577915456797827409e-01
1.160300000000054752e+03,2.579416035475237123e-01
1.160400000000054661e+03,2.580916000104385710e-01
1.160500000000054570e+03,2.582415349547987904e-01
1.160600000000054706e+03,2.583914082667974066e-01
1.160700000000054843e+03,2.585412198325465205e-01
1.160800000000054752e+03,2.586943327668417281e-01
1.160900000000054661e+03,2.588559153948386538e-01
1.161000000000054797e+03,2.590174498655318236e-01
1.161100000000054933e+03,2.590956530412027448e-01
1.161200000000054843e+03,2.591720959659212786e-01
1.161300000000054752e+03,2.592484439742382407e-01
1.161400000000054888e+03,2.593246970104363114e-01
1.161500000000055024e+03,2.594008550187830719e-01
1.161600000000054933e+03,2.594783743816431176e-01
1.161700000000054843e+03,2.595603041227850794e-01
1.161800000000054979e+03,2.596421419709913359e-01
1.161900000000055115e+03,2.597238878637561643e-01
1.162000000000055024e+03,2.598055417385730648e-01
1.162100000000054933e+03,2.599193877676368447e-01
1.162200000000055070e+03,2.600245870431359130e-01
1.162300000000055206e+03,2.601194119137523741e-01
1.162400000000055115e+03,2.602166322734829618e-01
1.162500000000055024e+03,2.603232851694335936e-01
1.162600000000055161e+03,2.604298824113547295e-01
1.162700000000055297e+03,2.605364239126907733e-01
1.162800000000055206e+03,2.606429095868327828e-01
1.162900000000055115e+03,2.607493393471199683e-01
1.163000000000055252e+03,2.608557131068034440e-01
1.163100000000055388e+03,2.609011232181416284e-01
1.163200000000055297e+03,2.609454540571434777e-01
1.163300000000055206e+03,2.609847107116637921e-01
1.163400000000055343e+03,2.610236810782642358e-01
1.163500000000055479e+03,2.610625720908761327e-01
1.163600000000055388e+03,2.611008245578108622e-01
1.163700000000055297e+03,2.611387321939951378e-01
1.163800000000055434e+03,2.611765601316061169e-01
1.163900000000055570e+03,2.612143083359516615e-01
1.164000000000055479e+03,2.612512056955817452e-01
1.164100000000055388e+03,2.612463660791448650e-01
1.164200000000055525e+03,2.612414472398546517e-01
1.164300000000055661e+03,2.612364491740818973e-01
1.164400000000055570e+03,2.612313718782013905e-01
1.164500000000055479e+03,2.612262153485917504e-01
1.164600000000055616e+03,2.612209795816368696e-01
1.164700000000055752e+03,2.612156645737245264e-01
1.164800000000055661e+03,2.612102703212462185e-01
1.164900000000055570e+03,2.612047968205993276e-01
1.165000000000055707e+03,2.611992440682052719e-01
1.165100000000055843e+03,2.612308290183994464e-01
1.165200000000055752e+03,2.612623437868861198e-01
1.165300000000055661e+03,2.612937883342236201e-01
1.165400000000055797e+03,2.613251626209582290e-01
1.165500000000055934e+03,2.613564666076234611e-01
1.165600000000055843e+03,2.613870833741496202e-01
1.165700000000055752e+03,2.614062551011466229e-01
1.165800000000055888e+03,2.614253546574775711e-01
1.165900000000056025e+03,2.614443820135753382e-01
1.166000000000055934e+03,2.614633371398386030e-01
1.166100000000055843e+03,2.614310061049393563e-01
1.166200000000055979e+03,2.613986052299774321e-01
1.166300000000056116e+03,2.613661345235067657e-01
1.166400000000056025e+03,2.613335169092856902e-01
1.166500000000055934e+03,2.612949141192950631e-01
1.166600000000056070e+03,2.612562432972304061e-01
1.166700000000056207e+03,2.612069576830294282e-01
1.166800000000056116e+03,2.611365191682972209e-01
1.166900000000056025e+03,2.610660256563332449e-01
1.167000000000056161e+03,2.609954771831486942e-01
1.167100000000056298e+03,2.610188721472809226e-01
1.167200000000056207e+03,2.610421962778199934e-01
1.167300000000056116e+03,2.610537841449428464e-01
1.167400000000056252e+03,2.610649915443414293e-01
1.167500000000056389e+03,2.610761264225605616e-01
1.167600000000056298e+03,2.610871887494306542e-01
1.167700000000056207e+03,2.610981784947796203e-01
1.167800000000056343e+03,2.611087601713548700e-01
1.167900000000056480e+03,2.611132769873458215e-01
1.168000000000056389e+03,2.611177204048513167e-01
1.168100000000056298e+03,2.610939202689662730e-01
1.168200000000056434e+03,2.610692898691274189e-01
1.168300000000056571e+03,2.610445994191438746e-01
1.168400000000056480e+03,2.610198489210288075e-01
1.168500000000056389e+03,2.609950383767983273e-01
1.168600000000056525e+03,2.609701677884732618e-01
1.168700000000056662e+03,2.609452371580782137e-01
1.168800000000056571e+03,2.609202464876421157e-01
1.168900000000056480e+03,2.608951957791985632e-01
1.169000000000056616e+03,2.608700850347429601e-01
1.169100000000056752e+03,2.607734186610654592e-01
1.169200000000056662e+03,2.606767280727863012e-01
1.169300000000056571e+03,2.605800133048053469e-01
1.169400000000056707e+03,2.604832743920076910e-01
1.169500000000056843e+03,2.603865113692614974e-01
1.169600000000056752e+03,2.602897242714194981e-01
1.169700000000056662e+03,2.601877882237395023e-01
1.169800000000056798e+03,2.600849875755655849e-01
1.169900000000056934e+03,2.599821672192474398e-01
1.170000000000056843e+03,2.598793271914180414e-01
1.170100000000056752e+03,2.597813483949831803e-01
1.170200000000056889e+03,2.596840666336412418e-01
1.170300000000057025e+03,2.595867691801749255e-01
1.170400000000056934e+03,2.594894560623189905e-01
1.170500000000056843e+03,2.593921273077922085e-01
1.170600000000056980e+03,2.592947829442986407e-01
1.170700000000057116e+03,2.591974229995287482e-01
1.170800000000057025e+03,2.591000475011564497e-01
1.170900000000056934e+03,2.590026564768426187e-01
1.171000000000057071e+03,2.589052499542513486e-01
1.171100000000057207e+03,2.588422080498510858e-01
1.171200000000057116e+03,2.587804613966680489e-01
1.171300000000057025e+03,2.587236231652400020e-01
1.171400000000057162e+03,2.586667463581011073e-01
1.171500000000057298e+03,2.586098309864043321e-01
1.171600000000057207e+03,2.585528770613038652e-01
1.171700000000057116e+03,2.584958845939564487e-01
1.171800000000057253e+03,2.584388535955197685e-01
1.171900000000057389e+03,2.583817840771552854e-01
1.172000000000057298e+03,2.583246760500026995e-01
1.172100000000057207e+03,2.582271526511850657e-01
1.172200000000057344e+03,2.581296209464380986e-01
1.172300000000057480e+03,2.580320809530767812e-01
1.172400000000057389e+03,2.579520254594520057e-01
1.172500000000057298e+03,2.578732307110637167e-01
1.172600000000057435e+03,2.577944150389279154e-01
1.172700000000057571e+03,2.577155784569575281e-01
1.172800000000057480e+03,2.576364685464377358e-01
1.172900000000057389e+03,2.575655320666964676e-01
1.173000000000057526e+03,2.574980691838276714e-01
1.173100000000057662e+03,2.574055378050432719e-01
1.173200000000057571e+03,2.573145709753184573e-01
1.173300000000057480e+03,2.572263731942241449e-01
1.173400000000057616e+03,2.571381610691219621e-01
1.173500000000057753e+03,2.570458724556592967e-01
1.173600000000057662e+03,2.569513997079141965e-01
1.173700000000057571e+03,2.568647704910316243e-01
1.173800000000057707e+03,2.567820704842637136e-01
1.173900000000057844e+03,2.566993527234618933e-01
1.174000000000057753e+03,2.566166172204309426e-01
1.174100000000057662e+03,2.565110259278822191e-01
1.174200000000057798e+03,2.564054438405997671e-01
1.174300000000057935e+03,2.562998709680620046e-01
1.174400000000057844e+03,2.561943073197425202e-01
1.174500000000057753e+03,2.560998167794186209e-01
1.174600000000057889e+03,2.560119058957631699e-01
1.174700000000058026e+03,2.559239905308459129e-01
1.174800000000057935e+03,2.558360706950550956e-01
1.174900000000057844e+03,2.557481463987780756e-01
1.175000000000057980e+03,2.556602176524456205e-01
1.175100000000058117e+03,2.556520736568375085e-01
1.175200000000058026e+03,2.556438979642835507e-01
1.175300000000057935e+03,2.556391447283895557e-01
1.175400000000058071e+03,2.556367753572779677e-01
1.175500000000058208e+03,2.556343313396259864e-01
1.175600000000058117e+03,2.556314088833769316e-01
1.175700000000058026e+03,2.556284541189819404e-01
1.175800000000058162e+03,2.556254670329132783e-01
1.175900000000058299e+03,2.556224476116418787e-01
1.176000000000058208e+03,2.556193958416078660e-01
1.176100000000058117e+03,2.555670606930198763e-01
1.176200000000058253e+03,2.555147128395380829e-01
1.176300000000058390e+03,2.554623522829090332e-01
1.176400000000058299e+03,2.554099790248799406e-01
1.176500000000058208e+03,2.553575930671987404e-01
1.176600000000058344e+03,2.553051944116130900e-01
1.176700000000058481e+03,2.552527830598712022e-01
1.176800000000058390e+03,2.552003590137223443e-01
1.176900000000058299e+03,2.551629724115628273e-01
1.177000000000058435e+03,2.551290860528280802e-01
1.177100000000058571e+03,2.551427192225505514e-01
1.177200000000058481e+03,2.551563295212955773e-01
1.177300000000058390e+03,2.551699169348513596e-01
1.177400000000058526e+03,2.551834814489998826e-01
1.177500000000058662e+03,2.551970230495179681e-01
1.177600000000058571e+03,2.552105417221782746e-01
1.177700000000058481e+03,2.552240374527462996e-01
1.177800000000058617e+03,2.552375102269839324e-01
1.177900000000058753e+03,2.552509600306467341e-01
1.178000000000058662e+03,2.552643868495028667e-01
1.178100000000058571e+03,2.553079987350054258e-01
1.178200000000058708e+03,2.553502914414897407e-01
1.178300000000058844e+03,2.553925271159852017e-01
1.178400000000058753e+03,2.554347721260528115e-01
1.178500000000058662e+03,2.554744675426034450e-01
1.178600000000058799e+03,2.555108341545975215e-01
1.178700000000058935e+03,2.555471882152690055e-01
1.178800000000058844e+03,2.555835297133322581e-01
1.178900000000058753e+03,2.556198586374968107e-01
1.179000000000058890e+03,2.556561749764608149e-01
1.179100000000059026e+03,2.556806436975847530e-01
1.179200000000058935e+03,2.557004455599251047e-01
1.179300000000058844e+03,2.557202304453479180e-01
1.179400000000058981e+03,2.557409283101648723e-01
1.179500000000059117e+03,2.557650113225297117e-01
1.179600000000059026e+03,2.557890780386028462e-01
1.179700000000058935e+03,2.558131284493562752e-01
1.179800000000059072e+03,2.558371625457598886e-01
1.179900000000059208e+03,2.558611803187803013e-01
1.180000000000059117e+03,2.558851817594016698e-01
1.180100000000059026e+03,2.559410529290211400e-01
1.180200000000059163e+03,2.559931442315380723e-01
1.180300000000059299e+03,2.560392117293776026e-01
1.180400000000059208e+03,2.560850818437448440e-01
1.180500000000059117e+03,2.561309435686414115e-01
1.180600000000059254e+03,2.561767968956107921e-01
1.180700000000059390e+03,2.562226418161914765e-01
1.180800000000059299e+03,2.562684783219188467e-01
1.180900000000059208e+03,2.563143064043256203e-01
1.181000000000059345e+03,2.563601260549515648e-01
1.181100000000059481e+03,2.564237438975624506e-01
1.181200000000059390e+03,2.564873613918797757e-01
1.181300000000059299e+03,2.565509785278355381e-01
1.181400000000059435e+03,2.566145952953561293e-01
1.181500000000059572e+03,2.566782116843616124e-01
1.181600000000059481e+03,2.567418276847657777e-01
1.181700000000059390e+03,2.568037962588077261e-01
1.181800000000059526e+03,2.568615221074204147e-01
1.181900000000059663e+03,2.569192448903785397e-01
1.182000000000059572e+03,2.569769645977118544e-01
1.182100000000059481e+03,2.569126906477279260e-01
1.182200000000059617e+03,2.568484222568009900e-01
1.182300000000059754e+03,2.567841594269353322e-01
1.182400000000059663e+03,2.567199021601347386e-01
1.182500000000059572e+03,2.566599073096356154e-01
1.182600000000059708e+03,2.566133077686240105e-01
1.182700000000059845e+03,2.565667054994691942e-01
1.182800000000059754e+03,2.565201005049060901e-01
1.182900000000059663e+03,2.564734927876685666e-01
1.183000000000059799e+03,2.564268823505316264e-01
1.183100000000059936e+03,2.564471468713643842e-01
1.183200000000059845e+03,2.564674071171416658e-01
1.183300000000059754e+03,2.564912356038600572e-01
1.183400000000059890e+03,2.565291245696136313e-01
1.183500000000060027e+03,2.565670117687531282e-01
1.183600000000059936e+03,2.566056968963533746e-01
1.183700000000059845e+03,2.566498002945272194e-01
1.183800000000059981e+03,2.566939037529449852e-01
1.183900000000060118e+03,2.567380072683952408e-01
1.184000000000060027e+03,2.567821108376556194e-01
1.184100000000059936e+03,2.568109288907899357e-01
1.184200000000060072e+03,2.568446605417022410e-01
1.184300000000060209e+03,2.568783874877992313e-01
1.184400000000060118e+03,2.569121097252929919e-01
1.184500000000060027e+03,2.569458272503942209e-01
1.184600000000060163e+03,2.569795400593137824e-01
1.184700000000060299e+03,2.570132481482606535e-01
1.184800000000060209e+03,2.570469515134439220e-01
1.184900000000060118e+03,2.570806501510715658e-01
1.185000000000060254e+03,2.571143440573211980e-01
1.185100000000060390e+03,2.570990256445476185e-01
1.185200000000060299e+03,2.570836958555817731e-01
1.185300000000060209e+03,2.570683546903868577e-01
1.185400000000060345e+03,2.570530021489274008e-01
1.185500000000060481e+03,2.570376382311684305e-01
1.185600000000060390e+03,2.570222629370758072e-01
1.185700000000060299e+03,2.570068762666167239e-01
1.185800000000060436e+03,2.569914782197576519e-01
1.185900000000060572e+03,2.569796046005494161e-01
1.186000000000060481e+03,2.569704085390578374e-01
1.186100000000060390e+03,2.570058168350025096e-01
1.186200000000060527e+03,2.570412209641227408e-01
1.186300000000060663e+03,2.570766209223208643e-01
1.186400000000060572e+03,2.571120167054965489e-01
1.186500000000060481e+03,2.571474083095496299e-01
1.186600000000060618e+03,2.571828212973016337e-01
1.186700000000060754e+03,2.572184502947384988e-01
1.186800000000060663e+03,2.572540751684664340e-01
1.186900000000060572e+03,2.572896959143677886e-01
1.187000000000060709e+03,2.573217272159101232e-01
1.187100000000060845e+03,2.573673096691072582e-01
1.187200000000060754e+03,2.574128921434735706e-01
1.187300000000060663e+03,2.574584178504341070e-01
1.187400000000060800e+03,2.574981129685929293e-01
1.187500000000060936e+03,2.575378068215323224e-01
1.187600000000060845e+03,2.575774994062546286e-01
1.187700000000060754e+03,2.576171907197606914e-01
1.187800000000060891e+03,2.576568807590514099e-01
1.187900000000061027e+03,2.576965695211260732e-01
1.188000000000060936e+03,2.577362570029921862e-01
1.188100000000060845e+03,2.577918709521569984e-01
1.188200000000060982e+03,2.578303264220190294e-01
1.188300000000061118e+03,2.578682734225519746e-01
1.188400000000061027e+03,2.579062234650755792e-01
1.188500000000060936e+03,2.579443261297568180e-01
1.188600000000061073e+03,2.579825287650330812e-01
1.188700000000061209e+03,2.580207345135174801e-01
1.188800000000061118e+03,2.580589433748167738e-01
1.188900000000061027e+03,2.580971553485382763e-01
1.189000000000061164e+03,2.581408702931591304e-01
1.189100000000061300e+03,2.581751964209265116e-01
1.189200000000061209e+03,2.582095255336916417e-01
1.189300000000061118e+03,2.582484038802574378e-01
1.189400000000061254e+03,2.582889936954310128e-01
1.189500000000061391e+03,2.583295881588124066e-01
1.189600000000061300e+03,2.583701872706791192e-01
1.189700000000061209e+03,2.584107910313095391e-01
1.189800000000061345e+03,2.584302918131842208e-01
1.189900000000061482e+03,2.584472877000050794e-01
1.190000000000061391e+03,2.584642840514325690e-01
1.190100000000061300e+03,2.585020174879641974e-01
1.190200000000061436e+03,2.585397534011785736e-01
1.190300000000061573e+03,2.585774646580284997e-01
1.190400000000061482e+03,2.586149318438676903e-01
1.190500000000061391e+03,2.586523178794786215e-01
1.190600000000061527e+03,2.586694918155006961e-01
1.190700000000061664e+03,2.586832437141755592e-01
1.190800000000061573e+03,2.586969929528457057e-01
1.190900000000061482e+03,2.587107395314038327e-01
1.191000000000061618e+03,2.587244834497705592e-01
1.191100000000061755e+03,2.587859822979654556e-01
1.191200000000061664e+03,2.588474893859902815e-01
1.191300000000061573e+03,2.589090047141714979e-01
1.191400000000061709e+03,2.589753603213273969e-01
1.191500000000061846e+03,2.590407248337915913e-01
1.191600000000061755e+03,2.590956433440677054e-01
1.191700000000061664e+03,2.591505675464444991e-01
1.191800000000061800e+03,2.592054974410104573e-01
1.191900000000061937e+03,2.592604330278532321e-01
1.192000000000061846e+03,2.593153743070578665e-01
1.192100000000061755e+03,2.593648115699327406e-01
1.192200000000061891e+03,2.594094874921458738e-01
1.192300000000062028e+03,2.594527528831655494e-01
1.192400000000061937e+03,2.594960184775019219e-01
1.192500000000061846e+03,2.595392842744479456e-01
1.192600000000061982e+03,2.595825502732962420e-01
1.192700000000062118e+03,2.596258164733400431e-01
1.192800000000062028e+03,2.596690828738723034e-01
1.192900000000061937e+03,2.597123494741854222e-01
1.193000000000062073e+03,2.597600063394354675e-01
1.193100000000062209e+03,2.598000898008869797e-01
1.193200000000062118e+03,2.598401726204191964e-01
1.193300000000062028e+03,2.598802547974384258e-01
1.193400000000062164e+03,2.599203363313519755e-01
1.193500000000062300e+03,2.599604172215668196e-01
1.193600000000062209e+03,2.600004974674898217e-01
1.193700000000062118e+03,2.600405770685280671e-01
1.193800000000062255e+03,2.600768425364269887e-01
1.193900000000062391e+03,2.601106239194171388e-01
1.194000000000062300e+03,2.601444602848178023e-01
1.194100000000062209e+03,2.602085879921723910e-01
1.194200000000062346e+03,2.602727249859334568e-01
1.194300000000062482e+03,2.603368712662475493e-01
1.194400000000062391e+03,2.604010268332602185e-01
1.194500000000062300e+03,2.604651916871182915e-01
1.194600000000062437e+03,2.605333104494170215e-01
1.194700000000062573e+03,2.606034517721252386e-01
1.194800000000062482e+03,2.606736055894324222e-01
1.194900000000062391e+03,2.607417177085023519e-01
1.195000000000062528e+03,2.608055821593002754e-01
1.195100000000062664e+03,2.607770456345613330e-01
1.195200000000062573e+03,2.607485066179037192e-01
1.195300000000062482e+03,2.607199651114034400e-01
1.195400000000062619e+03,2.606951384722657195e-01
1.195500000000062755e+03,2.606725503453179438e-01
1.195600000000062664e+03,2.606499586110611610e-01
1.195700000000062573e+03,2.606273632713471677e-01
1.195800000000062710e+03,2.606047643280265391e-01
1.195900000000062846e+03,2.605821617829503500e-01
1.196000000000062755e+03,2.605592709770623849e-01
1.196100000000062664e+03,2.605952808005337351e-01
1.196200000000062801e+03,2.606277991892057000e-01
1.196300000000062937e+03,2.606578402274692952e-01
1.196400000000062846e+03,2.606878748372443155e-01
1.196500000000062755e+03,2.607179030181863699e-01
1.196600000000062892e+03,2.607479247699504010e-01
1.196700000000063028e+03,2.607779400921915736e-01
1.196800000000062937e+03,2.608079489845655519e-01
1.196900000000062846e+03,2.608379514467285554e-01
1.197000000000062983e+03,2.608646876276886073e-01
1.197100000000063119e+03,2.608435433956529104e-01
1.197200000000063028e+03,2.608223898202218227e-01
1.197300000000062937e+03,2.608012269061874555e-01
1.197400000000063073e+03,2.607800546583423085e-01
1.197500000000063210e+03,2.607588730814763278e-01
1.197600000000063119e+03,2.607376821803786826e-01
1.197700000000063028e+03,2.607164819598374872e-01
1.197800000000063164e+03,2.606983005688431332e-01
1.197900000000063301e+03,2.606830416587140875e-01
1.198000000000063210e+03,2.606677727451897075e-01
1.198100000000063119e+03,2.606694654379625442e-01
1.198200000000063255e+03,2.606711444236685660e-01
1.198300000000063392e+03,2.606819885567297490e-01
1.198400000000063301e+03,2.607025870832188619e-01
1.198500000000063210e+03,2.607231739829181660e-01
1.198600000000063346e+03,2.607402279897754749e-01
1.198700000000063483e+03,2.607535293912740526e-01
1.198800000000063392e+03,2.607668180833596083e-01
1.198900000000063301e+03,2.607800940664538047e-01
1.199000000000063437e+03,2.607933573408839356e-01
1.199100000000063574e+03,2.606572630415313063e-01
1.199200000000063483e+03,2.605212040376346794e-01
1.199300000000063392e+03,2.603851803426186495e-01
1.199400000000063528e+03,2.602530434891134892e-01
1.199500000000063665e+03,2.601293386098906257e-01
1.199600000000063574e+03,2.600055018682572716e-01
1.199700000000063483e+03,2.598815952153578079e-01
1.199800000000063619e+03,2.597577120430188402e-01
1.199900000000063756e+03,2.596338523684935673e-01
1.200000000000063665e+03,2.595100162091105167e-01
1.200100000000063574e+03,2.595312581248565009e-01
1.200200000000063710e+03,2.595524864462134818e-01
1.200300000000063847e+03,2.595737011752572987e-01
1.200400000000063756e+03,2.595949023140632916e-01
1.200500000000063665e+03,2.596160898647054127e-01
1.200600000000063801e+03,2.596430742742673048e-01
1.200700000000063937e+03,2.596705249687673578e-01
1.200800000000063847e+03,2.596979631055177373e-01
1.200900000000063756e+03,2.597253886856046301e-01
1.201000000000063892e+03,2.597507005108594669e-01
1.201100000000064028e+03,2.598165854790998042e-01
1.201200000000063937e+03,2.598824702113973761e-01
1.201300000000063847e+03,2.599483547046801402e-01
1.201400000000063983e+03,2.600142705452948566e-01
1.201500000000064119e+03,2.600804030299136427e-01
1.201600000000064028e+03,2.601465353920642820e-01
1.201700000000063937e+03,2.602207789843044572e-01
1.201800000000064074e+03,2.603032729244849075e-01
1.201900000000064210e+03,2.603939339319479851e-01
1.202000000000064119e+03,2.604846091439042555e-01
1.202100000000064028e+03,2.605139431415050555e-01
1.202200000000064165e+03,2.605432583246036216e-01
1.202300000000064301e+03,2.605725546926125902e-01
1.202400000000064210e+03,2.606018322449456526e-01
1.202500000000064119e+03,2.606310909810183318e-01
1.202600000000064256e+03,2.606669257453245181e-01
1.202700000000064392e+03,2.607199999887239161e-01
1.202800000000064301e+03,2.607730622125384312e-01
1.202900000000064210e+03,2.608261124115555663e-01
1.203000000000064347e+03,2.608791505805826416e-01
1.203100000000064483e+03,2.609624440284122882e-01
1.203200000000064392e+03,2.610457395056289265e-01
1.203300000000064301e+03,2.611288798242181741e-01
1.203400000000064438e+03,2.612233002210128663e-01
1.203500000000064574e+03,2.613541593559436937e-01
1.203600000000064483e+03,2.614850536316601359e-01
1.203700000000064392e+03,2.616159830428219646e-01
1.203800000000064529e+03,2.617469475840786264e-01
1.203900000000064665e+03,2.618779472500688543e-01
1.204000000000064574e+03,2.620089820354484789e-01
1.204100000000064483e+03,2.621809436184711628e-01
1.204200000000064620e+03,2.623541745345681075e-01
1.204300000000064756e+03,2.625322835501650576e-01
1.204400000000064665e+03,2.627104736587981271e-01
1.204500000000064574e+03,2.628887448734288923e-01
1.204600000000064711e+03,2.630670972070024427e-01
1.204700000000064847e+03,2.632455306724476030e-01
1.204800000000064756e+03,2.634240452826752121e-01
1.204900000000064665e+03,2.636026410505822870e-01
1.205000000000064801e+03,2.637803497046892209e-01
1.205100000000064938e+03,2.639693942109165303e-01
1.205200000000064847e+03,2.641583135962827789e-01
1.205300000000064756e+03,2.643473263754947400e-01
1.205400000000064892e+03,2.645364325668357330e-01
1.205500000000065029e+03,2.647256321885667618e-01
1.205600000000064938e+03,2.649149252589302894e-01
1.205700000000064847e+03,2.651043117961485174e-01
1.205800000000064983e+03,2.652900939502743638e-01
1.205900000000065120e+03,2.654493834694588439e-01
1.206000000000065029e+03,2.656087310751765185e-01
1.206100000000064938e+03,2.656845099703309399e-01
1.206200000000065074e+03,2.657602789498185736e-01
1.206300000000065211e+03,2.658360380016049906e-01
1.206400000000065120e+03,2.659117871136522648e-01
1.206500000000065029e+03,2.659875262739205826e-01
1.206600000000065165e+03,2.660632554703677433e-01
1.206700000000065302e+03,2.661389746909481047e-01
1.206800000000065211e+03,2.662146839236135820e-01
1.206900000000065120e+03,2.662903831563127044e-01
1.207000000000065256e+03,2.663662341782970233e-01
1.207100000000065393e+03,2.664604882669787678e-01
1.207200000000065302e+03,2.665547483221549774e-01
1.207300000000065211e+03,2.666490143368158705e-01
1.207400000000065347e+03,2.667432863039496116e-01
1.207500000000065484e+03,2.668375642165403683e-01
1.207600000000065393e+03,2.669318480675699767e-01
1.207700000000065302e+03,2.670261378500177751e-01
1.207800000000065438e+03,2.671204335568603816e-01
1.207900000000065575e+03,2.672147351810708615e-01
1.208000000000065484e+03,2.673090427156391558e-01
1.208100000000065393e+03,2.674337163599873612e-01
1.208200000000065529e+03,2.675584593580314086e-01
1.208300000000065666e+03,2.676892926390463390e-01
1.208400000000065575e+03,2.678201611980459695e-01
1.208500000000065484e+03,2.679323849550610537e-01
1.208600000000065620e+03,2.680438825116986945e-01
1.208700000000065756e+03,2.681553985557449948e-01
1.208800000000065666e+03,2.682669686385940611e-01
1.208900000000065575e+03,2.683787780547619573e-01
1.209000000000065711e+03,2.684906061644565800e-01
1.209100000000065847e+03,2.685934387857730199e-01
1.209200000000065756e+03,2.686958913718968667e-01
1.209300000000065666e+03,2.687983571709206543e-01
1.209400000000065802e+03,2.689008361811998093e-01
1.209500000000065938e+03,2.690032470784101126e-01
1.209600000000065847e+03,2.691095280897940478e-01
1.209700000000065756e+03,2.692178981483999145e-01
1.209800000000065893e+03,2.693262858355259803e-01
1.209900000000066029e+03,2.694175912197688261e-01
1.210000000000065938e+03,2.695076201365489421e-01
1.210100000000065847e+03,2.695790825956677073e-01
1.210200000000065984e+03,2.696505322740006538e-01
1.210300000000066120e+03,2.697219691665663222e-01
1.210400000000066029e+03,2.697933932683843072e-01
1.210500000000065938e+03,2.698648045744752033e-01
1.210600000000066075e+03,2.699362030798601597e-01
1.210700000000066211e+03,2.699686980272968384e-01
1.210800000000066120e+03,2.700034182908770397e-01
1.210900000000066029e+03,2.700381099744637581e-01
1.211000000000066166e+03,2.700727730810253968e-01
1.211100000000066302e+03,2.701815715105935767e-01
1.211200000000066211e+03,2.702903823619232093e-01
1.211300000000066120e+03,2.703992056306983027e-01
1.211400000000066257e+03,2.705080413126002559e-01
1.211500000000066393e+03,2.706116387384415733e-01
1.211600000000066302e+03,2.707143321949700976e-01
1.211700000000066211e+03,2.708170327184339365e-01
1.211800000000066348e+03,2.709221094954954445e-01
1.211900000000066484e+03,2.710444611678332061e-01
1.212000000000066393e+03,2.711668344586709578e-01
1.212100000000066302e+03,2.712783015458788971e-01
1.212200000000066439e+03,2.713897776347525270e-01
1.212300000000066575e+03,2.715113252010955547e-01
1.212400000000066484e+03,2.716351991448907044e-01
1.212500000000066393e+03,2.717590937359062320e-01
1.212600000000066530e+03,2.718830089707754416e-01
1.212700000000066666e+03,2.720069448461291395e-01
1.212800000000066575e+03,2.721309013585972991e-01
1.212900000000066484e+03,2.722548785048083397e-01
1.213000000000066620e+03,2.723844007581689985e-01
1.213100000000066757e+03,2.725578332287748595e-01
1.213200000000066666e+03,2.727369351119749985e-01
1.213300000000066575e+03,2.729161191390163110e-01
1.213400000000066711e+03,2.730953853370530759e-01
1.213500000000066848e+03,2.732747337332442905e-01
1.213600000000066757e+03,2.734541643547554468e-01
1.213700000000066666e+03,2.736336772287582542e-01
1.213800000000066802e+03,2.738132723824321380e-01
1.213900000000066939e+03,2.739883532103820629e-01
1.214000000000066848e+03,2.741618633876464206e-01
1.214100000000066757e+03,2.743325816281468876e-01
1.214200000000066893e+03,2.745033718032030001e-01
1.214300000000067030e+03,2.746742339335486727e-01
1.214400000000066939e+03,2.748451680399225383e-01
1.214500000000066848e+03,2.750161741430670048e-01
1.214600000000066984e+03,2.751872522637278107e-01
1.214700000000067121e+03,2.753584024226540805e-01
1.214800000000067030e+03,2.755296246405971039e-01
1.214900000000066939e+03,2.757009189383143877e-01
1.215000000000067075e+03,2.758722853366169514e-01
1.215100000000067212e+03,2.761203971553831127e-01
1.215200000000067121e+03,2.763705534434638955e-01
1.215300000000067030e+03,2.766256954372245946e-01
1.215400000000067166e+03,2.768810300517210998e-01
1.215500000000067303e+03,2.771365574059039827e-01
1.215600000000067212e+03,2.773922776187822681e-01
1.215700000000067121e+03,2.776481908094251549e-01
1.215800000000067257e+03,2.779042970969595183e-01
1.215900000000067394e+03,2.781605966005721853e-01
1.216000000000067303e+03,2.784170894394016327e-01
1.216100000000067212e+03,2.785177943187814309e-01
1.216200000000067348e+03,2.786185740250677889e-01
1.216300000000067485e+03,2.787198010923876978e-01
1.216400000000067394e+03,2.788411538341407092e-01
1.216500000000067303e+03,2.789625257813133086e-01
1.216600000000067439e+03,2.790839055600651264e-01
1.216700000000067575e+03,2.792037217478849920e-01
1.216800000000067485e+03,2.793204002689785304e-01
1.216900000000067394e+03,2.794370825901793531e-01
1.217000000000067530e+03,2.795537686941728106e-01
1.217100000000067666e+03,2.797442835547458428e-01
1.217200000000067575e+03,2.799322242626235968e-01
1.217300000000067485e+03,2.801202539138990533e-01
1.217400000000067621e+03,2.803083725375086765e-01
1.217500000000067757e+03,2.805014319685316115e-01
1.217600000000067666e+03,2.806964822507778123e-01
1.217700000000067575e+03,2.808916294636599198e-01
1.217800000000067712e+03,2.810868736404791290e-01
1.217900000000067848e+03,2.812856986755269406e-01
1.218000000000067757e+03,2.814875551097496542e-01
1.218100000000067666e+03,2.816388856045169420e-01
1.218200000000067803e+03,2.817901670119135060e-01
1.218300000000067939e+03,2.819414925958751983e-01
1.218400000000067848e+03,2.820928623589711859e-01
1.218500000000067757e+03,2.822442763037674163e-01
1.218600000000067894e+03,2.823957344328305585e-01
1.218700000000068030e+03,2.825537900331164254e-01
1.218800000000067939e+03,2.827181510474874315e-01
1.218900000000067848e+03,2.828822690723076239e-01
1.219000000000067985e+03,2.830464452666926478e-01
1.219100000000068121e+03,2.832749183531914627e-01
1.219200000000068030e+03,2.835035346860742544e-01
1.219300000000067939e+03,2.837322943336078596e-01
1.219400000000068076e+03,2.839611973640804865e-01
1.219500000000068212e+03,2.841902438458027147e-01
1.219600000000068121e+03,2.844194338471076611e-01
1.219700000000068030e+03,2.846476848039167229e-01
1.219800000000068167e+03,2.848703255697384029e-01
1.219900000000068303e+03,2.850931005722363021e-01
1.220000000000068212e+03,2.853160098725874283e-01
1.220100000000068121e+03,2.854133500237290288e-01
1.220200000000068258e+03,2.855106828219591275e-01
1.220300000000068394e+03,2.856080082535479292e-01
1.220400000000068303e+03,2.857053263047623082e-01
1.220500000000068212e+03,2.858026369618736906e-01
1.220600000000068349e+03,2.858999402111513932e-01
1.220700000000068485e+03,2.859972360388651214e-01
1.220800000000068394e+03,2.860945244312858016e-01
1.220900000000068303e+03,2.861797567844004964e-01
1.221000000000068439e+03,2.862633043187688409e-01
1.221100000000068576e+03,2.864310682716765255e-01
1.221200000000068485e+03,2.866028834037470108e-01
1.221300000000068394e+03,2.867747641345518295e-01
1.221400000000068530e+03,2.869467104743582686e-01
1.221500000000068667e+03,2.871187224334253441e-01
1.221600000000068576e+03,2.872908000220076863e-01
1.221700000000068485e+03,2.874629432503547077e-01
1.221800000000068621e+03,2.876351521287095481e-01
1.221900000000068758e+03,2.878074266673087411e-01
1.222000000000068667e+03,2.879673967551400482e-01
1.222100000000068576e+03,2.880717688715531133e-01
1.222200000000068712e+03,2.881761513677232323e-01
1.222300000000068849e+03,2.882805442379339222e-01
1.222400000000068758e+03,2.883849474764644261e-01
1.222500000000068667e+03,2.884893610775933204e-01
1.222600000000068803e+03,2.885937850355957401e-01
1.222700000000068940e+03,2.886982193447433787e-01
1.222800000000068849e+03,2.888026639993045985e-01
1.222900000000068758e+03,2.889071189935464856e-01
1.223000000000068894e+03,2.890115843217402891e-01
1.223100000000069031e+03,2.891260955400311028e-01
1.223200000000068940e+03,2.892359017433049351e-01
1.223300000000068849e+03,2.893457241861717155e-01
1.223400000000068985e+03,2.894555628661439339e-01
1.223500000000069122e+03,2.895654177807308050e-01
1.223600000000069031e+03,2.896752889274409326e-01
1.223700000000068940e+03,2.897851763037806450e-01
1.223800000000069076e+03,2.898950799072538831e-01
1.223900000000069213e+03,2.900049997353633668e-01
1.224000000000069122e+03,2.901149357855940525e-01
1.224100000000069031e+03,2.902034128121693257e-01
1.224200000000069167e+03,2.902931890784300473e-01
1.224300000000069303e+03,2.904195186660022965e-01
1.224400000000069213e+03,2.905560073430942247e-01
1.224500000000069122e+03,2.906925345401880079e-01
1.224600000000069258e+03,2.908291002608502929e-01
1.224700000000069394e+03,2.909657045086455618e-01
1.224800000000069303e+03,2.911023472871369644e-01
1.224900000000069213e+03,2.912390285998863182e-01
1.225000000000069349e+03,2.913757484504770900e-01
1.225100000000069485e+03,2.915442831129588241e-01
1.225200000000069394e+03,2.917075502934089459e-01
1.225300000000069303e+03,2.918708841207685589e-01
1.225400000000069440e+03,2.920395670510046449e-01
1.225500000000069576e+03,2.922100190728996738e-01
1.225600000000069485e+03,2.923805445026280148e-01
1.225700000000069394e+03,2.925511433625171964e-01
1.225800000000069531e+03,2.927218156748986888e-01
1.225900000000069667e+03,2.928925614621087359e-01
1.226000000000069576e+03,2.930633807464999019e-01
1.226100000000069485e+03,2.932553136515831382e-01
1.226200000000069622e+03,2.934473459966652764e-01
1.226300000000069758e+03,2.936394778214984624e-01
1.226400000000069667e+03,2.938317091658459446e-01
1.226500000000069576e+03,2.940137822911995658e-01
1.226600000000069713e+03,2.941848662785016000e-01
1.226700000000069849e+03,2.943552298376384546e-01
1.226800000000069758e+03,2.945197624467160713e-01
1.226900000000069667e+03,2.946843644916689042e-01
1.227000000000069804e+03,2.948490359942042560e-01
1.227100000000069940e+03,2.949653052518044216e-01
1.227200000000069849e+03,2.950815934578349675e-01
1.227300000000069758e+03,2.951979006071484002e-01
1.227400000000069895e+03,2.953142266945939509e-01
1.227500000000070031e+03,2.954305717150177979e-01
1.227600000000069940e+03,2.955455519239756357e-01
1.227700000000069849e+03,2.956548822315324676e-01
1.227800000000069986e+03,2.957642270254998706e-01
1.227900000000070122e+03,2.958735863004186561e-01
1.228000000000070031e+03,2.959829600508890879e-01
1.228100000000069940e+03,2.961785744591690084e-01
1.228200000000070077e+03,2.963742957618128449e-01
1.228300000000070213e+03,2.965698418681102511e-01
1.228400000000070122e+03,2.967590230187616696e-01
1.228500000000070031e+03,2.969483025883187244e-01
1.228600000000070168e+03,2.971376806168281592e-01
1.228700000000070304e+03,2.973271571443486527e-01
1.228800000000070213e+03,2.975167322109509849e-01
1.228900000000070122e+03,2.977064058567165383e-01
1.229000000000070258e+03,2.978961781216588056e-01
1.229100000000070395e+03,2.979710273532036879e-01
1.229200000000070304e+03,2.980458706539281244e-01
1.229300000000070213e+03,2.981207080151264122e-01
1.229400000000070349e+03,2.981955394280936256e-01
1.229500000000070486e+03,2.982703648841228405e-01
1.229600000000070395e+03,2.983451843745090204e-01
1.229700000000070304e+03,2.984199459087011341e-01
1.229800000000070440e+03,2.984946832700384745e-01
1.229900000000070577e+03,2.985829762397036458e-01
1.230000000000070486e+03,2.986790440946301417e-01
1.230100000000070395e+03,2.988535322436703945e-01
1.230200000000070531e+03,2.990281013685461287e-01
1.230300000000070668e+03,2.992027514973641944e-01
1.230400000000070577e+03,2.993774826582394910e-01
1.230500000000070486e+03,2.995522948792920248e-01
1.230600000000070622e+03,2.997271881886495182e-01
1.230700000000070759e+03,2.999021626144443009e-01
1.230800000000070668e+03,3.000772181848141984e-01
1.230900000000070577e+03,3.002523549279051962e-01
1.231000000000070713e+03,3.004301131013705772e-01
1.231100000000070850e+03,3.005356358681480766e-01
1.231200000000070759e+03,3.006411745328680940e-01
1.231300000000070668e+03,3.007467290915408209e-01
1.231400000000070804e+03,3.008522995401756162e-01
1.231500000000070941e+03,3.009578858747795627e-01
1.231600000000070850e+03,3.010574089007066467e-01
1.231700000000070759e+03,3.011561725531348155e-01
1.231800000000070895e+03,3.012549474803275507e-01
1.231900000000071032e+03,3.013537336774111952e-01
1.232000000000070941e+03,3.014525311395486185e-01
1.232100000000070850e+03,3.016055983040035748e-01
1.232200000000070986e+03,3.017985318228059710e-01
1.232300000000071122e+03,3.019915602309255487e-01
1.232400000000071032e+03,3.021963569338600442e-01
1.232500000000070941e+03,3.024033434460848824e-01
1.232600000000071077e+03,3.026104429582011091e-01
1.232700000000071213e+03,3.028176555154559191e-01
1.232800000000071122e+03,3.030249811631067769e-01
1.232900000000071032e+03,3.032321704858765288e-01
1.233000000000071168e+03,3.034389834140713282e-01
1.233100000000071304e+03,3.036125322610283006e-01
1.233200000000071213e+03,3.037861521661684994e-01
1.233300000000071122e+03,3.039541110154589387e-01
1.233400000000071259e+03,3.041206546655114140e-01
1.233500000000071395e+03,3.042872633394191895e-01
1.233600000000071304e+03,3.044539370500533026e-01
1.233700000000071213e+03,3.046206758102837919e-01
1.233800000000071350e+03,3.047874796329784197e-01
1.233900000000071486e+03,3.049543485310005630e-01
1.234000000000071395e+03,3.051266387536374358e-01
1.234100000000071304e+03,3.052607407627416225e-01
1.234200000000071441e+03,3.053948754132013721e-01
1.234300000000071577e+03,3.055290427007781306e-01
1.234400000000071486e+03,3.056371645154157823e-01
1.234500000000071395e+03,3.057206800090820353e-01
1.234600000000071532e+03,3.058042028233873277e-01
1.234700000000071668e+03,3.058877329528438827e-01
1.234800000000071577e+03,3.059814737284714536e-01
1.234900000000071486e+03,3.060789425840266809e-01
1.235000000000071623e+03,3.061764261282953759e-01
1.235100000000071759e+03,3.062608085090230414e-01
1.235200000000071668e+03,3.063451994758791264e-01
1.235300000000071577e+03,3.064295990246675983e-01
1.235400000000071714e+03,3.065140071511922581e-01
1.235500000000071850e+03,3.065950257690168712e-01
1.235600000000071759e+03,3.066794580628188771e-01
1.235700000000071668e+03,3.067702907836110660e-01
1.235800000000071805e+03,3.068611357234898862e-01
1.235900000000071941e+03,3.069519928787672325e-01
1.236000000000071850e+03,3.070428622457181400e-01
1.236100000000071759e+03,3.070847427376431349e-01
1.236200000000071896e+03,3.071266143411502392e-01
1.236300000000072032e+03,3.071684770514882534e-01
1.236400000000071941e+03,3.072194896566247113e-01
1.236500000000071850e+03,3.072752993340361893e-01
1.236600000000071987e+03,3.073311026370002530e-01
1.236700000000072123e+03,3.073938352928676787e-01
1.236800000000072032e+03,3.074568996836662405e-01
1.236900000000071941e+03,3.075199595170943767e-01
1.237000000000072077e+03,3.075830147861113861e-01
1.237100000000072214e+03,3.077048252227649883e-01
1.237200000000072123e+03,3.078309868911956459e-01
1.237300000000072032e+03,3.079598625291986025e-01
1.237400000000072168e+03,3.080887780081171812e-01
1.237500000000072305e+03,3.082177333347964066e-01
1.237600000000072214e+03,3.083467285160794158e-01
1.237700000000072123e+03,3.084757635588090685e-01
1.237800000000072259e+03,3.086244899045396672e-01
1.237900000000072396e+03,3.087828040957740217e-01
1.238000000000072305e+03,3.089371221664454770e-01
1.238100000000072214e+03,3.091297907594395267e-01
1.238200000000072350e+03,3.093225610638226097e-01
1.238300000000072487e+03,3.095154331232411460e-01
1.238400000000072396e+03,3.097084617035427700e-01
1.238500000000072305e+03,3.099018334644785821e-01
1.238600000000072441e+03,3.100952146412730981e-01
1.238700000000072578e+03,3.102886548664475219e-01
1.238800000000072487e+03,3.104821972642137218e-01
1.238900000000072396e+03,3.106787256530612606e-01
1.239000000000072532e+03,3.108798135626192338e-01
1.239100000000072669e+03,3.111057024165371221e-01
1.239200000000072578e+03,3.113317348439391119e-01
1.239300000000072487e+03,3.115579109230808275e-01
1.239400000000072623e+03,3.117842307322526985e-01
1.239500000000072760e+03,3.120106943497802932e-01
1.239600000000072669e+03,3.122302013055773262e-01
1.239700000000072578e+03,3.124427836864394070e-01
1.239800000000072714e+03,3.126554921072786097e-01
1.239900000000072851e+03,3.128683266318736944e-01
1.240000000000072760e+03,3.130779558390924255e-01
1.240100000000072669e+03,3.131907079307509889e-01
1.240200000000072805e+03,3.133034884234769946e-01
1.240300000000072941e+03,3.134165032527490014e-01
1.240400000000072851e+03,3.135296401190724169e-01
1.240500000000072760e+03,3.136428056106297380e-01
1.240600000000072896e+03,3.137559997303894233e-01
1.240700000000073032e+03,3.138692224813184883e-01
1.240800000000072941e+03,3.139824738663830606e-01
1.240900000000072851e+03,3.140957538885483791e-01
1.241000000000072987e+03,3.142090625508168755e-01
1.241100000000073123e+03,3.143737998198063988e-01
1.241200000000073032e+03,3.145448110790705076e-01
1.241300000000072941e+03,3.147171440922465480e-01
1.241400000000073078e+03,3.148895580370688618e-01
1.241500000000073214e+03,3.150620529452339835e-01
1.241600000000073123e+03,3.152346288484474401e-01
1.241700000000073032e+03,3.154072857784270822e-01
1.241800000000073169e+03,3.155800237668998642e-01
1.241900000000073305e+03,3.157528428456013447e-01
1.242000000000073214e+03,3.159257430462917293e-01
1.242100000000073123e+03,3.161174999270066066e-01
1.242200000000073260e+03,3.163093593197480180e-01
1.242300000000073396e+03,3.164848669618481325e-01
1.242400000000073305e+03,3.166471096222543968e-01
1.242500000000073214e+03,3.168094257721279505e-01
1.242600000000073351e+03,3.169718154402996202e-01
1.242700000000073487e+03,3.171342786556093363e-01
1.242800000000073396e+03,3.172993083789159008e-01
1.242900000000073305e+03,3.174691019417087978e-01
1.243000000000073442e+03,3.176389757409713854e-01
1.243100000000073578e+03,3.177475878796421904e-01
1.243200000000073487e+03,3.178562287461392244e-01
1.243300000000073396e+03,3.179648983455004574e-01
1.243400000000073533e+03,3.180756308647142983e-01
1.243500000000073669e+03,3.181918433322757367e-01
1.243600000000073578e+03,3.183614147550790086e-01
1.243700000000073487e+03,3.186505550596108183e-01
1.243800000000073624e+03,3.189398938911825465e-01
1.243900000000073760e+03,3.192294313437138986e-01
1.244000000000073669e+03,3.195191675111562213e-01
1.244100000000073578e+03,3.198175170589276917e-01
1.244200000000073715e+03,3.201160810124957234e-01
1.244300000000073851e+03,3.204148594821452090e-01
1.244400000000073760e+03,3.207118978268323484e-01
1.244500000000073669e+03,3.210038622022685639e-01
1.244600000000073805e+03,3.213110094002559203e-01
1.244700000000073942e+03,3.216221664317401863e-01
1.244800000000073851e+03,3.219353429808416989e-01
1.244900000000073760e+03,3.222487614515611720e-01
1.245000000000073896e+03,3.225624219845264484e-01
1.245100000000074033e+03,3.228416469276936818e-01
1.245200000000073942e+03,3.231225956734324889e-01
1.245300000000073851e+03,3.234093211135370405e-01
1.245400000000073987e+03,3.236962341205763538e-01
1.245500000000074124e+03,3.239833347727815727e-01
1.245600000000074033e+03,3.242706231483941659e-01
1.245700000000073942e+03,3.245580993256686475e-01
1.245800000000074078e+03,3.248457633828726876e-01
1.245900000000074215e+03,3.251336153982836707e-01
1.246000000000074124e+03,3.254216554502465941e-01
1.246100000000074033e+03,3.257853328939199766e-01
1.246200000000074169e+03,3.261493437801231132e-01
1.246300000000074306e+03,3.265136883495807774e-01
1.246400000000074215e+03,3.268783668431435308e-01
1.246500000000074124e+03,3.272433795017923308e-01
1.246600000000074260e+03,3.276087265666332016e-01
1.246700000000074397e+03,3.279744082788983439e-01
1.246800000000074306e+03,3.283110499199724530e-01
1.246900000000074215e+03,3.284593035350787948e-01
1.247000000000074351e+03,3.286076080624314444e-01
1.247100000000074488e+03,3.286056724088928793e-01
1.247200000000074397e+03,3.286037199095064310e-01
1.247300000000074306e+03,3.286017505651871451e-01
1.247400000000074442e+03,3.285997643768508447e-01
1.247500000000074579e+03,3.285977613454153512e-01
1.247600000000074488e+03,3.285957414718012060e-01
1.247700000000074397e+03,3.285937047569300051e-01
1.247800000000074533e+03,3.285916512017253988e-01
1.247900000000074670e+03,3.285872608783374504e-01
1.248000000000074579e+03,3.285697703270592518e-01
1.248100000000074488e+03,3.286219004626987350e-01
1.248200000000074624e+03,3.286740276812843975e-01
1.248300000000074760e+03,3.287261519790528608e-01
1.248400000000074670e+03,3.287782733522378598e-01
1.248500000000074579e+03,3.288303917970752388e-01
1.248600000000074715e+03,3.288825073097979002e-01
1.248700000000074851e+03,3.289346198866408555e-01
1.248800000000074760e+03,3.289867295238356193e-01
1.248900000000074670e+03,3.290388362176148163e-01
1.249000000000074806e+03,3.290909399642189537e-01
1.249100000000074942e+03,3.291478120530301199e-01
1.249200000000074851e+03,3.292036851559954069e-01
1.249300000000074760e+03,3.292595591616864215e-01
1.249400000000074897e+03,3.293154340675388259e-01
1.249500000000075033e+03,3.293713098709875053e-01
1.249600000000074942e+03,3.294271865694667900e-01
1.249700000000074851e+03,3.294830641604091226e-01
1.249800000000074988e+03,3.295389426412478895e-01
1.249900000000075124e+03,3.295948220094154224e-01
1.250000000000075033e+03,3.296507022623181293e-01
1.250100000000074942e+03,3.296738669358930673e-01
1.250200000000075079e+03,3.297015755301472284e-01
1.250300000000075215e+03,3.297324409891376762e-01
1.250400000000075124e+03,3.297632990953544563e-01
1.250500000000075033e+03,3.297941493566116655e-01
1.250600000000075170e+03,3.298249917703868772e-01
1.250700000000075306e+03,3.298558263341592189e-01
1.250800000000075215e+03,3.298866530454057089e-01
1.250900000000075124e+03,3.299174719016054191e-01
1.251000000000075261e+03,3.299482829002826079e-01
1.251100000000075397e+03,3.300400900994647224e-01
1.251200000000075306e+03,3.301319116852287627e-01
1.251300000000075215e+03,3.302357019362943680e-01
1.251400000000075352e+03,3.303661708290287491e-01
1.251500000000075488e+03,3.304966725713165965e-01
1.251600000000075397e+03,3.306272071639094201e-01
1.251700000000075306e+03,3.307577746075549552e-01
1.251800000000075443e+03,3.308883749029966626e-01
1.251900000000075579e+03,3.310190080509762822e-01
1.252000000000075488e+03,3.311496740521886473e-01
1.252100000000075397e+03,3.312272354047721135e-01
1.252200000000075534e+03,3.313047955589803473e-01
1.252300000000075670e+03,3.313823545079119248e-01
1.252400000000075579e+03,3.314601392513475409e-01
1.252500000000075488e+03,3.315454368194887258e-01
1.252600000000075624e+03,3.316307350961337219e-01
1.252700000000075761e+03,3.317160340736574065e-01
1.252800000000075670e+03,3.318014744230996516e-01
1.252900000000075579e+03,3.318870323985259052e-01
1.253000000000075715e+03,3.319725911846956312e-01
1.253100000000075852e+03,3.321720518044383730e-01
1.253200000000075761e+03,3.323716056361556981e-01
1.253300000000075670e+03,3.325712527080452729e-01
1.253400000000075806e+03,3.327709930483058742e-01
1.253500000000075943e+03,3.329708266851350018e-01
1.253600000000075852e+03,3.332464015127714063e-01
1.253700000000075761e+03,3.335475204888559975e-01
1.253800000000075897e+03,3.338488494639027526e-01
1.253900000000076034e+03,3.341503885387628325e-01
1.254000000000075943e+03,3.344521378142248924e-01
1.254100000000075852e+03,3.346447451970984699e-01
1.254200000000075988e+03,3.348374057616333999e-01
1.254300000000076125e+03,3.350301194942173488e-01
1.254400000000076034e+03,3.352228863812249937e-01
1.254500000000075943e+03,3.354157064090187990e-01
1.254600000000076079e+03,3.356085795639481839e-01
1.254700000000076216e+03,3.358051662660773151e-01
1.254800000000076125e+03,3.360059595415623157e-01
1.254900000000076034e+03,3.362068114878111191e-01
1.255000000000076170e+03,3.364077220912347621e-01
1.255100000000076307e+03,3.366710792246693784e-01
1.255200000000076216e+03,3.369344882027865418e-01
1.255300000000076125e+03,3.371980419281689345e-01
1.255400000000076261e+03,3.374617404428249534e-01
1.255500000000076398e+03,3.377255837887559453e-01
1.255600000000076307e+03,3.379895720079562071e-01
1.255700000000076216e+03,3.382537051424154839e-01
1.255800000000076352e+03,3.385165039088214312e-01
1.255900000000076489e+03,3.387730691228639235e-01
1.256000000000076398e+03,3.390297708739004601e-01
1.256100000000076307e+03,3.391217476852046442e-01
1.256200000000076443e+03,3.392136830151544213e-01
1.256300000000076579e+03,3.393055768361506463e-01
1.256400000000076489e+03,3.393974291206109384e-01
1.256500000000076398e+03,3.394892398409697920e-01
1.256600000000076534e+03,3.395810089696782996e-01
1.256700000000076670e+03,3.396727364792038739e-01
1.256800000000076579e+03,3.397644223420286380e-01
1.256900000000076489e+03,3.398559971101005606e-01
1.257000000000076625e+03,3.399187085427456401e-01
1.257100000000076761e+03,3.401091342826046415e-01
1.257200000000076670e+03,3.402960541251023319e-01
1.257300000000076579e+03,3.404830311823048850e-01
1.257400000000076716e+03,3.406700654490718017e-01
1.257500000000076852e+03,3.408571569202481499e-01
1.257600000000076761e+03,3.410443055906653975e-01
1.257700000000076670e+03,3.412315114551456308e-01
1.257800000000076807e+03,3.414187745084961145e-01
1.257900000000076943e+03,3.416062524986375748e-01
1.258000000000076852e+03,3.417937922163591935e-01
1.258100000000076761e+03,3.418996996394815802e-01
1.258200000000076898e+03,3.419820966028558895e-01
1.258300000000077034e+03,3.420644877210075596e-01
1.258400000000076943e+03,3.421468729827184529e-01
1.258500000000076852e+03,3.422292523767667682e-01
1.258600000000076989e+03,3.423116258919293164e-01
1.258700000000077125e+03,3.423939935169807436e-01
1.258800000000077034e+03,3.424763552406924760e-01
1.258900000000076943e+03,3.425587110518349965e-01
1.259000000000077080e+03,3.426410609391512541e-01
1.259100000000077216e+03,3.426914508331765363e-01
1.259200000000077125e+03,3.427143674284874320e-01
1.259300000000077034e+03,3.426857066384801920e-01
1.259400000000077171e+03,3.426570351355563426e-01
1.259500000000077307e+03,3.426283529206123335e-01
1.259600000000077216e+03,3.425996599945463905e-01
1.259700000000077125e+03,3.425709563582563510e-01
1.259800000000077262e+03,3.425422420126412182e-01
1.259900000000077398e+03,3.425135169586001060e-01
1.260000000000077307e+03,3.424847811970519462e-01
1.260100000000077216e+03,3.424793619204655193e-01
1.260200000000077353e+03,3.424739305767305897e-01
1.260300000000077489e+03,3.424478318376406594e-01
1.260400000000077398e+03,3.421347505779725462e-01
1.260500000000077307e+03,3.418218844017783531e-01
1.260600000000077443e+03,3.415092332102137584e-01
1.260700000000077580e+03,3.411967969044573112e-01
1.260800000000077489e+03,3.408845753857100980e-01
1.260900000000077398e+03,3.405725685551929116e-01
1.261000000000077534e+03,3.402607763141451414e-01
1.261100000000077671e+03,3.399436510335157591e-01
1.261200000000077580e+03,3.396267504785266955e-01
1.261300000000077489e+03,3.393100745395066786e-01
1.261400000000077625e+03,3.389936231068114703e-01
1.261500000000077762e+03,3.385850300243318789e-01
1.261600000000077671e+03,3.381518012860496025e-01
1.261700000000077580e+03,3.377189849376812103e-01
1.261800000000077716e+03,3.372865807168476393e-01
1.261900000000077853e+03,3.368545883612597547e-01
1.262000000000077762e+03,3.364230076086923704e-01
1.262100000000077671e+03,3.359605630925730502e-01
1.262200000000077807e+03,3.354986131957817252e-01
1.262300000000077944e+03,3.350371575282083403e-01
1.262400000000077853e+03,3.345761956999574460e-01
1.262500000000077762e+03,3.341157273213443690e-01
1.262600000000077898e+03,3.336243812995970948e-01
1.262700000000078035e+03,3.331030611073034220e-01
1.262800000000077944e+03,3.325823663336923142e-01
1.262900000000077853e+03,3.320622964373211028e-01
1.263000000000077989e+03,3.315428508770890681e-01
1.263100000000078126e+03,3.310599586958764551e-01
1.263200000000078035e+03,3.305775822939254205e-01
1.263300000000077944e+03,3.300957213111240240e-01
1.263400000000078080e+03,3.296143753874923310e-01
1.263500000000078217e+03,3.291335441631833558e-01
1.263600000000078126e+03,3.286532272784818964e-01
1.263700000000078035e+03,3.281457371582860438e-01
1.263800000000078171e+03,3.275442041205273713e-01
1.263900000000078307e+03,3.269434675740487961e-01
1.264000000000078217e+03,3.263435268504794595e-01
1.264100000000078126e+03,3.257235921189093886e-01
1.264200000000078262e+03,3.251045289760546297e-01
1.264300000000078398e+03,3.244863365985716785e-01
1.264400000000078307e+03,3.238690141635683362e-01
1.264500000000078217e+03,3.232525608486002677e-01
1.264600000000078353e+03,3.226369758316761094e-01
1.264700000000078489e+03,3.220222582912570242e-01
1.264800000000078398e+03,3.214084074062558694e-01
1.264900000000078307e+03,3.208666444264410833e-01
1.265000000000078444e+03,3.203296367319012350e-01
1.265100000000078580e+03,3.199252322438712048e-01
1.265200000000078489e+03,3.195211038212071308e-01
1.265300000000078398e+03,3.191172514990386899e-01
1.265400000000078535e+03,3.187137154938448069e-01
1.265500000000078671e+03,3.183105665329979406e-01
1.265600000000078580e+03,3.179076933955459205e-01
1.265700000000078489e+03,3.175050961163682350e-01
1.265800000000078626e+03,3.171027747301837230e-01
1.265900000000078762e+03,3.167007292715537936e-01
1.266000000000078671e+03,3.163983011248465704e-01
1.266100000000078580e+03,3.160460645269292379e-01
1.266200000000078717e+03,3.156943299295881800e-01
1.266300000000078853e+03,3.153429589339085681e-01
1.266400000000078762e+03,3.149918694017959653e-01
1.266500000000078671e+03,3.146410612000243301e-01
1.266600000000078808e+03,3.142905341953740050e-01
1.266700000000078944e+03,3.139402882546336593e-01
1.266800000000078853e+03,3.135903232445986788e-01
1.266900000000078762e+03,3.132814616899964322e-01
1.267000000000078899e+03,3.131470124573320635e-01
1.267100000000079035e+03,3.131525180528761387e-01
1.267200000000078944e+03,3.132445170368127751e-01
1.267300000000078853e+03,3.133364487678947374e-01
1.267400000000078990e+03,3.134283131865164274e-01
1.267500000000079126e+03,3.135201102331046097e-01
1.267600000000079035e+03,3.136118398481190783e-01
1.267700000000078944e+03,3.137024425576611097e-01
1.267800000000079081e+03,3.137870265910472911e-01
1.267900000000079217e+03,3.138715423709100838e-01
1.268000000000079126e+03,3.139559898428351259e-01
1.268100000000079035e+03,3.140235217318565475e-01
1.268200000000079172e+03,3.140972326850132723e-01
1.268300000000079308e+03,3.142242462249972834e-01
1.268400000000079217e+03,3.143512403178053138e-01
1.268500000000079126e+03,3.144766360860419274e-01
1.268600000000079262e+03,3.145895596266465311e-01
1.268700000000079399e+03,3.147024591468198795e-01
1.268800000000079308e+03,3.148153346072284364e-01
1.268900000000079217e+03,3.149281859685425511e-01
1.269000000000079353e+03,3.150410131913631839e-01
1.269100000000079490e+03,3.150601750410491064e-01
1.269200000000079399e+03,3.150792723386128258e-01
1.269300000000079308e+03,3.150967484233820892e-01
1.269400000000079444e+03,3.151502121264139200e-01
1.269500000000079581e+03,3.152159055271833155e-01
1.269600000000079490e+03,3.152864327843330483e-01
1.269700000000079399e+03,3.153569288029520745e-01
1.269800000000079535e+03,3.154273935669730244e-01
1.269900000000079672e+03,3.154978270603380763e-01
1.270000000000079581e+03,3.155682292670404232e-01
1.270100000000079490e+03,3.156834073225116555e-01
1.270200000000079626e+03,3.156157922039369845e-01
1.270300000000079763e+03,3.155481842046213292e-01
1.270400000000079672e+03,3.154805833247889546e-01
1.270500000000079581e+03,3.155598457003397916e-01
1.270600000000079717e+03,3.157621246743786969e-01
1.270700000000079854e+03,3.159644703331537241e-01
1.270800000000079763e+03,3.161668826654411846e-01
1.270900000000079672e+03,3.163693616600009029e-01
1.271000000000079808e+03,3.164877212967501796e-01
1.271100000000079945e+03,3.166131069108033547e-01
1.271200000000079854e+03,3.167384696236871244e-01
1.271300000000079763e+03,3.168638093938990763e-01
1.271400000000079899e+03,3.169891261799475668e-01
1.271500000000080036e+03,3.171144199403453379e-01
1.271600000000079945e+03,3.172158849531814262e-01
1.271700000000079854e+03,3.172509393396441002e-01
1.271800000000079990e+03,3.173130236447452290e-01
1.271900000000080126e+03,3.173762501567825578e-01
1.272000000000080036e+03,3.174394430520037780e-01
1.272100000000079945e+03,3.175262488762137236e-01
1.272200000000080081e+03,3.176130438752849394e-01
1.272300000000080217e+03,3.176998280326555069e-01
1.272400000000080126e+03,3.177866013317609539e-01
1.272500000000080036e+03,3.178733637560393066e-01
1.272600000000080172e+03,3.179601152889256488e-01
1.272700000000080308e+03,3.180468559138583950e-01
1.272800000000080217e+03,3.180891845398084450e-01
1.272900000000080126e+03,3.181307571438101722e-01
1.273000000000080263e+03,3.181723119830787150e-01
1.273100000000080399e+03,3.180806321863164365e-01
1.273200000000080308e+03,3.179889514183998900e-01
1.273300000000080217e+03,3.178972696948120236e-01
1.273400000000080354e+03,3.178055870310301234e-01
1.273500000000080490e+03,3.177139034425272568e-01
1.273600000000080399e+03,3.176222189447708288e-01
1.273700000000080308e+03,3.175305335532233042e-01
1.273800000000080445e+03,3.174388472833413744e-01
1.273900000000080581e+03,3.173418874150529811e-01
1.274000000000080490e+03,3.172427076910204757e-01
1.274100000000080399e+03,3.172194997127074645e-01
1.274200000000080536e+03,3.171962730340002756e-01
1.274300000000080672e+03,3.171730276590002395e-01
1.274400000000080581e+03,3.171497635918106850e-01
1.274500000000080490e+03,3.171264808365370502e-01
1.274600000000080627e+03,3.171031793972870494e-01
1.274700000000080763e+03,3.170798592781713943e-01
1.274800000000080672e+03,3.170565204833023509e-01
1.274900000000080581e+03,3.170331630167951831e-01
1.275000000000080718e+03,3.169623198533341735e-01
1.275100000000080854e+03,3.168717484930610451e-01
1.275200000000080763e+03,3.167811880805309621e-01
1.275300000000080672e+03,3.166906386195257328e-01
1.275400000000080809e+03,3.166001001138235571e-01
1.275500000000080945e+03,3.165095725672031346e-01
1.275600000000080854e+03,3.164190559834402783e-01
1.275700000000080763e+03,3.163285503663087472e-01
1.275800000000080900e+03,3.162380557195799691e-01
1.275900000000081036e+03,3.161475720470253714e-01
1.276000000000080945e+03,3.160570993524322025e-01
1.276100000000080854e+03,3.159660905136821851e-01
1.276200000000080991e+03,3.157280742453592581e-01
1.276300000000081127e+03,3.154901858788024538e-01
1.276400000000081036e+03,3.152524253781691654e-01
1.276500000000080945e+03,3.150147927076092369e-01
1.276600000000081081e+03,3.147772878312646294e-01
1.276700000000081218e+03,3.145399107132714200e-01
1.276800000000081127e+03,3.143026613177580808e-01
1.276900000000081036e+03,3.140655396088444240e-01
1.277000000000081172e+03,3.138285455505562815e-01
1.277100000000081309e+03,3.134849355530401338e-01
1.277200000000081218e+03,3.131416512670371910e-01
1.277300000000081127e+03,3.126646533541910244e-01
1.277400000000081263e+03,3.121716940953107589e-01
1.277500000000081400e+03,3.116815445187877121e-01
1.277600000000081309e+03,3.111920259053729820e-01
1.277700000000081218e+03,3.107031376032843295e-01
1.277800000000081354e+03,3.102148789612715896e-01
1.277900000000081491e+03,3.097272493286162831e-01
1.278000000000081400e+03,3.092402480551923460e-01
1.278100000000081309e+03,3.088280992158035643e-01
1.278200000000081445e+03,3.084700878427047988e-01
1.278300000000081582e+03,3.081413186720892705e-01
1.278400000000081491e+03,3.077829637590774881e-01
1.278500000000081400e+03,3.074034881338651437e-01
1.278600000000081536e+03,3.070244243111951987e-01
1.278700000000081673e+03,3.066457448089720539e-01
1.278800000000081582e+03,3.062673605780358854e-01
1.278900000000081491e+03,3.058848152936172737e-01
1.279000000000081627e+03,3.054851999904473203e-01
1.279100000000081764e+03,3.050994505590479688e-01
1.279200000000081673e+03,3.047140166987730159e-01
1.279300000000081582e+03,3.043288983000763670e-01
1.279400000000081718e+03,3.039440952533801199e-01
1.279500000000081855e+03,3.035399225920290545e-01
1.279600000000081764e+03,3.030905910206052045e-01
1.279700000000081673e+03,3.026416928467570711e-01
1.279800000000081809e+03,3.021932278862108356e-01
1.279900000000081945e+03,3.017451959546469942e-01
1.280000000000081855e+03,3.012975968676716576e-01
1.280100000000081764e+03,3.008148712639370781e-01
1.280200000000081900e+03,3.003329334101207393e-01
1.280300000000082036e+03,2.998515416725711646e-01
1.280400000000081945e+03,2.993706907222015157e-01
1.280500000000081855e+03,2.988903802036810831e-01
1.280600000000081991e+03,2.984107633333719090e-01
1.280700000000082127e+03,2.979386899321173066e-01
1.280800000000082036e+03,2.974671402257302866e-01
1.280900000000081945e+03,2.969961138739540263e-01
1.281000000000082082e+03,2.965256105366623762e-01
1.281100000000082218e+03,2.961229467154230521e-01
1.281200000000082127e+03,2.957206053469272899e-01
1.281300000000082036e+03,2.953185863852780257e-01
1.281400000000082173e+03,2.949168897844687276e-01
1.281500000000082309e+03,2.945155154983885026e-01
1.281600000000082218e+03,2.941144634808157132e-01
1.281700000000082127e+03,2.937137336854205860e-01
1.281800000000082264e+03,2.934078524723576775e-01
1.281900000000082400e+03,2.931351529268604317e-01
1.282000000000082309e+03,2.928625917698286507e-01
1.282100000000082218e+03,2.925485758010081261e-01
1.282200000000082355e+03,2.922347843303862436e-01
1.282300000000082491e+03,2.919212172799900973e-01
1.282400000000082400e+03,2.916078745718382326e-01
1.282500000000082309e+03,2.912947561279422559e-01
1.282600000000082446e+03,2.909818618703063353e-01
1.282700000000082582e+03,2.906691917209298093e-01
1.282800000000082491e+03,2.903566750770828486e-01
1.282900000000082400e+03,2.900765844377975466e-01
1.283000000000082537e+03,2.898345747106990111e-01
1.283100000000082673e+03,2.895416925219069237e-01
1.283200000000082582e+03,2.892490373481609867e-01
1.283300000000082491e+03,2.889566090632049722e-01
1.283400000000082628e+03,2.886644075408280607e-01
1.283500000000082764e+03,2.883724326548665617e-01
1.283600000000082673e+03,2.880806842792025813e-01
1.283700000000082582e+03,2.877891622877625233e-01
1.283800000000082719e+03,2.874978665545175893e-01
1.283900000000082855e+03,2.872067969534869425e-01
1.284000000000082764e+03,2.869197315348909205e-01
1.284100000000082673e+03,2.866805930577629447e-01
1.284200000000082809e+03,2.864415993000919425e-01
1.284300000000082946e+03,2.862027502050018546e-01
1.284400000000082855e+03,2.859640457156301108e-01
1.284500000000082764e+03,2.857254857751247989e-01
1.284600000000082900e+03,2.854870703266469412e-01
1.284700000000083037e+03,2.852487993133703270e-01
1.284800000000082946e+03,2.850106354953459986e-01
1.284900000000082855e+03,2.847726088269672551e-01
1.285000000000082991e+03,2.845347264975733315e-01
1.285100000000083128e+03,2.843534611412853463e-01
1.285200000000083037e+03,2.841972122845261017e-01
1.285300000000082946e+03,2.840437691151546651e-01
1.285400000000083082e+03,2.838884455486946901e-01
1.285500000000083219e+03,2.837287377633518348e-01
1.285600000000083128e+03,2.835690735085062975e-01
1.285700000000083037e+03,2.834094527944268638e-01
1.285800000000083173e+03,2.832498756313711619e-01
1.285900000000083310e+03,2.830903420295881046e-01
1.286000000000083219e+03,2.829308519992569937e-01
1.286100000000083128e+03,2.826994708876848783e-01
1.286200000000083264e+03,2.824682942373787364e-01
1.286300000000083401e+03,2.822544569569575557e-01
1.286400000000083310e+03,2.820512349775536887e-01
1.286500000000083219e+03,2.818481282305408953e-01
1.286600000000083355e+03,2.816451366664809997e-01
1.286700000000083492e+03,2.814422602359518688e-01
1.286800000000083401e+03,2.812394988895476344e-01
1.286900000000083310e+03,2.810368525778761950e-01
1.287000000000083446e+03,2.808343212515618803e-01
1.287100000000083583e+03,2.806323507211326840e-01
1.287200000000083492e+03,2.804304940090101561e-01
1.287300000000083401e+03,2.802287510672559212e-01
1.287400000000083537e+03,2.800317811205806362e-01
1.287500000000083674e+03,2.798439785083378095e-01
1.287600000000083583e+03,2.796562753797792178e-01
1.287700000000083492e+03,2.794686716950473548e-01
1.287800000000083628e+03,2.792811674142967049e-01
1.287900000000083764e+03,2.790937624976943532e-01
1.288000000000083674e+03,2.789064569054418019e-01
1.288100000000083583e+03,2.787467890508998902e-01
1.288200000000083719e+03,2.785871831190709358e-01
1.288300000000083855e+03,2.784276390994450678e-01
1.288400000000083764e+03,2.782685625128873408e-01
1.288500000000083674e+03,2.781116947861224653e-01
1.288600000000083810e+03,2.779869890500414331e-01
1.288700000000083946e+03,2.778623201109765573e-01
1.288800000000083855e+03,2.777376879654721575e-01
1.288900000000083764e+03,2.776130926100686680e-01
1.289000000000083901e+03,2.774885340412923118e-01
1.289100000000084037e+03,2.773477330329208179e-01
1.289200000000083946e+03,2.772069846218376266e-01
1.289300000000083855e+03,2.770662887960143594e-01
1.289400000000083992e+03,2.769256455434223052e-01
1.289500000000084128e+03,2.767850548520349729e-01
1.289600000000084037e+03,2.766445167098256497e-01
1.289700000000083946e+03,2.765569866576086389e-01
1.289800000000084083e+03,2.764845050231020118e-01
1.289900000000084219e+03,2.764120358180620629e-01
1.290000000000084128e+03,2.763395790417021436e-01
1.290100000000084037e+03,2.762131565869717087e-01
1.290200000000084174e+03,2.760867826166082395e-01
1.290300000000084310e+03,2.759604571151277330e-01
1.290400000000084219e+03,2.758341800670495170e-01
1.290500000000084128e+03,2.757079514568955836e-01
1.290600000000084265e+03,2.755817712691939203e-01
1.290700000000084401e+03,2.754556394884749571e-01
1.290800000000084310e+03,2.753363096866279225e-01
1.290900000000084219e+03,2.752238120861281168e-01
1.291000000000084356e+03,2.751113522257201405e-01
1.291100000000084492e+03,2.750462300762257506e-01
1.291200000000084401e+03,2.749811129351599770e-01
1.291300000000084310e+03,2.749160008030948066e-01
1.291400000000084447e+03,2.748508936806033920e-01
1.291500000000084583e+03,2.747857915682589414e-01
1.291600000000084492e+03,2.747206944666339967e-01
1.291700000000084401e+03,2.746556023763006005e-01
1.291800000000084538e+03,2.745905152978315722e-01
1.291900000000084674e+03,2.745328057605949112e-01
1.292000000000084583e+03,2.745014984591857554e-01
1.292100000000084492e+03,2.744495910679229933e-01
1.292200000000084628e+03,2.743976806014933878e-01
1.292300000000084765e+03,2.743457670605444765e-01
1.292400000000084674e+03,2.742938504457251292e-01
1.292500000000084583e+03,2.742419307576829390e-01
1.292600000000084719e+03,2.741900079970664428e-01
1.292700000000084856e+03,2.741439341172665078e-01
1.292800000000084765e+03,2.740981309250191678e-01
1.292900000000084674e+03,2.740523225229122839e-01
1.293000000000084810e+03,2.740065089112979635e-01
1.293100000000084947e+03,2.739754114856233214e-01
1.293200000000084856e+03,2.739447235025725957e-01
1.293300000000084765e+03,2.739140266890007225e-01
1.293400000000084901e+03,2.738833210442527810e-01
1.293500000000085038e+03,2.738526065676731847e-01
1.293600000000084947e+03,2.738218832586074014e-01
1.293700000000084856e+03,2.737911511163996781e-01
1.293800000000084992e+03,2.737604101403949830e-01
1.293900000000085129e+03,2.737296603299382292e-01
1.294000000000085038e+03,2.736989016844362799e-01
1.294100000000084947e+03,2.737411761564365054e-01
1.294200000000085083e+03,2.737878759000664242e-01
1.294300000000085220e+03,2.734233601745980624e-01
1.294400000000085129e+03,2.730016323304612080e-01
1.294500000000085038e+03,2.725802744903343400e-01
1.294600000000085174e+03,2.721592866387879117e-01
1.294700000000085311e+03,2.717386687601821560e-01
1.294800000000085220e+03,2.713184208386664742e-01
1.294900000000085129e+03,2.708985428581776600e-01
1.295000000000085265e+03,2.704792563404557759e-01
1.295100000000085402e+03,2.699417149045166275e-01
1.295200000000085311e+03,2.693971278515829848e-01
1.295300000000085220e+03,2.688508112334574429e-01
1.295400000000085356e+03,2.683011609293178279e-01
1.295500000000085493e+03,2.677523017583529064e-01
1.295600000000085402e+03,2.672042330475105087e-01
1.295700000000085311e+03,2.666569541239354746e-01
1.295800000000085447e+03,2.661104643149708737e-01
1.295900000000085583e+03,2.655551596524656222e-01
1.296000000000085493e+03,2.649982824195487030e-01
1.296100000000085402e+03,2.645288050248540412e-01
1.296200000000085538e+03,2.640598160430195351e-01
1.296300000000085674e+03,2.635913153803030595e-01
1.296400000000085583e+03,2.631214200227111610e-01
1.296500000000085493e+03,2.626345250177411494e-01
1.296600000000085629e+03,2.621481885299185577e-01
1.296700000000085765e+03,2.616669372863169585e-01
1.296800000000085674e+03,2.611876451634994045e-01
1.296900000000085583e+03,2.607088968034488308e-01
1.297000000000085720e+03,2.602306920040353133e-01
1.297100000000085856e+03,2.596876516765500020e-01
1.297200000000085765e+03,2.591454106255665635e-01
1.297300000000085674e+03,2.586039681464978868e-01
1.297400000000085811e+03,2.580633235350064947e-01
1.297500000000085947e+03,2.575216370309696412e-01
1.297600000000085856e+03,2.569834198502338740e-01
1.297700000000085765e+03,2.564471509260800031e-01
1.297800000000085902e+03,2.559116687651173949e-01
1.297900000000086038e+03,2.553769726825087516e-01
1.298000000000085947e+03,2.548430619937142594e-01
1.298100000000085856e+03,2.543888523933409140e-01
1.298200000000085993e+03,2.539351199055798758e-01
1.298300000000086129e+03,2.534858471995997120e-01
1.298400000000086038e+03,2.530388728712681390e-01
1.298500000000085947e+03,2.525923623302985255e-01
1.298600000000086084e+03,2.521463154877758295e-01
1.298700000000086220e+03,2.517040522053040630e-01
1.298800000000086129e+03,2.512651053138987844e-01
1.298900000000086038e+03,2.508266000906966275e-01
1.299000000000086175e+03,2.503885364794605217e-01
1.299100000000086311e+03,2.499203800941888487e-01
1.299200000000086220e+03,2.494527766163828486e-01
1.299300000000086129e+03,2.489857258022598330e-01
1.299400000000086266e+03,2.485192274078777130e-01
1.299500000000086402e+03,2.480532811891361655e-01
1.299600000000086311e+03,2.475878869017759665e-01
1.299700000000086220e+03,2.471230443013750500e-01
1.299800000000086357e+03,2.466618591892844881e-01
1.299900000000086493e+03,2.462102207071686644e-01
1.300000000000086402e+03,2.457590878256002698e-01
1.300100000000086311e+03,2.452828812839667749e-01
1.300200000000086447e+03,2.448072714385095272e-01
1.300300000000086584e+03,2.443322579812228779e-01
1.300400000000086493e+03,2.438578406039202118e-01
1.300500000000086402e+03,2.433840189982309221e-01
1.300600000000086538e+03,2.429107928556055451e-01
1.300700000000086675e+03,2.424381618673153715e-01
1.300800000000086584e+03,2.419661257244515029e-01
1.300900000000086493e+03,2.414946841179230475e-01
1.301000000000086629e+03,2.410296177428389031e-01
1.301100000000086766e+03,2.406524692997430714e-01
1.301200000000086675e+03,2.402755832532590397e-01
1.301300000000086584e+03,2.398989598035368709e-01
1.301400000000086720e+03,2.395225991504658924e-01
1.301500000000086857e+03,2.393724869121612309e-01
1.301600000000086766e+03,2.394223955433994189e-01
1.301700000000086675e+03,2.394722992822692353e-01
1.301800000000086811e+03,2.395221981226976493e-01
1.301900000000086948e+03,2.395720920586117408e-01
1.302000000000086857e+03,2.396219810839216591e-01
1.302100000000086766e+03,2.396411845339291857e-01
1.302200000000086902e+03,2.396550121146062418e-01
1.302300000000087039e+03,2.396936960394729643e-01
1.302400000000086948e+03,2.397580640918319517e-01
1.302500000000086857e+03,2.398226549661689189e-01
1.302600000000086993e+03,2.398872538113703268e-01
1.302700000000087130e+03,2.399518606266799747e-01
1.302800000000087039e+03,2.400164754113420229e-01
1.302900000000086948e+03,2.400810981646001041e-01
1.303000000000087084e+03,2.401457288856384265e-01
1.303100000000087221e+03,2.401514128893618427e-01
1.303200000000087130e+03,2.401718385505539899e-01
1.303300000000087039e+03,2.401957041781772884e-01
1.303400000000087175e+03,2.402195585919287002e-01
1.303500000000087311e+03,2.402434017896481477e-01
1.303600000000087221e+03,2.402672337691768856e-01
1.303700000000087130e+03,2.402910545283585275e-01
1.303800000000087266e+03,2.403148640650364931e-01
1.303900000000087402e+03,2.403386623770559782e-01
1.304000000000087311e+03,2.403624494623292918e-01
1.304100000000087221e+03,2.404617708725885483e-01
1.304200000000087357e+03,2.405611237086807686e-01
1.304300000000087493e+03,2.406605079779313983e-01
1.304400000000087402e+03,2.407599236876654114e-01
1.304500000000087311e+03,2.408593708452116955e-01
1.304600000000087448e+03,2.409588494578985274e-01
1.304700000000087584e+03,2.410647211569095505e-01
1.304800000000087493e+03,2.411811944230220495e-01
1.304900000000087402e+03,2.412977128800687932e-01
1.305000000000087539e+03,2.414141432967590595e-01
1.305100000000087675e+03,2.415385210644724334e-01
1.305200000000087584e+03,2.416629515145471141e-01
1.305300000000087493e+03,2.417874346648555273e-01
1.305400000000087630e+03,2.419119705332760384e-01
1.305500000000087766e+03,2.420359323827014908e-01
1.305600000000087675e+03,2.421632684017816783e-01
1.305700000000087584e+03,2.422906594193437457e-01
1.305800000000087721e+03,2.424181054542925984e-01
1.305900000000087857e+03,2.425456065255391924e-01
1.306000000000087766e+03,2.426731626519859908e-01
1.306100000000087675e+03,2.427875937002653417e-01
1.306200000000087812e+03,2.429020659327816023e-01
1.306300000000087948e+03,2.430182797927555871e-01
1.306400000000087857e+03,2.431385238972263718e-01
1.306500000000087766e+03,2.432588139576978559e-01
1.306600000000087903e+03,2.433791499864092489e-01
1.306700000000088039e+03,2.434995319956007320e-01
1.306800000000087948e+03,2.436207957456706652e-01
1.306900000000087857e+03,2.437453813555269522e-01
1.307000000000087994e+03,2.438700171524641469e-01
1.307100000000088130e+03,2.439978758479561249e-01
1.307200000000088039e+03,2.441257884396471622e-01
1.307300000000087948e+03,2.442537549448103307e-01
1.307400000000088085e+03,2.443817753807225879e-01
1.307500000000088221e+03,2.445098497646637503e-01
1.307600000000088130e+03,2.446379781139172427e-01
1.307700000000088039e+03,2.447741078892974320e-01
1.307800000000088176e+03,2.449294091287442243e-01
1.307900000000088312e+03,2.450835231555668348e-01
1.308000000000088221e+03,2.452332596203304627e-01
1.308100000000088130e+03,2.453928656497462168e-01
1.308200000000088266e+03,2.455525626559646735e-01
1.308300000000088403e+03,2.457123506837676497e-01
1.308400000000088312e+03,2.458722297779564470e-01
1.308500000000088221e+03,2.460321999833509354e-01
1.308600000000088357e+03,2.461922613447903585e-01
1.308700000000088494e+03,2.463524139071313346e-01
1.308800000000088403e+03,2.465127396055449283e-01
1.308900000000088312e+03,2.466791280866240665e-01
1.309000000000088448e+03,2.468456152815580174e-01
1.309100000000088585e+03,2.470201328843988631e-01
1.309200000000088494e+03,2.471947606576290202e-01
1.309300000000088403e+03,2.473694986626982228e-01
1.309400000000088539e+03,2.475443469610865144e-01
1.309500000000088676e+03,2.477176317493275937e-01
1.309600000000088585e+03,2.478811242249450986e-01
1.309700000000088494e+03,2.480447126206327957e-01
1.309800000000088630e+03,2.482083969859167349e-01
1.309900000000088767e+03,2.483721773703432278e-01
1.310000000000088676e+03,2.485405229111633529e-01
1.310100000000088585e+03,2.486289347578379827e-01
1.310200000000088721e+03,2.487173671335486669e-01
1.310300000000088858e+03,2.488052038245926190e-01
1.310400000000088767e+03,2.488878679717667908e-01
1.310500000000088676e+03,2.489705491524068781e-01
1.310600000000088812e+03,2.490532473664409385e-01
1.310700000000088949e+03,2.491359626137946703e-01
1.310800000000088858e+03,2.492188097136220915e-01
1.310900000000088767e+03,2.493020871229998936e-01
1.311000000000088903e+03,2.493853819194291055e-01
1.311100000000089040e+03,2.495438645661613164e-01
1.311200000000088949e+03,2.496970043635542147e-01
1.311300000000088858e+03,2.498502277547135220e-01
1.311400000000088994e+03,2.500035347797598950e-01
1.311500000000089130e+03,2.501569254788305052e-01
1.311600000000089040e+03,2.503103998920790385e-01
1.311700000000088949e+03,2.504639580596771387e-01
1.311800000000089085e+03,2.506176000218122701e-01
1.311900000000089221e+03,2.507709872355214364e-01
1.312000000000089130e+03,2.509130901564954330e-01
1.312100000000089040e+03,2.510249344346885958e-01
1.312200000000089176e+03,2.511357593382091968e-01
1.312300000000089312e+03,2.512415350391192792e-01
1.312400000000089221e+03,2.513474203710657773e-01
1.312500000000089130e+03,2.514535111982782456e-01
1.312600000000089267e+03,2.515596397422669717e-01
1.312700000000089403e+03,2.516658060139604358e-01
1.312800000000089312e+03,2.517661942251968044e-01
1.312900000000089221e+03,2.518665588791865195e-01
1.313000000000089358e+03,2.519671967150980407e-01
1.313100000000089494e+03,2.520021716077047169e-01
1.313200000000089403e+03,2.520371442799661521e-01
1.313300000000089312e+03,2.520721147303293663e-01
1.313400000000089449e+03,2.521070829572427119e-01
1.313500000000089585e+03,2.521420489591529313e-01
1.313600000000089494e+03,2.521770127345083767e-01
1.313700000000089403e+03,2.522119742817561794e-01
1.313800000000089540e+03,2.522469335993444695e-01
1.313900000000089676e+03,2.522818906857210441e-01
1.314000000000089585e+03,2.523168455393311471e-01
1.314100000000089494e+03,2.523496408982703887e-01
1.314200000000089631e+03,2.523824306027310227e-01
1.314300000000089767e+03,2.524154082989396586e-01
1.314400000000089676e+03,2.524484277596443227e-01
1.314500000000089585e+03,2.524776629093424818e-01
1.314600000000089722e+03,2.525044957191278083e-01
1.314700000000089858e+03,2.525313221167062028e-01
1.314800000000089767e+03,2.525581421003151861e-01
1.314900000000089676e+03,2.525849556681928343e-01
1.315000000000089813e+03,2.526117628186421160e-01
1.315100000000089949e+03,2.527119222600022197e-01
1.315200000000089858e+03,2.528172657658378508e-01
1.315300000000089767e+03,2.529233806566288933e-01
1.315400000000089904e+03,2.530295278933437642e-01
1.315500000000090040e+03,2.531357074807468743e-01
1.315600000000089949e+03,2.532460252500579045e-01
1.315700000000089858e+03,2.533646562557681503e-01
1.315800000000089995e+03,2.534833292100940327e-01
1.315900000000090131e+03,2.536020441215896537e-01
1.316000000000090040e+03,2.537257469766287521e-01
1.316100000000089949e+03,2.538091076825744197e-01
1.316200000000090085e+03,2.538924848334647710e-01
1.316300000000090222e+03,2.539758784288621007e-01
1.316400000000090131e+03,2.540592884683273711e-01
1.316500000000090040e+03,2.541427149514203787e-01
1.316600000000090176e+03,2.542261578776985886e-01
1.316700000000090313e+03,2.543102548877237967e-01
1.316800000000090222e+03,2.544203466061006336e-01
1.316900000000090131e+03,2.545340781731394997e-01
1.317000000000090267e+03,2.546478465482735487e-01
1.317100000000090404e+03,2.547166128482298841e-01
1.317200000000090313e+03,2.547853829184151819e-01
1.317300000000090222e+03,2.548541567537879748e-01
1.317400000000090358e+03,2.549229343493054634e-01
1.317500000000090495e+03,2.549917156999226830e-01
1.317600000000090404e+03,2.550695218360294891e-01
1.317700000000090313e+03,2.551502035608220198e-01
1.317800000000090449e+03,2.552308946988461891e-01
1.317900000000090586e+03,2.553067917919973895e-01
1.318000000000090495e+03,2.553812691587386552e-01
1.318100000000090404e+03,2.555418003794135418e-01
1.318200000000090540e+03,2.557024179442591860e-01
1.318300000000090677e+03,2.558631218916962435e-01
1.318400000000090586e+03,2.560325025633177209e-01
1.318500000000090495e+03,2.562053180426530630e-01
1.318600000000090631e+03,2.563782339059531568e-01
1.318700000000090768e+03,2.565512502018321150e-01
1.318800000000090677e+03,2.567243669789221472e-01
1.318900000000090586e+03,2.568975842858761682e-01
1.319000000000090722e+03,2.570678264937889534e-01
1.319100000000090859e+03,2.571903773100127633e-01
1.319200000000090768e+03,2.573129729579957115e-01
1.319300000000090677e+03,2.574356134485347170e-01
1.319400000000090813e+03,2.575582987924263656e-01
1.319500000000090949e+03,2.576810290004681314e-01
1.319600000000090859e+03,2.578038040834577660e-01
1.319700000000090768e+03,2.579266240521941866e-01
1.319800000000090904e+03,2.580494889174772544e-01
1.319900000000091040e+03,2.581723986901067192e-01
1.320000000000090949e+03,2.582914893063137929e-01
1.320100000000090859e+03,2.584276915914948125e-01
1.320200000000090995e+03,2.585639522122869516e-01
1.320300000000091131e+03,2.587002711874213379e-01
1.320400000000091040e+03,2.588366485356331514e-01
1.320500000000090949e+03,2.589730842756608475e-01
1.320600000000091086e+03,2.591095784262461565e-01
1.320700000000091222e+03,2.592461310061338620e-01
1.320800000000091131e+03,2.593790965287918193e-01
1.320900000000091040e+03,2.595097310789044598e-01
1.321000000000091177e+03,2.596404186922147694e-01
1.321100000000091313e+03,2.597769155060752899e-01
1.321200000000091222e+03,2.599134701966909766e-01
1.321300000000091131e+03,2.600441943796495958e-01
1.321400000000091268e+03,2.601745281553108913e-01
1.321500000000091404e+03,2.603049141290358359e-01
1.321600000000091313e+03,2.604353523157648120e-01
1.321700000000091222e+03,2.605661013548328797e-01
1.321800000000091359e+03,2.606970299288321469e-01
1.321900000000091495e+03,2.608280111490273723e-01
1.322000000000091404e+03,2.609590450306388254e-01
1.322100000000091313e+03,2.611323350929030118e-01
1.322200000000091450e+03,2.613057232490835768e-01
1.322300000000091586e+03,2.614792095439987252e-01
1.322400000000091495e+03,2.616569305433671944e-01
1.322500000000091404e+03,2.618369860747354894e-01
1.322600000000091541e+03,2.620171477165800233e-01
1.322700000000091677e+03,2.621974155198066869e-01
1.322800000000091586e+03,2.623777895353388567e-01
1.322900000000091495e+03,2.625582698141179505e-01
1.323000000000091632e+03,2.627388564070262111e-01
1.323100000000091768e+03,2.628362620673861949e-01
1.323200000000091677e+03,2.629336867745363238e-01
1.323300000000091586e+03,2.630311305246587072e-01
1.323400000000091723e+03,2.631285933139310140e-01
1.323500000000091859e+03,2.632284395031186941e-01
1.323600000000091768e+03,2.633323431363323586e-01
1.323700000000091677e+03,2.634362698125895519e-01
1.323800000000091813e+03,2.635402195287537275e-01
1.323900000000091950e+03,2.636441922816840644e-01
1.324000000000091859e+03,2.637454330905071309e-01
1.324100000000091768e+03,2.638688337321494215e-01
1.324200000000091904e+03,2.639922764139411293e-01
1.324300000000092041e+03,2.641157611423832763e-01
1.324400000000091950e+03,2.642392879239748860e-01
1.324500000000091859e+03,2.643628567652120953e-01
1.324600000000091995e+03,2.644876128808971161e-01
1.324700000000092132e+03,2.646241225873471326e-01
1.324800000000092041e+03,2.647531027194162112e-01
1.324900000000091950e+03,2.648712838980262219e-01
1.325000000000092086e+03,2.649895015713565893e-01
1.325100000000092223e+03,2.651113581715653367e-01
1.325200000000092132e+03,2.652332550635778108e-01
1.325300000000092041e+03,2.653551922529051033e-01
1.325400000000092177e+03,2.654771697450546419e-01
1.325500000000092314e+03,2.655957743570687701e-01
1.325600000000092223e+03,2.657087575477173336e-01
1.325700000000092132e+03,2.658140437643624621e-01
1.325800000000092268e+03,2.659089176963814749e-01
1.325900000000092405e+03,2.660013436301339462e-01
1.326000000000092314e+03,2.660937886047010648e-01
1.326100000000092223e+03,2.661561863976830145e-01
1.326200000000092359e+03,2.662185879468412231e-01
1.326300000000092496e+03,2.662809932482449460e-01
1.326400000000092405e+03,2.663413372259571532e-01
1.326500000000092314e+03,2.663975729206222165e-01
1.326600000000092450e+03,2.664538097479212664e-01
1.326700000000092587e+03,2.665100477038406246e-01
1.326800000000092496e+03,2.665662867843630046e-01
1.326900000000092405e+03,2.666156933873347623e-01
1.327000000000092541e+03,2.666590016964092702e-01
1.327100000000092678e+03,2.667455497594433123e-01
1.327200000000092587e+03,2.668321153422166803e-01
1.327300000000092496e+03,2.669186984439025911e-01
1.327400000000092632e+03,2.670052990636713752e-01
1.327500000000092768e+03,2.670919172006913644e-01
1.327600000000092678e+03,2.671785528541271160e-01
1.327700000000092587e+03,2.672652060231423543e-01
1.327800000000092723e+03,2.673518767068975843e-01
1.327900000000092859e+03,2.674385649045507019e-01
1.328000000000092768e+03,2.675268795504467390e-01
1.328100000000092678e+03,2.675427848151637478e-01
1.328200000000092814e+03,2.675586828944043760e-01
1.328300000000092950e+03,2.675745737869918428e-01
1.328400000000092859e+03,2.675904574917495893e-01
1.328500000000092768e+03,2.676063340075011121e-01
1.328600000000092905e+03,2.676222033330709071e-01
1.328700000000093041e+03,2.676380654672833592e-01
1.328800000000092950e+03,2.676579903450712616e-01
1.328900000000092859e+03,2.676924537591496289e-01
1.329000000000092996e+03,2.677269127569347207e-01
1.329100000000093132e+03,2.677733102302956025e-01
1.329200000000093041e+03,2.678196637619985054e-01
1.329300000000092950e+03,2.678660176736710752e-01
1.329400000000093087e+03,2.679123719632414136e-01
1.329500000000093223e+03,2.679587266286359570e-01
1.329600000000093132e+03,2.680084369276461431e-01
1.329700000000093041e+03,2.680734296470879685e-01
1.329800000000093178e+03,2.681384288940276139e-01
1.329900000000093314e+03,2.682034346662838797e-01
1.330000000000093223e+03,2.682684469617080958e-01
1.330100000000093132e+03,2.683676271631310062e-01
1.330200000000093269e+03,2.684668357043208387e-01
1.330300000000093405e+03,2.685571363605802064e-01
1.330400000000093314e+03,2.686469196418637684e-01
1.330500000000093223e+03,2.687581794519044998e-01
1.330600000000093360e+03,2.688698173706474681e-01
1.330700000000093496e+03,2.689814913300848653e-01
1.330800000000093405e+03,2.690932013379387922e-01
1.330900000000093314e+03,2.692048627227621171e-01
1.331000000000093451e+03,2.693163877002636153e-01
1.331100000000093587e+03,2.694144441899896658e-01
1.331200000000093496e+03,2.695144516436476234e-01
1.331300000000093405e+03,2.696312819455837784e-01
1.331400000000093542e+03,2.697454919226515146e-01
1.331500000000093678e+03,2.698558675194139833e-01
1.331600000000093587e+03,2.699662745812771991e-01
1.331700000000093496e+03,2.700795154384377783e-01
1.331800000000093632e+03,2.701945390472539343e-01
1.331900000000093769e+03,2.703095978951922662e-01
1.332000000000093678e+03,2.704250942282835357e-01
1.332100000000093587e+03,2.705548720247844541e-01
1.332200000000093723e+03,2.706846970909013717e-01
1.332300000000093860e+03,2.708145694375166945e-01
1.332400000000093769e+03,2.709444890755127733e-01
1.332500000000093678e+03,2.710761192709109091e-01
1.332600000000093814e+03,2.712192467014192254e-01
1.332700000000093951e+03,2.713624333985871773e-01
1.332800000000093860e+03,2.715056793792836598e-01
1.332900000000093769e+03,2.716489846603791225e-01
1.333000000000093905e+03,2.717923492587856482e-01
1.333100000000094042e+03,2.719780002047144096e-01
1.333200000000093951e+03,2.721637608669410513e-01
1.333300000000093860e+03,2.723496313001201319e-01
1.333400000000093996e+03,2.725356115589281925e-01
1.333500000000094133e+03,2.727217016980616471e-01
1.333600000000094042e+03,2.729079017722404465e-01
1.333700000000093951e+03,2.731109684182571051e-01
1.333800000000094087e+03,2.733172053828069048e-01
1.333900000000094224e+03,2.735235782133677573e-01
1.334000000000094133e+03,2.737300869861556407e-01
1.334100000000094042e+03,2.739296383305578342e-01
1.334200000000094178e+03,2.741293162872021072e-01
1.334300000000094315e+03,2.743291209245489193e-01
1.334400000000094224e+03,2.745290523110883174e-01
1.334500000000094133e+03,2.747291105153428226e-01
1.334600000000094269e+03,2.749294715998714667e-01
1.334700000000094406e+03,2.751303091039193349e-01
1.334800000000094315e+03,2.753237480545444038e-01
1.334900000000094224e+03,2.755115369719099983e-01
1.335000000000094360e+03,2.756994369591923566e-01
1.335100000000094496e+03,2.758822172491829927e-01
1.335200000000094406e+03,2.760651015432488142e-01
1.335300000000094315e+03,2.762480898909059901e-01
1.335400000000094451e+03,2.764311823416892855e-01
1.335500000000094587e+03,2.766143789451515622e-01
1.335600000000094496e+03,2.767976797508653330e-01
1.335700000000094406e+03,2.769810848084223176e-01
1.335800000000094542e+03,2.771645941674334979e-01
1.335900000000094678e+03,2.773482078775278414e-01
1.336000000000094587e+03,2.775319259883417544e-01
1.336100000000094496e+03,2.776926022244649017e-01
1.336200000000094633e+03,2.778517111923551886e-01
1.336300000000094769e+03,2.780108965679420341e-01
1.336400000000094678e+03,2.781701583805376576e-01
1.336500000000094587e+03,2.783294966594644371e-01
1.336600000000094724e+03,2.784889114340525773e-01
1.336700000000094860e+03,2.786484027336395553e-01
1.336800000000094769e+03,2.788079705875713410e-01
1.336900000000094678e+03,2.789515832906094284e-01
1.337000000000094815e+03,2.790920759505715054e-01
1.337100000000094951e+03,2.792635084942758916e-01
1.337200000000094860e+03,2.794350340380512554e-01
1.337300000000094769e+03,2.796066526256779095e-01
1.337400000000094906e+03,2.797783643009530419e-01
1.337500000000095042e+03,2.799501691076912158e-01
1.337600000000094951e+03,2.801220670897240916e-01
1.337700000000094860e+03,2.802735883641012116e-01
1.337800000000094997e+03,2.804198755253877184e-01
1.337900000000095133e+03,2.805662298630075546e-01
1.338000000000095042e+03,2.807126514036157872e-01
1.338100000000094951e+03,2.808553207281036523e-01
1.338200000000095088e+03,2.810029613271915472e-01
1.338300000000095224e+03,2.811525288694142199e-01
1.338400000000095133e+03,2.813021654769393698e-01
1.338500000000095042e+03,2.814323219844133139e-01
1.338600000000095179e+03,2.815562046295352894e-01
1.338700000000095315e+03,2.816801328389587633e-01
1.338800000000095224e+03,2.818041066261572358e-01
1.338900000000095133e+03,2.819281260046072046e-01
1.339000000000095270e+03,2.820521909878058731e-01
1.339100000000095406e+03,2.821941495300290814e-01
1.339200000000095315e+03,2.823361710181092055e-01
1.339300000000095224e+03,2.824736012102210259e-01
1.339400000000095361e+03,2.826092523834888293e-01
1.339500000000095497e+03,2.827449387553621074e-01
1.339600000000095406e+03,2.828805474162864875e-01
1.339700000000095315e+03,2.830162127491449020e-01
1.339800000000095451e+03,2.831519347742425530e-01
1.339900000000095588e+03,2.832877135118913592e-01
1.340000000000095497e+03,2.834235489823462850e-01
1.340100000000095406e+03,2.834989371639811129e-01
1.340200000000095542e+03,2.835764327801134077e-01
1.340300000000095679e+03,2.836539418263553936e-01
1.340400000000095588e+03,2.837314643031061956e-01
1.340500000000095497e+03,2.838090002107648280e-01
1.340600000000095633e+03,2.838865495497310265e-01
1.340700000000095770e+03,2.839641123204029727e-01
1.340800000000095679e+03,2.840416885231787369e-01
1.340900000000095588e+03,2.841234549222617090e-01
1.341000000000095724e+03,2.842056960175729508e-01
1.341100000000095861e+03,2.843417496159438840e-01
1.341200000000095770e+03,2.844778600878349883e-01
1.341300000000095679e+03,2.846150189716336598e-01
1.341400000000095815e+03,2.847524615583816865e-01
1.341500000000095952e+03,2.848899622521658959e-01
1.341600000000095861e+03,2.850275210741547438e-01
1.341700000000095770e+03,2.851730152859335288e-01
1.341800000000095906e+03,2.853238010462371133e-01
1.341900000000096043e+03,2.854746574540175663e-01
1.342000000000095952e+03,2.856255845381599490e-01
1.342100000000095861e+03,2.857413650626711710e-01
1.342200000000095997e+03,2.858571843282906588e-01
1.342300000000096134e+03,2.859730423451247172e-01
1.342400000000096043e+03,2.860889391232807055e-01
1.342500000000095952e+03,2.862233656351393929e-01
1.342600000000096088e+03,2.863722218562180788e-01
1.342700000000096225e+03,2.865045319413564440e-01
1.342800000000096134e+03,2.866260012321310002e-01
1.342900000000096043e+03,2.867475135561943778e-01
1.343000000000096179e+03,2.868690689255947723e-01
1.343100000000096315e+03,2.869411935989627516e-01
1.343200000000096225e+03,2.870133274725306660e-01
1.343300000000096134e+03,2.870923764750748508e-01
1.343400000000096270e+03,2.871777089083060730e-01
1.343500000000096406e+03,2.872630555484030901e-01
1.343600000000096315e+03,2.873484163944446945e-01
1.343700000000096225e+03,2.874337914455089016e-01
1.343800000000096361e+03,2.875124835706581727e-01
1.343900000000096497e+03,2.875771944346078857e-01
1.344000000000096406e+03,2.876419101882249918e-01
1.344100000000096315e+03,2.877340550073456127e-01
1.344200000000096452e+03,2.878296146596426297e-01
1.344300000000096588e+03,2.879251954121900825e-01
1.344400000000096497e+03,2.880207972665974614e-01
1.344500000000096406e+03,2.881164202244750894e-01
1.344600000000096543e+03,2.882120642874314576e-01
1.344700000000096679e+03,2.883077294570747240e-01
1.344800000000096588e+03,2.884034157350119365e-01
1.344900000000096497e+03,2.885020776069544546e-01
1.345000000000096634e+03,2.886044187957156337e-01
1.345100000000096770e+03,2.887226860893283287e-01
1.345200000000096679e+03,2.888409881075159058e-01
1.345300000000096588e+03,2.889593248552729254e-01
1.345400000000096725e+03,2.890776963375912834e-01
1.345500000000096861e+03,2.891961025594623758e-01
1.345600000000096770e+03,2.893145435258767106e-01
1.345700000000096679e+03,2.894357250761454003e-01
1.345800000000096816e+03,2.895608645397893532e-01
1.345900000000096952e+03,2.896860428749936656e-01
1.346000000000096861e+03,2.898112600878309242e-01
1.346100000000096770e+03,2.898594824572944262e-01
1.346200000000096907e+03,2.899076964184766347e-01
1.346300000000097043e+03,2.899559019667134474e-01
1.346400000000096952e+03,2.900040990973408173e-01
1.346500000000096861e+03,2.900498346670410954e-01
1.346600000000096998e+03,2.900913804073750879e-01
1.346700000000097134e+03,2.901329171313679067e-01
1.346800000000097043e+03,2.901744448351536998e-01
1.346900000000096952e+03,2.902159635148680028e-01
1.347000000000097089e+03,2.902574731666959229e-01
1.347100000000097225e+03,2.903501669829244847e-01
1.347200000000097134e+03,2.904495994742437581e-01
1.347300000000097043e+03,2.905518577888084875e-01
1.347400000000097180e+03,2.906452566894964784e-01
1.347500000000097316e+03,2.907386758019356865e-01
1.347600000000097225e+03,2.908321151277235006e-01
1.347700000000097134e+03,2.909255746684575872e-01
1.347800000000097270e+03,2.910190544257357792e-01
1.347900000000097407e+03,2.911125544011537447e-01
1.348000000000097316e+03,2.912060745963242492e-01
1.348100000000097225e+03,2.913153050114770104e-01
1.348200000000097361e+03,2.914198595079667831e-01
1.348300000000097498e+03,2.915244427651283998e-01
1.348400000000097407e+03,2.916290547880986406e-01
1.348500000000097316e+03,2.917336955820158395e-01
1.348600000000097452e+03,2.918383651520187749e-01
1.348700000000097589e+03,2.919430440551881167e-01
1.348800000000097498e+03,2.920477246949326200e-01
1.348900000000097407e+03,2.921490469033028448e-01
1.349000000000097543e+03,2.922404463448001755e-01
1.349100000000097680e+03,2.923475424207162554e-01
1.349200000000097589e+03,2.924546709308026848e-01
1.349300000000097498e+03,2.925618318826118114e-01
1.349400000000097634e+03,2.926690252836960382e-01
1.349500000000097771e+03,2.927762511416091007e-01
1.349600000000097680e+03,2.928835094639058445e-01
1.349700000000097589e+03,2.929836018959969812e-01
1.349800000000097725e+03,2.930575013246453642e-01
1.349900000000097862e+03,2.931314158725465413e-01
1.350000000000097771e+03,2.932053455418143773e-01
1.350100000000097680e+03,2.932092294629194962e-01
1.350200000000097816e+03,2.932131067011847225e-01
1.350300000000097953e+03,2.932169772560537235e-01
1.350400000000097862e+03,2.932208411269703885e-01
1.350500000000097771e+03,2.932211508403079758e-01
1.350600000000097907e+03,2.932049429400591656e-01
1.350700000000098044e+03,2.931887299627533028e-01
1.350800000000097953e+03,2.931725119089926834e-01
1.350900000000097862e+03,2.931562887793792704e-01
1.351000000000097998e+03,2.931400605745645427e-01
1.351100000000098134e+03,2.931735636668303391e-01
1.351200000000098044e+03,2.932070663409011013e-01
1.351300000000097953e+03,2.932400864377917027e-01
1.351400000000098089e+03,2.932730283343122912e-01
1.351500000000098225e+03,2.933059696839892538e-01
1.351600000000098134e+03,2.933389104860467667e-01
1.351700000000098044e+03,2.933743878307562003e-01
1.351800000000098180e+03,2.934143458733495247e-01
1.351900000000098316e+03,2.934543044940648993e-01
1.352000000000098225e+03,2.934942636920401804e-01
1.352100000000098134e+03,2.936003682408222515e-01
1.352200000000098271e+03,2.937185599429382177e-01
1.352300000000098407e+03,2.938367892707615114e-01
1.352400000000098316e+03,2.939550562320639715e-01
1.352500000000098225e+03,2.940733608346179362e-01
1.352600000000098362e+03,2.941917030861956328e-01
1.352700000000098498e+03,2.943100829945684560e-01
1.352800000000098407e+03,2.944290722714909547e-01
1.352900000000098316e+03,2.945545693806040921e-01
1.353000000000098453e+03,2.946801092739375072e-01
1.353100000000098589e+03,2.946479474892316763e-01
1.353200000000098498e+03,2.946157732048524935e-01
1.353300000000098407e+03,2.945835864236446278e-01
1.353400000000098544e+03,2.945518914575205316e-01
1.353500000000098680e+03,2.945246381558240811e-01
1.353600000000098589e+03,2.944973713225022549e-01
1.353700000000098498e+03,2.944702420253542674e-01
1.353800000000098635e+03,2.944496590232577038e-01
1.353900000000098771e+03,2.944290610474603609e-01
1.354000000000098680e+03,2.944197151912616994e-01
1.354100000000098589e+03,2.945277691990487723e-01
1.354200000000098726e+03,2.946358540915799407e-01
1.354300000000098862e+03,2.947439698742340686e-01
1.354400000000098771e+03,2.948521165523897980e-01
1.354500000000098680e+03,2.949602941314242721e-01
1.354600000000098817e+03,2.950751179986356165e-01
1.354700000000098953e+03,2.951900854609695868e-01
1.354800000000098862e+03,2.953050884683060540e-01
1.354900000000098771e+03,2.954201270278170588e-01
1.355000000000098908e+03,2.955352011466584328e-01
1.355100000000099044e+03,2.956372089592781971e-01
1.355200000000098953e+03,2.957426274548576872e-01
1.355300000000098862e+03,2.958480740621236560e-01
1.355400000000098998e+03,2.959854148694045506e-01
1.355500000000099135e+03,2.961246497691783497e-01
1.355600000000099044e+03,2.962639368348232161e-01
1.355700000000098953e+03,2.964032760797156718e-01
1.355800000000099089e+03,2.965426675172344595e-01
1.355900000000099226e+03,2.966821111607573780e-01
1.356000000000099135e+03,2.968216070236400217e-01
1.356100000000099044e+03,2.969375887405171777e-01
1.356200000000099180e+03,2.970648401458959031e-01
1.356300000000099317e+03,2.972089153895298153e-01
1.356400000000099226e+03,2.973530409847074396e-01
1.356500000000099135e+03,2.974972169391779109e-01
1.356600000000099271e+03,2.976414432606881988e-01
1.356700000000099408e+03,2.977857199569791669e-01
1.356800000000099317e+03,2.979300470357885144e-01
1.356900000000099226e+03,2.980744245048497776e-01
1.357000000000099362e+03,2.982129626330645156e-01
1.357100000000099499e+03,2.983149440897791549e-01
1.357200000000099408e+03,2.984169410022837199e-01
1.357300000000099317e+03,2.985189533645167259e-01
1.357400000000099453e+03,2.986073236912996087e-01
1.357500000000099590e+03,2.986951335187781331e-01
1.357600000000099499e+03,2.987829524444512996e-01
1.357700000000099408e+03,2.988707804623134123e-01
1.357800000000099544e+03,2.989304255169493718e-01
1.357900000000099681e+03,2.989842770612065048e-01
1.358000000000099590e+03,2.990381254370425013e-01
1.358100000000099499e+03,2.991985378891900416e-01
1.358200000000099635e+03,2.993590104047489930e-01
1.358300000000099772e+03,2.995195429900890383e-01
1.358400000000099681e+03,2.996801356515694792e-01
1.358500000000099590e+03,2.998407883955386821e-01
1.358600000000099726e+03,2.999799272794288485e-01
1.358700000000099863e+03,3.001136530206425790e-01
1.358800000000099772e+03,3.002474500099239774e-01
1.358900000000099681e+03,3.003812818289210429e-01
1.359000000000099817e+03,3.005151484728391109e-01
1.359100000000099953e+03,3.005295326681686197e-01
1.359200000000099863e+03,3.005439028812351698e-01
1.359300000000099772e+03,3.005582591092825218e-01
1.359400000000099908e+03,3.005571813381999746e-01
1.359500000000100044e+03,3.005510148466785658e-01
1.359600000000099953e+03,3.005448336528491748e-01
1.359700000000099863e+03,3.005338091967076908e-01
1.359800000000099999e+03,3.005225417968396817e-01
1.359900000000100135e+03,3.005112600326832473e-01
1.360000000000100044e+03,3.004999639051517679e-01
1.360100000000099953e+03,3.004541000412236373e-01
1.360200000000100090e+03,3.004082259809932598e-01
1.360300000000100226e+03,3.003623417301604093e-01
1.360400000000100135e+03,3.003164472944248042e-01
1.360500000000100044e+03,3.002705426794854415e-01
1.360600000000100181e+03,3.002246278910427058e-01
1.360700000000100317e+03,3.001787029347961488e-01
1.360800000000100226e+03,3.001327678164459889e-01
1.360900000000100135e+03,3.000868225416926105e-01
1.361000000000100272e+03,3.000500790859045308e-01
1.361100000000100408e+03,3.001148499431936512e-01
1.361200000000100317e+03,3.001796166659893572e-01
1.361300000000100226e+03,3.002443792450696369e-01
1.361400000000100363e+03,3.003091376712088145e-01
1.361500000000100499e+03,3.003738919351782721e-01
1.361600000000100408e+03,3.004386420277464498e-01
1.361700000000100317e+03,3.005033879396797336e-01
1.361800000000100454e+03,3.005855313103566462e-01
1.361900000000100590e+03,3.007195017626486666e-01
1.362000000000100499e+03,3.008615633269657308e-01
1.362100000000100408e+03,3.009072693045389824e-01
1.362200000000100545e+03,3.009529539046394975e-01
1.362300000000100681e+03,3.009986171187739035e-01
1.362400000000100590e+03,3.010442589384520473e-01
1.362500000000100499e+03,3.010898793551867736e-01
1.362600000000100636e+03,3.011191054000648126e-01
1.362700000000100772e+03,3.011373027217039144e-01
1.362800000000100681e+03,3.011554736527070064e-01
1.362900000000100590e+03,3.011736181914495547e-01
1.363000000000100727e+03,3.011877520846545364e-01
1.363100000000100863e+03,3.012769405972161030e-01
1.363200000000100772e+03,3.013661328870108624e-01
1.363300000000100681e+03,3.014553289446205153e-01
1.363400000000100817e+03,3.015406942764062848e-01
1.363500000000100954e+03,3.016230411710104087e-01
1.363600000000100863e+03,3.017053878540028600e-01
1.363700000000100772e+03,3.017877343157876480e-01
1.363800000000100908e+03,3.018700805467677273e-01
1.363900000000101045e+03,3.019524265373418892e-01
1.364000000000100954e+03,3.020347722779588850e-01
1.364100000000100863e+03,3.021634089697372016e-01
1.364200000000100999e+03,3.022801674775081882e-01
1.364300000000101136e+03,3.024002416111317704e-01
1.364400000000101045e+03,3.025203408821320328e-01
1.364500000000100954e+03,3.026404652840989917e-01
1.364600000000101090e+03,3.027606148106155026e-01
1.364700000000101227e+03,3.028807894552553170e-01
1.364800000000101136e+03,3.030009892115844705e-01
1.364900000000101045e+03,3.031212140731613380e-01
1.365000000000101181e+03,3.032647354884301927e-01
1.365100000000101318e+03,3.033494585012608269e-01
1.365200000000101227e+03,3.034341838874338171e-01
1.365300000000101136e+03,3.035904612205022612e-01
1.365400000000101272e+03,3.037469381684047565e-01
1.365500000000101409e+03,3.039034529721664768e-01
1.365600000000101318e+03,3.040600056180385868e-01
1.365700000000101227e+03,3.042165960922591506e-01
1.365800000000101363e+03,3.043824299445255788e-01
1.365900000000101500e+03,3.045598564140959419e-01
1.366000000000101409e+03,3.047373407743610985e-01
1.366100000000101318e+03,3.049008404817193374e-01
1.366200000000101454e+03,3.050643799300154502e-01
1.366300000000101591e+03,3.052279591003987380e-01
1.366400000000101500e+03,3.054225688250950532e-01
1.366500000000101409e+03,3.056294537952382595e-01
1.366600000000101545e+03,3.058392259145747971e-01
1.366700000000101682e+03,3.060532084962870880e-01
1.366800000000101591e+03,3.062672732419417509e-01
1.366900000000101500e+03,3.064814201378186498e-01
1.367000000000101636e+03,3.066956491702557686e-01
1.367100000000101772e+03,3.070005983016356743e-01
1.367200000000101682e+03,3.073057831242552718e-01
1.367300000000101591e+03,3.076112037619828654e-01
1.367400000000101727e+03,3.079142992865255835e-01
1.367500000000101863e+03,3.082385384590167199e-01
1.367600000000101772e+03,3.085957014799647347e-01
1.367700000000101682e+03,3.089531807608398295e-01
1.367800000000101818e+03,3.093109764904064529e-01
1.367900000000101954e+03,3.096690888574682998e-01
1.368000000000101863e+03,3.100275180507869877e-01
1.368100000000101772e+03,3.103030715156650521e-01
1.368200000000101909e+03,3.105741515891647930e-01
1.368300000000102045e+03,3.108358971384065916e-01
1.368400000000101954e+03,3.110977665907116996e-01
1.368500000000101863e+03,3.113597599356602852e-01
1.368600000000102000e+03,3.116516494112150926e-01
1.368700000000102136e+03,3.121039331434719566e-01
1.368800000000102045e+03,3.125566247592297953e-01
1.368900000000101954e+03,3.130097243629650361e-01
1.369000000000102091e+03,3.134550077915799204e-01
1.369100000000102227e+03,3.139318248668043210e-01
1.369200000000102136e+03,3.144091228529040660e-01
1.369300000000102045e+03,3.148869019714504724e-01
1.369400000000102182e+03,3.153651624439383627e-01
1.369500000000102318e+03,3.158439044917865646e-01
1.369600000000102227e+03,3.163231283363380775e-01
1.369700000000102136e+03,3.168031472050763520e-01
1.369800000000102273e+03,3.173407649015722587e-01
1.369900000000102409e+03,3.178818179752604944e-01
1.370000000000102318e+03,3.184234773872918201e-01
1.370100000000102227e+03,3.188886520724126261e-01
1.370200000000102364e+03,3.193541880504184305e-01
1.370300000000102500e+03,3.198200852649954462e-01
1.370400000000102409e+03,3.202863436595835278e-01
1.370500000000102318e+03,3.207529631773810563e-01
1.370600000000102455e+03,3.212199437613401098e-01
1.370700000000102591e+03,3.216872853541674626e-01
1.370800000000102500e+03,3.221549878983237525e-01
1.370900000000102409e+03,3.226319560252983165e-01
1.371000000000102546e+03,3.231153384674462226e-01
1.371100000000102682e+03,3.237352009236781347e-01
1.371200000000102591e+03,3.243559094157011380e-01
1.371300000000102500e+03,3.249774646267151179e-01
1.371400000000102636e+03,3.256024285564445009e-01
1.371500000000102773e+03,3.262404635487841098e-01
1.371600000000102682e+03,3.268794036425808347e-01
1.371700000000102591e+03,3.275192496356945648e-01
1.371800000000102727e+03,3.281600023262280508e-01
1.371900000000102864e+03,3.288016625125235737e-01
1.372000000000102773e+03,3.294250837588930114e-01
1.372100000000102682e+03,3.298022632549808542e-01
1.372200000000102818e+03,3.301795929854344225e-01
1.372300000000102955e+03,3.305570727413330578e-01
1.372400000000102864e+03,3.309347023136180455e-01
1.372500000000102773e+03,3.313124814930982209e-01
1.372600000000102909e+03,3.316904100704464176e-01
1.372700000000103046e+03,3.320684878361983006e-01
1.372800000000102955e+03,3.324467145807541435e-01
1.372900000000102864e+03,3.328250900943813817e-01
1.373000000000103000e+03,3.332043418164122861e-01
1.373100000000103137e+03,3.336937474809974491e-01
1.373200000000103046e+03,3.341835959347297380e-01
1.373300000000102955e+03,3.346738872816029109e-01
1.373400000000103091e+03,3.351646216254179911e-01
1.373500000000103228e+03,3.356557990697781602e-01
1.373600000000103137e+03,3.361474197180882584e-01
1.373700000000103046e+03,3.366394836735579488e-01
1.373800000000103182e+03,3.371328741922448025e-01
1.373900000000103319e+03,3.376411071076326764e-01
1.374000000000103228e+03,3.381498273779242059e-01
1.374100000000103137e+03,3.386620218153768569e-01
1.374200000000103273e+03,3.391747120189227416e-01
1.374300000000103410e+03,3.397403894335806473e-01
1.374400000000103319e+03,3.403237073560256842e-01
1.374500000000103228e+03,3.409076706903416132e-01
1.374600000000103364e+03,3.414934719008905772e-01
1.374700000000103500e+03,3.421406300489505670e-01
1.374800000000103410e+03,3.427886464752822882e-01
1.374900000000103319e+03,3.434375218027633236e-01
1.375000000000103455e+03,3.440872566541232080e-01
1.375100000000103591e+03,3.446434590500099260e-01
1.375200000000103500e+03,3.452000625942576173e-01
1.375300000000103410e+03,3.457567012134968865e-01
1.375400000000103546e+03,3.462728017746894982e-01
1.375500000000103682e+03,3.467979092432135202e-01
1.375600000000103591e+03,3.473245763061079683e-01
1.375700000000103500e+03,3.478517463307815305e-01
1.375800000000103637e+03,3.483794194309638437e-01
1.375900000000103773e+03,3.489075957200390987e-01
1.376000000000103682e+03,3.494362753111679987e-01
1.376100000000103591e+03,3.500789985154193484e-01
1.376200000000103728e+03,3.507226041954037976e-01
1.376300000000103864e+03,3.513745620696726579e-01
1.376400000000103773e+03,3.520278885381410983e-01
1.376500000000103682e+03,3.526682485254035715e-01
1.376600000000103819e+03,3.532519675855886887e-01
1.376700000000103955e+03,3.538364136363222889e-01
1.376800000000103864e+03,3.544215872554531410e-01
1.376900000000103773e+03,3.550074890209266587e-01
1.377000000000103910e+03,3.555941195106409047e-01
1.377100000000104046e+03,3.560426818507471669e-01
1.377200000000103955e+03,3.564915692802229641e-01
1.377300000000103864e+03,3.569407817669694172e-01
1.377400000000104001e+03,3.573903192786042071e-01
1.377500000000104137e+03,3.578401817824609088e-01
1.377600000000104046e+03,3.582903692455904343e-01
1.377700000000103955e+03,3.586748903011220957e-01
1.377800000000104092e+03,3.590534416267551210e-01
1.377900000000104228e+03,3.594322063395747335e-01
1.378000000000104137e+03,3.598111843729419057e-01
1.378100000000104046e+03,3.603514006089460486e-01
1.378200000000104183e+03,3.608922411646225403e-01
1.378300000000104319e+03,3.614337065192865239e-01
1.378400000000104228e+03,3.619757971523556717e-01
1.378500000000104137e+03,3.625185135433538486e-01
1.378600000000104274e+03,3.630618561719067272e-01
1.378700000000104410e+03,3.635923254581098774e-01
1.378800000000104319e+03,3.639817483322499991e-01
1.378900000000104228e+03,3.642912910879218535e-01
1.379000000000104365e+03,3.646014603111120689e-01
1.379100000000104501e+03,3.649238222078181604e-01
1.379200000000104410e+03,3.652463969291068757e-01
1.379300000000104319e+03,3.655691845496701342e-01
1.379400000000104455e+03,3.658921851441664375e-01
1.379500000000104592e+03,3.662024536087873927e-01
1.379600000000104501e+03,3.665094272554122456e-01
1.379700000000104410e+03,3.668165909625879517e-01
1.379800000000104546e+03,3.671239447886111562e-01
1.379900000000104683e+03,3.674054820397350540e-01
1.380000000000104592e+03,3.676396136943576032e-01
1.380100000000104501e+03,3.677586094342971679e-01
1.380200000000104637e+03,3.678775995634268048e-01
1.380300000000104774e+03,3.679965840568491520e-01
1.380400000000104683e+03,3.681155628896615739e-01
1.380500000000104592e+03,3.682345360369540521e-01
1.380600000000104728e+03,3.683535034738131264e-01
1.380700000000104865e+03,3.684724651753185642e-01
1.380800000000104774e+03,3.685914211165437493e-01
1.380900000000104683e+03,3.687106906442025878e-01
1.381000000000104819e+03,3.688281844360508099e-01
1.381100000000104956e+03,3.689028776426909739e-01
1.381200000000104865e+03,3.689679914671331606e-01
1.381300000000104774e+03,3.690330833581543790e-01
1.381400000000104910e+03,3.690981533009576876e-01
1.381500000000105047e+03,3.691632012807462560e-01
1.381600000000104956e+03,3.692282272827250855e-01
1.381700000000104865e+03,3.692932312920991222e-01
1.381800000000105001e+03,3.693582132940759211e-01
1.381900000000105138e+03,3.693787628262271694e-01
1.382000000000105047e+03,3.693776166667077088e-01
1.382100000000104956e+03,3.694712942530865574e-01
1.382200000000105092e+03,3.695649795855772690e-01
1.382300000000105229e+03,3.696586726569809911e-01
1.382400000000105138e+03,3.697523734600942080e-01
1.382500000000105047e+03,3.698460819877089079e-01
1.382600000000105183e+03,3.699397982326113610e-01
1.382700000000105319e+03,3.699968494440570299e-01
1.382800000000105229e+03,3.700326731836205418e-01
1.382900000000105138e+03,3.700684882333200587e-01
1.383000000000105274e+03,3.701042945884299162e-01
1.383100000000105410e+03,3.701313907596249231e-01
1.383200000000105319e+03,3.701584760914958250e-01
1.383300000000105229e+03,3.701897619657675276e-01
1.383400000000105365e+03,3.702250401588469408e-01
1.383500000000105501e+03,3.702553849858672419e-01
1.383600000000105410e+03,3.702823653762209455e-01
1.383700000000105319e+03,3.703093339258126115e-01
1.383800000000105456e+03,3.703362906304462077e-01
1.383900000000105592e+03,3.703632354859250908e-01
1.384000000000105501e+03,3.703901684881192868e-01
1.384100000000105410e+03,3.704792867899472375e-01
1.384200000000105547e+03,3.705684110704797196e-01
1.384300000000105683e+03,3.706575413225787763e-01
1.384400000000105592e+03,3.707294853656739608e-01
1.384500000000105501e+03,3.707446329831624587e-01
1.384600000000105638e+03,3.707597706643280255e-01
1.384700000000105774e+03,3.707748984061077224e-01
1.384800000000105683e+03,3.707900162054381110e-01
1.384900000000105592e+03,3.708051240592555309e-01
1.385000000000105729e+03,3.708202219645050923e-01
1.385100000000105865e+03,3.708481547618447949e-01
1.385200000000105774e+03,3.708800762063262368e-01
1.385300000000105683e+03,3.709119887251423608e-01
1.385400000000105820e+03,3.709438923139083411e-01
1.385500000000105956e+03,3.709757869682371312e-01
1.385600000000105865e+03,3.710076726837420180e-01
1.385700000000105774e+03,3.710395494560346785e-01
1.385800000000105911e+03,3.710714172807256239e-01
1.385900000000106047e+03,3.711031864652962198e-01
1.386000000000105956e+03,3.711347352094934715e-01
1.386100000000105865e+03,3.711675108217860619e-01
1.386200000000106002e+03,3.712002765202004895e-01
1.386300000000106138e+03,3.712330322998482757e-01
1.386400000000106047e+03,3.712657781558379444e-01
1.386500000000105956e+03,3.712985140832781861e-01
1.386600000000106093e+03,3.713312400772758592e-01
1.386700000000106229e+03,3.713639561329377115e-01
1.386800000000106138e+03,3.713966622453687139e-01
1.386900000000106047e+03,3.714293584096736156e-01
1.387000000000106184e+03,3.714620446208830584e-01
1.387100000000106320e+03,3.714271307327291494e-01
1.387200000000106229e+03,3.713922089611588762e-01
1.387300000000106138e+03,3.713572793071232558e-01
1.387400000000106274e+03,3.713223417715751928e-01
1.387500000000106411e+03,3.713074061554676453e-01
1.387600000000106320e+03,3.713222332707782347e-01
1.387700000000106229e+03,3.713370468386804069e-01
1.387800000000106365e+03,3.713486237764258568e-01
1.387900000000106502e+03,3.713551756896641964e-01
1.388000000000106411e+03,3.713618891114485177e-01
1.388100000000106320e+03,3.713435372323627415e-01
1.388200000000106456e+03,3.713251724022190725e-01
1.388300000000106593e+03,3.713098082320945847e-01
1.388400000000106502e+03,3.712997105325992475e-01
1.388500000000106411e+03,3.712895983217913143e-01
1.388600000000106547e+03,3.712794715999737649e-01
1.388700000000106684e+03,3.712693303674509671e-01
1.388800000000106593e+03,3.712591746245282320e-01
1.388900000000106502e+03,3.712480896372345462e-01
1.389000000000106638e+03,3.712296725169738076e-01
1.389100000000106775e+03,3.712201418928351981e-01
1.389200000000106684e+03,3.712105977170710447e-01
1.389300000000106593e+03,3.712010399897998636e-01
1.389400000000106729e+03,3.711914687111421141e-01
1.389500000000106866e+03,3.711818838812185883e-01
1.389600000000106775e+03,3.711722855001499122e-01
1.389700000000106684e+03,3.711626735680593758e-01
1.389800000000106820e+03,3.711530480850692704e-01
1.389900000000106957e+03,3.711434090513036632e-01
1.390000000000106866e+03,3.711337564669666689e-01
1.390100000000106775e+03,3.711027213338802255e-01
1.390200000000106911e+03,3.710519600270447138e-01
1.390300000000107048e+03,3.710011767437657038e-01
1.390400000000106957e+03,3.709503714908944372e-01
1.390500000000106866e+03,3.708995442752848759e-01
1.390600000000107002e+03,3.708486951037949786e-01
1.390700000000107138e+03,3.707978239832869227e-01
1.390800000000107048e+03,3.707469309206265495e-01
1.390900000000106957e+03,3.706960159226848628e-01
1.391000000000107093e+03,3.706450789962078551e-01
1.391100000000107229e+03,3.704759333950298772e-01
1.391200000000107138e+03,3.703626766281547522e-01
1.391300000000107048e+03,3.702950284358813571e-01
1.391400000000107184e+03,3.702273774044971266e-01
1.391500000000107320e+03,3.701597235389963436e-01
1.391600000000107229e+03,3.700920668443726247e-01
1.391700000000107138e+03,3.700244073256183652e-01
1.391800000000107275e+03,3.699567449877262937e-01
1.391900000000107411e+03,3.698890798356878062e-01
1.392000000000107320e+03,3.698210854514018542e-01
1.392100000000107229e+03,3.698560643486680788e-01
1.392200000000107366e+03,3.698910326011107808e-01
1.392300000000107502e+03,3.699245853543166040e-01
1.392400000000107411e+03,3.699512884833440207e-01
1.392500000000107320e+03,3.699779804999798194e-01
1.392600000000107457e+03,3.700046614007444501e-01
1.392700000000107593e+03,3.700313311821585849e-01
1.392800000000107502e+03,3.700579898407430623e-01
1.392900000000107411e+03,3.700846373730201644e-01
1.393000000000107548e+03,3.701112737754105320e-01
1.393100000000107684e+03,3.700451599461650476e-01
1.393200000000107593e+03,3.699790457645589226e-01
1.393300000000107502e+03,3.699129312338643172e-01
1.393400000000107639e+03,3.698468163573547796e-01
1.393500000000107775e+03,3.697807011383018039e-01
1.393600000000107684e+03,3.697145855799784386e-01
1.393700000000107593e+03,3.696484696856547347e-01
1.393800000000107730e+03,3.695835687314728002e-01
1.393900000000107866e+03,3.695243752034814699e-01
1.394000000000107775e+03,3.694651789485356441e-01
1.394100000000107684e+03,3.694544182746816174e-01
1.394200000000107821e+03,3.694436474959694738e-01
1.394300000000107957e+03,3.694328666121238780e-01
1.394400000000107866e+03,3.694220756228697722e-01
1.394500000000107775e+03,3.694112745279322652e-01
1.394600000000107912e+03,3.694004633270375204e-01
1.394700000000108048e+03,3.693864962337459756e-01
1.394800000000107957e+03,3.693181235220758252e-01
1.394900000000107866e+03,3.692497560322416938e-01
1.395000000000108002e+03,3.691813937646098442e-01
1.395100000000108139e+03,3.691803491073996080e-01
1.395200000000108048e+03,3.691792942765971808e-01
1.395300000000107957e+03,3.691782292710989455e-01
1.395400000000108093e+03,3.691771540898025061e-01
1.395500000000108230e+03,3.691760687316041345e-01
1.395600000000108139e+03,3.691749731954007130e-01
1.395700000000108048e+03,3.691735395978056888e-01
1.395800000000108184e+03,3.691720713844378610e-01
1.395900000000108321e+03,3.691705929927583951e-01
1.396000000000108230e+03,3.691691044215407169e-01
1.396100000000108139e+03,3.690261918138257324e-01
1.396200000000108275e+03,3.688833217536275910e-01
1.396300000000108412e+03,3.687404942322548007e-01
1.396400000000108321e+03,3.685977092410179234e-01
1.396500000000108230e+03,3.684549667712267440e-01
1.396600000000108366e+03,3.683122668141935452e-01
1.396700000000108503e+03,3.681696093612292220e-01
1.396800000000108412e+03,3.680269944036487217e-01
1.396900000000108321e+03,3.678844219327648823e-01
1.397000000000108457e+03,3.677418919400962660e-01
1.397100000000108594e+03,3.677876327949130553e-01
1.397200000000108503e+03,3.678333652143874200e-01
1.397300000000108412e+03,3.678790891943857222e-01
1.397400000000108548e+03,3.679248047307741021e-01
1.397500000000108685e+03,3.679703595783141434e-01
1.397600000000108594e+03,3.680159884483837907e-01
1.397700000000108503e+03,3.680618381220575608e-01
1.397800000000108639e+03,3.681076793737204089e-01
1.397900000000108776e+03,3.681535121992262627e-01
1.398000000000108685e+03,3.680617801412646717e-01
1.398100000000108594e+03,3.678528226502639220e-01
1.398200000000108730e+03,3.676439471888686139e-01
1.398300000000108867e+03,3.674351537405113888e-01
1.398400000000108776e+03,3.672264422886251656e-01
1.398500000000108685e+03,3.670178128166403098e-01
1.398600000000108821e+03,3.668092653079855769e-01
1.398700000000108957e+03,3.666007997460899448e-01
1.398800000000108867e+03,3.663924161143808922e-01
1.398900000000108776e+03,3.661841143962846212e-01
1.399000000000108912e+03,3.659758945752902837e-01
1.399100000000109048e+03,3.658185160947282077e-01
1.399200000000108957e+03,3.656544479392092040e-01
1.399300000000108867e+03,3.654904079407917394e-01
1.399400000000109003e+03,3.653263961132954818e-01
1.399500000000109139e+03,3.651624124705368790e-01
1.399600000000109048e+03,3.649984570263254402e-01
1.399700000000108957e+03,3.648345297944659560e-01
1.399800000000109094e+03,3.646706307887560561e-01
1.399900000000109230e+03,3.645067600229897065e-01
1.400000000000109139e+03,3.643429174064665710e-01
1.400100000000109048e+03,3.640460180253397016e-01
1.400200000000109185e+03,3.637267867796302179e-01
1.400300000000109321e+03,3.633571990163040333e-01
1.400400000000109230e+03,3.629879033996600834e-01
1.400500000000109139e+03,3.626188997651662582e-01
1.400600000000109276e+03,3.622501879483435716e-01
1.400700000000109412e+03,3.618817677847665504e-01
1.400800000000109321e+03,3.615136391100620128e-01
1.400900000000109230e+03,3.611458017599076253e-01
1.401000000000109367e+03,3.607782555701202765e-01
1.401100000000109503e+03,3.604922558328518267e-01
1.401200000000109412e+03,3.602064092512872184e-01
1.401300000000109321e+03,3.599193786948544638e-01
1.401400000000109458e+03,3.595854865289628277e-01
1.401500000000109594e+03,3.592518039240217287e-01
1.401600000000109503e+03,3.589183308136275619e-01
1.401700000000109412e+03,3.585850671313710047e-01
1.401800000000109549e+03,3.582520128108396262e-01
1.401900000000109685e+03,3.579191677856178866e-01
1.402000000000109594e+03,3.575865319893956618e-01
1.402100000000109503e+03,3.573535065340199823e-01
1.402200000000109640e+03,3.571205239946515508e-01
1.402300000000109776e+03,3.568875844293329935e-01
1.402400000000109685e+03,3.566546878960856204e-01
1.402500000000109594e+03,3.564098567812722385e-01
1.402600000000109731e+03,3.561610293253814619e-01
1.402700000000109867e+03,3.559122568915917828e-01
1.402800000000109776e+03,3.556582453401211930e-01
1.402900000000109685e+03,3.554016766208129563e-01
1.403000000000109821e+03,3.551451742926507449e-01
1.403100000000109958e+03,3.547632651959288785e-01
1.403200000000109867e+03,3.543816774751792353e-01
1.403300000000109776e+03,3.540003913816712755e-01
1.403400000000109912e+03,3.536194067580400446e-01
1.403500000000110049e+03,3.532387234469657189e-01
1.403600000000109958e+03,3.528546233068681759e-01
1.403700000000109867e+03,3.524665897949751381e-01
1.403800000000110003e+03,3.520788693615864440e-01
1.403900000000110140e+03,3.516914618405256321e-01
1.404000000000110049e+03,3.513043670656452178e-01
1.404100000000109958e+03,3.508990010348574384e-01
1.404200000000110094e+03,3.504939897109226599e-01
1.404300000000110231e+03,3.500893328738985399e-01
1.404400000000110140e+03,3.496896355247774979e-01
1.404500000000110049e+03,3.492934566985361755e-01
1.404600000000110185e+03,3.488976139669847099e-01
1.404700000000110322e+03,3.484917948524033915e-01
1.404800000000110231e+03,3.480414425667385236e-01
1.404900000000110140e+03,3.475916686476040462e-01
1.405000000000110276e+03,3.471425086286769601e-01
1.405100000000110413e+03,3.467234568352312585e-01
1.405200000000110322e+03,3.463047602680903725e-01
1.405300000000110231e+03,3.458864187500023668e-01
1.405400000000110367e+03,3.454684321037457262e-01
1.405500000000110504e+03,3.450508001521329637e-01
1.405600000000110413e+03,3.446335227180066796e-01
1.405700000000110322e+03,3.442165996242383397e-01
1.405800000000110458e+03,3.438000306937317174e-01
1.405900000000110595e+03,3.434758566698766225e-01
1.406000000000110504e+03,3.431614020640218476e-01
1.406100000000110413e+03,3.428618053993942594e-01
1.406200000000110549e+03,3.425623863960347570e-01
1.406300000000110686e+03,3.422582368890464410e-01
1.406400000000110595e+03,3.419534292798445674e-01
1.406500000000110504e+03,3.416488093596308229e-01
1.406600000000110640e+03,3.413443770649151610e-01
1.406700000000110776e+03,3.410401323322093670e-01
1.406800000000110686e+03,3.407363833514778784e-01
1.406900000000110595e+03,3.404328381567923167e-01
1.407000000000110731e+03,3.401586296736704429e-01
1.407100000000110867e+03,3.398526666225188952e-01
1.407200000000110776e+03,3.395469184550867769e-01
1.407300000000110686e+03,3.392413850595291103e-01
1.407400000000110822e+03,3.389360663240402749e-01
1.407500000000110958e+03,3.386309621368578382e-01
1.407600000000110867e+03,3.383262026339887707e-01
1.407700000000110776e+03,3.380217379031064118e-01
1.407800000000110913e+03,3.377174870051229960e-01
1.407900000000111049e+03,3.374134498288396400e-01
1.408000000000110958e+03,3.371096262630874918e-01
1.408100000000110867e+03,3.367808960454698464e-01
1.408200000000111004e+03,3.364222005051625830e-01
1.408300000000111140e+03,3.360638024942159130e-01
1.408400000000111049e+03,3.357057018300508289e-01
1.408500000000110958e+03,3.353478983301648730e-01
1.408600000000111095e+03,3.349905359444931285e-01
1.408700000000111231e+03,3.346336454090272361e-01
1.408800000000111140e+03,3.342770508089754067e-01
1.408900000000111049e+03,3.339207519629997512e-01
1.409000000000111186e+03,3.335647486898900560e-01
1.409100000000111322e+03,3.332547666162959388e-01
1.409200000000111231e+03,3.329476564532373173e-01
1.409300000000111140e+03,3.326454820433659143e-01
1.409400000000111277e+03,3.323434967617814317e-01
1.409500000000111413e+03,3.320417005456878790e-01
1.409600000000111322e+03,3.317400933322874335e-01
1.409700000000111231e+03,3.314386750587779429e-01
1.409800000000111368e+03,3.311374456623570883e-01
1.409900000000111504e+03,3.308364050802191647e-01
1.410000000000111413e+03,3.305402844907842086e-01
1.410100000000111322e+03,3.302177686739724005e-01
1.410200000000111459e+03,3.298954838934906597e-01
1.410300000000111595e+03,3.295734300416185425e-01
1.410400000000111504e+03,3.293051729719191356e-01
1.410500000000111413e+03,3.290511330401906243e-01
1.410600000000111550e+03,3.287971384787595208e-01
1.410700000000111686e+03,3.285432878050332794e-01
1.410800000000111595e+03,3.282895836195485195e-01
1.410900000000111504e+03,3.280360258656750960e-01
1.411000000000111640e+03,3.277826144869148695e-01
1.411100000000111777e+03,3.276354878749860311e-01
1.411200000000111686e+03,3.274883726898022429e-01
1.411300000000111595e+03,3.273412689560294409e-01
1.411400000000111731e+03,3.271941766983285649e-01
1.411500000000111868e+03,3.270699548009797786e-01
1.411600000000111777e+03,3.269663784590861044e-01
1.411700000000111686e+03,3.268573025130138698e-01
1.411800000000111822e+03,3.267482260420317419e-01
1.411900000000111959e+03,3.266391490617491788e-01
1.412000000000111868e+03,3.265300715876836568e-01
1.412100000000111777e+03,3.263391587091037382e-01
1.412200000000111913e+03,3.261483253146403860e-01
1.412300000000112050e+03,3.259575713852555512e-01
1.412400000000111959e+03,3.257668969019094085e-01
1.412500000000111868e+03,3.255763018455639646e-01
1.412600000000112004e+03,3.253874748536841333e-01
1.412700000000112141e+03,3.252045574180433829e-01
1.412800000000112050e+03,3.250217132141675069e-01
1.412900000000111959e+03,3.248389422252579428e-01
1.413000000000112095e+03,3.246562444345412191e-01
1.413100000000112232e+03,3.244957810673549381e-01
1.413200000000112141e+03,3.243353676551789522e-01
1.413300000000112050e+03,3.241750041934274851e-01
1.413400000000112186e+03,3.240146906775134283e-01
1.413500000000112323e+03,3.238544271028474530e-01
1.413600000000112232e+03,3.236942134648382874e-01
1.413700000000112141e+03,3.235340497588910513e-01
1.413800000000112277e+03,3.233668636966474108e-01
1.413900000000112414e+03,3.231993142641627625e-01
1.414000000000112323e+03,3.230318198515491623e-01
1.414100000000112232e+03,3.228663566524270778e-01
1.414200000000112368e+03,3.227009454613245509e-01
1.414300000000112504e+03,3.225355862753503389e-01
1.414400000000112414e+03,3.223702790916089245e-01
1.414500000000112323e+03,3.222050239072001276e-01
1.414600000000112459e+03,3.220398207192197715e-01
1.414700000000112595e+03,3.218746695247592382e-01
1.414800000000112504e+03,3.217095703209062463e-01
1.414900000000112414e+03,3.215643385712966817e-01
1.415000000000112550e+03,3.214291773078983838e-01
1.415100000000112686e+03,3.213023974571925234e-01
1.415200000000112595e+03,3.211756452349103785e-01
1.415300000000112504e+03,3.210489206425641839e-01
1.415400000000112641e+03,3.209222236816639540e-01
1.415500000000112777e+03,3.207955543537178156e-01
1.415600000000112686e+03,3.206726903275076146e-01
1.415700000000112595e+03,3.205585909649745213e-01
1.415800000000112732e+03,3.204445095337908334e-01
1.415900000000112868e+03,3.203304460384778785e-01
1.416000000000112777e+03,3.202192549725226822e-01
1.416100000000112686e+03,3.201349511382408086e-01
1.416200000000112823e+03,3.200506501369547729e-01
1.416300000000112959e+03,3.199663519739137651e-01
1.416400000000112868e+03,3.198819651832928157e-01
1.416500000000112777e+03,3.197905629488641543e-01
1.416600000000112914e+03,3.196991677376854746e-01
1.416700000000113050e+03,3.196077795544441935e-01
1.416800000000112959e+03,3.195163984038267291e-01
1.416900000000112868e+03,3.194250730707530184e-01
1.417000000000113005e+03,3.193338737744151890e-01
1.417100000000113141e+03,3.192619621278900977e-01
1.417200000000113050e+03,3.191967119416743159e-01
1.417300000000112959e+03,3.191245467520551493e-01
1.417400000000113096e+03,3.190521989549910953e-01
1.417500000000113232e+03,3.189798510831158285e-01
1.417600000000113141e+03,3.189075031404677296e-01
1.417700000000113050e+03,3.188351551310852905e-01
1.417800000000113187e+03,3.187628070590062812e-01
1.417900000000113323e+03,3.186904589282691380e-01
1.418000000000113232e+03,3.186181107429494341e-01
1.418100000000113141e+03,3.185785713711515310e-01
1.418200000000113278e+03,3.185390198041085918e-01
1.418300000000113414e+03,3.185422252817735056e-01
1.418400000000113323e+03,3.185546283495029329e-01
1.418500000000113232e+03,3.185670248876458222e-01
1.418600000000113369e+03,3.185794148949167570e-01
1.418700000000113505e+03,3.185917983700293776e-01
1.418800000000113414e+03,3.186041753116981012e-01
1.418900000000113323e+03,3.186165457186382333e-01
1.419000000000113459e+03,3.186289095895301071e-01
1.419100000000113596e+03,3.186127429250577014e-01
1.419200000000113505e+03,3.185965705089512934e-01
1.419300000000113414e+03,3.185803923417430128e-01
1.419400000000113550e+03,3.185682405926205107e-01
1.419500000000113687e+03,3.185594826629702392e-01
1.419600000000113596e+03,3.185507193839712259e-01
1.419700000000113505e+03,3.185418084467914746e-01
1.419800000000113641e+03,3.185327305385575181e-01
1.419900000000113778e+03,3.185236472991221368e-01
1.420000000000113687e+03,3.185145587286921098e-01
1.420100000000113596e+03,3.184782479202964978e-01
1.420200000000113732e+03,3.184419341786876023e-01
1.420300000000113869e+03,3.184056175058362914e-01
1.420400000000113778e+03,3.183692979037145432e-01
1.420500000000113687e+03,3.183329753742913382e-01
1.420600000000113823e+03,3.182966499195379328e-01
1.420700000000113960e+03,3.182603215414246400e-01
1.420800000000113869e+03,3.182239902419214950e-01
1.420900000000113778e+03,3.181876560229970341e-01
1.421000000000113914e+03,3.181513188867105546e-01
1.421100000000114051e+03,3.181930415007440116e-01
1.421200000000113960e+03,3.182347587889056140e-01
1.421300000000113869e+03,3.182764707483004551e-01
1.421400000000114005e+03,3.183181773760315192e-01
1.421500000000114142e+03,3.183598786692022342e-01
1.421600000000114051e+03,3.184012795981146504e-01
1.421700000000113960e+03,3.184426663281332837e-01
1.421800000000114096e+03,3.184814478436222007e-01
1.421900000000114233e+03,3.185174720583045516e-01
1.422000000000114142e+03,3.185534895895919538e-01
1.422100000000114051e+03,3.184794599234272439e-01
1.422200000000114187e+03,3.184036173904472578e-01
1.422300000000114323e+03,3.183277829563924688e-01
1.422400000000114233e+03,3.182519566240724074e-01
1.422500000000114142e+03,3.181761383962951606e-01
1.422600000000114278e+03,3.181003282758672057e-01
1.422700000000114414e+03,3.180245262655932992e-01
1.422800000000114323e+03,3.179539474647841701e-01
1.422900000000114233e+03,3.178806179359905393e-01
1.423000000000114369e+03,3.178052070045809252e-01
1.423100000000114505e+03,3.177682581986041033e-01
1.423200000000114414e+03,3.177311667225735659e-01
1.423300000000114323e+03,3.176940720343148228e-01
1.423400000000114460e+03,3.176569741360367738e-01
1.423500000000114596e+03,3.176198730299467088e-01
1.423600000000114505e+03,3.175827687182528614e-01
1.423700000000114414e+03,3.175409641066117561e-01
1.423800000000114551e+03,3.174967977735435043e-01
1.423900000000114687e+03,3.174588869921042278e-01
1.424000000000114596e+03,3.174295672983555305e-01
1.424100000000114505e+03,3.173813656486562662e-01
1.424200000000114642e+03,3.173331651951968868e-01
1.424300000000114778e+03,3.172849659397579680e-01
1.424400000000114687e+03,3.172367678841196414e-01
1.424500000000114596e+03,3.171841506578043091e-01
1.424600000000114733e+03,3.171289067379844950e-01
1.424700000000114869e+03,3.170736660612459290e-01
1.424800000000114778e+03,3.170184286293333265e-01
1.424900000000114687e+03,3.169631944439884053e-01
1.425000000000114824e+03,3.169121462316709104e-01
1.425100000000114960e+03,3.169586145994623960e-01
1.425200000000114869e+03,3.170050819362105754e-01
1.425300000000114778e+03,3.170476964457689117e-01
1.425400000000114915e+03,3.170874143284924673e-01
1.425500000000115051e+03,3.171271289749065803e-01
1.425600000000114960e+03,3.171668403830481542e-01
1.425700000000114869e+03,3.172065485509532046e-01
1.425800000000115006e+03,3.172462534766590236e-01
1.425900000000115142e+03,3.172859551582016269e-01
1.426000000000115051e+03,3.173256535935203293e-01
1.426100000000114960e+03,3.171949058919202313e-01
1.426200000000115097e+03,3.169879787807705629e-01
1.426300000000115233e+03,3.167801386401737918e-01
1.426400000000115142e+03,3.165725436753745181e-01
1.426500000000115051e+03,3.163650458526409692e-01
1.426600000000115188e+03,3.161576451457618897e-01
1.426700000000115324e+03,3.159503415285280226e-01
1.426800000000115233e+03,3.157431349747303329e-01
1.426900000000115142e+03,3.155324325481144165e-01
1.427000000000115278e+03,3.153183973985423938e-01
1.427100000000115415e+03,3.151870361332620996e-01
1.427200000000115324e+03,3.150556875253776035e-01
1.427300000000115233e+03,3.149072390625794471e-01
1.427400000000115369e+03,3.147464505392683631e-01
1.427500000000115506e+03,3.145857002247536283e-01
1.427600000000115415e+03,3.144249881292774940e-01
1.427700000000115324e+03,3.142610005764351344e-01
1.427800000000115460e+03,3.140933576428289742e-01
1.427900000000115597e+03,3.139257574159323161e-01
1.428000000000115506e+03,3.137581999058547400e-01
1.428100000000115415e+03,3.134793714541742049e-01
1.428200000000115551e+03,3.132007423812236402e-01
1.428300000000115688e+03,3.129223125781007142e-01
1.428400000000115597e+03,3.126418849220281571e-01
1.428500000000115506e+03,3.123565394228400294e-01
1.428600000000115642e+03,3.120714053090951068e-01
1.428700000000115779e+03,3.117864824595446005e-01
1.428800000000115688e+03,3.115017707529871283e-01
1.428900000000115597e+03,3.112172700682703796e-01
1.429000000000115733e+03,3.109329802844031931e-01
1.429100000000115870e+03,3.107451438076460626e-01
1.429200000000115779e+03,3.105573755818968329e-01
1.429300000000115688e+03,3.104418027291595550e-01
1.429400000000115824e+03,3.104364903357100247e-01
1.429500000000115961e+03,3.104311732789750145e-01
1.429600000000115870e+03,3.104258515590100909e-01
1.429700000000115779e+03,3.104205251758720419e-01
1.429800000000115915e+03,3.104151941296182105e-01
1.429900000000116052e+03,3.104098584203042743e-01
1.430000000000115961e+03,3.104045180479934052e-01
1.430100000000115870e+03,3.104035227506752870e-01
1.430200000000116006e+03,3.104025226499475543e-01
1.430300000000116142e+03,3.104015177456737051e-01
1.430400000000116052e+03,3.104005080377184034e-01
1.430500000000115961e+03,3.103994935259451471e-01
1.430600000000116097e+03,3.103984742102190997e-01
1.430700000000116233e+03,3.103974500904052580e-01
1.430800000000116142e+03,3.103964211663681194e-01
1.430900000000116052e+03,3.103953874379720701e-01
1.431000000000116188e+03,3.103943489050466353e-01
1.431100000000116324e+03,3.103620655981605969e-01
1.431200000000116233e+03,3.103297804282655337e-01
1.431300000000116142e+03,3.102974933965634285e-01
1.431400000000116279e+03,3.102652045042559870e-01
1.431500000000116415e+03,3.102329137525444147e-01
1.431600000000116324e+03,3.102006211426303062e-01
1.431700000000116233e+03,3.101683266757155888e-01
1.431800000000116370e+03,3.101360303530003026e-01
1.431900000000116506e+03,3.101037321756862086e-01
1.432000000000116415e+03,3.100714321449455357e-01
1.432100000000116324e+03,3.100143593013564014e-01
1.432200000000116461e+03,3.099572907238519193e-01
1.432300000000116597e+03,3.099002264136999085e-01
1.432400000000116506e+03,3.098431663721674667e-01
1.432500000000116415e+03,3.097861106005229126e-01
1.432600000000116552e+03,3.097290591000312898e-01
1.432700000000116688e+03,3.096720118719595294e-01
1.432800000000116597e+03,3.096149689175743958e-01
1.432900000000116506e+03,3.095566308381350606e-01
1.433000000000116643e+03,3.094923299891436663e-01
1.433100000000116779e+03,3.094853210131167653e-01
1.433200000000116688e+03,3.094783055634115487e-01
1.433300000000116597e+03,3.094712836403469836e-01
1.433400000000116734e+03,3.094642552442440353e-01
1.433500000000116870e+03,3.094572203754223372e-01
1.433600000000116779e+03,3.094501790342023551e-01
1.433700000000116688e+03,3.094431312209047769e-01
1.433800000000116825e+03,3.094360769358510121e-01
1.433900000000116961e+03,3.094290161793620819e-01
1.434000000000116870e+03,3.094219489517740507e-01
1.434100000000116779e+03,3.094338079104729800e-01
1.434200000000116916e+03,3.094473978843120254e-01
1.434300000000117052e+03,3.094651827380748288e-01
1.434400000000116961e+03,3.094829623915573702e-01
1.434500000000116870e+03,3.095007368437494577e-01
1.434600000000117006e+03,3.095185060936406773e-01
1.434700000000117143e+03,3.095363292247432785e-01
1.434800000000117052e+03,3.095542485084844531e-01
1.434900000000116961e+03,3.095721626046336050e-01
1.435000000000117097e+03,3.095900715121007729e-01
1.435100000000117234e+03,3.095473190748848080e-01
1.435200000000117143e+03,3.095045669078406725e-01
1.435300000000117052e+03,3.094618150123601974e-01
1.435400000000117188e+03,3.094190633898341036e-01
1.435500000000117325e+03,3.093763120416535006e-01
1.435600000000117234e+03,3.093335609692094978e-01
1.435700000000117143e+03,3.092908101738920390e-01
1.435800000000117279e+03,3.092480596570917895e-01
1.435900000000117416e+03,3.092053094201980823e-01
1.436000000000117325e+03,3.091625594646657538e-01
1.436100000000117234e+03,3.091748481131031956e-01
1.436200000000117370e+03,3.091871306741881820e-01
1.436300000000117507e+03,3.092018644403256022e-01
1.436400000000117416e+03,3.092214092446970986e-01
1.436500000000117325e+03,3.092409494494494093e-01
1.436600000000117461e+03,3.092604850537548078e-01
1.436700000000117598e+03,3.092800160567846790e-01
1.436800000000117507e+03,3.092995424577099084e-01
1.436900000000117416e+03,3.093190642557034908e-01
1.437000000000117552e+03,3.093385814498647024e-01
1.437100000000117689e+03,3.092968062298114829e-01
1.437200000000117598e+03,3.092550325820320745e-01
1.437300000000117507e+03,3.092132605074118801e-01
1.437400000000117643e+03,3.091731644653274991e-01
1.437500000000117780e+03,3.091604998237887925e-01
1.437600000000117689e+03,3.091478334598663502e-01
1.437700000000117598e+03,3.091351653739984329e-01
1.437800000000117734e+03,3.091224955666233010e-01
1.437900000000117871e+03,3.091098240381788820e-01
1.438000000000117780e+03,3.090971507890865611e-01
1.438100000000117689e+03,3.090704432678211822e-01
1.438200000000117825e+03,3.090437342329039327e-01
1.438300000000117961e+03,3.090170236854550279e-01
1.438400000000117871e+03,3.089903116265940719e-01
1.438500000000117780e+03,3.089635980574397811e-01
1.438600000000117916e+03,3.089368829791109827e-01
1.438700000000118052e+03,3.089101663927262820e-01
1.438800000000117961e+03,3.088834482994043396e-01
1.438900000000117871e+03,3.088567287002629280e-01
1.439000000000118007e+03,3.088300075964471314e-01
1.439100000000118143e+03,3.088264913944682166e-01
1.439200000000118052e+03,3.088229717061227175e-01
1.439300000000117961e+03,3.088194485318548899e-01
1.439400000000118098e+03,3.088159218721074906e-01
1.439500000000118234e+03,3.088123917273236096e-01
1.439600000000118143e+03,3.088088580979463926e-01
1.439700000000118052e+03,3.088017083089227288e-01
1.439800000000118189e+03,3.087908972928981588e-01
1.439900000000118325e+03,3.087800828464205560e-01
1.440000000000118234e+03,3.087692649701737624e-01
1.440100000000118143e+03,3.087516721827560096e-01
1.440200000000118280e+03,3.087340762205249001e-01
1.440300000000118416e+03,3.087164770845218786e-01
1.440400000000118325e+03,3.086988747757895557e-01
1.440500000000118234e+03,3.086812692953699311e-01
1.440600000000118371e+03,3.086636606443048936e-01
1.440700000000118507e+03,3.086460488236358324e-01
1.440800000000118416e+03,3.086268596682544829e-01
1.440900000000118325e+03,3.086019736572221950e-01
1.441000000000118462e+03,3.085770850815258703e-01
1.441100000000118598e+03,3.085713750319035165e-01
1.441200000000118507e+03,3.085656589107841352e-01
1.441300000000118416e+03,3.085599367187485398e-01
1.441400000000118553e+03,3.085542084563758780e-01
1.441500000000118689e+03,3.085484741242476292e-01
1.441600000000118598e+03,3.085427337229438849e-01
1.441700000000118507e+03,3.085369872530462354e-01
1.441800000000118644e+03,3.085312347151348833e-01
1.441900000000118780e+03,3.085253280787067509e-01
1.442000000000118689e+03,3.085124639349994258e-01
1.442100000000118598e+03,3.084455529724588474e-01
1.442200000000118735e+03,3.082267027491304434e-01
1.442300000000118871e+03,3.079646816838877421e-01
1.442400000000118780e+03,3.077028318430084508e-01
1.442500000000118689e+03,3.074411531477437842e-01
1.442600000000118825e+03,3.071796455193637754e-01
1.442700000000118962e+03,3.069183088791602732e-01
1.442800000000118871e+03,3.066571431484449994e-01
1.442900000000118780e+03,3.063961482485487720e-01
1.443000000000118916e+03,3.061353241007964132e-01
1.443100000000119053e+03,3.058574941028860961e-01
1.443200000000118962e+03,3.055823412523500648e-01
1.443300000000118871e+03,3.053073830900942531e-01
1.443400000000119007e+03,3.050326468332520968e-01
1.443500000000119144e+03,3.047581119939298255e-01
1.443600000000119053e+03,3.044788043827995061e-01
1.443700000000118962e+03,3.041995558030307634e-01
1.443800000000119098e+03,3.039253046972099082e-01
1.443900000000119235e+03,3.036532941143191278e-01
1.444000000000119144e+03,3.033814773896403860e-01
1.444100000000119053e+03,3.032563329727922530e-01
1.444200000000119189e+03,3.031311835107057262e-01
1.444300000000119326e+03,3.030060290356266783e-01
1.444400000000119235e+03,3.028808695797977069e-01
1.444500000000119144e+03,3.027557051754589668e-01
1.444600000000119280e+03,3.026350546034247135e-01
1.444700000000119417e+03,3.025167002581939379e-01
1.444800000000119326e+03,3.023983384909786354e-01
1.444900000000119235e+03,3.022799693319409564e-01
1.445000000000119371e+03,3.021615928111640592e-01
1.445100000000119508e+03,3.019792066006808384e-01
1.445200000000119417e+03,3.017968853125548301e-01
1.445300000000119326e+03,3.016139508727069263e-01
1.445400000000119462e+03,3.015180645362694478e-01
1.445500000000119599e+03,3.014785277183111289e-01
1.445600000000119508e+03,3.014391350325168473e-01
1.445700000000119417e+03,3.013998814369949208e-01
1.445800000000119553e+03,3.013606256092427049e-01
1.445900000000119690e+03,3.013213675514527234e-01
1.446000000000119599e+03,3.012821072657006494e-01
1.446100000000119508e+03,3.011471875046469737e-01
1.446200000000119644e+03,3.010202689595475323e-01
1.446300000000119780e+03,3.008990260242887516e-01
1.446400000000119690e+03,3.007778164283931299e-01
1.446500000000119599e+03,3.006508581628561938e-01
1.446600000000119735e+03,3.005226255599530161e-01
1.446700000000119871e+03,3.003944315587011582e-01
1.446800000000119780e+03,3.002662761549562132e-01
1.446900000000119690e+03,3.001381593445702767e-01
1.447000000000119826e+03,3.000100811235479892e-01
1.447100000000119962e+03,3.000124336297211869e-01
1.447200000000119871e+03,3.000147750267946889e-01
1.447300000000119780e+03,3.000171053147834832e-01
1.447400000000119917e+03,3.000194278028698314e-01
1.447500000000120053e+03,3.000220221176119750e-01
1.447600000000119962e+03,3.000283927004603335e-01
1.447700000000119871e+03,3.000380488438201265e-01
1.447800000000120008e+03,3.000442502635162212e-01
1.447900000000120144e+03,3.000471054033165830e-01
1.448000000000120053e+03,3.000500464318870963e-01
1.448100000000119962e+03,3.000221572335409759e-01
1.448200000000120099e+03,2.999942611946425641e-01
1.448300000000120235e+03,2.999663583174692061e-01
1.448400000000120144e+03,2.999384486042991904e-01
1.448500000000120053e+03,2.999105320574103617e-01
1.448600000000120190e+03,2.998857908332934197e-01
1.448700000000120326e+03,2.998700434132081649e-01
1.448800000000120235e+03,2.998701313273738345e-01
1.448900000000120144e+03,2.998702114427102550e-01
1.449000000000120281e+03,2.998702837592096548e-01
1.449100000000120417e+03,2.998396284595004069e-01
1.449200000000120326e+03,2.998089683838499608e-01
1.449300000000120235e+03,2.997783035342156954e-01
1.449400000000120372e+03,2.997534739027087891e-01
1.449500000000120508e+03,2.997363524101756549e-01
1.449600000000120417e+03,2.997192246004465321e-01
1.449700000000120326e+03,2.997020904746089398e-01
1.449800000000120463e+03,2.996849500337497307e-01
1.449900000000120599e+03,2.996815945964697581e-01
1.450000000000120508e+03,2.996785994693328958e-01
1.450100000000120417e+03,2.996426130299552071e-01
1.450200000000120554e+03,2.996092763916421986e-01
1.450300000000120690e+03,2.995800481100434065e-01
1.450400000000120599e+03,2.995508107687178123e-01
1.450500000000120508e+03,2.995215643708341036e-01
1.450600000000120644e+03,2.994923089195614119e-01
1.450700000000120781e+03,2.994630444180687578e-01
1.450800000000120690e+03,2.994337708695259392e-01
1.450900000000120599e+03,2.994044882771023097e-01
1.451000000000120735e+03,2.993751966440117984e-01
1.451100000000120872e+03,2.993826758249157893e-01
1.451200000000120781e+03,2.993901476036514575e-01
1.451300000000120690e+03,2.993976119797974178e-01
1.451400000000120826e+03,2.994049238893028431e-01
1.451500000000120963e+03,2.994121376744220964e-01
1.451600000000120872e+03,2.994193440452528332e-01
1.451700000000120781e+03,2.994265430013928753e-01
1.451800000000120917e+03,2.994337345424391561e-01
1.451900000000121054e+03,2.994409186679896639e-01
1.452000000000120963e+03,2.994480953777851617e-01
1.452100000000120872e+03,2.995689385630245227e-01
1.452200000000121008e+03,2.996815034310135739e-01
1.452300000000121145e+03,2.997940888463346276e-01
1.452400000000121054e+03,2.999066948044405434e-01
1.452500000000120963e+03,3.000193213007795734e-01
1.452600000000121099e+03,3.001332196428365129e-01
1.452700000000121236e+03,3.002504145365177401e-01
1.452800000000121145e+03,3.003676334666953163e-01
1.452900000000121054e+03,3.004848764298646002e-01
1.453000000000121190e+03,3.006021434222947430e-01
1.453100000000121327e+03,3.005357963643713881e-01
1.453200000000121236e+03,3.004703966463174170e-01
1.453300000000121145e+03,3.004111520683867553e-01
1.453400000000121281e+03,3.003519070643337341e-01
1.453500000000121418e+03,3.002926616390365622e-01
1.453600000000121327e+03,3.002334157973711171e-01
1.453700000000121236e+03,3.001741695442123881e-01
1.453800000000121372e+03,3.001149228844330330e-01
1.453900000000121508e+03,3.000556758229048770e-01
1.454000000000121418e+03,2.999964283645573659e-01
1.454100000000121327e+03,2.999861377214178004e-01
1.454200000000121463e+03,2.999758371871844576e-01
1.454300000000121599e+03,2.999655313522759936e-01
1.454400000000121508e+03,2.999552202181858807e-01
1.454500000000121418e+03,2.999449037864083678e-01
1.454600000000121554e+03,2.999345820584368716e-01
1.454700000000121690e+03,2.999242550357650305e-01
1.454800000000121599e+03,2.999139227198855395e-01
1.454900000000121508e+03,2.999035851122914265e-01
1.455000000000121645e+03,2.998914247927926269e-01
1.455100000000121781e+03,2.999094793380363555e-01
1.455200000000121690e+03,2.999275296147842496e-01
1.455300000000121599e+03,2.999455756230782200e-01
1.455400000000121736e+03,2.999636173629600111e-01
1.455500000000121872e+03,2.999897715618444760e-01
1.455600000000121781e+03,3.000219849155404961e-01
1.455700000000121690e+03,3.000541963753663999e-01
1.455800000000121827e+03,3.000872353231832101e-01
1.455900000000121963e+03,3.001262318229384607e-01
1.456000000000121872e+03,3.001652281917894793e-01
1.456100000000121781e+03,3.002318490820055086e-01
1.456200000000121918e+03,3.002984772224565613e-01
1.456300000000122054e+03,3.003651126123444981e-01
1.456400000000121963e+03,3.004317552508690148e-01
1.456500000000121872e+03,3.004984051372308063e-01
1.456600000000122009e+03,3.005677056658781487e-01
1.456700000000122145e+03,3.006482753167445399e-01
1.456800000000122054e+03,3.007288589070832296e-01
1.456900000000121963e+03,3.008094564374690361e-01
1.457000000000122100e+03,3.008900679084317575e-01
1.457100000000122236e+03,3.009355700586284210e-01
1.457200000000122145e+03,3.009810720116731231e-01
1.457300000000122054e+03,3.010265737663326280e-01
1.457400000000122191e+03,3.010720753213733669e-01
1.457500000000122327e+03,3.011175766755604388e-01
1.457600000000122236e+03,3.011630778276601639e-01
1.457700000000122145e+03,3.012084102045688438e-01
1.457800000000122282e+03,3.012396769464281698e-01
1.457900000000122418e+03,3.012709400796241832e-01
1.458000000000122327e+03,3.013021996033077299e-01
1.458100000000122236e+03,3.013505000294706693e-01
1.458200000000122373e+03,3.013988009378649191e-01
1.458300000000122509e+03,3.014471023276316664e-01
1.458400000000122418e+03,3.014954041979124311e-01
1.458500000000122327e+03,3.015437065478485668e-01
1.458600000000122463e+03,3.015920093765810939e-01
1.458700000000122600e+03,3.016403126832511994e-01
1.458800000000122509e+03,3.016886164670002923e-01
1.458900000000122418e+03,3.017212766201482488e-01
1.459000000000122554e+03,3.017481907964258969e-01
1.459100000000122691e+03,3.018123084510270782e-01
1.459200000000122600e+03,3.018762090936507603e-01
1.459300000000122509e+03,3.019401122015499261e-01
1.459400000000122645e+03,3.020040177720997865e-01
1.459500000000122782e+03,3.020679258026751635e-01
1.459600000000122691e+03,3.021318362906501021e-01
1.459700000000122600e+03,3.021957492333988693e-01
1.459800000000122736e+03,3.022596646282944000e-01
1.459900000000122873e+03,3.023108716666423890e-01
1.460000000000122782e+03,3.023578841049996413e-01
1.460100000000122691e+03,3.023167042568047913e-01
1.460200000000122827e+03,3.022755184328753120e-01
1.460300000000122964e+03,3.022343266381473659e-01
1.460400000000122873e+03,3.021932201249740158e-01
1.460500000000122782e+03,3.021521497789204647e-01
1.460600000000122918e+03,3.021110734399381492e-01
1.460700000000123055e+03,3.020639034802261591e-01
1.460800000000122964e+03,3.020159818818321518e-01
1.460900000000122873e+03,3.019680559589605906e-01
1.461000000000123009e+03,3.019201257170852082e-01
1.461100000000123146e+03,3.019342613278175880e-01
1.461200000000123055e+03,3.019779821311259216e-01
1.461300000000122964e+03,3.020217016933921528e-01
1.461400000000123100e+03,3.020654200135703404e-01
1.461500000000123237e+03,3.021033109803410999e-01
1.461600000000123146e+03,3.021401872590484539e-01
1.461700000000123055e+03,3.021770600041410182e-01
1.461800000000123191e+03,3.022139292145042955e-01
1.461900000000123327e+03,3.022507948890249541e-01
1.462000000000123237e+03,3.022876570265715657e-01
1.462100000000123146e+03,3.023095694561139246e-01
1.462200000000123282e+03,3.023314656767815412e-01
1.462300000000123418e+03,3.023721724551184376e-01
1.462400000000123327e+03,3.024152226046800673e-01
1.462500000000123237e+03,3.024582702441623860e-01
1.462600000000123373e+03,3.025013153718373871e-01
1.462700000000123509e+03,3.025443579859778964e-01
1.462800000000123418e+03,3.025873980848580169e-01
1.462900000000123327e+03,3.026304356667504081e-01
1.463000000000123464e+03,3.026734707300415272e-01
1.463100000000123600e+03,3.028026369151770036e-01
1.463200000000123509e+03,3.029303002103945763e-01
1.463300000000123418e+03,3.030580033652193750e-01
1.463400000000123555e+03,3.031770026055348177e-01
1.463500000000123691e+03,3.032904490262819941e-01
1.463600000000123600e+03,3.034039246010027946e-01
1.463700000000123509e+03,3.035174293324650607e-01
1.463800000000123646e+03,3.036309632234351352e-01
1.463900000000123782e+03,3.037394594248772894e-01
1.464000000000123691e+03,3.038461655405225170e-01
1.464100000000123600e+03,3.038895662190803648e-01
1.464200000000123737e+03,3.039328298711684306e-01
1.464300000000123873e+03,3.039760905295120774e-01
1.464400000000123782e+03,3.040193481919955532e-01
1.464500000000123691e+03,3.040554923083478300e-01
1.464600000000123828e+03,3.040771905940342079e-01
1.464700000000123964e+03,3.040940724417672825e-01
1.464800000000123873e+03,3.041088623263026869e-01
1.464900000000123782e+03,3.041236431666238249e-01
1.465000000000123919e+03,3.041384149620329214e-01
1.465100000000124055e+03,3.040878401686171184e-01
1.465200000000123964e+03,3.040372598580253771e-01
1.465300000000123873e+03,3.039866740358936337e-01
1.465400000000124010e+03,3.039360827078566030e-01
1.465500000000124146e+03,3.038854858795487779e-01
1.465600000000124055e+03,3.038341709377358479e-01
1.465700000000123964e+03,3.037692081043515957e-01
1.465800000000124101e+03,3.037042447970988435e-01
1.465900000000124237e+03,3.036392810222814931e-01
1.466000000000124146e+03,3.035743167862841041e-01
1.466100000000124055e+03,3.035757439599678920e-01
1.466200000000124192e+03,3.035771611387447777e-01
1.466300000000124328e+03,3.035978016917286193e-01
1.466400000000124237e+03,3.036301964919327356e-01
1.466500000000124146e+03,3.036625874430384231e-01
1.466600000000124282e+03,3.036949745442344972e-01
1.466700000000124419e+03,3.037273577947079972e-01
1.466800000000124328e+03,3.037597371936472945e-01
1.466900000000124237e+03,3.037921127402408716e-01
1.467000000000124373e+03,3.038244844336304151e-01
1.467100000000124510e+03,3.038190472867141056e-01
1.467200000000124419e+03,3.038136020474994647e-01
1.467300000000124328e+03,3.038081487174844608e-01
1.467400000000124464e+03,3.038026872981679505e-01
1.467500000000124601e+03,3.037972177910486238e-01
1.467600000000124510e+03,3.037917401976255038e-01
1.467700000000124419e+03,3.037862545193981689e-01
1.467800000000124555e+03,3.037810756719228622e-01
1.467900000000124692e+03,3.037740453837585175e-01
1.468000000000124601e+03,3.037659545834795471e-01
1.468100000000124510e+03,3.038533955478895376e-01
1.468200000000124646e+03,3.039408493259883604e-01
1.468300000000124783e+03,3.040283159162256443e-01
1.468400000000124692e+03,3.041157953170516848e-01
1.468500000000124601e+03,3.042032875269145009e-01
1.468600000000124737e+03,3.042907925442615569e-01
1.468700000000124874e+03,3.043817987906949352e-01
1.468800000000124783e+03,3.044762430695308053e-01
1.468900000000124692e+03,3.045707047545147539e-01
1.469000000000124828e+03,3.046696937290460094e-01
1.469100000000124965e+03,3.046837394245749397e-01
1.469200000000124874e+03,3.046977786764227814e-01
1.469300000000124783e+03,3.047118114847151560e-01
1.469400000000124919e+03,3.047258378495782960e-01
1.469500000000125056e+03,3.047430841581809657e-01
1.469600000000124965e+03,3.047640185311029093e-01
1.469700000000124874e+03,3.047849476210021669e-01
1.469800000000125010e+03,3.048058714276970504e-01
1.469900000000125146e+03,3.048266971675402393e-01
1.470000000000125056e+03,3.048474900654912223e-01
1.470100000000124965e+03,3.048491939290350339e-01
1.470200000000125101e+03,3.048642741352651786e-01
1.470300000000125237e+03,3.048833426435460514e-01
1.470400000000125146e+03,3.049063696937940326e-01
1.470500000000125056e+03,3.049293924155030977e-01
1.470600000000125192e+03,3.049524108081908547e-01
1.470700000000125328e+03,3.049754248713734683e-01
1.470800000000125237e+03,3.049984346045676031e-01
1.470900000000125146e+03,3.050214400072901455e-01
1.471000000000125283e+03,3.050444410791800509e-01
1.471100000000125419e+03,3.051702046684783842e-01
1.471200000000125328e+03,3.053044835941012281e-01
1.471300000000125237e+03,3.054294550481144732e-01
1.471400000000125374e+03,3.055493847886093794e-01
1.471500000000125510e+03,3.056693522587448086e-01
1.471600000000125419e+03,3.057893574676682769e-01
1.471700000000125328e+03,3.059094004245287990e-01
1.471800000000125465e+03,3.060294811384772773e-01
1.471900000000125601e+03,3.061520368964523175e-01
1.472000000000125510e+03,3.062791509767221476e-01
1.472100000000125419e+03,3.063189467350658224e-01
1.472200000000125556e+03,3.063587430762044761e-01
1.472300000000125692e+03,3.063985399999806236e-01
1.472400000000125601e+03,3.064383375062363357e-01
1.472500000000125510e+03,3.064781355948140718e-01
1.472600000000125647e+03,3.065179342655566241e-01
1.472700000000125783e+03,3.065599052254654455e-01
1.472800000000125692e+03,3.066066691421135415e-01
1.472900000000125601e+03,3.066534354484422020e-01
1.473000000000125738e+03,3.067002041442677407e-01
1.473100000000125874e+03,3.066957067853230967e-01
1.473200000000125783e+03,3.066912012492527539e-01
1.473300000000125692e+03,3.066866875369576584e-01
1.473400000000125829e+03,3.066821656493377013e-01
1.473500000000125965e+03,3.066789027385367628e-01
1.473600000000125874e+03,3.066888589688533395e-01
1.473700000000125783e+03,3.066988068250929844e-01
1.473800000000125920e+03,3.067087463069801956e-01
1.473900000000126056e+03,3.067186774142389161e-01
1.474000000000125965e+03,3.067286001467025569e-01
1.474100000000125874e+03,3.068245169341256573e-01
1.474200000000126010e+03,3.069204568887269335e-01
1.474300000000126147e+03,3.070164200145062972e-01
1.474400000000126056e+03,3.071124063154642148e-01
1.474500000000125965e+03,3.072084157956007644e-01
1.474600000000126101e+03,3.073044484589171899e-01
1.474700000000126238e+03,3.074180889727363697e-01
1.474800000000126147e+03,3.075359676074365667e-01
1.474900000000126056e+03,3.076538830612248199e-01
1.475000000000126192e+03,3.077718353429405029e-01
1.475100000000126329e+03,3.078524895367378833e-01
1.475200000000126238e+03,3.079331568721118684e-01
1.475300000000126147e+03,3.080138373492760095e-01
1.475400000000126283e+03,3.080945309684450240e-01
1.475500000000126420e+03,3.081752377298317414e-01
1.475600000000126329e+03,3.082559576336487139e-01
1.475700000000126238e+03,3.083366906801077167e-01
1.475800000000126374e+03,3.084174368694214685e-01
1.475900000000126511e+03,3.084970927509079752e-01
1.476000000000126420e+03,3.085708597528326047e-01
1.476100000000126329e+03,3.086316078584788181e-01
1.476200000000126465e+03,3.086923600259737221e-01
1.476300000000126602e+03,3.087531162539592366e-01
1.476400000000126511e+03,3.088138765410760045e-01
1.476500000000126420e+03,3.088746408859653902e-01
1.476600000000126556e+03,3.089354092872675372e-01
1.476700000000126693e+03,3.089961817436229774e-01
1.476800000000126602e+03,3.090569582536704663e-01
1.476900000000126511e+03,3.091177388160495920e-01
1.477000000000126647e+03,3.091785234294890383e-01
1.477100000000126784e+03,3.093102143270452520e-01
1.477200000000126693e+03,3.094419505402680737e-01
1.477300000000126602e+03,3.095737320808386039e-01
1.477400000000126738e+03,3.097055589604389980e-01
1.477500000000126875e+03,3.098368658290482358e-01
1.477600000000126784e+03,3.099617472021579112e-01
1.477700000000126693e+03,3.100866681714645190e-01
1.477800000000126829e+03,3.102116287458311916e-01
1.477900000000126965e+03,3.103366289341208395e-01
1.478000000000126875e+03,3.104616687451125512e-01
1.478100000000126784e+03,3.105124677246418052e-01
1.478200000000126920e+03,3.105630213548585261e-01
1.478300000000127056e+03,3.106135774542896910e-01
1.478400000000126965e+03,3.106641360223851289e-01
1.478500000000126875e+03,3.107146970585932810e-01
1.478600000000127011e+03,3.107652605623636433e-01
1.478700000000127147e+03,3.108158265331444348e-01
1.478800000000127056e+03,3.108663949703843188e-01
1.478900000000126965e+03,3.109169658735322361e-01
1.479000000000127102e+03,3.109675392420437334e-01
1.479100000000127238e+03,3.110231687002530387e-01
1.479200000000127147e+03,3.110586825332502525e-01
1.479300000000127056e+03,3.110848061938720766e-01
1.479400000000127193e+03,3.111108324154935323e-01
1.479500000000127329e+03,3.111368564895500288e-01
1.479600000000127238e+03,3.111628784159435335e-01
1.479700000000127147e+03,3.111888981945779009e-01
1.479800000000127284e+03,3.112149158253554870e-01
1.479900000000127420e+03,3.112409313081798135e-01
1.480000000000127329e+03,3.112737603425921873e-01
1.480100000000127238e+03,3.112906245273663886e-01
1.480200000000127375e+03,3.113074833734817970e-01
1.480300000000127511e+03,3.113124316260040270e-01
1.480400000000127420e+03,3.112999217185773992e-01
1.480500000000127329e+03,3.112874056030286996e-01
1.480600000000127466e+03,3.112748832809504318e-01
1.480700000000127602e+03,3.112623547539353774e-01
1.480800000000127511e+03,3.112498200235753743e-01
1.480900000000127420e+03,3.112372790914624265e-01
1.481000000000127557e+03,3.112247319592251205e-01
1.481100000000127693e+03,3.112407288737911726e-01
1.481200000000127602e+03,3.112567212143195206e-01
1.481300000000127511e+03,3.112727089809259606e-01
1.481400000000127648e+03,3.112868539180496663e-01
1.481500000000127784e+03,3.112881503553846518e-01
1.481600000000127693e+03,3.112894404815854110e-01
1.481700000000127602e+03,3.112907242973883548e-01
1.481800000000127739e+03,3.112920018035300052e-01
1.481900000000127875e+03,3.112932730007462179e-01
1.482000000000127784e+03,3.112945378897808979e-01
1.482100000000127693e+03,3.113013821364453149e-01
1.482200000000127829e+03,3.113082204335255176e-01
1.482300000000127966e+03,3.113150527812347801e-01
1.482400000000127875e+03,3.113218791797874863e-01
1.482500000000127784e+03,3.113286996293964104e-01
1.482600000000127920e+03,3.113355141302766582e-01
1.482700000000128057e+03,3.113423226826416701e-01
1.482800000000127966e+03,3.113491252867059411e-01
1.482900000000127875e+03,3.113559219426837998e-01
1.483000000000128011e+03,3.113627126508313192e-01
1.483100000000128148e+03,3.114017936825936306e-01
1.483200000000128057e+03,3.114408721688241566e-01
1.483300000000127966e+03,3.114799481081048094e-01
1.483400000000128102e+03,3.115190214990182782e-01
1.483500000000128239e+03,3.115580923401463087e-01
1.483600000000128148e+03,3.115971606300723118e-01
1.483700000000128057e+03,3.116362263673785327e-01
1.483800000000128193e+03,3.116752895506472165e-01
1.483900000000128330e+03,3.117143501784619963e-01
1.484000000000128239e+03,3.117588676305550477e-01
1.484100000000128148e+03,3.118376679531769669e-01
1.484200000000128284e+03,3.119164776922431215e-01
1.484300000000128421e+03,3.119952968460391607e-01
1.484400000000128330e+03,3.120740841200993487e-01
1.484500000000128239e+03,3.121523266344760628e-01
1.484600000000128375e+03,3.122305782593263745e-01
1.484700000000128512e+03,3.123088389928809772e-01
1.484800000000128421e+03,3.123871088333691204e-01
1.484900000000128330e+03,3.124653877790194989e-01
1.485000000000128466e+03,3.125436758278794525e-01
1.485100000000128603e+03,3.124809874720894665e-01
1.485200000000128512e+03,3.124182958494752804e-01
1.485300000000128421e+03,3.123556009663375210e-01
1.485400000000128557e+03,3.122929028289749276e-01
1.485500000000128694e+03,3.122302014436856288e-01
1.485600000000128603e+03,3.121576594775042346e-01
1.485700000000128512e+03,3.120807932156685616e-01
1.485800000000128648e+03,3.120039302718334295e-01
1.485900000000128784e+03,3.119271288371914808e-01
1.486000000000128694e+03,3.118650071529929235e-01
1.486100000000128603e+03,3.119275757947708172e-01
1.486200000000128739e+03,3.119901496554814968e-01
1.486300000000128875e+03,3.120527287342176881e-01
1.486400000000128784e+03,3.121153130300717837e-01
1.486500000000128694e+03,3.121779025421365650e-01
1.486600000000128830e+03,3.122404972695042580e-01
1.486700000000128966e+03,3.123030972112663117e-01
1.486800000000128875e+03,3.123657023665148413e-01
1.486900000000128784e+03,3.124283127343413513e-01
1.487000000000128921e+03,3.124909283138075367e-01
1.487100000000129057e+03,3.125469886367581163e-01
1.487200000000128966e+03,3.126047999645951703e-01
1.487300000000128875e+03,3.126599027883246729e-01
1.487400000000129012e+03,3.127150102895284167e-01
1.487500000000129148e+03,3.127701224680884406e-01
1.487600000000129057e+03,3.128252393238858953e-01
1.487700000000128966e+03,3.128803608568032080e-01
1.487800000000129103e+03,3.129354870667220845e-01
1.487900000000129239e+03,3.129906179535237309e-01
1.488000000000129148e+03,3.130457535169879901e-01
1.488100000000129057e+03,3.130221363157741354e-01
1.488200000000129194e+03,3.130053471296284084e-01
1.488300000000129330e+03,3.129967855017554146e-01
1.488400000000129239e+03,3.129882164228550701e-01
1.488500000000129148e+03,3.129796398939810320e-01
1.488600000000129285e+03,3.129709823635756782e-01
1.488700000000129421e+03,3.129622716117153036e-01
1.488800000000129330e+03,3.129573892635078569e-01
1.488900000000129239e+03,3.129557643704721226e-01
1.489000000000129376e+03,3.129541318583287102e-01
1.489100000000129512e+03,3.130172749365660034e-01
1.489200000000129421e+03,3.130804264220500843e-01
1.489300000000129330e+03,3.131447922102904013e-01
1.489400000000129467e+03,3.132153602820300087e-01
1.489500000000129603e+03,3.132859396318801726e-01
1.489600000000129512e+03,3.133886290640129357e-01
1.489700000000129421e+03,3.135232510103959092e-01
1.489800000000129558e+03,3.136579217995448254e-01
1.489900000000129694e+03,3.137926414461478797e-01
1.490000000000129603e+03,3.139274099648549643e-01
1.490100000000129512e+03,3.140291683151364421e-01
1.490200000000129648e+03,3.141309467082238349e-01
1.490300000000129785e+03,3.142327399821635003e-01
1.490400000000129694e+03,3.143345575719329599e-01
1.490500000000129603e+03,3.144495102148497923e-01
1.490600000000129739e+03,3.145662385323598764e-01
1.490700000000129876e+03,3.146830005688882048e-01
1.490800000000129785e+03,3.147997963310507075e-01
1.490900000000129694e+03,3.149166258254663120e-01
1.491000000000129830e+03,3.150334890587571657e-01
1.491100000000129967e+03,3.151541599940492211e-01
1.491200000000129876e+03,3.152718351952445430e-01
1.491300000000129785e+03,3.153854316844786343e-01
1.491400000000129921e+03,3.154990608531926810e-01
1.491500000000130058e+03,3.156127227083294073e-01
1.491600000000129967e+03,3.157264172568318150e-01
1.491700000000129876e+03,3.158401445056446821e-01
1.491800000000130012e+03,3.159539044617134529e-01
1.491900000000130149e+03,3.160676971319833495e-01
1.492000000000130058e+03,3.161787588384900038e-01
1.492100000000129967e+03,3.162967538717871840e-01
1.492200000000130103e+03,3.164147845331450881e-01
1.492300000000130240e+03,3.165328508302006627e-01
1.492400000000130149e+03,3.166509527705886895e-01
1.492500000000130058e+03,3.167690903619487242e-01
1.492600000000130194e+03,3.168872636119178243e-01
1.492700000000130331e+03,3.170054725281346575e-01
1.492800000000130240e+03,3.171187297674274985e-01
1.492900000000130149e+03,3.172226424139693579e-01
1.493000000000130285e+03,3.173265819858211434e-01
1.493100000000130422e+03,3.173790245633942853e-01
1.493200000000130331e+03,3.174314679030160180e-01
1.493300000000130240e+03,3.174839120025977346e-01
1.493400000000130376e+03,3.175363568600496067e-01
1.493500000000130512e+03,3.175888024732825277e-01
1.493600000000130422e+03,3.176434684162757760e-01
1.493700000000130331e+03,3.177031073060888611e-01
1.493800000000130467e+03,3.177624360555781347e-01
1.493900000000130603e+03,3.178145839850936571e-01
1.494000000000130512e+03,3.178667324936957916e-01
1.494100000000130422e+03,3.179894304131857252e-01
1.494200000000130558e+03,3.181121688942286641e-01
1.494300000000130694e+03,3.182349479478620569e-01
1.494400000000130603e+03,3.183558217928940670e-01
1.494500000000130512e+03,3.184714749129478606e-01
1.494600000000130649e+03,3.185871638378538484e-01
1.494700000000130785e+03,3.187028885766636788e-01
1.494800000000130694e+03,3.188186491384300547e-01
1.494900000000130603e+03,3.189344455322074556e-01
1.495000000000130740e+03,3.190502777670418677e-01
1.495100000000130876e+03,3.191573594081504317e-01
1.495200000000130785e+03,3.192611270396573109e-01
1.495300000000130694e+03,3.193538190980469982e-01
1.495400000000130831e+03,3.194465331254647822e-01
1.495500000000130967e+03,3.195392691258656659e-01
1.495600000000130876e+03,3.196320271032062621e-01
1.495700000000130785e+03,3.197248070614426840e-01
1.495800000000130922e+03,3.198176090045319331e-01
1.495900000000131058e+03,3.199104329364316768e-01
1.496000000000130967e+03,3.200018824912824189e-01
1.496100000000130876e+03,3.200936942963630294e-01
1.496200000000131013e+03,3.201816119352015599e-01
1.496300000000131149e+03,3.202695493669643900e-01
1.496400000000131058e+03,3.203575065953210843e-01
1.496500000000130967e+03,3.204454836239425397e-01
1.496600000000131104e+03,3.205334804564993756e-01
1.496700000000131240e+03,3.206214970966635991e-01
1.496800000000131149e+03,3.206994587877262659e-01
1.496900000000131058e+03,3.207222245639490543e-01
1.497000000000131195e+03,3.207449851383146200e-01
1.497100000000131331e+03,3.206984350192406130e-01
1.497200000000131240e+03,3.206473298987488896e-01
1.497300000000131149e+03,3.205781100856461285e-01
1.497400000000131286e+03,3.205090757006536784e-01
1.497500000000131422e+03,3.204401718659946052e-01
1.497600000000131331e+03,3.203721121539544470e-01
1.497700000000131240e+03,3.203104656782364001e-01
1.497800000000131377e+03,3.202488220376024652e-01
1.497900000000131513e+03,3.201871812348999202e-01
1.498000000000131422e+03,3.201255432731919259e-01
1.498100000000131331e+03,3.202282543685793237e-01
1.498200000000131467e+03,3.203308302897057147e-01
1.498300000000131604e+03,3.204333242983702368e-01
1.498400000000131513e+03,3.205316827937609303e-01
1.498500000000131422e+03,3.206629428126047676e-01
1.498600000000131558e+03,3.207942434605525750e-01
1.498700000000131695e+03,3.209255847460349420e-01
1.498800000000131604e+03,3.210569666774819031e-01
1.498900000000131513e+03,3.211883892633266013e-01
1.499000000000131649e+03,3.213198525117286763e-01
1.499100000000131786e+03,3.212436389629671485e-01
1.499200000000131695e+03,3.211679877023560503e-01
1.499300000000131604e+03,3.211063125435318910e-01
1.499400000000131740e+03,3.210446324496757931e-01
1.499500000000131877e+03,3.209829474258540927e-01
1.499600000000131786e+03,3.209212574771316273e-01
1.499700000000131695e+03,3.208595626085742336e-01
1.499800000000131831e+03,3.207978628252468045e-01
1.499900000000131968e+03,3.207361581322141220e-01
1.500000000000131877e+03,3.206744485347096107e-01
1.500100000000131786e+03,3.207401140990331911e-01
1.500200000000131922e+03,3.208057875523996905e-01
1.500300000000132059e+03,3.208714688948858806e-01
1.500400000000131968e+03,3.209371581265677564e-01
1.500500000000131877e+03,3.210028552475211461e-01
1.500600000000132013e+03,3.210712832669566641e-01
1.500700000000132150e+03,3.211445656683183381e-01
1.500800000000132059e+03,3.212178592951563938e-01
1.500900000000131968e+03,3.212771865298759133e-01
1.501000000000132104e+03,3.213359590156401602e-01
1.501100000000132241e+03,3.214558671816063473e-01
1.501200000000132150e+03,3.215758138235936814e-01
1.501300000000132059e+03,3.216957989521345707e-01
1.501400000000132195e+03,3.218158225777648096e-01
1.501500000000132331e+03,3.219358847110205812e-01
1.501600000000132241e+03,3.220559853624425650e-01
1.501700000000132150e+03,3.221895762835323418e-01
1.501800000000132286e+03,3.223243408717775260e-01
1.501900000000132422e+03,3.224591546694517419e-01
1.502000000000132331e+03,3.225940176920505942e-01
1.502100000000132241e+03,3.227044138479883140e-01
1.502200000000132377e+03,3.228148415988805753e-01
1.502300000000132513e+03,3.229253009522128903e-01
1.502400000000132422e+03,3.230357919154738799e-01
1.502500000000132331e+03,3.231592385237212484e-01
1.502600000000132468e+03,3.232844174284383310e-01
1.502700000000132604e+03,3.234096373084892617e-01
1.502800000000132513e+03,3.235348981750136299e-01
1.502900000000132422e+03,3.236601697071652128e-01
1.503000000000132559e+03,3.237852037766377200e-01
1.503100000000132695e+03,3.239418659040279591e-01
1.503200000000132604e+03,3.240985939731663157e-01
1.503300000000132513e+03,3.242491895836582261e-01
1.503400000000132650e+03,3.243987141835918964e-01
1.503500000000132786e+03,3.245482985858175184e-01
1.503600000000132695e+03,3.246979428107418242e-01
1.503700000000132604e+03,3.248476468787784843e-01
1.503800000000132741e+03,3.249974108103463877e-01
1.503900000000132877e+03,3.251472346258698076e-01
1.504000000000132786e+03,3.252971183456010440e-01
1.504100000000132695e+03,3.253071013311841231e-01
1.504200000000132832e+03,3.253156576903981634e-01
1.504300000000132968e+03,3.253242056259426085e-01
1.504400000000132877e+03,3.253327451370273127e-01
1.504500000000132786e+03,3.253412762228645172e-01
1.504600000000132923e+03,3.253497988826651310e-01
1.504700000000133059e+03,3.253583131156415065e-01
1.504800000000132968e+03,3.253666323838713126e-01
1.504900000000132877e+03,3.253748194508679359e-01
1.505000000000133014e+03,3.253829980729980309e-01
1.505100000000133150e+03,3.254378807373780047e-01
1.505200000000133059e+03,3.254927686456516867e-01
1.505300000000132968e+03,3.255476617978616538e-01
1.505400000000133105e+03,3.256025601940492065e-01
1.505500000000133241e+03,3.256574638342562000e-01
1.505600000000133150e+03,3.257123727185231576e-01
1.505700000000133059e+03,3.257404383950377458e-01
1.505800000000133195e+03,3.257585682689869144e-01
1.505900000000133332e+03,3.257766862298166477e-01
1.506000000000133241e+03,3.257946804813003916e-01
1.506100000000133150e+03,3.258532932308257912e-01
1.506200000000133286e+03,3.259119134390172645e-01
1.506300000000133423e+03,3.259705411064232061e-01
1.506400000000133332e+03,3.260291762335928989e-01
1.506500000000133241e+03,3.260827277336561525e-01
1.506600000000133377e+03,3.261340113184194589e-01
1.506700000000133514e+03,3.261852998260006409e-01
1.506800000000133423e+03,3.262365932565015614e-01
1.506900000000133332e+03,3.262878916100248050e-01
1.507000000000133468e+03,3.263391948865711489e-01
1.507100000000133605e+03,3.263150302888462306e-01
1.507200000000133514e+03,3.262908644125950830e-01
1.507300000000133423e+03,3.262570775323902494e-01
1.507400000000133559e+03,3.262179424210172596e-01
1.507500000000133696e+03,3.261787641414127803e-01
1.507600000000133605e+03,3.261395870583249645e-01
1.507700000000133514e+03,3.261004111725542276e-01
1.507800000000133650e+03,3.260612364849027611e-01
1.507900000000133787e+03,3.260220629961717576e-01
1.508000000000133696e+03,3.259828907071829485e-01
1.508100000000133605e+03,3.259642526129263307e-01
1.508200000000133741e+03,3.259484537340738841e-01
1.508300000000133878e+03,3.259326527788060091e-01
1.508400000000133787e+03,3.259168497476312432e-01
1.508500000000133696e+03,3.259012332811518919e-01
1.508600000000133832e+03,3.258857368825946454e-01
1.508700000000133969e+03,3.258702383796504010e-01
1.508800000000133878e+03,3.258547377728220340e-01
1.508900000000133787e+03,3.258349980887502162e-01
1.509000000000133923e+03,3.258121322940739084e-01
1.509100000000134060e+03,3.258194131530763871e-01
1.509200000000133969e+03,3.258266888235714087e-01
1.509300000000133878e+03,3.258339593052503869e-01
1.509400000000134014e+03,3.258412245978025146e-01
1.509500000000134150e+03,3.258484847009189833e-01
1.509600000000134060e+03,3.258566405987425862e-01
1.509700000000133969e+03,3.258715706064280182e-01
1.509800000000134105e+03,3.258864958859080674e-01
1.509900000000134241e+03,3.259014164365156563e-01
1.510000000000134150e+03,3.259163322575712174e-01
1.510100000000134060e+03,3.259216043738512592e-01
1.510200000000134196e+03,3.259268713754384650e-01
1.510300000000134332e+03,3.259321673999343028e-01
1.510400000000134241e+03,3.259377350108136340e-01
1.510500000000134150e+03,3.259506404086677800e-01
1.510600000000134287e+03,3.259709321747190081e-01
1.510700000000134423e+03,3.259912204467641517e-01
1.510800000000134332e+03,3.259986441288312831e-01
1.510900000000134241e+03,3.260035586043406597e-01
1.511000000000134378e+03,3.260084683965361885e-01
1.511100000000134514e+03,3.259831072040143551e-01
1.511200000000134423e+03,3.259577437515289722e-01
1.511300000000134332e+03,3.259357652966766716e-01
1.511400000000134469e+03,3.259177633430461185e-01
1.511500000000134605e+03,3.258997582070347621e-01
1.511600000000134514e+03,3.258817498892735420e-01
1.511700000000134423e+03,3.258637383903942863e-01
1.511800000000134560e+03,3.258457237110290450e-01
1.511900000000134696e+03,3.258191559437990104e-01
1.512000000000134605e+03,3.257857777661284371e-01
1.512100000000134514e+03,3.256887254873891413e-01
1.512200000000134651e+03,3.256002109193690264e-01
1.512300000000134787e+03,3.255117106718968811e-01
1.512400000000134696e+03,3.254232247455632332e-01
1.512500000000134605e+03,3.253347531409577220e-01
1.512600000000134742e+03,3.252462958586682107e-01
1.512700000000134878e+03,3.251578528992830619e-01
1.512800000000134787e+03,3.250694242633879738e-01
1.512900000000134696e+03,3.249838201220070499e-01
1.513000000000134833e+03,3.248985277842584840e-01
1.513100000000134969e+03,3.249087356098134260e-01
1.513200000000134878e+03,3.249189376219229763e-01
1.513300000000134787e+03,3.249291338200423485e-01
1.513400000000134924e+03,3.249393242036255347e-01
1.513500000000135060e+03,3.249495087721279152e-01
1.513600000000134969e+03,3.249596875250039818e-01
1.513700000000134878e+03,3.249698604617092812e-01
1.513800000000135014e+03,3.249800275817001927e-01
1.513900000000135151e+03,3.249901888844313191e-01
1.514000000000135060e+03,3.250003085387643820e-01
1.514100000000134969e+03,3.249782009500413738e-01
1.514200000000135105e+03,3.249637238326608668e-01
1.514300000000135242e+03,3.249492727805186609e-01
1.514400000000135151e+03,3.249348175330714072e-01
1.514500000000135060e+03,3.249203580911196876e-01
1.514600000000135196e+03,3.249058944554638617e-01
1.514700000000135333e+03,3.248914266269052331e-01
1.514800000000135242e+03,3.248769546062437175e-01
1.514900000000135151e+03,3.248624783942808958e-01
1.515000000000135287e+03,3.248479979918384442e-01
1.515100000000135424e+03,3.248489053275035454e-01
1.515200000000135333e+03,3.248498081918111957e-01
1.515300000000135242e+03,3.248507065849276509e-01
1.515400000000135378e+03,3.248516005070180568e-01
1.515500000000135515e+03,3.248524899582499459e-01
1.515600000000135424e+03,3.248533749387892966e-01
1.515700000000135333e+03,3.248542554488024203e-01
1.515800000000135469e+03,3.248551314884560171e-01
1.515900000000135606e+03,3.248560030579162872e-01
1.516000000000135515e+03,3.248568701574183759e-01
1.516100000000135424e+03,3.249096090648032620e-01
1.516200000000135560e+03,3.249680138856657075e-01
1.516300000000135697e+03,3.250264232450376101e-01
1.516400000000135606e+03,3.250845825126402744e-01
1.516500000000135515e+03,3.251427873790332379e-01
1.516600000000135651e+03,3.252009967051679440e-01
1.516700000000135788e+03,3.252592104899876824e-01
1.516800000000135697e+03,3.253174287324350211e-01
1.516900000000135606e+03,3.253756514314529169e-01
1.517000000000135742e+03,3.254338785859261507e-01
1.517100000000135879e+03,3.254501039620270042e-01
1.517200000000135788e+03,3.254663253361189668e-01
1.517300000000135697e+03,3.254825427077507882e-01
1.517400000000135833e+03,3.254987560764705523e-01
1.517500000000135969e+03,3.255137733660437571e-01
1.517600000000135879e+03,3.255222924383801564e-01
1.517700000000135788e+03,3.255296959493945153e-01
1.517800000000135924e+03,3.255308571216429803e-01
1.517900000000136060e+03,3.255320133300391716e-01
1.518000000000135969e+03,3.255331645747067126e-01
1.518100000000135879e+03,3.255631494417987604e-01
1.518200000000136015e+03,3.255931319819640457e-01
1.518300000000136151e+03,3.256231121942851359e-01
1.518400000000136060e+03,3.256530900778452642e-01
1.518500000000135969e+03,3.256822384779150537e-01
1.518600000000136106e+03,3.257048613423570993e-01
1.518700000000136242e+03,3.257342119029159599e-01
1.518800000000136151e+03,3.257645243265872570e-01
1.518900000000136060e+03,3.257948353026910993e-01
1.519000000000136197e+03,3.258251448305101161e-01
1.519100000000136333e+03,3.258085653962323192e-01
1.519200000000136242e+03,3.257919810036814523e-01
1.519300000000136151e+03,3.257748480063349938e-01
1.519400000000136288e+03,3.257509032209223720e-01
1.519500000000136424e+03,3.257269545609684513e-01
1.519600000000136333e+03,3.257031959258778198e-01
1.519700000000136242e+03,3.256795500794672504e-01
1.519800000000136379e+03,3.256559003163876920e-01
1.519900000000136515e+03,3.256322466378680502e-01
1.520000000000136424e+03,3.256085890452428133e-01
1.520100000000136333e+03,3.256615221367011315e-01
1.520200000000136470e+03,3.257002809621022954e-01
1.520300000000136606e+03,3.257390398427127964e-01
1.520400000000136515e+03,3.257777987777611961e-01
1.520500000000136424e+03,3.258165577664751678e-01
1.520600000000136561e+03,3.258553168080834950e-01
1.520700000000136697e+03,3.258940759018139066e-01
1.520800000000136606e+03,3.259328520684982577e-01
1.520900000000136515e+03,3.259716331127045508e-01
1.521000000000136652e+03,3.260104142118598891e-01
1.521100000000136788e+03,3.260013255915439889e-01
1.521200000000136697e+03,3.259922318828693544e-01
1.521300000000136606e+03,3.259831330867601906e-01
1.521400000000136743e+03,3.259740292041391485e-01
1.521500000000136879e+03,3.259649202359299891e-01
1.521600000000136788e+03,3.259558061830569731e-01
1.521700000000136697e+03,3.259466870464428623e-01
1.521800000000136833e+03,3.259375628270118064e-01
1.521900000000136970e+03,3.259284335256870668e-01
1.522000000000136879e+03,3.259198207543158032e-01
1.522100000000136788e+03,3.259944434953065961e-01
1.522200000000136924e+03,3.260690784517691898e-01
1.522300000000137061e+03,3.261437256247207150e-01
1.522400000000136970e+03,3.262183850151763598e-01
1.522500000000136879e+03,3.262930566241525332e-01
1.522600000000137015e+03,3.263541940254032214e-01
1.522700000000137152e+03,3.264141532599665330e-01
1.522800000000137061e+03,3.264741181935375547e-01
1.522900000000136970e+03,3.265340888256378360e-01
1.523000000000137106e+03,3.265940651556787366e-01
1.523100000000137243e+03,3.265743606060206305e-01
1.523200000000137152e+03,3.265662925469349775e-01
1.523300000000137061e+03,3.265620279278201865e-01
1.523400000000137197e+03,3.265512652965057439e-01
1.523500000000137334e+03,3.265396217941904933e-01
1.523600000000137243e+03,3.265279743615345232e-01
1.523700000000137152e+03,3.265163229990806215e-01
1.523800000000137288e+03,3.265046677073709658e-01
1.523900000000137425e+03,3.264930084869481774e-01
1.524000000000137334e+03,3.264813453384272646e-01
1.524100000000137243e+03,3.265221526305034927e-01
1.524200000000137379e+03,3.265629615773679162e-01
1.524300000000137516e+03,3.266037721785363113e-01
1.524400000000137425e+03,3.266445844335231219e-01
1.524500000000137334e+03,3.266853983418450680e-01
1.524600000000137470e+03,3.267262139030169821e-01
1.524700000000137607e+03,3.267670311165545849e-01
1.524800000000137516e+03,3.268078499819725979e-01
1.524900000000137425e+03,3.268486704987861313e-01
1.525000000000137561e+03,3.268894926664667744e-01
1.525100000000137697e+03,3.268981613385513185e-01
1.525200000000137607e+03,3.269065570894080230e-01
1.525300000000137516e+03,3.269149501890339371e-01
1.525400000000137652e+03,3.269233237645880474e-01
1.525500000000137788e+03,3.269314242601999987e-01
1.525600000000137697e+03,3.269395220905876309e-01
1.525700000000137607e+03,3.269476172556999294e-01
1.525800000000137743e+03,3.269613616887374619e-01
1.525900000000137879e+03,3.269768378459939617e-01
1.526000000000137788e+03,3.269923122592804932e-01
1.526100000000137697e+03,3.269524914692709672e-01
1.526200000000137834e+03,3.269126701603740082e-01
1.526300000000137970e+03,3.268728483338744217e-01
1.526400000000137879e+03,3.268330259910548485e-01
1.526500000000137788e+03,3.267932031331994835e-01
1.526600000000137925e+03,3.267480152427545415e-01
1.526700000000138061e+03,3.267008105726558198e-01
1.526800000000137970e+03,3.266536069685548882e-01
1.526900000000137879e+03,3.266064044318418569e-01
1.527000000000138016e+03,3.265590049682871587e-01
1.527100000000138152e+03,3.265996811882243001e-01
1.527200000000138061e+03,3.266403568224204856e-01
1.527300000000137970e+03,3.266810318696821147e-01
1.527400000000138107e+03,3.267267868198130421e-01
1.527500000000138243e+03,3.267748460411262212e-01
1.527600000000138152e+03,3.268229070667016400e-01
1.527700000000138061e+03,3.268807456006224132e-01
1.527800000000138198e+03,3.269442758260892590e-01
1.527900000000138334e+03,3.270078128880368751e-01
1.528000000000138243e+03,3.270713567858580806e-01
1.528100000000138152e+03,3.270469005823392061e-01
1.528200000000138289e+03,3.270224409732375159e-01
1.528300000000138425e+03,3.269979779595594271e-01
1.528400000000138334e+03,3.269735115423121896e-01
1.528500000000138243e+03,3.269490417225034418e-01
1.528600000000138380e+03,3.269245685011392677e-01
1.528700000000138516e+03,3.269000918792274168e-01
1.528800000000138425e+03,3.268783321807517406e-01
1.528900000000138334e+03,3.268615772749057236e-01
1.529000000000138471e+03,3.268493317139012366e-01
1.529100000000138607e+03,3.269502352921007660e-01
1.529200000000138516e+03,3.270511598950393561e-01
1.529300000000138425e+03,3.271521055238777453e-01
1.529400000000138562e+03,3.272530721797758946e-01
1.529500000000138698e+03,3.273540598638921550e-01
1.529600000000138607e+03,3.274550685773839898e-01
1.529700000000138516e+03,3.275560764295783467e-01
1.529800000000138652e+03,3.276655851891424609e-01
1.529900000000138789e+03,3.277803488685215316e-01
1.530000000000138698e+03,3.278807510053346475e-01
1.530100000000138607e+03,3.278400575396224204e-01
1.530200000000138743e+03,3.277993632288613290e-01
1.530300000000138880e+03,3.277586680741795266e-01
1.530400000000138789e+03,3.277179720767032789e-01
1.530500000000138698e+03,3.276772752375600728e-01
1.530600000000138834e+03,3.276365775578766182e-01
1.530700000000138971e+03,3.275962798990090796e-01
1.530800000000138880e+03,3.275562051788347695e-01
1.530900000000138789e+03,3.275161294668554879e-01
1.531000000000138925e+03,3.274760527643115759e-01
1.531100000000139062e+03,3.275211172286794925e-01
1.531200000000138971e+03,3.275661853252554434e-01
1.531300000000138880e+03,3.276112570538897706e-01
1.531400000000139016e+03,3.276526642333944528e-01
1.531500000000139153e+03,3.276903339652130209e-01
1.531600000000139062e+03,3.277280054018087974e-01
1.531700000000138971e+03,3.277656785428310626e-01
1.531800000000139107e+03,3.278033533879295969e-01
1.531900000000139244e+03,3.278410299367545133e-01
1.532000000000139153e+03,3.278787081889336652e-01
1.532100000000139062e+03,3.279007315276668000e-01
1.532200000000139198e+03,3.279227541821848058e-01
1.532300000000139335e+03,3.279447761521905313e-01
1.532400000000139244e+03,3.279667974373884909e-01
1.532500000000139153e+03,3.279888180374830320e-01
1.532600000000139289e+03,3.280108379521777806e-01
1.532700000000139426e+03,3.280328571811765848e-01
1.532800000000139335e+03,3.280548757241836810e-01
1.532900000000139244e+03,3.280768935809025844e-01
1.533000000000139380e+03,3.280958096646797162e-01
1.533100000000139516e+03,3.281065471057979521e-01
1.533200000000139426e+03,3.281172832119643168e-01
1.533300000000139335e+03,3.281280179831073118e-01
1.533400000000139471e+03,3.281387514191561050e-01
1.533500000000139607e+03,3.281494835200386984e-01
1.533600000000139516e+03,3.281602142856847593e-01
1.533700000000139426e+03,3.281709437160221232e-01
1.533800000000139562e+03,3.281788559194565580e-01
1.533900000000139698e+03,3.281821607225955950e-01
1.534000000000139607e+03,3.281854635932544006e-01
1.534100000000139516e+03,3.282053766425975239e-01
1.534200000000139653e+03,3.282252891184657684e-01
1.534300000000139789e+03,3.282452010206786119e-01
1.534400000000139698e+03,3.282651123490538114e-01
1.534500000000139607e+03,3.283145151607029244e-01
1.534600000000139744e+03,3.283654627371807577e-01
1.534700000000139880e+03,3.284164149702424318e-01
1.534800000000139789e+03,3.284673718597905245e-01
1.534900000000139698e+03,3.285183334057281135e-01
1.535000000000139835e+03,3.285692996079354056e-01
1.535100000000139971e+03,3.286037289753641621e-01
1.535200000000139880e+03,3.286381587592508979e-01
1.535300000000139789e+03,3.286725889591513572e-01
1.535400000000139926e+03,3.287047719950012548e-01
1.535500000000140062e+03,3.287317657241450863e-01
1.535600000000139971e+03,3.287639613519725557e-01
1.535700000000139880e+03,3.287986211133478998e-01
1.535800000000140017e+03,3.288330300169000076e-01
1.535900000000140153e+03,3.288674382643720362e-01
1.536000000000140062e+03,3.289018458550272972e-01
1.536100000000139971e+03,3.289259807625759535e-01
1.536200000000140108e+03,3.289501122928791266e-01
1.536300000000140244e+03,3.289742404451420077e-01
1.536400000000140153e+03,3.289983652185704543e-01
1.536500000000140062e+03,3.290224866123690473e-01
1.536600000000140199e+03,3.290466046257441435e-01
1.536700000000140335e+03,3.290798025778334801e-01
1.536800000000140244e+03,3.291272218419421525e-01
1.536900000000140153e+03,3.291746400373194992e-01
1.537000000000140290e+03,3.292237343341989364e-01
1.537100000000140426e+03,3.293087324162933816e-01
1.537200000000140335e+03,3.293937457068337182e-01
1.537300000000140244e+03,3.294787742070391934e-01
1.537400000000140381e+03,3.295638179181271110e-01
1.537500000000140517e+03,3.296488768413151083e-01
1.537600000000140426e+03,3.297339509778206557e-01
1.537700000000140335e+03,3.298190403288607242e-01
1.537800000000140471e+03,3.299032933675232204e-01
1.537900000000140608e+03,3.299806293379390909e-01
1.538000000000140517e+03,3.300579777344376797e-01
1.538100000000140426e+03,3.301124469762534153e-01
1.538200000000140562e+03,3.301669181119252783e-01
1.538300000000140699e+03,3.302213911401064017e-01
1.538400000000140608e+03,3.302758660594493634e-01
1.538500000000140517e+03,3.303303428686072962e-01
1.538600000000140653e+03,3.303859279985422170e-01
1.538700000000140790e+03,3.304478907030013457e-01
1.538800000000140699e+03,3.305098582123083273e-01
1.538900000000140608e+03,3.305718305255055389e-01
1.539000000000140744e+03,3.306338076417651983e-01
1.539100000000140881e+03,3.307881403819218358e-01
1.539200000000140790e+03,3.309425338161097740e-01
1.539300000000140699e+03,3.310969879635846103e-01
1.539400000000140835e+03,3.312515028436051612e-01
1.539500000000140972e+03,3.314060784754349065e-01
1.539600000000140881e+03,3.315607148783419333e-01
1.539700000000140790e+03,3.317154120715996579e-01
1.539800000000140926e+03,3.318701700744851046e-01
1.539900000000141063e+03,3.320249889062796278e-01
1.540000000000140972e+03,3.321798685861255818e-01
1.540100000000140881e+03,3.322281976185890717e-01
1.540200000000141017e+03,3.322745926260156080e-01
1.540300000000141154e+03,3.323419697204244017e-01
1.540400000000141063e+03,3.324093544434557623e-01
1.540500000000140972e+03,3.324767467947248867e-01
1.540600000000141108e+03,3.325441467738460832e-01
1.540700000000141245e+03,3.326115543804336605e-01
1.540800000000141154e+03,3.326789696141010944e-01
1.540900000000141063e+03,3.327463924744618606e-01
1.541000000000141199e+03,3.328147923225404092e-01
1.541100000000141335e+03,3.329222200210832372e-01
1.541200000000141245e+03,3.330212575434284838e-01
1.541300000000141154e+03,3.330973742367466794e-01
1.541400000000141290e+03,3.331735050796963415e-01
1.541500000000141426e+03,3.332496500742443968e-01
1.541600000000141335e+03,3.333258092223558844e-01
1.541700000000141245e+03,3.334019825259984526e-01
1.541800000000141381e+03,3.334781699871381955e-01
1.541900000000141517e+03,3.335543716077419285e-01
1.542000000000141426e+03,3.336305873897572050e-01
1.542100000000141335e+03,3.336930413035550380e-01
1.542200000000141472e+03,3.337555042085071921e-01
1.542300000000141608e+03,3.338179761054342332e-01
1.542400000000141517e+03,3.338571632686605506e-01
1.542500000000141426e+03,3.338960736545418806e-01
1.542600000000141563e+03,3.339349864294611225e-01
1.542700000000141699e+03,3.339739015933186339e-01
1.542800000000141608e+03,3.340128191460144946e-01
1.542900000000141517e+03,3.340517390874489512e-01
1.543000000000141654e+03,3.340906614175241374e-01
1.543100000000141790e+03,3.341302974780575030e-01
1.543200000000141699e+03,3.341699364354979163e-01
1.543300000000141608e+03,3.342095782898786283e-01
1.543400000000141745e+03,3.342492230412356657e-01
1.543500000000141881e+03,3.342763711105468660e-01
1.543600000000141790e+03,3.343005890087796805e-01
1.543700000000141699e+03,3.343248073074499560e-01
1.543800000000141836e+03,3.343490260064554964e-01
1.543900000000141972e+03,3.343732451056958821e-01
1.544000000000141881e+03,3.343974646050876798e-01
1.544100000000141790e+03,3.344353303186061721e-01
1.544200000000141927e+03,3.344731989035540365e-01
1.544300000000142063e+03,3.345044286119853161e-01
1.544400000000141972e+03,3.345348393776125251e-01
1.544500000000141881e+03,3.345652906957962691e-01
1.544600000000142018e+03,3.345957437687569480e-01
1.544700000000142154e+03,3.346261985964981700e-01
1.544800000000142063e+03,3.346566551790232102e-01
1.544900000000141972e+03,3.346871135163360655e-01
1.545000000000142109e+03,3.347175736084637143e-01
1.545100000000142245e+03,3.347642931137309041e-01
1.545200000000142154e+03,3.348110165716436382e-01
1.545300000000142063e+03,3.348577439821703305e-01
1.545400000000142199e+03,3.349040983602543653e-01
1.545500000000142336e+03,3.349502649318677472e-01
1.545600000000142245e+03,3.349964352989069361e-01
1.545700000000142154e+03,3.350414484666060511e-01
1.545800000000142290e+03,3.350797384201947837e-01
1.545900000000142427e+03,3.351180299948471331e-01
1.546000000000142336e+03,3.351563231901660833e-01
1.546100000000142245e+03,3.351381267718784307e-01
1.546200000000142381e+03,3.351199291140276038e-01
1.546300000000142518e+03,3.351017302168839418e-01
1.546400000000142427e+03,3.350835300807165074e-01
1.546500000000142336e+03,3.350653287057953067e-01
1.546600000000142472e+03,3.350471260923901240e-01
1.546700000000142609e+03,3.350289222407710765e-01
1.546800000000142518e+03,3.350107171512076709e-01
1.546900000000142427e+03,3.349788365103215648e-01
1.547000000000142563e+03,3.349448565982595660e-01
1.547100000000142700e+03,3.348967746275480772e-01
1.547200000000142609e+03,3.348486960158071901e-01
1.547300000000142518e+03,3.348005137479527771e-01
1.547400000000142654e+03,3.347518035607195963e-01
1.547500000000142791e+03,3.346921505953404652e-01
1.547600000000142700e+03,3.346283220242121659e-01
1.547700000000142609e+03,3.345645025411720375e-01
1.547800000000142745e+03,3.345006921455112026e-01
1.547900000000142882e+03,3.344368908365210058e-01
1.548000000000142791e+03,3.343777181144542698e-01
1.548100000000142700e+03,3.343399218085432723e-01
1.548200000000142836e+03,3.343021269487296832e-01
1.548300000000142973e+03,3.342643335352555867e-01
1.548400000000142882e+03,3.342265415683634555e-01
1.548500000000142791e+03,3.341887510482947632e-01
1.548600000000142927e+03,3.341509619752917049e-01
1.548700000000143064e+03,3.341131743495966422e-01
1.548800000000142973e+03,3.340753881714507711e-01
1.548900000000142882e+03,3.340376034410965644e-01
1.549000000000143018e+03,3.339998201588724180e-01
1.549100000000143154e+03,3.340300292324431819e-01
1.549200000000143064e+03,3.340602355488632713e-01
1.549300000000142973e+03,3.340904391072335167e-01
1.549400000000143109e+03,3.341206399066547483e-01
1.549500000000143245e+03,3.341508379462275746e-01
1.549600000000143154e+03,3.341810332250538806e-01
1.549700000000143064e+03,3.342112257422329979e-01
1.549800000000143200e+03,3.342414154968674223e-01
1.549900000000143336e+03,3.342716024880571513e-01
1.550000000000143245e+03,3.343017867147368705e-01
1.550100000000143154e+03,3.342156341092287763e-01
1.550200000000143291e+03,3.341294985350216629e-01
1.550300000000143427e+03,3.340433799899467648e-01
1.550400000000143336e+03,3.339572784718338738e-01
1.550500000000143245e+03,3.338711939785130034e-01
1.550600000000143382e+03,3.337851265078140561e-01
1.550700000000143518e+03,3.337033677732164083e-01
1.550800000000143427e+03,3.336248721017131547e-01
1.550900000000143336e+03,3.335463895590035643e-01
1.551000000000143473e+03,3.334679752767278904e-01
1.551100000000143609e+03,3.334871940624042352e-01
1.551200000000143518e+03,3.335064103014887538e-01
1.551300000000143427e+03,3.335256239934691891e-01
1.551400000000143564e+03,3.335624220205536394e-01
1.551500000000143700e+03,3.336052215728914638e-01
1.551600000000143609e+03,3.336480235174580367e-01
1.551700000000143518e+03,3.336908278538484596e-01
1.551800000000143655e+03,3.337336345816557803e-01
1.551900000000143791e+03,3.337764437004738793e-01
1.552000000000143700e+03,3.338192552098075416e-01
1.552100000000143609e+03,3.338003092754425194e-01
1.552200000000143746e+03,3.337813627388178661e-01
1.552300000000143882e+03,3.337587060475639689e-01
1.552400000000143791e+03,3.337322188674740620e-01
1.552500000000143700e+03,3.337167124838396060e-01
1.552600000000143837e+03,3.337138220154970969e-01
1.552700000000143973e+03,3.337106558769940556e-01
1.552800000000143882e+03,3.337072267982496010e-01
1.552900000000143791e+03,3.337037956916590886e-01
1.553000000000143928e+03,3.337003625572958487e-01
1.553100000000144064e+03,3.337037530256637408e-01
1.553200000000143973e+03,3.336906588823906894e-01
1.553300000000143882e+03,3.336774610161035715e-01
1.553400000000144018e+03,3.336642013413924635e-01
1.553500000000144155e+03,3.336509404278427127e-01
1.553600000000144064e+03,3.336405871804918877e-01
1.553700000000143973e+03,3.336430469523003484e-01
1.553800000000144109e+03,3.336455039885345975e-01
1.553900000000144246e+03,3.336542123923864622e-01
1.554000000000144155e+03,3.336717426393063235e-01
1.554100000000144064e+03,3.337697748200247894e-01
1.554200000000144200e+03,3.338678309454555238e-01
1.554300000000144337e+03,3.339659110201913528e-01
1.554400000000144246e+03,3.340640150488263793e-01
1.554500000000144155e+03,3.341621430359547618e-01
1.554600000000144291e+03,3.342602949861724904e-01
1.554700000000144428e+03,3.343584709040741676e-01
1.554800000000144337e+03,3.344566707942563943e-01
1.554900000000144246e+03,3.345548946613160490e-01
1.555000000000144382e+03,3.346531425097529766e-01
1.555100000000144519e+03,3.346833153297825159e-01
1.555200000000144428e+03,3.347134881481854118e-01
1.555300000000144337e+03,3.347436609646183836e-01
1.555400000000144473e+03,3.347738337787359297e-01
1.555500000000144610e+03,3.347963435401581367e-01
1.555600000000144519e+03,3.348038168456566321e-01
1.555700000000144428e+03,3.348112867409239746e-01
1.555800000000144564e+03,3.348187532258167787e-01
1.555900000000144701e+03,3.348212945350697578e-01
1.556000000000144610e+03,3.348208716894915948e-01
1.556100000000144519e+03,3.349086310289888790e-01
1.556200000000144655e+03,3.349964060893394491e-01
1.556300000000144792e+03,3.350864617747943974e-01
1.556400000000144701e+03,3.351818452601135756e-01
1.556500000000144610e+03,3.352772490107289727e-01
1.556600000000144746e+03,3.353726730292042602e-01
1.556700000000144883e+03,3.354681173181016107e-01
1.556800000000144792e+03,3.355635818799839742e-01
1.556900000000144701e+03,3.356590667174137455e-01
1.557000000000144837e+03,3.357491344794438226e-01
1.557100000000144973e+03,3.356615368754697348e-01
1.557200000000144883e+03,3.355851709776712100e-01
1.557300000000144792e+03,3.355088102097222302e-01
1.557400000000144928e+03,3.354324545737805696e-01
1.557500000000145064e+03,3.353561040720043906e-01
1.557600000000144973e+03,3.352797587065514118e-01
1.557700000000144883e+03,3.352034184795792959e-01
1.557800000000145019e+03,3.351270833932453175e-01
1.557900000000145155e+03,3.350490728170909538e-01
1.558000000000145064e+03,3.349651751020509272e-01
1.558100000000144973e+03,3.350963550088580933e-01
1.558200000000145110e+03,3.351980329695434246e-01
1.558300000000145246e+03,3.352997294246155557e-01
1.558400000000145155e+03,3.354014443744055551e-01
1.558500000000145064e+03,3.355031778192434921e-01
1.558600000000145201e+03,3.356049297594589920e-01
1.558700000000145337e+03,3.357053089581686911e-01
1.558800000000145246e+03,3.357995043135538205e-01
1.558900000000145155e+03,3.358937134466796759e-01
1.559000000000145292e+03,3.359879363562038868e-01
1.559100000000145428e+03,3.358683085277873737e-01
1.559200000000145337e+03,3.357487122929402878e-01
1.559300000000145246e+03,3.356291476463073575e-01
1.559400000000145383e+03,3.355096145825333664e-01
1.559500000000145519e+03,3.353901130962643196e-01
1.559600000000145428e+03,3.352706431821459443e-01
1.559700000000145337e+03,3.351512048348241901e-01
1.559800000000145474e+03,3.350317980489451175e-01
1.559900000000145610e+03,3.349124228191555641e-01
1.560000000000145519e+03,3.347930791402813355e-01
1.560100000000145428e+03,3.347963239319878270e-01
1.560200000000145565e+03,3.347995667201405512e-01
1.560300000000145701e+03,3.348078485533492188e-01
1.560400000000145610e+03,3.348608150602884193e-01
1.560500000000145519e+03,3.349177055025019945e-01
1.560600000000145656e+03,3.349746037593968051e-01
1.560700000000145792e+03,3.350315098317770413e-01
1.560800000000145701e+03,3.350884237204457827e-01
1.560900000000145610e+03,3.351453454262078857e-01
1.561000000000145747e+03,3.352022749498149157e-01
1.561100000000145883e+03,3.352230069234959919e-01
1.561200000000145792e+03,3.352296001973232298e-01
1.561300000000145701e+03,3.352361929959249975e-01
1.561400000000145837e+03,3.352427853192825880e-01
1.561500000000145974e+03,3.352546521070862151e-01
1.561600000000145883e+03,3.352859396979298579e-01
1.561700000000145792e+03,3.353218408847865595e-01
1.561800000000145928e+03,3.353577450776636937e-01
1.561900000000146065e+03,3.353936522767275163e-01
1.562000000000145974e+03,3.354295624822158928e-01
1.562100000000145883e+03,3.355143527840013795e-01
1.562200000000146019e+03,3.355991617302757080e-01
1.562300000000146156e+03,3.356839893245559536e-01
1.562400000000146065e+03,3.357688355703608019e-01
1.562500000000145974e+03,3.358537004712106588e-01
1.562600000000146110e+03,3.359385840306243209e-01
1.562700000000146247e+03,3.360160322810963884e-01
1.562800000000146156e+03,3.360930406762709932e-01
1.562900000000146065e+03,3.361700641143673951e-01
1.563000000000146201e+03,3.362471025977273875e-01
1.563100000000146338e+03,3.362423596725713226e-01
1.563200000000146247e+03,3.362376150769245675e-01
1.563300000000146156e+03,3.362328688107836250e-01
1.563400000000146292e+03,3.362281208741466632e-01
1.563500000000146429e+03,3.362233712670111840e-01
1.563600000000146338e+03,3.362113844158752807e-01
1.563700000000146247e+03,3.361990296600868566e-01
1.563800000000146383e+03,3.361814345755078093e-01
1.563900000000146520e+03,3.361611658519347845e-01
1.564000000000146429e+03,3.361406744524353396e-01
1.564100000000146338e+03,3.362157131576020697e-01
1.564200000000146474e+03,3.362908100601891825e-01
1.564300000000146611e+03,3.363659169783119185e-01
1.564400000000146520e+03,3.364340870282955809e-01
1.564500000000146429e+03,3.365016035104763659e-01
1.564600000000146565e+03,3.365691267249454888e-01
1.564700000000146701e+03,3.366366566711175845e-01
1.564800000000146611e+03,3.367041933484070104e-01
1.564900000000146520e+03,3.367717367562271802e-01
1.565000000000146656e+03,3.368392868938434592e-01
1.565100000000146792e+03,3.368051895933821260e-01
1.565200000000146701e+03,3.367777544253695021e-01
1.565300000000146611e+03,3.367512747284428509e-01
1.565400000000146747e+03,3.367247954341037186e-01
1.565500000000146883e+03,3.366983165424950464e-01
1.565600000000146792e+03,3.366718380537609412e-01
1.565700000000146701e+03,3.366453599680462316e-01
1.565800000000146838e+03,3.366188822854938589e-01
1.565900000000146974e+03,3.365924050062484851e-01
1.566000000000146883e+03,3.365659281304287376e-01
1.566100000000146792e+03,3.365220254122582300e-01
1.566200000000146929e+03,3.364781248280425685e-01
1.566300000000147065e+03,3.364342263781115450e-01
1.566400000000146974e+03,3.363903300627940074e-01
1.566500000000146883e+03,3.363464358824187483e-01
1.566600000000147020e+03,3.363025438373143938e-01
1.566700000000147156e+03,3.362586539278102360e-01
1.566800000000147065e+03,3.362208288127421785e-01
1.566900000000146974e+03,3.361845442640103987e-01
1.567000000000147111e+03,3.361482599818386152e-01
1.567100000000147247e+03,3.361385541795729459e-01
1.567200000000147156e+03,3.361158542463766330e-01
1.567300000000147065e+03,3.360903255151147517e-01
1.567400000000147202e+03,3.360647969121622336e-01
1.567500000000147338e+03,3.360392684377088157e-01
1.567600000000147247e+03,3.359964440760020432e-01
1.567700000000147156e+03,3.359479034822888677e-01
1.567800000000147293e+03,3.358992716689797042e-01
1.567900000000147429e+03,3.358506449141485106e-01
1.568000000000147338e+03,3.358020232176227582e-01
1.568100000000147247e+03,3.358010048863583341e-01
1.568200000000147384e+03,3.357999841387585560e-01
1.568300000000147520e+03,3.358075121344540337e-01
1.568400000000147429e+03,3.358113569234162932e-01
1.568500000000147338e+03,3.358109501355481807e-01
1.568600000000147475e+03,3.358105404897105406e-01
1.568700000000147611e+03,3.358101279858553001e-01
1.568800000000147520e+03,3.358097126239346086e-01
1.568900000000147429e+03,3.358092944038997829e-01
1.569000000000147566e+03,3.358088733256338609e-01
1.569100000000147702e+03,3.357616242859344791e-01
1.569200000000147611e+03,3.357143797640550487e-01
1.569300000000147520e+03,3.356671397598369744e-01
1.569400000000147656e+03,3.356219629124419512e-01
1.569500000000147793e+03,3.355826309822405040e-01
1.569600000000147702e+03,3.355433014697905003e-01
1.569700000000147611e+03,3.355039743752002979e-01
1.569800000000147747e+03,3.354646496985784765e-01
1.569900000000147884e+03,3.354253274400330609e-01
1.570000000000147793e+03,3.353860075997410206e-01
1.570100000000147702e+03,3.353930247403649756e-01
1.570200000000147838e+03,3.354000389764039691e-01
1.570300000000147975e+03,3.354070503076307386e-01
1.570400000000147884e+03,3.354140587338176882e-01
1.570500000000147793e+03,3.354210642547381660e-01
1.570600000000147929e+03,3.354280668701646873e-01
1.570700000000148066e+03,3.354350665798702114e-01
1.570800000000147975e+03,3.354420633836268095e-01
1.570900000000147884e+03,3.354490572812089400e-01
1.571000000000148020e+03,3.354560482723591974e-01
1.571100000000148157e+03,3.354432375956640788e-01
1.571200000000148066e+03,3.354304262411019200e-01
1.571300000000147975e+03,3.354176142087344492e-01
1.571400000000148111e+03,3.354048014986248938e-01
1.571500000000148248e+03,3.353919881108358148e-01
1.571600000000148157e+03,3.353748777520403346e-01
1.571700000000148066e+03,3.353378984758348946e-01
1.571800000000148202e+03,3.352938178606033603e-01
1.571900000000148339e+03,3.352497411718118880e-01
1.572000000000148248e+03,3.352056684093440153e-01
1.572100000000148157e+03,3.351761563776325392e-01
1.572200000000148293e+03,3.351466448270330467e-01
1.572300000000148430e+03,3.351171337577717457e-01
1.572400000000148339e+03,3.350796209820071647e-01
1.572500000000148248e+03,3.350349375114825556e-01
1.572600000000148384e+03,3.349902565086862460e-01
1.572700000000148520e+03,3.349455779739267114e-01
1.572800000000148430e+03,3.348975937942311187e-01
1.572900000000148339e+03,3.348450381541991372e-01
1.573000000000148475e+03,3.347924869624291366e-01
1.573100000000148611e+03,3.346732939830318609e-01
1.573200000000148520e+03,3.345578405425448931e-01
1.573300000000148430e+03,3.344462938785532913e-01
1.573400000000148566e+03,3.343347781911410466e-01
1.573500000000148702e+03,3.342232934735561711e-01
1.573600000000148611e+03,3.341118397190451228e-01
1.573700000000148520e+03,3.340004169208560802e-01
1.573800000000148657e+03,3.338890250722384434e-01
1.573900000000148793e+03,3.337798539017577393e-01
1.574000000000148702e+03,3.336842368830065797e-01
1.574100000000148611e+03,3.337093607037259213e-01
1.574200000000148748e+03,3.337344799122050065e-01
1.574300000000148884e+03,3.337595945074124937e-01
1.574400000000148793e+03,3.337847044883142100e-01
1.574500000000148702e+03,3.338098098538780922e-01
1.574600000000148839e+03,3.338349106030715774e-01
1.574700000000148975e+03,3.338600067348617140e-01
1.574800000000148884e+03,3.338882134682725211e-01
1.574900000000148793e+03,3.339208707413545141e-01
1.575000000000148930e+03,3.339535253320761177e-01
1.575100000000149066e+03,3.339162674491240046e-01
1.575200000000148975e+03,3.338791021309964191e-01
1.575300000000148884e+03,3.338419373661254963e-01
1.575400000000149021e+03,3.338047731553493991e-01
1.575500000000149157e+03,3.337676094995049025e-01
1.575600000000149066e+03,3.337360918235552920e-01
1.575700000000148975e+03,3.337140636421928042e-01
1.575800000000149112e+03,3.336920342488452484e-01
1.575900000000149248e+03,3.336700036441292427e-01
1.576000000000149157e+03,3.336479718286293750e-01
1.576100000000149066e+03,3.336036584900929913e-01
1.576200000000149203e+03,3.335593485810046666e-01
1.576300000000149339e+03,3.335150421015431466e-01
1.576400000000149248e+03,3.334682098900011993e-01
1.576500000000149157e+03,3.334163482916971954e-01
1.576600000000149294e+03,3.333644919041993115e-01
1.576700000000149430e+03,3.333126407275360248e-01
1.576800000000149339e+03,3.332607947617336475e-01
1.576900000000149248e+03,3.332089540068209343e-01
1.577000000000149385e+03,3.331571184628913107e-01
1.577100000000149521e+03,3.331501270223247158e-01
1.577200000000149430e+03,3.331431328364748423e-01
1.577300000000149339e+03,3.331361359056821403e-01
1.577400000000149475e+03,3.331291362302861714e-01
1.577500000000149612e+03,3.331221338106287733e-01
1.577600000000149521e+03,3.331151286470493966e-01
1.577700000000149430e+03,3.331081207398883248e-01
1.577800000000149566e+03,3.331011100894869514e-01
1.577900000000149703e+03,3.330940966961851157e-01
1.578000000000149612e+03,3.330870805603131091e-01
1.578100000000149521e+03,3.330730498374054327e-01
1.578200000000149657e+03,3.330590168091824843e-01
1.578300000000149794e+03,3.330449814761440308e-01
1.578400000000149703e+03,3.330309438387893950e-01
1.578500000000149612e+03,3.330169038976178997e-01
1.578600000000149748e+03,3.330028616531287011e-01
1.578700000000149885e+03,3.329888171058213997e-01
1.578800000000149794e+03,3.329780751289214136e-01
1.578900000000149703e+03,3.329791409689422110e-01
1.579000000000149839e+03,3.329802046041905883e-01
1.579100000000149976e+03,3.329964066997501138e-01
1.579200000000149885e+03,3.330126074378751411e-01
1.579300000000149794e+03,3.330288068183879235e-01
1.579400000000149930e+03,3.330450048411090491e-01
1.579500000000150067e+03,3.330612015058601050e-01
1.579600000000149976e+03,3.330671816607645441e-01
1.579700000000149885e+03,3.330752431073288333e-01
1.579800000000150021e+03,3.330833022820544609e-01
1.579900000000150158e+03,3.330913591848434496e-01
1.580000000000150067e+03,3.330994138155498607e-01
1.580100000000149976e+03,3.330753842326397152e-01
1.580200000000150112e+03,3.330513551043507436e-01
1.580300000000150249e+03,3.330273264308055703e-01
1.580400000000150158e+03,3.330033550185027003e-01
1.580500000000150067e+03,3.329793951554873011e-01
1.580600000000150203e+03,3.329555054564555805e-01
1.580700000000150339e+03,3.329318638594456203e-01
1.580800000000150249e+03,3.329082226622486207e-01
1.580900000000150158e+03,3.328845818649889265e-01
1.581000000000150294e+03,3.328609414678442291e-01
1.581100000000150430e+03,3.328730036121945179e-01
1.581200000000150339e+03,3.328850630760433194e-01
1.581300000000150249e+03,3.328971198592033942e-01
1.581400000000150385e+03,3.329091739614888357e-01
1.581500000000150521e+03,3.329212253827117385e-01
1.581600000000150430e+03,3.329332741226857517e-01
1.581700000000150339e+03,3.329453201812244134e-01
1.581800000000150476e+03,3.329573635581408730e-01
1.581900000000150612e+03,3.329694042532490017e-01
1.582000000000150521e+03,3.329814422661310780e-01
1.582100000000150430e+03,3.328400536261102438e-01
1.582200000000150567e+03,3.326987147910112630e-01
1.582300000000150703e+03,3.325574257466094030e-01
1.582400000000150612e+03,3.324161864786844833e-01
1.582500000000150521e+03,3.322749969730183772e-01
1.582600000000150658e+03,3.321338572153959556e-01
1.582700000000150794e+03,3.319927671916061418e-01
1.582800000000150703e+03,3.318517268874413007e-01
1.582900000000150612e+03,3.317107362886961841e-01
1.583000000000150749e+03,3.315697953813571131e-01
1.583100000000150885e+03,3.315540583523630125e-01
1.583200000000150794e+03,3.315383200703265199e-01
1.583300000000150703e+03,3.315225805355058175e-01
1.583400000000150840e+03,3.315068397481609197e-01
1.583500000000150976e+03,3.314910977085498978e-01
1.583600000000150885e+03,3.314753544169315447e-01
1.583700000000150794e+03,3.314670393907926393e-01
1.583800000000150931e+03,3.314588194306000712e-01
1.583900000000151067e+03,3.314505977318555896e-01
1.584000000000150976e+03,3.314423742946665530e-01
1.584100000000150885e+03,3.313971010502660408e-01
1.584200000000151022e+03,3.313458379991999769e-01
1.584300000000151158e+03,3.312945803567136638e-01
1.584400000000151067e+03,3.312433281225629633e-01
1.584500000000150976e+03,3.311920812965054028e-01
1.584600000000151113e+03,3.311408398782976215e-01
1.584700000000151249e+03,3.310896038676962583e-01
1.584800000000151158e+03,3.310383732644586741e-01
1.584900000000151067e+03,3.309871480683412304e-01
1.585000000000151203e+03,3.309359282790875767e-01
1.585100000000151340e+03,3.308757643738261534e-01
1.585200000000151249e+03,3.308156080925769293e-01
1.585300000000151158e+03,3.307552516492910377e-01
1.585400000000151294e+03,3.306943729124671161e-01
1.585500000000151431e+03,3.306335020675758574e-01
1.585600000000151340e+03,3.305726391140461073e-01
1.585700000000151249e+03,3.305117840513072669e-01
1.585800000000151385e+03,3.304509368787866830e-01
1.585900000000151522e+03,3.303900975959148667e-01
1.586000000000151431e+03,3.303292662022060400e-01
1.586100000000151340e+03,3.303119784683080651e-01
1.586200000000151476e+03,3.302927576420188749e-01
1.586300000000151613e+03,3.302735331273223274e-01
1.586400000000151522e+03,3.302543049250085683e-01
1.586500000000151431e+03,3.302350730358659670e-01
1.586600000000151567e+03,3.302158374606850577e-01
1.586700000000151704e+03,3.301965982002548761e-01
1.586800000000151613e+03,3.301773552553650681e-01
1.586900000000151522e+03,3.301705968497460342e-01
1.587000000000151658e+03,3.301663412787825824e-01
1.587100000000151795e+03,3.300817863900740168e-01
1.587200000000151704e+03,3.299972489720103264e-01
1.587300000000151613e+03,3.299127290218719644e-01
1.587400000000151749e+03,3.298282265369404942e-01
1.587500000000151886e+03,3.297618573720955681e-01
1.587600000000151795e+03,3.297007413710817958e-01
1.587700000000151704e+03,3.296396338025975870e-01
1.587800000000151840e+03,3.295785346658791082e-01
1.587900000000151977e+03,3.295174439601613603e-01
1.588000000000151886e+03,3.294563616846991061e-01
1.588100000000151795e+03,3.294080774468729489e-01
1.588200000000151931e+03,3.293597977966707946e-01
1.588300000000152068e+03,3.293115227339222795e-01
1.588400000000151977e+03,3.292632522584559851e-01
1.588500000000151886e+03,3.292149863701016588e-01
1.588600000000152022e+03,3.291744245507660649e-01
1.588700000000152158e+03,3.291417132028564008e-01
1.588800000000152068e+03,3.291090028621072028e-01
1.588900000000151977e+03,3.290762935286434265e-01
1.589000000000152113e+03,3.290435852026784569e-01
1.589100000000152249e+03,3.290686747384954369e-01
1.589200000000152158e+03,3.290937639889850441e-01
1.589300000000152068e+03,3.291188529538045526e-01
1.589400000000152204e+03,3.291439416326097378e-01
1.589500000000152340e+03,3.291690300250591505e-01
1.589600000000152249e+03,3.291912524093102421e-01
1.589700000000152158e+03,3.292141678218153400e-01
1.589800000000152295e+03,3.292492920758501862e-01
1.589900000000152431e+03,3.292844176790639676e-01
1.590000000000152340e+03,3.293195446310195895e-01
1.590100000000152249e+03,3.292951626878944382e-01
1.590200000000152386e+03,3.292707792340895390e-01
1.590300000000152522e+03,3.292463942700453727e-01
1.590400000000152431e+03,3.292220077962041969e-01
1.590500000000152340e+03,3.291976198130079911e-01
1.590600000000152477e+03,3.291732303208975141e-01
1.590700000000152613e+03,3.291488393203149676e-01
1.590800000000152522e+03,3.291244468117018873e-01
1.590900000000152431e+03,3.291218405305444406e-01
1.591000000000152568e+03,3.291207550269762971e-01
1.591100000000152704e+03,3.292155073874646343e-01
1.591200000000152613e+03,3.293102822145927977e-01
1.591300000000152522e+03,3.294050795124580100e-01
1.591400000000152659e+03,3.294998992851578268e-01
1.591500000000152795e+03,3.295947415367895261e-01
1.591600000000152704e+03,3.296896062714517184e-01
1.591700000000152613e+03,3.297844189948491156e-01
1.591800000000152750e+03,3.298790142495459654e-01
1.591900000000152886e+03,3.299736318193399187e-01
1.592000000000152795e+03,3.300733685041490340e-01
1.592100000000152704e+03,3.301208671404092798e-01
1.592200000000152841e+03,3.301683687280808632e-01
1.592300000000152977e+03,3.302158732667750396e-01
1.592400000000152886e+03,3.302633807561033974e-01
1.592500000000152795e+03,3.303108911956785243e-01
1.592600000000152932e+03,3.303584045851116202e-01
1.592700000000153068e+03,3.304059209240145512e-01
1.592800000000152977e+03,3.304534402119985725e-01
1.592900000000152886e+03,3.305009624486756059e-01
1.593000000000153022e+03,3.305484876336678424e-01
1.593100000000153159e+03,3.306033817270354613e-01
1.593200000000153068e+03,3.306582811693921653e-01
1.593300000000152977e+03,3.307171221756287638e-01
1.593400000000153113e+03,3.307795445044988125e-01
1.593500000000153250e+03,3.308419682645875048e-01
1.593600000000153159e+03,3.309040047934476703e-01
1.593700000000153068e+03,3.309659670700692002e-01
1.593800000000153204e+03,3.310279371228429524e-01
1.593900000000153341e+03,3.310899149521251972e-01
1.594000000000153250e+03,3.311519005583938302e-01
1.594100000000153159e+03,3.312898777825290519e-01
1.594200000000153295e+03,3.314233019094418586e-01
1.594300000000153432e+03,3.315496878451303364e-01
1.594400000000153341e+03,3.316761155131903172e-01
1.594500000000153250e+03,3.318025849252530524e-01
1.594600000000153386e+03,3.319290960929531797e-01
1.594700000000153523e+03,3.320556490279260031e-01
1.594800000000153432e+03,3.321822437418108787e-01
1.594900000000153341e+03,3.323088802462489388e-01
1.595000000000153477e+03,3.324355585527860590e-01
1.595100000000153614e+03,3.324974290707434221e-01
1.595200000000153523e+03,3.325593076346913257e-01
1.595300000000153432e+03,3.326211942451369197e-01
1.595400000000153568e+03,3.326767125983009499e-01
1.595500000000153705e+03,3.327307733923218769e-01
1.595600000000153614e+03,3.327848400556686626e-01
1.595700000000153523e+03,3.328419989778357846e-01
1.595800000000153659e+03,3.329036371989057552e-01
1.595900000000153796e+03,3.329652838608403997e-01
1.596000000000153705e+03,3.330269389642966926e-01
1.596100000000153614e+03,3.330577835027783706e-01
1.596200000000153750e+03,3.330886254051877993e-01
1.596300000000153887e+03,3.331194646704978557e-01
1.596400000000153796e+03,3.331503012976826938e-01
1.596500000000153705e+03,3.331825466526519564e-01
1.596600000000153841e+03,3.332206603624323082e-01
1.596700000000153977e+03,3.332587729110190744e-01
1.596800000000153887e+03,3.332968842972381940e-01
1.596900000000153796e+03,3.333349945199144404e-01
1.597000000000153932e+03,3.333731035779555762e-01
1.597100000000154068e+03,3.334641195753030862e-01
1.597200000000153977e+03,3.335551177678527379e-01
1.597300000000153887e+03,3.336463747562363746e-01
1.597400000000154023e+03,3.337376804604140212e-01
1.597500000000154159e+03,3.338287012279006483e-01
1.597600000000154068e+03,3.339197436404225949e-01
1.597700000000153977e+03,3.340108077023589139e-01
1.597800000000154114e+03,3.341018934180891575e-01
1.597900000000154250e+03,3.341930007919921564e-01
1.598000000000154159e+03,3.342841298283931173e-01
1.598100000000154068e+03,3.343388078333687785e-01
1.598200000000154205e+03,3.343934907452774108e-01
1.598300000000154341e+03,3.344481785639085158e-01
1.598400000000154250e+03,3.345028712890520950e-01
1.598500000000154159e+03,3.345575689204987602e-01
1.598600000000154296e+03,3.346122714580387902e-01
1.598700000000154432e+03,3.346669789014614649e-01
1.598800000000154341e+03,3.347140280024634706e-01
1.598900000000154250e+03,3.347589323779039394e-01
1.599000000000154387e+03,3.347981713562980799e-01
1.599100000000154523e+03,3.348995986325404295e-01
1.599200000000154432e+03,3.350012920713001385e-01
1.599300000000154341e+03,3.351030118767726607e-01
1.599400000000154478e+03,3.352047580545953753e-01
1.599500000000154614e+03,3.353065306104078824e-01
1.599600000000154523e+03,3.354083295498507256e-01
1.599700000000154432e+03,3.355085147688299796e-01
1.599800000000154569e+03,3.356027508468554243e-01
1.599900000000154705e+03,3.356915399826232993e-01
1.600000000000154614e+03,3.357779141375500376e-01
1.600100000000154523e+03,3.357852795677985225e-01
1.600200000000154660e+03,3.357926439787822237e-01
1.600300000000154796e+03,3.358000074667286117e-01
1.600400000000154705e+03,3.358073700316013266e-01
1.600500000000154614e+03,3.358147316733653964e-01
1.600600000000154751e+03,3.358220923919850720e-01
1.600700000000154887e+03,3.358294521874249372e-01
1.600800000000154796e+03,3.358368110596485767e-01
1.600900000000154705e+03,3.358441690086212406e-01
1.601000000000154841e+03,3.358450159642356603e-01
1.601100000000154978e+03,3.358340013165231897e-01
1.601200000000154887e+03,3.358229863324818099e-01
1.601300000000154796e+03,3.358119710121831858e-01
1.601400000000154932e+03,3.358009553556985938e-01
1.601500000000155069e+03,3.357899393631005314e-01
1.601600000000154978e+03,3.357789230344596643e-01
1.601700000000154887e+03,3.357679063698484900e-01
1.601800000000155023e+03,3.357568893693377299e-01
1.601900000000155160e+03,3.357458720329996038e-01
1.602000000000155069e+03,3.357348543609735003e-01
1.602100000000154978e+03,3.357664535083231816e-01
1.602200000000155114e+03,3.357911874236678140e-01
1.602300000000155251e+03,3.358159211817123291e-01
1.602400000000155160e+03,3.358406547822546662e-01
1.602500000000155069e+03,3.358653882250925427e-01
1.602600000000155205e+03,3.358901215100246196e-01
1.602700000000155342e+03,3.359148546368480037e-01
1.602800000000155251e+03,3.359395876053609120e-01
1.602900000000155160e+03,3.359643204153616725e-01
1.603000000000155296e+03,3.359890530665458619e-01
1.603100000000155433e+03,3.359478694013890987e-01
1.603200000000155342e+03,3.359066895902689254e-01
1.603300000000155251e+03,3.358655136329820601e-01
1.603400000000155387e+03,3.358243415293236112e-01
1.603500000000155524e+03,3.357831732790905188e-01
1.603600000000155433e+03,3.357420088820785575e-01
1.603700000000155342e+03,3.357005055364932211e-01
1.603800000000155478e+03,3.356441209238755219e-01
1.603900000000155615e+03,3.355877445886116806e-01
1.604000000000155524e+03,3.355313765297431861e-01
1.604100000000155433e+03,3.355107117450286669e-01
1.604200000000155569e+03,3.354900461092051867e-01
1.604300000000155705e+03,3.354693796225535207e-01
1.604400000000155615e+03,3.354487122853538894e-01
1.604500000000155524e+03,3.354280440978866240e-01
1.604600000000155660e+03,3.354073750604321669e-01
1.604700000000155796e+03,3.353867051732707938e-01
1.604800000000155705e+03,3.353660344366833357e-01
1.604900000000155615e+03,3.353453628509497908e-01
1.605000000000155751e+03,3.353246904162641151e-01
1.605100000000155887e+03,3.352477698997832767e-01
1.605200000000155796e+03,3.351661077693914303e-01
1.605300000000155705e+03,3.350844634550357859e-01
1.605400000000155842e+03,3.350028369532713768e-01
1.605500000000155978e+03,3.349235197177478085e-01
1.605600000000155887e+03,3.348498154320894704e-01
1.605700000000155796e+03,3.347761254773787276e-01
1.605800000000155933e+03,3.347024498511842472e-01
1.605900000000156069e+03,3.346287885510752513e-01
1.606000000000155978e+03,3.345551415745854906e-01
1.606100000000155887e+03,3.344592540640023981e-01
1.606200000000156024e+03,3.343702693268437165e-01
1.606300000000156160e+03,3.342820119843399884e-01
1.606400000000156069e+03,3.341937744417057821e-01
1.606500000000155978e+03,3.341055566952206290e-01
1.606600000000156115e+03,3.340174386213383695e-01
1.606700000000156251e+03,3.339371266783583980e-01
1.606800000000156160e+03,3.338565700665654390e-01
1.606900000000156069e+03,3.337758143779004927e-01
1.607000000000156206e+03,3.337016477084733812e-01
1.607100000000156342e+03,3.337059656109021000e-01
1.607200000000156251e+03,3.337102811600461960e-01
1.607300000000156160e+03,3.337145943558074146e-01
1.607400000000156297e+03,3.337189051980862797e-01
1.607500000000156433e+03,3.337232136867849253e-01
1.607600000000156342e+03,3.337275198218042083e-01
1.607700000000156251e+03,3.337318236030460405e-01
1.607800000000156388e+03,3.337189123461778428e-01
1.607900000000156524e+03,3.336996275512975063e-01
1.608000000000156433e+03,3.336803409062456538e-01
1.608100000000156342e+03,3.336065540007299712e-01
1.608200000000156479e+03,3.335333094116247898e-01
1.608300000000156615e+03,3.334652233246839237e-01
1.608400000000156524e+03,3.333971490590258435e-01
1.608500000000156433e+03,3.333290866129642871e-01
1.608600000000156570e+03,3.332610359848118819e-01
1.608700000000156706e+03,3.331929971728833095e-01
1.608800000000156615e+03,3.331249701754926962e-01
1.608900000000156524e+03,3.330534272829465126e-01
1.609000000000156660e+03,3.329775783418785773e-01
1.609100000000156797e+03,3.329626471934776233e-01
1.609200000000156706e+03,3.329477130111033745e-01
1.609300000000156615e+03,3.329327757952195155e-01
1.609400000000156751e+03,3.329178355462906191e-01
1.609500000000156888e+03,3.329028922647812583e-01
1.609600000000156797e+03,3.328879459511556171e-01
1.609700000000156706e+03,3.328729966058791012e-01
1.609800000000156842e+03,3.328580442294156727e-01
1.609900000000156979e+03,3.328430888222301820e-01
1.610000000000156888e+03,3.328281303847454020e-01
1.610100000000156797e+03,3.327859308776784375e-01
1.610200000000156933e+03,3.327437350414013673e-01
1.610300000000157070e+03,3.327015428757846838e-01
1.610400000000156979e+03,3.326593543806993236e-01
1.610500000000156888e+03,3.326171695560162234e-01
1.610600000000157024e+03,3.325749884016060975e-01
1.610700000000157161e+03,3.325328109173399938e-01
1.610800000000157070e+03,3.324906371030892926e-01
1.610900000000156979e+03,3.324484669587237651e-01
1.611000000000157115e+03,3.324063004840274171e-01
1.611100000000157252e+03,3.323080989190482781e-01
1.611200000000157161e+03,3.322168850917094352e-01
1.611300000000157070e+03,3.321265624658086280e-01
1.611400000000157206e+03,3.320362604230061576e-01
1.611500000000157343e+03,3.319459789594945698e-01
1.611600000000157252e+03,3.318557180714677424e-01
1.611700000000157161e+03,3.317654777551191092e-01
1.611800000000157297e+03,3.316752580066422706e-01
1.611900000000157434e+03,3.315850588222324369e-01
1.612000000000157343e+03,3.314948801981912885e-01
1.612100000000157252e+03,3.314722650361021095e-01
1.612200000000157388e+03,3.314496498908299782e-01
1.612300000000157524e+03,3.314317919895766740e-01
1.612400000000157434e+03,3.314169934348230040e-01
1.612500000000157343e+03,3.314021943221067135e-01
1.612600000000157479e+03,3.313828999384697549e-01
1.612700000000157615e+03,3.313605850745338088e-01
1.612800000000157524e+03,3.313382705514253401e-01
1.612900000000157434e+03,3.313159563692296694e-01
1.613000000000157570e+03,3.312936425280707531e-01
1.613100000000157706e+03,3.312954874112448156e-01
1.613200000000157615e+03,3.312973300064442905e-01
1.613300000000157524e+03,3.312991703136675681e-01
1.613400000000157661e+03,3.313077774995206726e-01
1.613500000000157797e+03,3.313249428591700241e-01
1.613600000000157706e+03,3.313421069373488903e-01
1.613700000000157615e+03,3.313592697338104132e-01
1.613800000000157752e+03,3.313764312483077901e-01
1.613900000000157888e+03,3.313935056769251597e-01
1.614000000000157797e+03,3.314103487758783273e-01
1.614100000000157706e+03,3.314058640719695914e-01
1.614200000000157843e+03,3.314092069665932616e-01
1.614300000000157979e+03,3.314197490332271845e-01
1.614400000000157888e+03,3.314302890619855724e-01
1.614500000000157797e+03,3.314412019194837855e-01
1.614600000000157934e+03,3.314595575421551144e-01
1.614700000000158070e+03,3.314779118693017557e-01
1.614800000000157979e+03,3.314962649005883111e-01
1.614900000000157888e+03,3.315146166356803259e-01
1.615000000000158025e+03,3.315329670741664070e-01
1.615100000000158161e+03,3.315023192075101099e-01
1.615200000000158070e+03,3.314716705319688539e-01
1.615300000000157979e+03,3.314410210481742447e-01
1.615400000000158116e+03,3.314103707567571111e-01
1.615500000000158252e+03,3.313797196583494475e-01
1.615600000000158161e+03,3.313490677535823048e-01
1.615700000000158070e+03,3.313184150430873443e-01
1.615800000000158207e+03,3.312875169760942096e-01
1.615900000000158343e+03,3.312565469814717778e-01
1.616000000000158252e+03,3.312255762420440175e-01
1.616100000000158161e+03,3.312870891849141186e-01
1.616200000000158298e+03,3.313486084058889225e-01
1.616300000000158434e+03,3.314101339045980588e-01
1.616400000000158343e+03,3.314716656806713235e-01
1.616500000000158252e+03,3.315332037337376248e-01
1.616600000000158389e+03,3.315977929328044471e-01
1.616700000000158525e+03,3.316668608502648108e-01
1.616800000000158434e+03,3.317397514222787946e-01
1.616900000000158343e+03,3.318166658006428404e-01
1.617000000000158479e+03,3.318934312021732391e-01
1.617100000000158616e+03,3.319516480622536903e-01
1.617200000000158525e+03,3.320098711776182099e-01
1.617300000000158434e+03,3.320681005481250780e-01
1.617400000000158570e+03,3.321263361736320752e-01
1.617500000000158707e+03,3.321845780539966486e-01
1.617600000000158616e+03,3.322428261890755796e-01
1.617700000000158525e+03,3.323010805787265376e-01
1.617800000000158661e+03,3.323593412228064148e-01
1.617900000000158798e+03,3.324224776392761260e-01
1.618000000000158707e+03,3.325042811627513806e-01
1.618100000000158616e+03,3.324693789476258488e-01
1.618200000000158752e+03,3.324394106680301220e-01
1.618300000000158889e+03,3.324195559522190035e-01
1.618400000000158798e+03,3.323996916780888045e-01
1.618500000000158707e+03,3.323798178468022613e-01
1.618600000000158843e+03,3.323599344595212779e-01
1.618700000000158980e+03,3.323400415174100342e-01
1.618800000000158889e+03,3.323201390216332096e-01
1.618900000000158798e+03,3.323002269733552061e-01
1.619000000000158934e+03,3.322781278420572360e-01
1.619100000000159071e+03,3.323443098588113043e-01
1.619200000000158980e+03,3.324110748010014049e-01
1.619300000000158889e+03,3.324778481486699855e-01
1.619400000000159025e+03,3.325446299016802110e-01
1.619500000000159162e+03,3.326116674208860480e-01
1.619600000000159071e+03,3.326787830861696049e-01
1.619700000000158980e+03,3.327459072838787058e-01
1.619800000000159116e+03,3.328149296751012898e-01
1.619900000000159253e+03,3.328896069723420448e-01
1.620000000000159162e+03,3.329642953869877964e-01
1.620100000000159071e+03,3.330553195244311815e-01
1.620200000000159207e+03,3.331463623786900530e-01
1.620300000000159343e+03,3.332374239518197667e-01
1.620400000000159253e+03,3.333285042458769554e-01
1.620500000000159162e+03,3.334196032629160311e-01
1.620600000000159298e+03,3.335091192978018593e-01
1.620700000000159434e+03,3.335927063116792546e-01
1.620800000000159343e+03,3.336763087265160466e-01
1.620900000000159253e+03,3.337599265436242413e-01
1.621000000000159389e+03,3.338435597642988584e-01
1.621100000000159525e+03,3.339167484929917995e-01
1.621200000000159434e+03,3.339899477984157317e-01
1.621300000000159343e+03,3.340573957398501603e-01
1.621400000000159480e+03,3.341122467169807542e-01
1.621500000000159616e+03,3.341546082502471759e-01
1.621600000000159525e+03,3.341969715847528111e-01
1.621700000000159434e+03,3.342393367198460696e-01
1.621800000000159571e+03,3.342817036548742515e-01
1.621900000000159707e+03,3.343240723891851562e-01
1.622000000000159616e+03,3.343664429219190271e-01
1.622100000000159525e+03,3.342789166566468295e-01
1.622200000000159662e+03,3.341914032208257446e-01
1.622300000000159798e+03,3.341039026150080526e-01
1.622400000000159707e+03,3.340150658806129158e-01
1.622500000000159616e+03,3.339118611829903771e-01
1.622600000000159753e+03,3.338086787916010878e-01
1.622700000000159889e+03,3.337055187040811610e-01
1.622800000000159798e+03,3.336023809180667654e-01
1.622900000000159707e+03,3.334992654311929594e-01
1.623000000000159844e+03,3.333961722412432382e-01
1.623100000000159980e+03,3.333858754244828915e-01
1.623200000000159889e+03,3.333755764942336608e-01
1.623300000000159798e+03,3.333652754505762594e-01
1.623400000000159935e+03,3.333549722935913451e-01
1.623500000000160071e+03,3.333446670233595754e-01
1.623600000000159980e+03,3.333280366398681527e-01
1.623700000000159889e+03,3.333098771886388589e-01
1.623800000000160026e+03,3.332912801804131520e-01
1.623900000000160162e+03,3.332655824868245298e-01
1.624000000000160071e+03,3.332398846885939458e-01
1.624100000000159980e+03,3.332333302119933616e-01
1.624200000000160117e+03,3.332267717166739751e-01
1.624300000000160253e+03,3.332202092027208296e-01
1.624400000000160162e+03,3.332136426702206333e-01
1.624500000000160071e+03,3.332070721192599283e-01
1.624600000000160207e+03,3.332003522150533970e-01
1.624700000000160344e+03,3.331903613477906756e-01
1.624800000000160253e+03,3.331840933608755106e-01
1.624900000000160162e+03,3.331778214524386272e-01
1.625000000000160298e+03,3.331715456225240457e-01
1.625100000000160435e+03,3.331527414766124462e-01
1.625200000000160344e+03,3.331339330643062757e-01
1.625300000000160253e+03,3.331151203860199250e-01
1.625400000000160389e+03,3.330963034421678404e-01
1.625500000000160526e+03,3.330627131931906959e-01
1.625600000000160435e+03,3.330288305012056305e-01
1.625700000000160344e+03,3.329949459285106439e-01
1.625800000000160480e+03,3.329629788742612395e-01
1.625900000000160617e+03,3.329369307777866327e-01
1.626000000000160526e+03,3.329108792067380085e-01
1.626100000000160435e+03,3.327853852764116049e-01
1.626200000000160571e+03,3.326597646637393657e-01
1.626300000000160708e+03,3.325339898576818998e-01
1.626400000000160617e+03,3.324082539814415815e-01
1.626500000000160526e+03,3.322825570256583982e-01
1.626600000000160662e+03,3.321568989809755013e-01
1.626700000000160799e+03,3.320312798380367636e-01
1.626800000000160708e+03,3.319056995874885563e-01
1.626900000000160617e+03,3.317801582199775279e-01
1.627000000000160753e+03,3.316546557262588513e-01
1.627100000000160890e+03,3.315953869675838384e-01
1.627200000000160799e+03,3.315361231484716953e-01
1.627300000000160708e+03,3.314768642691744982e-01
1.627400000000160844e+03,3.314176103299432130e-01
1.627500000000160981e+03,3.313583613310293052e-01
1.627600000000160890e+03,3.312991172726841294e-01
1.627700000000160799e+03,3.312398781551590399e-01
1.627800000000160935e+03,3.311806439787046141e-01
1.627900000000161072e+03,3.311278908045553471e-01
1.628000000000160981e+03,3.310761514172436137e-01
1.628100000000160890e+03,3.310818861192409424e-01
1.628200000000161026e+03,3.310876108611673918e-01
1.628300000000161162e+03,3.310933256420177662e-01
1.628400000000161072e+03,3.310990304607874246e-01
1.628500000000160981e+03,3.311047253164722259e-01
1.628600000000161117e+03,3.311104102080683620e-01
1.628700000000161253e+03,3.311346464388322253e-01
1.628800000000161162e+03,3.311627743734774088e-01
1.628900000000161072e+03,3.311908941235335857e-01
1.629000000000161208e+03,3.312190056858392295e-01
1.629100000000161344e+03,3.311201180239279340e-01
1.629200000000161253e+03,3.310181029258350005e-01
1.629300000000161162e+03,3.309114654118620602e-01
1.629400000000161299e+03,3.308048518931125392e-01
1.629500000000161435e+03,3.306982623667392707e-01
1.629600000000161344e+03,3.305916968298928671e-01
1.629700000000161253e+03,3.304851552797238856e-01
1.629800000000161390e+03,3.303786377133832719e-01
1.629900000000161526e+03,3.302721441280213055e-01
1.630000000000161435e+03,3.301656745208895738e-01
1.630100000000161344e+03,3.301218765436331193e-01
1.630200000000161481e+03,3.300780766369267871e-01
1.630300000000161617e+03,3.300286860726150961e-01
1.630400000000161526e+03,3.299774248001255406e-01
1.630500000000161435e+03,3.299261640295141906e-01
1.630600000000161572e+03,3.298749037612612733e-01
1.630700000000161708e+03,3.298236439958466271e-01
1.630800000000161617e+03,3.297723847337513670e-01
1.630900000000161526e+03,3.297211259754549428e-01
1.631000000000161663e+03,3.296698677214127682e-01
1.631100000000161799e+03,3.295871856623333040e-01
1.631200000000161708e+03,3.294980514556067330e-01
1.631300000000161617e+03,3.294089335906259519e-01
1.631400000000161754e+03,3.293198320652402367e-01
1.631500000000161890e+03,3.292242139139820445e-01
1.631600000000161799e+03,3.291274013601925841e-01
1.631700000000161708e+03,3.290306095734111813e-01
1.631800000000161845e+03,3.289338385501289763e-01
1.631900000000161981e+03,3.288370882868372758e-01
1.632000000000161890e+03,3.287403587800900584e-01
1.632100000000161799e+03,3.286823081160444304e-01
1.632200000000161936e+03,3.286242605932164773e-01
1.632300000000162072e+03,3.285662162118756502e-01
1.632400000000161981e+03,3.285081749722913447e-01
1.632500000000161890e+03,3.284501368747329009e-01
1.632600000000162026e+03,3.283921019194693258e-01
1.632700000000162163e+03,3.283387711494238914e-01
1.632800000000162072e+03,3.282881619626643044e-01
1.632900000000161981e+03,3.282375535194440586e-01
1.633000000000162117e+03,3.281869458201850942e-01
1.633100000000162254e+03,3.281696443559073972e-01
1.633200000000162163e+03,3.281551323861425229e-01
1.633300000000162072e+03,3.281406143249056551e-01
1.633400000000162208e+03,3.281260901720455259e-01
1.633500000000162345e+03,3.281159715979924951e-01
1.633600000000162254e+03,3.281088512024579185e-01
1.633700000000162163e+03,3.281017241690934449e-01
1.633800000000162299e+03,3.280945904973213145e-01
1.633900000000162436e+03,3.280874501865643778e-01
1.634000000000162345e+03,3.280803032361979676e-01
1.634100000000162254e+03,3.280441180045537974e-01
1.634200000000162390e+03,3.280079325159013237e-01
1.634300000000162527e+03,3.279717467707624068e-01
1.634400000000162436e+03,3.279355607696572972e-01
1.634500000000162345e+03,3.278993745131071336e-01
1.634600000000162481e+03,3.278631880016329436e-01
1.634700000000162618e+03,3.278270012357549779e-01
1.634800000000162527e+03,3.277907968127003469e-01
1.634900000000162436e+03,3.277468964491913050e-01
1.635000000000162572e+03,3.277029976569755254e-01
1.635100000000162709e+03,3.276100141071103811e-01
1.635200000000162618e+03,3.275134797843073931e-01
1.635300000000162527e+03,3.274169668390314869e-01
1.635400000000162663e+03,3.273204752684108487e-01
1.635500000000162800e+03,3.272240050695739422e-01
1.635600000000162709e+03,3.271275562396503966e-01
1.635700000000162618e+03,3.270311287757674545e-01
1.635800000000162754e+03,3.269347226750537461e-01
1.635900000000162891e+03,3.268277211971106766e-01
1.636000000000162800e+03,3.267035083921495664e-01
1.636100000000162709e+03,3.267077967310012543e-01
1.636200000000162845e+03,3.267095751604296439e-01
1.636300000000162981e+03,3.267081631202963243e-01
1.636400000000162891e+03,3.267067447849940631e-01
1.636500000000162800e+03,3.267053201547204799e-01
1.636600000000162936e+03,3.267038892296721952e-01
1.636700000000163072e+03,3.267057052260633476e-01
1.636800000000162981e+03,3.267116470234853187e-01
1.636900000000162891e+03,3.267175829063207471e-01
1.637000000000163027e+03,3.267235128743387063e-01
1.637100000000163163e+03,3.267110978167656610e-01
1.637200000000163072e+03,3.267029731498795053e-01
1.637300000000162981e+03,3.266948445028902692e-01
1.637400000000163118e+03,3.266867118760294342e-01
1.637500000000163254e+03,3.266785752695293144e-01
1.637600000000163163e+03,3.266704346836216688e-01
1.637700000000163072e+03,3.266622901185389227e-01
1.637800000000163209e+03,3.266541415745128907e-01
1.637900000000163345e+03,3.266459890517752207e-01
1.638000000000163254e+03,3.266380844459788602e-01
1.638100000000163163e+03,3.265980345007858943e-01
1.638200000000163300e+03,3.265579816410558167e-01
1.638300000000163436e+03,3.265259732045701080e-01
1.638400000000163345e+03,3.265080599323653132e-01
1.638500000000163254e+03,3.264901399877747634e-01
1.638600000000163391e+03,3.264722133725164732e-01
1.638700000000163527e+03,3.264542800883081242e-01
1.638800000000163436e+03,3.264363401368678974e-01
1.638900000000163345e+03,3.264183935199145292e-01
1.639000000000163482e+03,3.264004402392546300e-01
1.639100000000163618e+03,3.264373227396227817e-01
1.639200000000163527e+03,3.264742028668374263e-01
1.639300000000163436e+03,3.265110806201602101e-01
1.639400000000163573e+03,3.265479559988524461e-01
1.639500000000163709e+03,3.265848290021753364e-01
1.639600000000163618e+03,3.266216996293899166e-01
1.639700000000163527e+03,3.266585678797574999e-01
1.639800000000163664e+03,3.266955309284725884e-01
1.639900000000163800e+03,3.267305919741179676e-01
1.640000000000163709e+03,3.267603771043058325e-01
1.640100000000163618e+03,3.267894063323888432e-01
1.640200000000163755e+03,3.268184313120174878e-01
1.640300000000163891e+03,3.268474520428996111e-01
1.640400000000163800e+03,3.268764685247426693e-01
1.640500000000163709e+03,3.269054807572550625e-01
1.640600000000163845e+03,3.269344887401442468e-01
1.640700000000163982e+03,3.269634924731182890e-01
1.640800000000163891e+03,3.269924919558847565e-01
1.640900000000163800e+03,3.270214871881521046e-01
1.641000000000163936e+03,3.270504781696147445e-01
1.641100000000164073e+03,3.270710892390902846e-01
1.641200000000163982e+03,3.270916951031843101e-01
1.641300000000163891e+03,3.271122957619823635e-01
1.641400000000164027e+03,3.271328912155711532e-01
1.641500000000164164e+03,3.271534814640365552e-01
1.641600000000164073e+03,3.271765346649647688e-01
1.641700000000163982e+03,3.272048196044661794e-01
1.641800000000164118e+03,3.272331005500028200e-01
1.641900000000164255e+03,3.272613775013489823e-01
1.642000000000164164e+03,3.272896504582502586e-01
1.642100000000164073e+03,3.273010210524393560e-01
1.642200000000164209e+03,3.273123857905407275e-01
1.642300000000164346e+03,3.273237446728152200e-01
1.642400000000164255e+03,3.273350976995229589e-01
1.642500000000164164e+03,3.273464448709242913e-01
1.642600000000164300e+03,3.273577861872793426e-01
1.642700000000164437e+03,3.273694303510258363e-01
1.642800000000164346e+03,3.273884691567434668e-01
1.642900000000164255e+03,3.274075027625243939e-01
1.643000000000164391e+03,3.274265311681912038e-01
1.643100000000164528e+03,3.274227660325272904e-01
1.643200000000164437e+03,3.274189955854411860e-01
1.643300000000164346e+03,3.274152198277145986e-01
1.643400000000164482e+03,3.274114387601313458e-01
1.643500000000164619e+03,3.274076523834748009e-01
1.643600000000164528e+03,3.274038606985265054e-01
1.643700000000164437e+03,3.274000637060707763e-01
1.643800000000164573e+03,3.273962614068888777e-01
1.643900000000164709e+03,3.273859071762897921e-01
1.644000000000164619e+03,3.273669850560027572e-01
1.644100000000164528e+03,3.273628367174885034e-01
1.644200000000164664e+03,3.273586836288004398e-01
1.644300000000164800e+03,3.273545257904865724e-01
1.644400000000164709e+03,3.273503632030941302e-01
1.644500000000164619e+03,3.273461958671705641e-01
1.644600000000164755e+03,3.273420237832641022e-01
1.644700000000164891e+03,3.273382514892561046e-01
1.644800000000164800e+03,3.273414705823287640e-01
1.644900000000164709e+03,3.273446849628528499e-01
1.645000000000164846e+03,3.273405043622566457e-01
1.645100000000164982e+03,3.272846143716429679e-01
1.645200000000164891e+03,3.272287287889883989e-01
1.645300000000164800e+03,3.271728476152929721e-01
1.645400000000164937e+03,3.271169708515562213e-01
1.645500000000165073e+03,3.270610984987775138e-01
1.645600000000164982e+03,3.270052305579558283e-01
1.645700000000164891e+03,3.269493670300895327e-01
1.645800000000165028e+03,3.268935079161758295e-01
1.645900000000165164e+03,3.268376532172130866e-01
1.646000000000165073e+03,3.267818029342822728e-01
1.646100000000164982e+03,3.267775047089852558e-01
1.646200000000165119e+03,3.267732030946884358e-01
1.646300000000165255e+03,3.267688980916658159e-01
1.646400000000165164e+03,3.267645897001915656e-01
1.646500000000165073e+03,3.267602779205402985e-01
1.646600000000165210e+03,3.267559627529854072e-01
1.646700000000165346e+03,3.267516441978023933e-01
1.646800000000165255e+03,3.267473222552649270e-01
1.646900000000165164e+03,3.267429969256480660e-01
1.647000000000165301e+03,3.267386682091868999e-01
1.647100000000165437e+03,3.267107696114172066e-01
1.647200000000165346e+03,3.266828700087871518e-01
1.647300000000165255e+03,3.266407695736709971e-01
1.647400000000165392e+03,3.265973279806232976e-01
1.647500000000165528e+03,3.265538880536992816e-01
1.647600000000165437e+03,3.265104497935937267e-01
1.647700000000165346e+03,3.264670132010011883e-01
1.647800000000165483e+03,3.264235782766153893e-01
1.647900000000165619e+03,3.263801450211299970e-01
1.648000000000165528e+03,3.263300484035683846e-01
1.648100000000165437e+03,3.262767978360897603e-01
1.648200000000165574e+03,3.262235507150057501e-01
1.648300000000165710e+03,3.261703070411102190e-01
1.648400000000165619e+03,3.261219729963366620e-01
1.648500000000165528e+03,3.260764189861190543e-01
1.648600000000165664e+03,3.260308665201154810e-01
1.648700000000165801e+03,3.259853155991366269e-01
1.648800000000165710e+03,3.259334156709197683e-01
1.648900000000165619e+03,3.258805002746195112e-01
1.649000000000165755e+03,3.258275884852449011e-01
1.649100000000165892e+03,3.257143533068811436e-01
1.649200000000165801e+03,3.256011524393963019e-01
1.649300000000165710e+03,3.254879858739888054e-01
1.649400000000165846e+03,3.253748536018601367e-01
1.649500000000165983e+03,3.252645012302238792e-01
1.649600000000165892e+03,3.251530478903554844e-01
1.649700000000165801e+03,3.250403278848593147e-01
1.649800000000165937e+03,3.249276419459463661e-01
1.649900000000166074e+03,3.248149900649022204e-01
1.650000000000165983e+03,3.247023722331617845e-01
1.650100000000165892e+03,3.246787830443218503e-01
1.650200000000166028e+03,3.246551917927701925e-01
1.650300000000166165e+03,3.246315984792146336e-01
1.650400000000166074e+03,3.246022430687362514e-01
1.650500000000165983e+03,3.245713047034538001e-01
1.650600000000166119e+03,3.245403651244839760e-01
1.650700000000166256e+03,3.245094243327142913e-01
1.650800000000166165e+03,3.244784823290317588e-01
1.650900000000166074e+03,3.244475391143230025e-01
1.651000000000166210e+03,3.244165946893045049e-01
1.651100000000166347e+03,3.242830731704687275e-01
1.651200000000166256e+03,3.241331894619779996e-01
1.651300000000166165e+03,3.239777818005571963e-01
1.651400000000166301e+03,3.238224406278239487e-01
1.651500000000166438e+03,3.236671659187301819e-01
1.651600000000166347e+03,3.235119576482345383e-01
1.651700000000166256e+03,3.233568157913046526e-01
1.651800000000166392e+03,3.232017403229150432e-01
1.651900000000166528e+03,3.230467312180502759e-01
1.652000000000166438e+03,3.228917884518737735e-01
1.652100000000166347e+03,3.228402725328781142e-01
1.652200000000166483e+03,3.227887596714514307e-01
1.652300000000166619e+03,3.227372498684907276e-01
1.652400000000166528e+03,3.226857431248921215e-01
1.652500000000166438e+03,3.226342394415513959e-01
1.652600000000166574e+03,3.225827388193647782e-01
1.652700000000166710e+03,3.225312412592275524e-01
1.652800000000166619e+03,3.224797467620355573e-01
1.652900000000166528e+03,3.224321878120655072e-01
1.653000000000166665e+03,3.223883012461854491e-01
1.653100000000166801e+03,3.222996824560106499e-01
1.653200000000166710e+03,3.222110840738200976e-01
1.653300000000166619e+03,3.221225060958207154e-01
1.653400000000166756e+03,3.220339485182196482e-01
1.653500000000166892e+03,3.219454113372236526e-01
1.653600000000166801e+03,3.218568945490419275e-01
1.653700000000166710e+03,3.217683981498830059e-01
1.653800000000166847e+03,3.216799221359558647e-01
1.653900000000166983e+03,3.215914665034696474e-01
1.654000000000166892e+03,3.215066234814167867e-01
1.654100000000166801e+03,3.214622883013591448e-01
1.654200000000166938e+03,3.214179548922382335e-01
1.654300000000167074e+03,3.213736232547152460e-01
1.654400000000166983e+03,3.213336016076114299e-01
1.654500000000166892e+03,3.212965544419764119e-01
1.654600000000167029e+03,3.212594052978353099e-01
1.654700000000167165e+03,3.212220533697933145e-01
1.654800000000167074e+03,3.211847021586711204e-01
1.654900000000166983e+03,3.211473516650426574e-01
1.655000000000167120e+03,3.211100018893635610e-01
1.655100000000167256e+03,3.210019686683605600e-01
1.655200000000167165e+03,3.209011104094249833e-01
1.655300000000167074e+03,3.208006051152188509e-01
1.655400000000167211e+03,3.207001240382919005e-01
1.655500000000167347e+03,3.205996671749949400e-01
1.655600000000167256e+03,3.204992345216797212e-01
1.655700000000167165e+03,3.203988260746969408e-01
1.655800000000167302e+03,3.202984418303974623e-01
1.655900000000167438e+03,3.201980817851323158e-01
1.656000000000167347e+03,3.200977459354280574e-01
1.656100000000167256e+03,3.201022991074858881e-01
1.656200000000167392e+03,3.201068448819883172e-01
1.656300000000167529e+03,3.201113832587075825e-01
1.656400000000167438e+03,3.201159862893120378e-01
1.656500000000167347e+03,3.201203368719006126e-01
1.656600000000167483e+03,3.201246306847623790e-01
1.656700000000167620e+03,3.201289170930445849e-01
1.656800000000167529e+03,3.201366522443733209e-01
1.656900000000167438e+03,3.201481871342126695e-01
1.657000000000167574e+03,3.201597155811707895e-01
1.657100000000167711e+03,3.200996889599455053e-01
1.657200000000167620e+03,3.200396683994678471e-01
1.657300000000167529e+03,3.199796539004614027e-01
1.657400000000167665e+03,3.199226314088735035e-01
1.657500000000167802e+03,3.198701684035439863e-01
1.657600000000167711e+03,3.198208822523548878e-01
1.657700000000167620e+03,3.197756818348059249e-01
1.657800000000167756e+03,3.197304828142749078e-01
1.657900000000167893e+03,3.196852851919558813e-01
1.658000000000167802e+03,3.196400889691776714e-01
1.658100000000167711e+03,3.196744688833934034e-01
1.658200000000167847e+03,3.197088455200288171e-01
1.658300000000167984e+03,3.197432188776894169e-01
1.658400000000167893e+03,3.197862710940612696e-01
1.658500000000167802e+03,3.198415466197259693e-01
1.658600000000167938e+03,3.198901585622829780e-01
1.658700000000168075e+03,3.199387720355199582e-01
1.658800000000167984e+03,3.199873870383820873e-01
1.658900000000167893e+03,3.200360035698142092e-01
1.659000000000168029e+03,3.200846216286158952e-01
1.659100000000168166e+03,3.200465625002138492e-01
1.659200000000168075e+03,3.200111211430975988e-01
1.659300000000167984e+03,3.199803285904526673e-01
1.659400000000168120e+03,3.199495363189653885e-01
1.659500000000168257e+03,3.199187443290661403e-01
1.659600000000168166e+03,3.198879526211850788e-01
1.659700000000168075e+03,3.198571611957523597e-01
1.659800000000168211e+03,3.198263700531977505e-01
1.659900000000168347e+03,3.197955791939511849e-01
1.660000000000168257e+03,3.197647886184494803e-01
1.660100000000168166e+03,3.197380863773767734e-01
1.660200000000168302e+03,3.197116398435533857e-01
1.660300000000168438e+03,3.196852394330198521e-01
1.660400000000168347e+03,3.196588376001127663e-01
1.660500000000168257e+03,3.196324343452758288e-01
1.660600000000168393e+03,3.196060296689535729e-01
1.660700000000168529e+03,3.195796235715904765e-01
1.660800000000168438e+03,3.195634785623163721e-01
1.660900000000168347e+03,3.195733361773925307e-01
1.661000000000168484e+03,3.195831891212720377e-01
1.661100000000168620e+03,3.195887232816523316e-01
1.661200000000168529e+03,3.195942525696918168e-01
1.661300000000168438e+03,3.195997769848151759e-01
1.661400000000168575e+03,3.196052965264470913e-01
1.661500000000168711e+03,3.196108111940128005e-01
1.661600000000168620e+03,3.196163209869371524e-01
1.661700000000168529e+03,3.196218259046454402e-01
1.661800000000168666e+03,3.196273259465630678e-01
1.661900000000168802e+03,3.196348890536058751e-01
1.662000000000168711e+03,3.196480137247090791e-01
1.662100000000168620e+03,3.196153013083075645e-01
1.662200000000168757e+03,3.195825853042347786e-01
1.662300000000168893e+03,3.195498657137120779e-01
1.662400000000168802e+03,3.195201257976039155e-01
1.662500000000168711e+03,3.195018936281514010e-01
1.662600000000168848e+03,3.194836542483868724e-01
1.662700000000168984e+03,3.194654076592783887e-01
1.662800000000168893e+03,3.194471538617946749e-01
1.662900000000168802e+03,3.194288928569035679e-01
1.663000000000168939e+03,3.194106246457308340e-01
1.663100000000169075e+03,3.194772960505445902e-01
1.663200000000168984e+03,3.195451396190850946e-01
1.663300000000168893e+03,3.196190219782031883e-01
1.663400000000169030e+03,3.196929097485823879e-01
1.663500000000169166e+03,3.197668029263920353e-01
1.663600000000169075e+03,3.198407015078008619e-01
1.663700000000168984e+03,3.199146054889744351e-01
1.663800000000169121e+03,3.199885148660780443e-01
1.663900000000169257e+03,3.200624296352753140e-01
1.664000000000169166e+03,3.201363497925036050e-01
1.664100000000169075e+03,3.200783091187987539e-01
1.664200000000169211e+03,3.200148874559829437e-01
1.664300000000169348e+03,3.199493128166721601e-01
1.664400000000169257e+03,3.198837401371879552e-01
1.664500000000169166e+03,3.198181694212058335e-01
1.664600000000169302e+03,3.197526006723999115e-01
1.664700000000169439e+03,3.196870338944446943e-01
1.664800000000169348e+03,3.196221209806854868e-01
1.664900000000169257e+03,3.195637967509800670e-01
1.665000000000169393e+03,3.195054707679868544e-01
1.665100000000169530e+03,3.195033771711502379e-01
1.665200000000169439e+03,3.195012747086595772e-01
1.665300000000169348e+03,3.194991633806054110e-01
1.665400000000169484e+03,3.194970431870797212e-01
1.665500000000169621e+03,3.194949141281736571e-01
1.665600000000169530e+03,3.194926810362918590e-01
1.665700000000169439e+03,3.194904126449881754e-01
1.665800000000169575e+03,3.194881353897572884e-01
1.665900000000169712e+03,3.194858492707036146e-01
1.666000000000169621e+03,3.194835542879563284e-01
1.666100000000169530e+03,3.194962448891639495e-01
1.666200000000169666e+03,3.195089243709164917e-01
1.666300000000169803e+03,3.195215927311306769e-01
1.666400000000169712e+03,3.195341569672914273e-01
1.666500000000169621e+03,3.195395725581589574e-01
1.666600000000169757e+03,3.195449775401318915e-01
1.666700000000169894e+03,3.195503719117671615e-01
1.666800000000169803e+03,3.195557556716231984e-01
1.666900000000169712e+03,3.195611288182592657e-01
1.667000000000169848e+03,3.195664913501406468e-01
1.667100000000169985e+03,3.195168562388049915e-01
1.667200000000169894e+03,3.194672153590030206e-01
1.667300000000169803e+03,3.194105303774293914e-01
1.667400000000169939e+03,3.193536569875012332e-01
1.667500000000170076e+03,3.192967810642066695e-01
1.667600000000169985e+03,3.192399026103847071e-01
1.667700000000169894e+03,3.191830216288754629e-01
1.667800000000170030e+03,3.191261381225183880e-01
1.667900000000170166e+03,3.190692520941531551e-01
1.668000000000170076e+03,3.190123635466836083e-01
1.668100000000169985e+03,3.189525296797695031e-01
1.668200000000170121e+03,3.188899139272634575e-01
1.668300000000170257e+03,3.188272992350572044e-01
1.668400000000170166e+03,3.187646856043164223e-01
1.668500000000170076e+03,3.187020730362073451e-01
1.668600000000170212e+03,3.186394615318955403e-01
1.668700000000170348e+03,3.185724065639104485e-01
1.668800000000170257e+03,3.185023019617070350e-01
1.668900000000170166e+03,3.184386597565286858e-01
1.669000000000170303e+03,3.183757595147210795e-01
1.669100000000170439e+03,3.182665909901360446e-01
1.669200000000170348e+03,3.181574484973243577e-01
1.669300000000170257e+03,3.180483320321821350e-01
1.669400000000170394e+03,3.179392415906049929e-01
1.669500000000170530e+03,3.178301771684899912e-01
1.669600000000170439e+03,3.177211387617338567e-01
1.669700000000170348e+03,3.176121263662335381e-01
1.669800000000170485e+03,3.175031399778865393e-01
1.669900000000170621e+03,3.173941795925911413e-01
1.670000000000170530e+03,3.172852452064659490e-01
1.670100000000170439e+03,3.173056330380888412e-01
1.670200000000170576e+03,3.173260063498152261e-01
1.670300000000170712e+03,3.173463651386861928e-01
1.670400000000170621e+03,3.173667094017453283e-01
1.670500000000170530e+03,3.174046846727556770e-01
1.670600000000170667e+03,3.174465233122560903e-01
1.670700000000170803e+03,3.174883504935503420e-01
1.670800000000170712e+03,3.175301662107541945e-01
1.670900000000170621e+03,3.175719704579823000e-01
1.671000000000170758e+03,3.176137632291780588e-01
1.671100000000170894e+03,3.175553075209937570e-01
1.671200000000170803e+03,3.174968566664460035e-01
1.671300000000170712e+03,3.174384106664271954e-01
1.671400000000170849e+03,3.173799695218303962e-01
1.671500000000170985e+03,3.173215332335485028e-01
1.671600000000170894e+03,3.172623446218595933e-01
1.671700000000170803e+03,3.172017858697374626e-01
1.671800000000170940e+03,3.171412327589753222e-01
1.671900000000171076e+03,3.170806852903690354e-01
1.672000000000170985e+03,3.170201434648401984e-01
1.672100000000170894e+03,3.170174625007494140e-01
1.672200000000171030e+03,3.170092344356730263e-01
1.672300000000171167e+03,3.170010045960492961e-01
1.672400000000171076e+03,3.169927729820549156e-01
1.672500000000170985e+03,3.169845395938655774e-01
1.672600000000171121e+03,3.169763044316582512e-01
1.672700000000171258e+03,3.169680674956093513e-01
1.672800000000171167e+03,3.169598287858952923e-01
1.672900000000171076e+03,3.169515883026923775e-01
1.673000000000171212e+03,3.169433460463272345e-01
1.673100000000171349e+03,3.170228075505467369e-01
1.673200000000171258e+03,3.171022794835720582e-01
1.673300000000171167e+03,3.171817618449081499e-01
1.673400000000171303e+03,3.172612546340589645e-01
1.673500000000171440e+03,3.173407578505283433e-01
1.673600000000171349e+03,3.174202714938194614e-01
1.673700000000171258e+03,3.174950245426110262e-01
1.673800000000171394e+03,3.175673884411986392e-01
1.673900000000171531e+03,3.176397597131136452e-01
1.674000000000171440e+03,3.177121383573979774e-01
1.674100000000171349e+03,3.177264608528392320e-01
1.674200000000171485e+03,3.177407667895317811e-01
1.674300000000171622e+03,3.177564865807619987e-01
1.674400000000171531e+03,3.177782411919605199e-01
1.674500000000171440e+03,3.177954823755140268e-01
1.674600000000171576e+03,3.178100319129977258e-01
1.674700000000171713e+03,3.178245653789007474e-01
1.674800000000171622e+03,3.178390827759733361e-01
1.674900000000171531e+03,3.178535841069662360e-01
1.675000000000171667e+03,3.178680693746711028e-01
1.675100000000171804e+03,3.179069730213623379e-01
1.675200000000171713e+03,3.179458611367643739e-01
1.675300000000171622e+03,3.179931799812578674e-01
1.675400000000171758e+03,3.180463938489519471e-01
1.675500000000171894e+03,3.180995956952044068e-01
1.675600000000171804e+03,3.181527855191056409e-01
1.675700000000171713e+03,3.182059633197488191e-01
1.675800000000171849e+03,3.182591290962255015e-01
1.675900000000171985e+03,3.183122828476297461e-01
1.676000000000171894e+03,3.183654245731598609e-01
1.676100000000171804e+03,3.184756974087690762e-01
1.676200000000171940e+03,3.185826285160440197e-01
1.676300000000172076e+03,3.186895755576982792e-01
1.676400000000171985e+03,3.187965385336634649e-01
1.676500000000171894e+03,3.189035174438737963e-01
1.676600000000172031e+03,3.190105122882616606e-01
1.676700000000172167e+03,3.191175230667595009e-01
1.676800000000172076e+03,3.192244372753202386e-01
1.676900000000171985e+03,3.193274924729068154e-01
1.677000000000172122e+03,3.194270390448464281e-01
1.677100000000172258e+03,3.194559108696483074e-01
1.677200000000172167e+03,3.194847674266640958e-01
1.677300000000172076e+03,3.195136087170321049e-01
1.677400000000172213e+03,3.195424347418915345e-01
1.677500000000172349e+03,3.195712455023819731e-01
1.677600000000172258e+03,3.196000409996438973e-01
1.677700000000172167e+03,3.196151893871548300e-01
1.677800000000172304e+03,3.196151122879827833e-01
1.677900000000172440e+03,3.196150173442857678e-01
1.678000000000172349e+03,3.196149045617946993e-01
1.678100000000172258e+03,3.196167869319544996e-01
1.678200000000172395e+03,3.196186573539676612e-01
1.678300000000172531e+03,3.196205158310926331e-01
1.678400000000172440e+03,3.196223623665881419e-01
1.678500000000172349e+03,3.196210667926828175e-01
1.678600000000172486e+03,3.196156783313901517e-01
1.678700000000172622e+03,3.196100119907750448e-01
1.678800000000172531e+03,3.196048212703812563e-01
1.678900000000172440e+03,3.196066193331578709e-01
1.679000000000172577e+03,3.196084052630041028e-01
1.679100000000172713e+03,3.196467141695076841e-01
1.679200000000172622e+03,3.196850179185101726e-01
1.679300000000172531e+03,3.197204631659802954e-01
1.679400000000172668e+03,3.197515406894943513e-01
1.679500000000172804e+03,3.197826111078267419e-01
1.679600000000172713e+03,3.198136744203681214e-01
1.679700000000172622e+03,3.198447306265091439e-01
1.679800000000172759e+03,3.198757797256412405e-01
1.679900000000172895e+03,3.199068217171553430e-01
1.680000000000172804e+03,3.199319066770273112e-01
1.680100000000172713e+03,3.198718800794113082e-01
1.680200000000172849e+03,3.198164988964255495e-01
1.680300000000172986e+03,3.197611195388336824e-01
1.680400000000172895e+03,3.197057420097736413e-01
1.680500000000172804e+03,3.196503663123830274e-01
1.680600000000172940e+03,3.195949924497969996e-01
1.680700000000173077e+03,3.195396204251493844e-01
1.680800000000172986e+03,3.194842502415734531e-01
1.680900000000172895e+03,3.194334728295993853e-01
1.681000000000173031e+03,3.193925257616700986e-01
1.681100000000173168e+03,3.194630420124467962e-01
1.681200000000173077e+03,3.195335645569361560e-01
1.681300000000172986e+03,3.196040933937977502e-01
1.681400000000173122e+03,3.196746285216886529e-01
1.681500000000173259e+03,3.197451699392661606e-01
1.681600000000173168e+03,3.198157176451873474e-01
1.681700000000173077e+03,3.198882918587604429e-01
1.681800000000173213e+03,3.199660760233041246e-01
1.681900000000173350e+03,3.200438698759509037e-01
1.682000000000173259e+03,3.201216734158104371e-01
1.682100000000173168e+03,3.201283184331154552e-01
1.682200000000173304e+03,3.201366877713963666e-01
1.682300000000173441e+03,3.201508692459562044e-01
1.682400000000173350e+03,3.201653167096654151e-01
1.682500000000173259e+03,3.201745697775228439e-01
1.682600000000173395e+03,3.201673649269221600e-01
1.682700000000173532e+03,3.201601571284988235e-01
1.682800000000173441e+03,3.201529463826845445e-01
1.682900000000173350e+03,3.201457326899102007e-01
1.683000000000173486e+03,3.201385160505677563e-01
1.683100000000173623e+03,3.201080348763867267e-01
1.683200000000173532e+03,3.200775541954855585e-01
1.683300000000173441e+03,3.200456100905916812e-01
1.683400000000173577e+03,3.200150557900642290e-01
1.683500000000173713e+03,3.199848884312637143e-01
1.683600000000173623e+03,3.199547210687478382e-01
1.683700000000173532e+03,3.199245537031024100e-01
1.683800000000173668e+03,3.198943863349143490e-01
1.683900000000173804e+03,3.198642189647691314e-01
1.684000000000173713e+03,3.198340515931650252e-01
1.684100000000173623e+03,3.197580424361746165e-01
1.684200000000173759e+03,3.197061930110736139e-01
1.684300000000173895e+03,3.196543485856003786e-01
1.684400000000173804e+03,3.196024960330318132e-01
1.684500000000173713e+03,3.195505967091062938e-01
1.684600000000173850e+03,3.194987024060643721e-01
1.684700000000173986e+03,3.194468131240684183e-01
1.684800000000173895e+03,3.193949288632811356e-01
1.684900000000173804e+03,3.193439540821684797e-01
1.685000000000173941e+03,3.192992910819919539e-01
1.685100000000174077e+03,3.192698356944775884e-01
1.685200000000173986e+03,3.192403806776253350e-01
1.685300000000173895e+03,3.192109260317337882e-01
1.685400000000174032e+03,3.191814717571029303e-01
1.685500000000174168e+03,3.191520178540302455e-01
1.685600000000174077e+03,3.191225643228153830e-01
1.685700000000173986e+03,3.190931111637573814e-01
1.685800000000174123e+03,3.190636583771544466e-01
1.685900000000174259e+03,3.190342059633054506e-01
1.686000000000174168e+03,3.190047539225393525e-01
1.686100000000174077e+03,3.189924597505071069e-01
1.686200000000174214e+03,3.189801281087304985e-01
1.686300000000174350e+03,3.189677941296573116e-01
1.686400000000174259e+03,3.189554578133603768e-01
1.686500000000174168e+03,3.189431191599127469e-01
1.686600000000174305e+03,3.189307781693865307e-01
1.686700000000174441e+03,3.189192439283079494e-01
1.686800000000174350e+03,3.189144084666875600e-01
1.686900000000174259e+03,3.189095700866099725e-01
1.687000000000174396e+03,3.189047287878934434e-01
1.687100000000174532e+03,3.188500747396017521e-01
1.687200000000174441e+03,3.187954259474984897e-01
1.687300000000174350e+03,3.187405046924694507e-01
1.687400000000174487e+03,3.186570822636717870e-01
1.687500000000174623e+03,3.185736771267897449e-01
1.687600000000174532e+03,3.184902892793054496e-01
1.687700000000174441e+03,3.184069187187019145e-01
1.687800000000174578e+03,3.183235654424618755e-01
1.687900000000174714e+03,3.182402294480681237e-01
1.688000000000174623e+03,3.181569107330976531e-01
1.688100000000174532e+03,3.181266839741845320e-01
1.688200000000174668e+03,3.180894799075287827e-01
1.688300000000174805e+03,3.180520682663266485e-01
1.688400000000174714e+03,3.180146569770187504e-01
1.688500000000174623e+03,3.179772460402114365e-01
1.688600000000174759e+03,3.179398456667631434e-01
1.688700000000174896e+03,3.179024542721703983e-01
1.688800000000174805e+03,3.178650632274792054e-01
1.688900000000174714e+03,3.178276725332969677e-01
1.689000000000174850e+03,3.178036714974697419e-01
1.689100000000174987e+03,3.177768461592167526e-01
1.689200000000174896e+03,3.177500198416937649e-01
1.689300000000174805e+03,3.177231925452636552e-01
1.689400000000174941e+03,3.176963642702880786e-01
1.689500000000175078e+03,3.176695350171288013e-01
1.689600000000174987e+03,3.176427047861479780e-01
1.689700000000174896e+03,3.176158735777076525e-01
1.689800000000175032e+03,3.176018698892590364e-01
1.689900000000175169e+03,3.175893865535782679e-01
1.690000000000175078e+03,3.175769006807561134e-01
1.690100000000174987e+03,3.175522138300875818e-01
1.690200000000175123e+03,3.175330057831275976e-01
1.690300000000175260e+03,3.175137957142074585e-01
1.690400000000175169e+03,3.174945836235500973e-01
1.690500000000175078e+03,3.174753695113777252e-01
1.690600000000175214e+03,3.174561533779128863e-01
1.690700000000175351e+03,3.174369352233782915e-01
1.690800000000175260e+03,3.174177150479963738e-01
1.690900000000175169e+03,3.173984928519902327e-01
1.691000000000175305e+03,3.173792686356197712e-01
1.691100000000175442e+03,3.173812745696378279e-01
1.691200000000175351e+03,3.173832785545920854e-01
1.691300000000175260e+03,3.173852805903655816e-01
1.691400000000175396e+03,3.173755675816356536e-01
1.691500000000175532e+03,3.173632243226999217e-01
1.691600000000175442e+03,3.173508793659427507e-01
1.691700000000175351e+03,3.173385327115134102e-01
1.691800000000175487e+03,3.173261843595597820e-01
1.691900000000175623e+03,3.173138343102314685e-01
1.692000000000175532e+03,3.173014825635627756e-01
1.692100000000175442e+03,3.172241991875640044e-01
1.692200000000175578e+03,3.171580828773968852e-01
1.692300000000175714e+03,3.170951551652508860e-01
1.692400000000175623e+03,3.170322353791408254e-01
1.692500000000175532e+03,3.169693235189037783e-01
1.692600000000175669e+03,3.169064195843769305e-01
1.692700000000175805e+03,3.168436089118583654e-01
1.692800000000175714e+03,3.167808601591260431e-01
1.692900000000175623e+03,3.167181192770042730e-01
1.693000000000175760e+03,3.166659696828588721e-01
1.693100000000175896e+03,3.167138486590139190e-01
1.693200000000175805e+03,3.167617308088114814e-01
1.693300000000175714e+03,3.168096161315188120e-01
1.693400000000175851e+03,3.168575046264025530e-01
1.693500000000175987e+03,3.168990487622681540e-01
1.693600000000175896e+03,3.169320350329891678e-01
1.693700000000175805e+03,3.169650211367254222e-01
1.693800000000175942e+03,3.170030274287429228e-01
1.693900000000176078e+03,3.170431764396363095e-01
1.694000000000175987e+03,3.170833266638208858e-01
1.694100000000175896e+03,3.171269089381169026e-01
1.694200000000176033e+03,3.171704947290734933e-01
1.694300000000176169e+03,3.172140840365419434e-01
1.694400000000176078e+03,3.172576768603717623e-01
1.694500000000175987e+03,3.173012732004139025e-01
1.694600000000176124e+03,3.173580321186885711e-01
1.694700000000176260e+03,3.174156814917566960e-01
1.694800000000176169e+03,3.174733374621480086e-01
1.694900000000176078e+03,3.175310000298529611e-01
1.695000000000176215e+03,3.175886691948168750e-01
1.695100000000176351e+03,3.176206121372356916e-01
1.695200000000176260e+03,3.176525549698456796e-01
1.695300000000176169e+03,3.176844976921509023e-01
1.695400000000176306e+03,3.177164403036561446e-01
1.695500000000176442e+03,3.177483828038658586e-01
1.695600000000176351e+03,3.177803251922840522e-01
1.695700000000176260e+03,3.178122674684152327e-01
1.695800000000176396e+03,3.178442096317634635e-01
1.695900000000176533e+03,3.178761516818330857e-01
1.696000000000176442e+03,3.179080936179903283e-01
1.696100000000176351e+03,3.178619509238532759e-01
1.696200000000176487e+03,3.178116051687787103e-01
1.696300000000176624e+03,3.177582811587885692e-01
1.696400000000176533e+03,3.177049551326085464e-01
1.696500000000176442e+03,3.176516270932658870e-01
1.696600000000176578e+03,3.175982970437867814e-01
1.696700000000176715e+03,3.175449649871980862e-01
1.696800000000176624e+03,3.174916309265264913e-01
1.696900000000176533e+03,3.174339286696848395e-01
1.697000000000176669e+03,3.173692128606983576e-01
1.697100000000176806e+03,3.174151324726187107e-01
1.697200000000176715e+03,3.174613265933107220e-01
1.697300000000176624e+03,3.175075523166943636e-01
1.697400000000176760e+03,3.175537799281291096e-01
1.697500000000176897e+03,3.176000094266822615e-01
1.697600000000176806e+03,3.176462408114204550e-01
1.697700000000176715e+03,3.176924740814119352e-01
1.697800000000176851e+03,3.177387092357230047e-01
1.697900000000176988e+03,3.177849462734201880e-01
1.698000000000176897e+03,3.178380152003197345e-01
1.698100000000176806e+03,3.179189582817486537e-01
1.698200000000176942e+03,3.179999163186457700e-01
1.698300000000177079e+03,3.180808893125217640e-01
1.698400000000176988e+03,3.181618772648873161e-01
1.698500000000176897e+03,3.182428801772531068e-01
1.698600000000177033e+03,3.183205274864644996e-01
1.698700000000177170e+03,3.183943782699193981e-01
1.698800000000177079e+03,3.184682337313016753e-01
1.698900000000176988e+03,3.185420871055444914e-01
1.699000000000177124e+03,3.186158295077466396e-01
1.699100000000177261e+03,3.186101197688648856e-01
1.699200000000177170e+03,3.186044056537156721e-01
1.699300000000177079e+03,3.185986871625992589e-01
1.699400000000177215e+03,3.185867731157749350e-01
1.699500000000177351e+03,3.185666779339694776e-01
1.699600000000177261e+03,3.185465799741231119e-01
1.699700000000177170e+03,3.185264792369619236e-01
1.699800000000177306e+03,3.185063757232113324e-01
1.699900000000177442e+03,3.184862694335963695e-01
1.700000000000177351e+03,3.184661603689763476e-01
1.700100000000177261e+03,3.185210784767560366e-01
1.700200000000177397e+03,3.185703653472046759e-01
1.700300000000177533e+03,3.186109227211755268e-01
1.700400000000177442e+03,3.186514806969790725e-01
1.700500000000177351e+03,3.186920016895233854e-01
1.700600000000177488e+03,3.187323132879155696e-01
1.700700000000177624e+03,3.187726254216673993e-01
1.700800000000177533e+03,3.188129380899477616e-01
1.700900000000177442e+03,3.188532512919262651e-01
1.701000000000177579e+03,3.188910214318613212e-01
1.701100000000177715e+03,3.188778819635336714e-01
1.701200000000177624e+03,3.188647408648638271e-01
1.701300000000177533e+03,3.188515981360549589e-01
1.701400000000177670e+03,3.188384537773101823e-01
1.701500000000177806e+03,3.188253077888321685e-01
1.701600000000177715e+03,3.188121601708249764e-01
1.701700000000177624e+03,3.187990109234914438e-01
1.701800000000177761e+03,3.187835944214731931e-01
1.701900000000177897e+03,3.187632523418075792e-01
1.702000000000177806e+03,3.187429091186200769e-01
1.702100000000177715e+03,3.186775097760061737e-01
1.702200000000177852e+03,3.186121193904060678e-01
1.702300000000177988e+03,3.185467379615595229e-01
1.702400000000177897e+03,3.184813654892066359e-01
1.702500000000177806e+03,3.184173737261755122e-01
1.702600000000177943e+03,3.183575148132651300e-01
1.702700000000178079e+03,3.182925919506860990e-01
1.702800000000177988e+03,3.182278559363716508e-01
1.702900000000177897e+03,3.181631279605421914e-01
1.703000000000178034e+03,3.180984080235331191e-01
1.703100000000178170e+03,3.181183879062363107e-01
1.703200000000178079e+03,3.181383646781560937e-01
1.703300000000177988e+03,3.181583383387614483e-01
1.703400000000178125e+03,3.181766006417087178e-01
1.703500000000178261e+03,3.181893880705634059e-01
1.703600000000178170e+03,3.182021711615257153e-01
1.703700000000178079e+03,3.182217012384704891e-01
1.703800000000178215e+03,3.182419526390408149e-01
1.703900000000178352e+03,3.182622000662533868e-01
1.704000000000178261e+03,3.182824435192556645e-01
1.704100000000178170e+03,3.182320377767613451e-01
1.704200000000178306e+03,3.181830682908706742e-01
1.704300000000178443e+03,3.181398522357977154e-01
1.704400000000178352e+03,3.180966391252420533e-01
1.704500000000178261e+03,3.180534289595183250e-01
1.704600000000178397e+03,3.180102217389407238e-01
1.704700000000178534e+03,3.179670174638236091e-01
1.704800000000178443e+03,3.179238161344813962e-01
1.704900000000178352e+03,3.178806177512277231e-01
1.705000000000178488e+03,3.178374223143259347e-01
1.705100000000178625e+03,3.177654813357375096e-01
1.705200000000178534e+03,3.176935523697962394e-01
1.705300000000178443e+03,3.176216354155241839e-01
1.705400000000178579e+03,3.175497304719423486e-01
1.705500000000178716e+03,3.174778375380731821e-01
1.705600000000178625e+03,3.174059566129376897e-01
1.705700000000178534e+03,3.173340876955574319e-01
1.705800000000178670e+03,3.172613554175022776e-01
1.705900000000178807e+03,3.171823479603717577e-01
1.706000000000178716e+03,3.171033554290580425e-01
1.706100000000178625e+03,3.171462484964935880e-01
1.706200000000178761e+03,3.171891351488303479e-01
1.706300000000178898e+03,3.172320153833644296e-01
1.706400000000178807e+03,3.172751407721393635e-01
1.706500000000178716e+03,3.173186127568287107e-01
1.706600000000178852e+03,3.173626777849626879e-01
1.706700000000178989e+03,3.174133072785823573e-01
1.706800000000178898e+03,3.174639331152329103e-01
1.706900000000178807e+03,3.175145552921025405e-01
1.707000000000178943e+03,3.175651738061564533e-01
1.707100000000179080e+03,3.174902862512396506e-01
1.707200000000178989e+03,3.174154118990147322e-01
1.707300000000178898e+03,3.173405507482642829e-01
1.707400000000179034e+03,3.172660254804846591e-01
1.707500000000179170e+03,3.171983574098510283e-01
1.707600000000179080e+03,3.171306996956013147e-01
1.707700000000178989e+03,3.170630523370896459e-01
1.707800000000179125e+03,3.169954153336696501e-01
1.707900000000179261e+03,3.169277886846962322e-01
1.708000000000179170e+03,3.168601723894750033e-01
1.708100000000179080e+03,3.167664277058457878e-01
1.708200000000179216e+03,3.166553262107583699e-01
1.708300000000179352e+03,3.165465018445133283e-01
1.708400000000179261e+03,3.164377093942457586e-01
1.708500000000179170e+03,3.163289488521526249e-01
1.708600000000179307e+03,3.162202202104346660e-01
1.708700000000179443e+03,3.161115234612931757e-01
1.708800000000179352e+03,3.160028585969309467e-01
1.708900000000179261e+03,3.158942256095531587e-01
1.709000000000179398e+03,3.157856244914265531e-01
1.709100000000179534e+03,3.157183627803669679e-01
1.709200000000179443e+03,3.156513418660082948e-01
1.709300000000179352e+03,3.155843322655731975e-01
1.709400000000179489e+03,3.155173339775738661e-01
1.709500000000179625e+03,3.154503470005235455e-01
1.709600000000179534e+03,3.153833713329348143e-01
1.709700000000179443e+03,3.153164069733211394e-01
1.709800000000179580e+03,3.152494539201949886e-01
1.709900000000179716e+03,3.151891071288266954e-01
1.710000000000179625e+03,3.151292525058257965e-01
1.710100000000179534e+03,3.151042909734705910e-01
1.710200000000179671e+03,3.150793289035256906e-01
1.710300000000179807e+03,3.150543662961790559e-01
1.710400000000179716e+03,3.150294031516193693e-01
1.710500000000179625e+03,3.150044394700340367e-01
1.710600000000179762e+03,3.149794752516120178e-01
1.710700000000179898e+03,3.149608508297540022e-01
1.710800000000179807e+03,3.149430031418189446e-01
1.710900000000179716e+03,3.149251538962798969e-01
1.711000000000179853e+03,3.149073030932532657e-01
1.711100000000179989e+03,3.148836983761546526e-01
1.711200000000179898e+03,3.148600939499324736e-01
1.711300000000179807e+03,3.148364898146717161e-01
1.711400000000179944e+03,3.148128859704574789e-01
1.711500000000180080e+03,3.147892824173752491e-01
1.711600000000179989e+03,3.147656791555095146e-01
1.711700000000179898e+03,3.147420761849457627e-01
1.711800000000180034e+03,3.147184735057693694e-01
1.711900000000180171e+03,3.146948711180649894e-01
1.712000000000180080e+03,3.146712690219857222e-01
1.712100000000179989e+03,3.146850383650645067e-01
1.712200000000180125e+03,3.146988056766755748e-01
1.712300000000180262e+03,3.147125709565272156e-01
1.712400000000180171e+03,3.147263342043282175e-01
1.712500000000180080e+03,3.147400954197873135e-01
1.712600000000180216e+03,3.147538546026125705e-01
1.712700000000180353e+03,3.147627358057646929e-01
1.712800000000180262e+03,3.147691079537086600e-01
1.712900000000180171e+03,3.147754776539388177e-01
1.713000000000180307e+03,3.147818449061923207e-01
1.713100000000180444e+03,3.147180325589568062e-01
1.713200000000180353e+03,3.146558299213887411e-01
1.713300000000180262e+03,3.145936359226434997e-01
1.713400000000180398e+03,3.145314505620989687e-01
1.713500000000180535e+03,3.144692738391346443e-01
1.713600000000180444e+03,3.144071057531295232e-01
1.713700000000180353e+03,3.143449463034618807e-01
1.713800000000180489e+03,3.142826674408750187e-01
1.713900000000180626e+03,3.142149982684502851e-01
1.714000000000180535e+03,3.141454686424532960e-01
1.714100000000180444e+03,3.141321980938754366e-01
1.714200000000180580e+03,3.141189276198260716e-01
1.714300000000180717e+03,3.141056572203205777e-01
1.714400000000180626e+03,3.140923868953733877e-01
1.714500000000180535e+03,3.140791166449998228e-01
1.714600000000180671e+03,3.140658464692142049e-01
1.714700000000180808e+03,3.140525763680319105e-01
1.714800000000180717e+03,3.140393063414675390e-01
1.714900000000180626e+03,3.140260363895356344e-01
1.715000000000180762e+03,3.140127665122457445e-01
1.715100000000180898e+03,3.139960908037482956e-01
1.715200000000180808e+03,3.139794152767105273e-01
1.715300000000180717e+03,3.139627399311813449e-01
1.715400000000180853e+03,3.139460647672099314e-01
1.715500000000180989e+03,3.139340648033133729e-01
1.715600000000180898e+03,3.139244817226347628e-01
1.715700000000180808e+03,3.139148980702278213e-01
1.715800000000180944e+03,3.139053138461523340e-01
1.715900000000181080e+03,3.138957290504671982e-01
1.716000000000180989e+03,3.138861436833707552e-01
1.716100000000180898e+03,3.139530640864741096e-01
1.716200000000181035e+03,3.140199934041450480e-01
1.716300000000181171e+03,3.140913346505395665e-01
1.716400000000181080e+03,3.141653791742316515e-01
1.716500000000180989e+03,3.142415516041123791e-01
1.716600000000181126e+03,3.143223892168739986e-01
1.716700000000181262e+03,3.144032419563126401e-01
1.716800000000181171e+03,3.144841098239970489e-01
1.716900000000181080e+03,3.145649928214941937e-01
1.717000000000181217e+03,3.146458909502029000e-01
1.717100000000181353e+03,3.146334416589179339e-01
1.717200000000181262e+03,3.146210302729156028e-01
1.717300000000181171e+03,3.146086199378276826e-01
1.717400000000181308e+03,3.145962060527558446e-01
1.717500000000181444e+03,3.145837886182358822e-01
1.717600000000181353e+03,3.145713676348037002e-01
1.717700000000181262e+03,3.145589431029955918e-01
1.717800000000181399e+03,3.145465150233466844e-01
1.717900000000181535e+03,3.145340833963938820e-01
1.718000000000181444e+03,3.145216482227361499e-01
1.718100000000181353e+03,3.145442600523033483e-01
1.718200000000181490e+03,3.145668706212151888e-01
1.718300000000181626e+03,3.145894799291187316e-01
1.718400000000181535e+03,3.146121244344462498e-01
1.718500000000181444e+03,3.146349074070739493e-01
1.718600000000181581e+03,3.146576891439052948e-01
1.718700000000181717e+03,3.146840561751494958e-01
1.718800000000181626e+03,3.147139405809815105e-01
1.718900000000181535e+03,3.147438245645465260e-01
1.719000000000181672e+03,3.147737081253760838e-01
1.719100000000181808e+03,3.148083002907738348e-01
1.719200000000181717e+03,3.148428929549145217e-01
1.719300000000181626e+03,3.148774861173097572e-01
1.719400000000181763e+03,3.149120797774718761e-01
1.719500000000181899e+03,3.149466739349133237e-01
1.719600000000181808e+03,3.149812685891461017e-01
1.719700000000181717e+03,3.150158637396819339e-01
1.719800000000181853e+03,3.150504593860333769e-01
1.719900000000181990e+03,3.150850555277119325e-01
1.720000000000181899e+03,3.151196521641931869e-01
1.720100000000181808e+03,3.151343526464875366e-01
1.720200000000181944e+03,3.151490504682625815e-01
1.720300000000182081e+03,3.151607041898671357e-01
1.720400000000181990e+03,3.151682846611797983e-01
1.720500000000181899e+03,3.151758623432813211e-01
1.720600000000182035e+03,3.151834372361294601e-01
1.720700000000182172e+03,3.151910093396826373e-01
1.720800000000182081e+03,3.151985786538985534e-01
1.720900000000181990e+03,3.152061451787356305e-01
1.721000000000182126e+03,3.152137089142699744e-01
1.721100000000182263e+03,3.152860906363910698e-01
1.721200000000182172e+03,3.153584836672621017e-01
1.721300000000182081e+03,3.154308880074811472e-01
1.721400000000182217e+03,3.155033036576475047e-01
1.721500000000182354e+03,3.155757306183583633e-01
1.721600000000182263e+03,3.156481688902117444e-01
1.721700000000182172e+03,3.157206184738056698e-01
1.721800000000182308e+03,3.157930793697375504e-01
1.721900000000182445e+03,3.158655515786046308e-01
1.722000000000182354e+03,3.159380351007877175e-01
1.722100000000182263e+03,3.158919872619613267e-01
1.722200000000182399e+03,3.158459403059354909e-01
1.722300000000182536e+03,3.157998942338124948e-01
1.722400000000182445e+03,3.157538490466933467e-01
1.722500000000182354e+03,3.157078047456792769e-01
1.722600000000182490e+03,3.156617613318720150e-01
1.722700000000182627e+03,3.156157188063722363e-01
1.722800000000182536e+03,3.155696771702811709e-01
1.722900000000182445e+03,3.155236364246994385e-01
1.723000000000182581e+03,3.154775965708577767e-01
1.723100000000182717e+03,3.155019641114098494e-01
1.723200000000182627e+03,3.155262968730013773e-01
1.723300000000182536e+03,3.155506295915724291e-01
1.723400000000182672e+03,3.155749622667908261e-01
1.723500000000182808e+03,3.155973498310259417e-01
1.723600000000182717e+03,3.156145653344040736e-01
1.723700000000182627e+03,3.156317801240594578e-01
1.723800000000182763e+03,3.156489941997239757e-01
1.723900000000182899e+03,3.156662075611296192e-01
1.724000000000182808e+03,3.156834202079021878e-01
1.724100000000182717e+03,3.156426082158864665e-01
1.724200000000182854e+03,3.156017993329251481e-01
1.724300000000182990e+03,3.155609935590431570e-01
1.724400000000182899e+03,3.155201908942641409e-01
1.724500000000182808e+03,3.154793913386129134e-01
1.724600000000182945e+03,3.154385948921136773e-01
1.724700000000183081e+03,3.153978015547909131e-01
1.724800000000182990e+03,3.153570113266681019e-01
1.724900000000182899e+03,3.153162242077707234e-01
1.725000000000183036e+03,3.152754401982324484e-01
1.725100000000183172e+03,3.152952829624822706e-01
1.725200000000183081e+03,3.153151246195721735e-01
1.725300000000182990e+03,3.153349651691695343e-01
1.725400000000183127e+03,3.153548046109423963e-01
1.725500000000183263e+03,3.153746429445578037e-01
1.725600000000183172e+03,3.153944801696829114e-01
1.725700000000183081e+03,3.154143162859853189e-01
1.725800000000183218e+03,3.154341512931325142e-01
1.725900000000183354e+03,3.154528648339018915e-01
1.726000000000183263e+03,3.154655864532946996e-01
1.726100000000183172e+03,3.154817297330846926e-01
1.726200000000183309e+03,3.154978705492765267e-01
1.726300000000183445e+03,3.155140089014901172e-01
1.726400000000183354e+03,3.155301447893458233e-01
1.726500000000183263e+03,3.155462782124635601e-01
1.726600000000183400e+03,3.155624091704634648e-01
1.726700000000183536e+03,3.155776913947870299e-01
1.726800000000183445e+03,3.155869888432791259e-01
1.726900000000183354e+03,3.155962989660521800e-01
1.727000000000183491e+03,3.156056061263828871e-01
1.727100000000183627e+03,3.154806373283005061e-01
1.727200000000183536e+03,3.153557079920398243e-01
1.727300000000183445e+03,3.152309390406988210e-01
1.727400000000183582e+03,3.151134792483746838e-01
1.727500000000183718e+03,3.149949116547187122e-01
1.727600000000183627e+03,3.148633249883167617e-01
1.727700000000183536e+03,3.147317830097678404e-01
1.727800000000183672e+03,3.146002452720280118e-01
1.727900000000183809e+03,3.144687258442714906e-01
1.728000000000183718e+03,3.143372511245192680e-01
1.728100000000183627e+03,3.143193277657376772e-01
1.728200000000183763e+03,3.143014025429438640e-01
1.728300000000183900e+03,3.142831793027217602e-01
1.728400000000183809e+03,3.142581658115999876e-01
1.728500000000183718e+03,3.142385754219382821e-01
1.728600000000183854e+03,3.142210630363369561e-01
1.728700000000183991e+03,3.142037126308915851e-01
1.728800000000183900e+03,3.141863598580634243e-01
1.728900000000183809e+03,3.141690047181584511e-01
1.729000000000183945e+03,3.141516472115326586e-01
1.729100000000184082e+03,3.141616973243624988e-01
1.729200000000183991e+03,3.141717436883389447e-01
1.729300000000183900e+03,3.141817863032240199e-01
1.729400000000184036e+03,3.141918251687802477e-01
1.729500000000184173e+03,3.142018602847708730e-01
1.729600000000184082e+03,3.142118916509591409e-01
1.729700000000183991e+03,3.142219192671075190e-01
1.729800000000184127e+03,3.142319431329793078e-01
1.729900000000184264e+03,3.142419632483381964e-01
1.730000000000184173e+03,3.142383073023067297e-01
1.730100000000184082e+03,3.141560237662694988e-01
1.730200000000184218e+03,3.140737577329856811e-01
1.730300000000184355e+03,3.139915091996451912e-01
1.730400000000184264e+03,3.139092781634390539e-01
1.730500000000184173e+03,3.138270646215582382e-01
1.730600000000184309e+03,3.137448685711938245e-01
1.730700000000184446e+03,3.136626900095370041e-01
1.730800000000184355e+03,3.135805289337803559e-01
1.730900000000184264e+03,3.134983853411153487e-01
1.731000000000184400e+03,3.134162592287191296e-01
1.731100000000184536e+03,3.133259838766160321e-01
1.731200000000184446e+03,3.132357302405329169e-01
1.731300000000184355e+03,3.131454983163685091e-01
1.731400000000184491e+03,3.130552881000238652e-01
1.731500000000184627e+03,3.129650995873980990e-01
1.731600000000184536e+03,3.128749327743934328e-01
1.731700000000184446e+03,3.127847876569108121e-01
1.731800000000184582e+03,3.126946642308521263e-01
1.731900000000184718e+03,3.126045624921200972e-01
1.732000000000184627e+03,3.125144824367855345e-01
1.732100000000184536e+03,3.125152295645490796e-01
1.732200000000184673e+03,3.125159727265375831e-01
1.732300000000184809e+03,3.125167119227970081e-01
1.732400000000184718e+03,3.125174471533717080e-01
1.732500000000184627e+03,3.125181784183074796e-01
1.732600000000184764e+03,3.125189057176493979e-01
1.732700000000184900e+03,3.125196290514434261e-01
1.732800000000184809e+03,3.125203484197340287e-01
1.732900000000184718e+03,3.125210638225679460e-01
1.733000000000184855e+03,3.125217752598614673e-01
1.733100000000184991e+03,3.124524428877667459e-01
1.733200000000184900e+03,3.123830909623983021e-01
1.733300000000184809e+03,3.123137221087675108e-01
1.733400000000184946e+03,3.122443655722705880e-01
1.733500000000185082e+03,3.121750213513534988e-01
1.733600000000184991e+03,3.121056894444632634e-01
1.733700000000184900e+03,3.120363698500454031e-01
1.733800000000185037e+03,3.119670625665460495e-01
1.733900000000185173e+03,3.118977675924117787e-01
1.734000000000185082e+03,3.118339200347376994e-01
1.734100000000184991e+03,3.117953165855519848e-01
1.734200000000185128e+03,3.117518548407184897e-01
1.734300000000185264e+03,3.117083978363968666e-01
1.734400000000185173e+03,3.116649455722300122e-01
1.734500000000185082e+03,3.116214980478606567e-01
1.734600000000185219e+03,3.115780552629331401e-01
1.734700000000185355e+03,3.115346172170893602e-01
1.734800000000185264e+03,3.115066610192317453e-01
1.734900000000185173e+03,3.114843405978249269e-01
1.735000000000185310e+03,3.114620212535643140e-01
1.735100000000185446e+03,3.114795276675415003e-01
1.735200000000185355e+03,3.114970336570335174e-01
1.735300000000185264e+03,3.115145392218968134e-01
1.735400000000185400e+03,3.115320443619877255e-01
1.735500000000185537e+03,3.115495490771618692e-01
1.735600000000185446e+03,3.115719608972736254e-01
1.735700000000185355e+03,3.115966338451364726e-01
1.735800000000185491e+03,3.116213073916399567e-01
1.735900000000185628e+03,3.116459815366564579e-01
1.736000000000185537e+03,3.116706562799935742e-01
1.736100000000185446e+03,3.116614415013689299e-01
1.736200000000185582e+03,3.116522256852581885e-01
1.736300000000185719e+03,3.116430088318129510e-01
1.736400000000185628e+03,3.116337909411839857e-01
1.736500000000185537e+03,3.116245720135215058e-01
1.736600000000185673e+03,3.116153520489762241e-01
1.736700000000185810e+03,3.116061310476984092e-01
1.736800000000185719e+03,3.115969090098389405e-01
1.736900000000185628e+03,3.115876859355486417e-01
1.737000000000185764e+03,3.115784618249472504e-01
1.737100000000185901e+03,3.115528252216229199e-01
1.737200000000185810e+03,3.115358774716970869e-01
1.737300000000185719e+03,3.115243129666326327e-01
1.737400000000185855e+03,3.115127452444221845e-01
1.737500000000185992e+03,3.115011743055338678e-01
1.737600000000185901e+03,3.114896001504365297e-01
1.737700000000185810e+03,3.114780227795979628e-01
1.737800000000185946e+03,3.114664421934875693e-01
1.737900000000186083e+03,3.114548583925738079e-01
1.738000000000185992e+03,3.114432713775158734e-01
1.738100000000185901e+03,3.115344735617771588e-01
1.738200000000186037e+03,3.116256968815908079e-01
1.738300000000186174e+03,3.117169413405558309e-01
1.738400000000186083e+03,3.118082069422700719e-01
1.738500000000185992e+03,3.118994936903328741e-01
1.738600000000186128e+03,3.119892435630047811e-01
1.738700000000186265e+03,3.120732622770358011e-01
1.738800000000186174e+03,3.121572980970860889e-01
1.738900000000186083e+03,3.122413510254619662e-01
1.739000000000186219e+03,3.123254210642611994e-01
1.739100000000186355e+03,3.122982206616775613e-01
1.739200000000186265e+03,3.122710194157091168e-01
1.739300000000186174e+03,3.122438173268458073e-01
1.739400000000186310e+03,3.122166143955775186e-01
1.739500000000186446e+03,3.121894106223943033e-01
1.739600000000186355e+03,3.121657422585896735e-01
1.739700000000186265e+03,3.121455856340735746e-01
1.739800000000186401e+03,3.121254268341475679e-01
1.739900000000186537e+03,3.120996333150648505e-01
1.740000000000186446e+03,3.120735470335358475e-01
1.740100000000186355e+03,3.121294176442341861e-01
1.740200000000186492e+03,3.121852952284379645e-01
1.740300000000186628e+03,3.122411797865963790e-01
1.740400000000186537e+03,3.122970713191609016e-01
1.740500000000186446e+03,3.123529698265815613e-01
1.740600000000186583e+03,3.124088753093097193e-01
1.740700000000186719e+03,3.124647877677954044e-01
1.740800000000186628e+03,3.125207072024892563e-01
1.740900000000186537e+03,3.125766336138416923e-01
1.741000000000186674e+03,3.126325670021772862e-01
1.741100000000186810e+03,3.126207062775656076e-01
1.741200000000186719e+03,3.126088437637068451e-01
1.741300000000186628e+03,3.125969794608554064e-01
1.741400000000186765e+03,3.125851133692666983e-01
1.741500000000186901e+03,3.125732454891954615e-01
1.741600000000186810e+03,3.125613758208966586e-01
1.741700000000186719e+03,3.125495043646251414e-01
1.741800000000186856e+03,3.125376311206361502e-01
1.741900000000186992e+03,3.125305763664082970e-01
1.742000000000186901e+03,3.125239366587583278e-01
1.742100000000186810e+03,3.125345876183143745e-01
1.742200000000186947e+03,3.125452383115434052e-01
1.742300000000187083e+03,3.125558887383916296e-01
1.742400000000186992e+03,3.125665388988081994e-01
1.742500000000186901e+03,3.125771887927402681e-01
1.742600000000187038e+03,3.125878384201355997e-01
1.742700000000187174e+03,3.125984877809414586e-01
1.742800000000187083e+03,3.126115869258148106e-01
1.742900000000186992e+03,3.126292912441430150e-01
1.743000000000187129e+03,3.126469956702200292e-01
1.743100000000187265e+03,3.126691234081848125e-01
1.743200000000187174e+03,3.126912517121590018e-01
1.743300000000187083e+03,3.127133805820589418e-01
1.743400000000187219e+03,3.127353688581873126e-01
1.743500000000187356e+03,3.127572010167922190e-01
1.743600000000187265e+03,3.127790336996297826e-01
1.743700000000187174e+03,3.128008669066138503e-01
1.743800000000187310e+03,3.128227006376588237e-01
1.743900000000187447e+03,3.128445348926791603e-01
1.744000000000187356e+03,3.128663696715229259e-01
1.744100000000187265e+03,3.128532478231701996e-01
1.744200000000187401e+03,3.128401252283781186e-01
1.744300000000187538e+03,3.128270018872846836e-01
1.744400000000187447e+03,3.128119716591184485e-01
1.744500000000187356e+03,3.127917902117767213e-01
1.744600000000187492e+03,3.127716090352687384e-01
1.744700000000187629e+03,3.127514281296921439e-01
1.744800000000187538e+03,3.127312474951451926e-01
1.744900000000187447e+03,3.127110671317255286e-01
1.745000000000187583e+03,3.126908870396029050e-01
1.745100000000187720e+03,3.127094534923402502e-01
1.745200000000187629e+03,3.127280198193415073e-01
1.745300000000187538e+03,3.127462950862504587e-01
1.745400000000187674e+03,3.127645633066040709e-01
1.745500000000187811e+03,3.127828313658785331e-01
1.745600000000187720e+03,3.128010992639389531e-01
1.745700000000187629e+03,3.128193670006488292e-01
1.745800000000187765e+03,3.128376345758727139e-01
1.745900000000187902e+03,3.128559019894745497e-01
1.746000000000187811e+03,3.128741692412028153e-01
1.746100000000187720e+03,3.128309089150955180e-01
1.746200000000187856e+03,3.127876518707796705e-01
1.746300000000187993e+03,3.127443981083108393e-01
1.746400000000187902e+03,3.127011883909327494e-01
1.746500000000187811e+03,3.126579936001041560e-01
1.746600000000187947e+03,3.126148020770381786e-01
1.746700000000188084e+03,3.125716138217916606e-01
1.746800000000187993e+03,3.125273409944969716e-01
1.746900000000187902e+03,3.124771122865934725e-01
1.747000000000188038e+03,3.124268891120169367e-01
1.747100000000188174e+03,3.123935932197925425e-01
1.747200000000188084e+03,3.123602988429297622e-01
1.747300000000187993e+03,3.123270059814825528e-01
1.747400000000188129e+03,3.122937146355057592e-01
1.747500000000188265e+03,3.122604248050541709e-01
1.747600000000188174e+03,3.122271364901821888e-01
1.747700000000188084e+03,3.121867547335174242e-01
1.747800000000188220e+03,3.121461618790298820e-01
1.747900000000188356e+03,3.121055723268519322e-01
1.748000000000188265e+03,3.120649860768259232e-01
1.748100000000188174e+03,3.120115423003362309e-01
1.748200000000188311e+03,3.119581053740111409e-01
1.748300000000188447e+03,3.119046752972348124e-01
1.748400000000188356e+03,3.118512520693900170e-01
1.748500000000188265e+03,3.117978356898609138e-01
1.748600000000188402e+03,3.117444261580313292e-01
1.748700000000188538e+03,3.116910234732848672e-01
1.748800000000188447e+03,3.116325905401628460e-01
1.748900000000188356e+03,3.115719073769031011e-01
1.749000000000188493e+03,3.115115251723371004e-01
1.749100000000188629e+03,3.114918540603977548e-01
1.749200000000188538e+03,3.114719116420440748e-01
1.749300000000188447e+03,3.114452172505390304e-01
1.749400000000188584e+03,3.114185236436796123e-01
1.749500000000188720e+03,3.113918308215866682e-01
1.749600000000188629e+03,3.113651387843824336e-01
1.749700000000188538e+03,3.113384475321882561e-01
1.749800000000188675e+03,3.113117570651252053e-01
1.749900000000188811e+03,3.112850673833154058e-01
1.750000000000188720e+03,3.112583784869030201e-01
1.750100000000188629e+03,3.112441007407130145e-01
1.750200000000188766e+03,3.112298205309491084e-01
1.750300000000188902e+03,3.112155378578469467e-01
1.750400000000188811e+03,3.112012527216432289e-01
1.750500000000188720e+03,3.111869651225740441e-01
1.750600000000188857e+03,3.111726750608751479e-01
1.750700000000188993e+03,3.111583825367828515e-01
1.750800000000188902e+03,3.111441265511455390e-01
1.750900000000188811e+03,3.111298833664978836e-01
1.751000000000188948e+03,3.111156377151603203e-01
1.751100000000189084e+03,3.110631080210571331e-01
1.751200000000188993e+03,3.110069395565229766e-01
1.751300000000188902e+03,3.109492217206937248e-01
1.751400000000189038e+03,3.108915132894045086e-01
1.751500000000189175e+03,3.108338142613366051e-01
1.751600000000189084e+03,3.107761246351709583e-01
1.751700000000188993e+03,3.107184444095883458e-01
1.751800000000189129e+03,3.106607735832701556e-01
1.751900000000189266e+03,3.106031121548978868e-01
1.752000000000189175e+03,3.105454601232617295e-01
1.752100000000189084e+03,3.105452333508251783e-01
1.752200000000189220e+03,3.105388276296583427e-01
1.752300000000189357e+03,3.105313252865170570e-01
1.752400000000189266e+03,3.105238215431133098e-01
1.752500000000189175e+03,3.105163163995638964e-01
1.752600000000189311e+03,3.105088098559853349e-01
1.752700000000189448e+03,3.105013019124939766e-01
1.752800000000189357e+03,3.104937925692067835e-01
1.752900000000189266e+03,3.104862818262400515e-01
1.753000000000189402e+03,3.104787696835902833e-01
1.753100000000189539e+03,3.104077021744632847e-01
1.753200000000189448e+03,3.103366486885150710e-01
1.753300000000189357e+03,3.102697451513726223e-01
1.753400000000189493e+03,3.102059849532876057e-01
1.753500000000189630e+03,3.101422357850694422e-01
1.753600000000189539e+03,3.100784976451574915e-01
1.753700000000189448e+03,3.100147705319915570e-01
1.753800000000189584e+03,3.099510544440107762e-01
1.753900000000189721e+03,3.098873493796554524e-01
1.754000000000189630e+03,3.098236553374372759e-01
1.754100000000189539e+03,3.097975654861729877e-01
1.754200000000189675e+03,3.097714761801939609e-01
1.754300000000189812e+03,3.097453874197282353e-01
1.754400000000189721e+03,3.097193051515655382e-01
1.754500000000189630e+03,3.096932410385948575e-01
1.754600000000189766e+03,3.096671774679600753e-01
1.754700000000189902e+03,3.096411144398882320e-01
1.754800000000189812e+03,3.096150519546071456e-01
1.754900000000189721e+03,3.095889900123445226e-01
1.755000000000189857e+03,3.095629286134095604e-01
1.755100000000189993e+03,3.095798960683137646e-01
1.755200000000189902e+03,3.095968613294652894e-01
1.755300000000189812e+03,3.096138243964835501e-01
1.755400000000189948e+03,3.096307852689873519e-01
1.755500000000190084e+03,3.096477439465962767e-01
1.755600000000189993e+03,3.096647004289293514e-01
1.755700000000189902e+03,3.096816547156059918e-01
1.755800000000190039e+03,3.096986068062452802e-01
1.755900000000190175e+03,3.097155567004661325e-01
1.756000000000190084e+03,3.097325043977949832e-01
1.756100000000189993e+03,3.097002101410006314e-01
1.756200000000190130e+03,3.096679159824834993e-01
1.756300000000190266e+03,3.096356219229730034e-01
1.756400000000190175e+03,3.096033279631978385e-01
1.756500000000190084e+03,3.095758574221437742e-01
1.756600000000190221e+03,3.095505394189668746e-01
1.756700000000190357e+03,3.095252200620667860e-01
1.756800000000190266e+03,3.094998993521766995e-01
1.756900000000190175e+03,3.094745772900305281e-01
1.757000000000190312e+03,3.094492538763318201e-01
1.757100000000190448e+03,3.094086870370911235e-01
1.757200000000190357e+03,3.093681209850240865e-01
1.757300000000190266e+03,3.093184559427548108e-01
1.757400000000190403e+03,3.092639541420207916e-01
1.757500000000190539e+03,3.092094576250782323e-01
1.757600000000190448e+03,3.091549663924447744e-01
1.757700000000190357e+03,3.091004804446380594e-01
1.757800000000190494e+03,3.090459997821754512e-01
1.757900000000190630e+03,3.089915244055735366e-01
1.758000000000190539e+03,3.089370543154930093e-01
1.758100000000190448e+03,3.089582744737232600e-01
1.758200000000190585e+03,3.089794910088201618e-01
1.758300000000190721e+03,3.090007039200031724e-01
1.758400000000190630e+03,3.090219132064928043e-01
1.758500000000190539e+03,3.090431188675096252e-01
1.758600000000190676e+03,3.090643209022734816e-01
1.758700000000190812e+03,3.090855193100037757e-01
1.758800000000190721e+03,3.091067140899216303e-01
1.758900000000190630e+03,3.091279052412469475e-01
1.759000000000190767e+03,3.091490927631724839e-01
1.759100000000190903e+03,3.091557212899164742e-01
1.759200000000190812e+03,3.091623458105592359e-01
1.759300000000190721e+03,3.091689663247276232e-01
1.759400000000190857e+03,3.091755828320491006e-01
1.759500000000190994e+03,3.091821953321511329e-01
1.759600000000190903e+03,3.091888038246612402e-01
1.759700000000190812e+03,3.091954083092068317e-01
1.759800000000190948e+03,3.092020087854155386e-01
1.759900000000191085e+03,3.092086052529151585e-01
1.760000000000190994e+03,3.092153496843321747e-01
1.760100000000190903e+03,3.091333730376428224e-01
1.760200000000191039e+03,3.090522302834624035e-01
1.760300000000191176e+03,3.089711039675312465e-01
1.760400000000191085e+03,3.088899940874731964e-01
1.760500000000190994e+03,3.088113824458014745e-01
1.760600000000191130e+03,3.087354714476125417e-01
1.760700000000191267e+03,3.086595742083696470e-01
1.760800000000191176e+03,3.085836907264882800e-01
1.760900000000191085e+03,3.085078210003843191e-01
1.761000000000191221e+03,3.084319650285635150e-01
1.761100000000191358e+03,3.084032677639819142e-01
1.761200000000191267e+03,3.083745701733566213e-01
1.761300000000191176e+03,3.083458722567839483e-01
1.761400000000191312e+03,3.083171740143600403e-01
1.761500000000191449e+03,3.082884754461808763e-01
1.761600000000191358e+03,3.082597765523430455e-01
1.761700000000191267e+03,3.082310773329426934e-01
1.761800000000191403e+03,3.082023777880757986e-01
1.761900000000191540e+03,3.081736779178387287e-01
1.762000000000191449e+03,3.081449777223629338e-01
1.762100000000191358e+03,3.081346021251254452e-01
1.762200000000191494e+03,3.081242220190143488e-01
1.762300000000191631e+03,3.081138374039731342e-01
1.762400000000191540e+03,3.081034482799456242e-01
1.762500000000191449e+03,3.080930546468763631e-01
1.762600000000191585e+03,3.080826565047090071e-01
1.762700000000191721e+03,3.080722538533878230e-01
1.762800000000191631e+03,3.080618466928569110e-01
1.762900000000191540e+03,3.080514350230604825e-01
1.763000000000191676e+03,3.080410188439015040e-01
1.763100000000191812e+03,3.080090357125119804e-01
1.763200000000191721e+03,3.079770508246833516e-01
1.763300000000191631e+03,3.079450641808221256e-01
1.763400000000191767e+03,3.079130757813352548e-01
1.763500000000191903e+03,3.078810856266302465e-01
1.763600000000191812e+03,3.078490937171150521e-01
1.763700000000191721e+03,3.078171000531962354e-01
1.763800000000191858e+03,3.077851046352810815e-01
1.763900000000191994e+03,3.077531074637770425e-01
1.764000000000191903e+03,3.077211085389621181e-01
1.764100000000191812e+03,3.076215622215686119e-01
1.764200000000191949e+03,3.075220409830226043e-01
1.764300000000192085e+03,3.074225448185704535e-01
1.764400000000191994e+03,3.073232038320545256e-01
1.764500000000191903e+03,3.072239355583846754e-01
1.764600000000192040e+03,3.071246922303589311e-01
1.764700000000192176e+03,3.070254738432682262e-01
1.764800000000192085e+03,3.069262803924041605e-01
1.764900000000191994e+03,3.068271118730580560e-01
1.765000000000192131e+03,3.067279682805622021e-01
1.765100000000192267e+03,3.066493776645871638e-01
1.765200000000192176e+03,3.065708006421447029e-01
1.765300000000192085e+03,3.064922372117199756e-01
1.765400000000192222e+03,3.064136873717991927e-01
1.765500000000192358e+03,3.063351511208689537e-01
1.765600000000192267e+03,3.062564801204401554e-01
1.765700000000192176e+03,3.061776795390386274e-01
1.765800000000192313e+03,3.060988926919816500e-01
1.765900000000192449e+03,3.060201195777170757e-01
1.766000000000192358e+03,3.059413601946835426e-01
1.766100000000192267e+03,3.058583852886759269e-01
1.766200000000192404e+03,3.057754264966080493e-01
1.766300000000192540e+03,3.056924838161335090e-01
1.766400000000192449e+03,3.056095572449070152e-01
1.766500000000192358e+03,3.055266467805821118e-01
1.766600000000192495e+03,3.054437524208132859e-01
1.766700000000192631e+03,3.053608741632551915e-01
1.766800000000192540e+03,3.052780120055633151e-01
1.766900000000192449e+03,3.051951659453924215e-01
1.767000000000192586e+03,3.051123359804671087e-01
1.767100000000192722e+03,3.050656207128831787e-01
1.767200000000192631e+03,3.050189044319517873e-01
1.767300000000192540e+03,3.049721871386267269e-01
1.767400000000192676e+03,3.049254688338630670e-01
1.767500000000192813e+03,3.048787495186147667e-01
1.767600000000192722e+03,3.048320291938362292e-01
1.767700000000192631e+03,3.047853078604814137e-01
1.767800000000192767e+03,3.047385855195047233e-01
1.767900000000192904e+03,3.046918621718609499e-01
1.768000000000192813e+03,3.046451378185056069e-01
1.768100000000192722e+03,3.045993379203715823e-01
1.768200000000192858e+03,3.045535383227866988e-01
1.768300000000192995e+03,3.045077390259769423e-01
1.768400000000192904e+03,3.044619400301671885e-01
1.768500000000192813e+03,3.044161413355828127e-01
1.768600000000192949e+03,3.043703429424491347e-01
1.768700000000193086e+03,3.043245448509908635e-01
1.768800000000192995e+03,3.042787470614339851e-01
1.768900000000192904e+03,3.042329495740033751e-01
1.769000000000193040e+03,3.041871462030537043e-01
1.769100000000193177e+03,3.041074252351214646e-01
1.769200000000193086e+03,3.040277179557657750e-01
1.769300000000192995e+03,3.039490374633572189e-01
1.769400000000193131e+03,3.038830527946335125e-01
1.769500000000193268e+03,3.038170750396750330e-01
1.769600000000193177e+03,3.037511041983296800e-01
1.769700000000193086e+03,3.036851402704456304e-01
1.769800000000193222e+03,3.036178637691539506e-01
1.769900000000193359e+03,3.035468379820085438e-01
1.770000000000193268e+03,3.034758214405468557e-01
1.770100000000193177e+03,3.034223004567098148e-01
1.770200000000193313e+03,3.033779660683304513e-01
1.770300000000193450e+03,3.033381495483213897e-01
1.770400000000193359e+03,3.032983308683560586e-01
1.770500000000193268e+03,3.032585100287517599e-01
1.770600000000193404e+03,3.032186870298242964e-01
1.770700000000193540e+03,3.031788618718904704e-01
1.770800000000193450e+03,3.031390345552670840e-01
1.770900000000193359e+03,3.030992050802708837e-01
1.771000000000193495e+03,3.030525682613551819e-01
1.771100000000193631e+03,3.030918685933465251e-01
1.771200000000193540e+03,3.031311626660820324e-01
1.771300000000193450e+03,3.031716445644566660e-01
1.771400000000193586e+03,3.032251370894441522e-01
1.771500000000193722e+03,3.032786272431163277e-01
1.771600000000193631e+03,3.033321150194754900e-01
1.771700000000193540e+03,3.033856004125215500e-01
1.771800000000193677e+03,3.034259850707929362e-01
1.771900000000193813e+03,3.034657920156631494e-01
1.772000000000193722e+03,3.035055925624492446e-01
1.772100000000193631e+03,3.034821229462305037e-01
1.772200000000193768e+03,3.034586471002835295e-01
1.772300000000193904e+03,3.034351650244276888e-01
1.772400000000193813e+03,3.034116767184824592e-01
1.772500000000193722e+03,3.033996072733638472e-01
1.772600000000193859e+03,3.033714660742284908e-01
1.772700000000193995e+03,3.033416702816920663e-01
1.772800000000193904e+03,3.033118680140531875e-01
1.772900000000193813e+03,3.032822639413515486e-01
1.773000000000193950e+03,3.032529765703472768e-01
1.773100000000194086e+03,3.031861113117085282e-01
1.773200000000193995e+03,3.031192477225060911e-01
1.773300000000193904e+03,3.030523858061080489e-01
1.773400000000194041e+03,3.029855255658802093e-01
1.773500000000194177e+03,3.029186670051891572e-01
1.773600000000194086e+03,3.028555220480836363e-01
1.773700000000193995e+03,3.027957559828032275e-01
1.773800000000194132e+03,3.027359880337125997e-01
1.773900000000194268e+03,3.026762182046269234e-01
1.774000000000194177e+03,3.026164464994579029e-01
1.774100000000194086e+03,3.026061929307606868e-01
1.774200000000194223e+03,3.025959298235192385e-01
1.774300000000194359e+03,3.025856571769825476e-01
1.774400000000194268e+03,3.025753749903999923e-01
1.774500000000194177e+03,3.025650832630201181e-01
1.774600000000194314e+03,3.025547819940928584e-01
1.774700000000194450e+03,3.025444711828678135e-01
1.774800000000194359e+03,3.025341508285953052e-01
1.774900000000194268e+03,3.025238209305251003e-01
1.775000000000194404e+03,3.025244431142747326e-01
1.775100000000194541e+03,3.025553291751261198e-01
1.775200000000194450e+03,3.025862076272292089e-01
1.775300000000194359e+03,3.026170784660051627e-01
1.775400000000194495e+03,3.026479416868733674e-01
1.775500000000194632e+03,3.026787972852525432e-01
1.775600000000194541e+03,3.027096452565605222e-01
1.775700000000194450e+03,3.027404855962133601e-01
1.775800000000194586e+03,3.027713182996268904e-01
1.775900000000194723e+03,3.027953240804158175e-01
1.776000000000194632e+03,3.028190578965924695e-01
1.776100000000194541e+03,3.027251600429484157e-01
1.776200000000194677e+03,3.026312761225323777e-01
1.776300000000194814e+03,3.025374061374099255e-01
1.776400000000194723e+03,3.024435500896463513e-01
1.776500000000194632e+03,3.023497079813049493e-01
1.776600000000194768e+03,3.022410273231088129e-01
1.776700000000194905e+03,3.021267859783356435e-01
1.776800000000194814e+03,3.020125718776491830e-01
1.776900000000194723e+03,3.018983850197207164e-01
1.777000000000194859e+03,3.017697789009582965e-01
1.777100000000194996e+03,3.017403073488220122e-01
1.777200000000194905e+03,3.017108286668113148e-01
1.777300000000194814e+03,3.016813428556921473e-01
1.777400000000194950e+03,3.016471700758954211e-01
1.777500000000195087e+03,3.016108697964499652e-01
1.777600000000194996e+03,3.015745634142618647e-01
1.777700000000194905e+03,3.015382509306519521e-01
1.777800000000195041e+03,3.015019323469383949e-01
1.777900000000195178e+03,3.014656076644422478e-01
1.778000000000195087e+03,3.014292768844614723e-01
1.778100000000194996e+03,3.013815509937801673e-01
1.778200000000195132e+03,3.013338228608781755e-01
1.778300000000195269e+03,3.012860924870857104e-01
1.778400000000195178e+03,3.012383598737317092e-01
1.778500000000195087e+03,3.011906250221457748e-01
1.778600000000195223e+03,3.011428879336568998e-01
1.778700000000195359e+03,3.010951486095957419e-01
1.778800000000195269e+03,3.010474070512903499e-01
1.778900000000195178e+03,3.009996632600718258e-01
1.779000000000195314e+03,3.009643610912211553e-01
1.779100000000195450e+03,3.008767348142173947e-01
1.779200000000195359e+03,3.007908381125644626e-01
1.779300000000195269e+03,3.007173016046181258e-01
1.779400000000195405e+03,3.006437734255443806e-01
1.779500000000195541e+03,3.005702535757304172e-01
1.779600000000195450e+03,3.004967420555646473e-01
1.779700000000195359e+03,3.004232388654324848e-01
1.779800000000195496e+03,3.003652585120943908e-01
1.779900000000195632e+03,3.003188702838894830e-01
1.780000000000195541e+03,3.002724795688521131e-01
1.780100000000195450e+03,3.002072987809991655e-01
1.780200000000195587e+03,3.001421208984593192e-01
1.780300000000195723e+03,3.000769459228315728e-01
1.780400000000195632e+03,3.000176727588040881e-01
1.780500000000195541e+03,2.999595103856885214e-01
1.780600000000195678e+03,2.999049587534394767e-01
1.780700000000195814e+03,2.998535589348064745e-01
1.780800000000195723e+03,2.998021559335127817e-01
1.780900000000195632e+03,2.997507497516245789e-01
1.781000000000195769e+03,2.996993403912966425e-01
1.781100000000195905e+03,2.996930810774435794e-01
1.781200000000195814e+03,2.996868114854967513e-01
1.781300000000195723e+03,2.996805316133823172e-01
1.781400000000195860e+03,2.996742414590269910e-01
1.781500000000195996e+03,2.996679410203567095e-01
1.781600000000195905e+03,2.996616302952973543e-01
1.781700000000195814e+03,2.996553092817757502e-01
1.781800000000195951e+03,2.996489779777159468e-01
1.781900000000196087e+03,2.996426363810451021e-01
1.782000000000195996e+03,2.996362844898824429e-01
1.782100000000195905e+03,2.997292100631840372e-01
1.782200000000196042e+03,2.998159669622498247e-01
1.782300000000196178e+03,2.998953758321479257e-01
1.782400000000196087e+03,2.999747828830243157e-01
1.782500000000195996e+03,3.000541881016726697e-01
1.782600000000196133e+03,3.001296554432061892e-01
1.782700000000196269e+03,3.001950399660388014e-01
1.782800000000196178e+03,3.002604167303928873e-01
1.782900000000196087e+03,3.003257857242767614e-01
1.783000000000196223e+03,3.003911469353829355e-01
1.783100000000196360e+03,3.002985145303294079e-01
1.783200000000196269e+03,3.002059952529266829e-01
1.783300000000196178e+03,3.001134893106949808e-01
1.783400000000196314e+03,3.000209967042823944e-01
1.783500000000196451e+03,2.999285174343380711e-01
1.783600000000196360e+03,2.998360515015094929e-01
1.783700000000196269e+03,2.997435910149660598e-01
1.783800000000196405e+03,2.996397285865231574e-01
1.783900000000196542e+03,2.995400787600164261e-01
1.784000000000196451e+03,2.994404471889273167e-01
1.784100000000196360e+03,2.993159978191747284e-01
1.784200000000196496e+03,2.991915645791681788e-01
1.784300000000196633e+03,2.990671474741792291e-01
1.784400000000196542e+03,2.989427465094802727e-01
1.784500000000196451e+03,2.988183616903424822e-01
1.784600000000196587e+03,2.986939930220392503e-01
1.784700000000196724e+03,2.985696405098435258e-01
1.784800000000196633e+03,2.984453979921893318e-01
1.784900000000196542e+03,2.983111674475508179e-01
1.785000000000196678e+03,2.981730683278016603e-01
1.785100000000196815e+03,2.978350053529391639e-01
1.785200000000196724e+03,2.974971377702677056e-01
1.785300000000196633e+03,2.971594655193973145e-01
1.785400000000196769e+03,2.968240109769442192e-01
1.785500000000196906e+03,2.964934104959638939e-01
1.785600000000196815e+03,2.961629898689425722e-01
1.785700000000196724e+03,2.958327490490652023e-01
1.785800000000196860e+03,2.955026879895200076e-01
1.785900000000196997e+03,2.951728066435012066e-01
1.786000000000196906e+03,2.948400776147291347e-01
1.786100000000196815e+03,2.943319113432738554e-01
1.786200000000196951e+03,2.938221238991946538e-01
1.786300000000197088e+03,2.933075998405813567e-01
1.786400000000196997e+03,2.927932241153939907e-01
1.786500000000196906e+03,2.922789967701024394e-01
1.786600000000197042e+03,2.917649178511796393e-01
1.786700000000197178e+03,2.912509874051014691e-01
1.786800000000197088e+03,2.907372054783446957e-01
1.786900000000196997e+03,2.902235721173861416e-01
1.787000000000197133e+03,2.897086178314199345e-01
1.787100000000197269e+03,2.887820605369543214e-01
1.787200000000197178e+03,2.878615747624201915e-01
1.787300000000197088e+03,2.869414773630110660e-01
1.787400000000197224e+03,2.860217683858551907e-01
1.787500000000197360e+03,2.851024478780849747e-01
1.787600000000197269e+03,2.841835158868294409e-01
1.787700000000197178e+03,2.832649724592131713e-01
1.787800000000197315e+03,2.823456310422953197e-01
1.787900000000197451e+03,2.814215269037808609e-01
1.788000000000197360e+03,2.804978530025777905e-01
1.788100000000197269e+03,2.790161965738929273e-01
1.788200000000197406e+03,2.775355036568261102e-01
1.788300000000197542e+03,2.760614409445966699e-01
1.788400000000197451e+03,2.745890546508959473e-01
1.788500000000197360e+03,2.731138212623774320e-01
1.788600000000197497e+03,2.716387011993378064e-01
1.788700000000197633e+03,2.701645244868751683e-01
1.788800000000197542e+03,2.686912910070741733e-01
1.788900000000197451e+03,2.672190006420169239e-01
1.789000000000197588e+03,2.657476532725796536e-01
1.789100000000197724e+03,2.636652246340654426e-01
1.789200000000197633e+03,2.615840270707587845e-01
1.789300000000197542e+03,2.595040606432568731e-01
1.789400000000197679e+03,2.574253254121466883e-01
1.789500000000197815e+03,2.553478214380129341e-01
1.789600000000197724e+03,2.532715264807068878e-01
1.789700000000197633e+03,2.511960070836100067e-01
1.789800000000197770e+03,2.491217270238576253e-01
1.789900000000197906e+03,2.470486863549223033e-01
1.790000000000197815e+03,2.449768851290013705e-01
1.790100000000197724e+03,2.422680975140725779e-01
1.790200000000197861e+03,2.395620124560981501e-01
1.790300000000197997e+03,2.368586289107137421e-01
1.790400000000197906e+03,2.341579458337942066e-01
1.790500000000197815e+03,2.314582402552424478e-01
1.790600000000197952e+03,2.287576345163000180e-01
1.790700000000198088e+03,2.260598518940421242e-01
1.790800000000197997e+03,2.233648911535435488e-01
1.790900000000197906e+03,2.206727510602097542e-01
1.791000000000198042e+03,2.179835883285519971e-01
1.791100000000198179e+03,2.149205505850997344e-01
1.791200000000198088e+03,2.118596223357828712e-01
1.791300000000197997e+03,2.088008039013855288e-01
1.791400000000198133e+03,2.057440956026740098e-01
1.791500000000198270e+03,2.026893917942127477e-01
1.791600000000198179e+03,1.996390277896477050e-01
1.791700000000198088e+03,1.965871322360947249e-01
1.791800000000198224e+03,1.935373942245693923e-01
1.791900000000198361e+03,1.904898140309772558e-01
1.792000000000198270e+03,1.874443919308183271e-01
1.792100000000198179e+03,1.842125270973912210e-01
1.792200000000198315e+03,1.809846829065157037e-01
1.792300000000198452e+03,1.777608574515391338e-01
1.792400000000198361e+03,1.745410488263366144e-01
1.792500000000198270e+03,1.713252551252974210e-01
1.792600000000198406e+03,1.681134744433385453e-01
1.792700000000198543e+03,1.649057048759201283e-01
1.792800000000198452e+03,1.617019445190295279e-01
1.792900000000198361e+03,1.585021914691678024e-01
1.793000000000198497e+03,1.553064438237214129e-01
1.793100000000198634e+03,1.522938568800085157e-01
1.793200000000198543e+03,1.492834408363680754e-01
1.793300000000198452e+03,1.462751750315675059e-01
1.793400000000198588e+03,1.432686952542294168e-01
1.793500000000198725e+03,1.402615107308496090e-01
1.793600000000198634e+03,1.372563840547996183e-01
1.793700000000198543e+03,1.342535859884593508e-01
1.793800000000198679e+03,1.312531174325304029e-01
1.793900000000198816e+03,1.282535482825642448e-01
1.794000000000198725e+03,1.252548493306108457e-01
1.794100000000198634e+03,1.225451719622919489e-01
1.794200000000198770e+03,1.198399520634620408e-01
1.794300000000198906e+03,1.171391865841596297e-01
1.794400000000198816e+03,1.144428724756879068e-01
1.794500000000198725e+03,1.117510066906024363e-01
1.794600000000198861e+03,1.090636443120931859e-01
1.794700000000198997e+03,1.063807349281091219e-01
1.794800000000198906e+03,1.037022611942017419e-01
1.794900000000198816e+03,1.010282200767544242e-01
1.795000000000198952e+03,9.835860854431556499e-02
1.795100000000199088e+03,9.614964290571702266e-02
1.795200000000198997e+03,9.394354505817298362e-02
1.795300000000198906e+03,9.174023675153911150e-02
1.795400000000199043e+03,8.953947382394805699e-02
1.795500000000199179e+03,8.734125658070941711e-02
1.795600000000199088e+03,8.514599572792963533e-02
1.795700000000198997e+03,8.295338613144127848e-02
1.795800000000199134e+03,8.076329537475115949e-02
1.795900000000199270e+03,7.857572381085504987e-02
1.796000000000199179e+03,7.639067179350832182e-02
1.796100000000199088e+03,7.462867917495433212e-02
1.796200000000199225e+03,7.287059929744461872e-02
1.796300000000199361e+03,7.111493319941229740e-02
1.796400000000199270e+03,6.936153659272603633e-02
1.796500000000199179e+03,6.761040977738839997e-02
1.796600000000199316e+03,6.586155305336358068e-02
1.796700000000199452e+03,6.411606756584824207e-02
1.796800000000199361e+03,6.237312726120797235e-02
1.796900000000199270e+03,6.063237950629628281e-02
1.797000000000199407e+03,5.889382475341505691e-02
1.797100000000199543e+03,5.752294216176659369e-02
1.797200000000199452e+03,5.615435884324048582e-02
1.797300000000199361e+03,5.478888972495626897e-02
1.797400000000199498e+03,5.342613191185732746e-02
1.797500000000199634e+03,5.206645701348036614e-02
1.797600000000199543e+03,5.070928769670654535e-02
1.797700000000199452e+03,4.935429094590423199e-02
1.797800000000199589e+03,4.800146659036337582e-02
1.797900000000199725e+03,4.665081445934139009e-02
1.798000000000199634e+03,4.530233438268287810e-02
1.798100000000199543e+03,4.426944535037682926e-02
1.798200000000199680e+03,4.323792604075020474e-02
1.798300000000199816e+03,4.220712627629492897e-02
1.798400000000199725e+03,4.117743772160770144e-02
1.798500000000199634e+03,4.014916821082545328e-02
1.798600000000199771e+03,3.912231865392654800e-02
1.798700000000199907e+03,3.809688996111346843e-02
1.798800000000199816e+03,3.707288304280777907e-02
1.798900000000199725e+03,3.605029880964577549e-02
1.799000000000199861e+03,3.502913817294121129e-02
1.799100000000199998e+03,3.423820172372957910e-02
1.799200000000199907e+03,3.344848063223002099e-02
1.799300000000199816e+03,3.266025408326489465e-02
1.799400000000199952e+03,3.187352217721618752e-02
1.799500000000200089e+03,3.108828501445526707e-02
1.799600000000199998e+03,3.030454269533916153e-02
1.799700000000199907e+03,2.952229532020708702e-02
1.799800000000200043e+03,2.874154298938409735e-02
1.799900000000200180e+03,2.796113748842807625e-02
1.800000000000200089e+03,2.718157056164233892e-02
1.800100000000199998e+03,2.657471309588952529e-02
1.800200000000200134e+03,2.596949445558277211e-02
1.800300000000200271e+03,2.536591340816056819e-02
1.800400000000200180e+03,2.476396872160676124e-02
1.800500000000200089e+03,2.416365916444770598e-02
1.800600000000200225e+03,2.356498350575489051e-02
1.800700000000200362e+03,2.296852952750341736e-02
1.800800000000200271e+03,2.237411086740067126e-02
1.800900000000200180e+03,2.178126901725089062e-02
1.801000000000200316e+03,2.119000296275975331e-02
1.801100000000200453e+03,2.073694851726685592e-02
1.801200000000200362e+03,2.028493757521364349e-02
1.801300000000200271e+03,1.983397016827901510e-02
1.801400000000200407e+03,1.938404607932990922e-02
1.801500000000200544e+03,1.893516550980168037e-02
1.801600000000200453e+03,1.848732866111699527e-02
1.801700000000200362e+03,1.804053573468391083e-02
1.801800000000200498e+03,1.759478693189787599e-02
1.801900000000200635e+03,1.715008245414374397e-02
1.802000000000200544e+03,1.670642250298228632e-02
1.802100000000200453e+03,1.635780337920344010e-02
1.802200000000200589e+03,1.601016450709246905e-02
1.802300000000200725e+03,1.566350570974656131e-02
1.802400000000200635e+03,1.531782681027808908e-02
1.802500000000200544e+03,1.497312763181302825e-02
1.802600000000200680e+03,1.462940799749261160e-02
1.802700000000200816e+03,1.428666773047477037e-02
1.802800000000200725e+03,1.394490665393270483e-02
1.802900000000200635e+03,1.360405000038698159e-02
1.803000000000200771e+03,1.326394446503393124e-02
1.803100000000200907e+03,1.299515858822053969e-02
1.803200000000200816e+03,1.272707206642738689e-02
1.803300000000200725e+03,1.245984799555101968e-02
1.803400000000200862e+03,1.219348609485445926e-02
1.803500000000200998e+03,1.192798608365373131e-02
1.803600000000200907e+03,1.166334768131664819e-02
1.803700000000200816e+03,1.139957060726149579e-02
1.803800000000200953e+03,1.113665458095837793e-02
1.803900000000201089e+03,1.087449766774982104e-02
1.804000000000200998e+03,1.061306614785224867e-02
1.804100000000200907e+03,1.040377878283288426e-02
1.804200000000201044e+03,1.019525126758224522e-02
1.804300000000201180e+03,9.987483235571135640e-03
1.804400000000201089e+03,9.780474320378554354e-03
1.804500000000200998e+03,9.574224155690648844e-03
1.804600000000201135e+03,9.368732375301768237e-03
1.804700000000201271e+03,9.163920903826989692e-03
1.804800000000201180e+03,8.959744556489597847e-03
1.804900000000201089e+03,8.756334644604518366e-03
1.805000000000201226e+03,8.553690751705738532e-03
1.805100000000201362e+03,8.390535444370378348e-03
1.805200000000201271e+03,8.227872967791868136e-03
1.805300000000201180e+03,8.065776697985022406e-03
1.805400000000201317e+03,7.904310305720946284e-03
1.805500000000201453e+03,7.743473592046525369e-03
1.805600000000201362e+03,7.583266358028246772e-03
1.805700000000201271e+03,7.423688404751506084e-03
1.805800000000201408e+03,7.264739533321304746e-03
1.805900000000201544e+03,7.106419544862981226e-03
1.806000000000201453e+03,6.948728240577634573e-03
1.806100000000201362e+03,6.819482098784322710e-03
1.806200000000201499e+03,6.690783858852279720e-03
1.806300000000201635e+03,6.562677570816446461e-03
1.806400000000201544e+03,6.435218781667521870e-03
1.806500000000201453e+03,6.308301559097188350e-03
1.806600000000201590e+03,6.181925733278300500e-03
1.806700000000201726e+03,6.056091134406078706e-03
1.806800000000201635e+03,5.930797592697572250e-03
1.806900000000201544e+03,5.806044938391061692e-03
1.807000000000201680e+03,5.681833001787124984e-03
1.807100000000201817e+03,5.578344431635669752e-03
1.807200000000201726e+03,5.475677100669037317e-03
1.807300000000201635e+03,5.373487405760945385e-03
1.807400000000201771e+03,5.271747013540726071e-03
1.807500000000201908e+03,5.170270454816029704e-03
1.807600000000201817e+03,5.069280295513229131e-03
1.807700000000201726e+03,4.968776248162509040e-03
1.807800000000201862e+03,4.868758025392090280e-03
1.807900000000201999e+03,4.769201473664718381e-03
1.808000000000201908e+03,4.670049197897898491e-03
1.808100000000201817e+03,4.587032664231227748e-03
1.808200000000201953e+03,4.504434891711584649e-03
1.808300000000202090e+03,4.422251554575590618e-03
1.808400000000201999e+03,4.340482438806214129e-03
1.808500000000201908e+03,4.259127330447008870e-03
1.808600000000202044e+03,4.178267566795514434e-03
1.808700000000202181e+03,4.097817269764644776e-03
1.808800000000202090e+03,4.017703247207388313e-03
1.808900000000201999e+03,3.938002260264025084e-03
1.809000000000202135e+03,3.858714096093947537e-03
1.809100000000202272e+03,3.791638318731872879e-03
1.809200000000202181e+03,3.724910683854060732e-03
1.809300000000202090e+03,3.658531074374564256e-03
1.809400000000202226e+03,3.592499373224859304e-03
1.809500000000202363e+03,3.526792438747041250e-03
1.809600000000202272e+03,3.461300451941325129e-03
1.809700000000202181e+03,3.396161884516099225e-03
1.809800000000202317e+03,3.331376572445211501e-03
1.809900000000202454e+03,3.266944351741328696e-03
1.810000000000202363e+03,3.202870345682861698e-03
1.810100000000202272e+03,3.148588436054506213e-03
1.810200000000202408e+03,3.094587463071604271e-03
1.810300000000202544e+03,3.040874756322527444e-03
1.810400000000202454e+03,2.987503088644144402e-03
1.810500000000202363e+03,2.934410110112970968e-03
1.810600000000202499e+03,2.881595888074955404e-03
1.810700000000202635e+03,2.829060489848902755e-03
1.810800000000202544e+03,2.776803982726252801e-03
1.810900000000202454e+03,2.724826433970816385e-03
1.811000000000202590e+03,2.673127910830535095e-03
1.811100000000202726e+03,2.627384521836508436e-03
1.811200000000202635e+03,2.581916583769694549e-03
1.811300000000202544e+03,2.536723843156310672e-03
1.811400000000202681e+03,2.491806046658482255e-03
1.811500000000202817e+03,2.447162941074423372e-03
1.811600000000202726e+03,2.402794273338172172e-03
1.811700000000202635e+03,2.358699790519330243e-03
1.811800000000202772e+03,2.314878169903430982e-03
1.811900000000202908e+03,2.271321313850280157e-03
1.812000000000202817e+03,2.228135945964799559e-03
1.812100000000202726e+03,2.191092613668263727e-03
1.812200000000202863e+03,2.154257579033817555e-03
1.812300000000202999e+03,2.117630844603790672e-03
1.812400000000202908e+03,2.081212412909996812e-03
1.812500000000202817e+03,2.045002286473576823e-03
1.812600000000202954e+03,2.009000467805157394e-03
1.812700000000203090e+03,1.973206959405013686e-03
1.812800000000202999e+03,1.937621763762920144e-03
1.812900000000202908e+03,1.902244883357973124e-03
1.813000000000203045e+03,1.867076320667154571e-03
1.813100000000203181e+03,1.836265423155753395e-03
1.813200000000203090e+03,1.805643431312268241e-03
1.813300000000202999e+03,1.775197742374882981e-03
1.813400000000203136e+03,1.744928345460575268e-03
1.813500000000203272e+03,1.714835229681986378e-03
1.813600000000203181e+03,1.684954588344509839e-03
1.813700000000203090e+03,1.655250731655821903e-03
1.813800000000203227e+03,1.625721793371973697e-03
1.813900000000203363e+03,1.596367774464198730e-03
1.814000000000203272e+03,1.567189204344599483e-03
1.814100000000203181e+03,1.541341858678365500e-03
1.814200000000203318e+03,1.515645822983046655e-03
1.814300000000203454e+03,1.490101044721938795e-03
1.814400000000203363e+03,1.464707471366785219e-03
1.814500000000203272e+03,1.439465050397676065e-03
1.814600000000203408e+03,1.414373729303152393e-03
1.814700000000203545e+03,1.389433455580323714e-03
1.814800000000203454e+03,1.364644176734752194e-03
1.814900000000203363e+03,1.340005840280339899e-03
1.815000000000203499e+03,1.315518393745416159e-03
1.815100000000203636e+03,1.294099011456800296e-03
1.815200000000203545e+03,1.272848093370883109e-03
1.815300000000203454e+03,1.251725247556529502e-03
1.815400000000203590e+03,1.230743049928643756e-03
1.815500000000203727e+03,1.209876196526580953e-03
1.815600000000203636e+03,1.189124711687867880e-03
1.815700000000203545e+03,1.168488619750468254e-03
1.815800000000203681e+03,1.147967945052871851e-03
1.815900000000203818e+03,1.127562711934191209e-03
1.816000000000203727e+03,1.107293840340573682e-03
1.816100000000203636e+03,1.089388927932749681e-03
1.816200000000203772e+03,1.071577545950883666e-03
1.816300000000203909e+03,1.053859700915370972e-03
1.816400000000203818e+03,1.036232659603933534e-03
1.816500000000203727e+03,1.018643273445485721e-03
1.816600000000203863e+03,1.001143412369239144e-03
1.816700000000204000e+03,9.837393179691800334e-04
1.816800000000203909e+03,9.664831576441363205e-04
1.816900000000203818e+03,9.493339014480395993e-04
1.817000000000203954e+03,9.322780648603002165e-04
1.817100000000204091e+03,9.173504278071586667e-04
1.817200000000204000e+03,9.024920793385402592e-04
1.817300000000203909e+03,8.877030507075955607e-04
1.817400000000204045e+03,8.729833731703541284e-04
1.817500000000204182e+03,8.583330779857924892e-04
1.817600000000204091e+03,8.438224341598844075e-04
1.817700000000204000e+03,8.294265881134940720e-04
1.817800000000204136e+03,8.150961736538684830e-04
1.817900000000204273e+03,8.008312504772334677e-04
1.818000000000204182e+03,7.866318783122625306e-04
1.818100000000204091e+03,7.739552639645067185e-04
1.818200000000204227e+03,7.613350097518834653e-04
1.818300000000204363e+03,7.487711110531078624e-04
1.818400000000204273e+03,7.361918102340025841e-04
1.818500000000204182e+03,7.236439006745554962e-04
1.818600000000204318e+03,7.111556982826222530e-04
1.818700000000204454e+03,6.987220789508484997e-04
1.818800000000204363e+03,6.863371897633481272e-04
1.818900000000204273e+03,6.740125004859062827e-04
1.819000000000204409e+03,6.617479784720202776e-04
1.819100000000204545e+03,6.511512359990028788e-04
1.819200000000204454e+03,6.405646900958030269e-04
1.819300000000204363e+03,6.300062627572707062e-04
1.819400000000204500e+03,6.194888494818971128e-04
1.819500000000204636e+03,6.090115840251998517e-04
1.819600000000204545e+03,5.985661984718180020e-04
1.819700000000204454e+03,5.881621635313021446e-04
1.819800000000204591e+03,5.777990605681441842e-04
1.819900000000204727e+03,5.674644015819872277e-04
1.820000000000204636e+03,5.571715589092512055e-04
1.820100000000204545e+03,5.483158772950934073e-04
1.820200000000204682e+03,5.394863796834297072e-04
1.820300000000204818e+03,5.306830750295269718e-04
1.820400000000204727e+03,5.219059722878793568e-04
1.820500000000204636e+03,5.131550804121706852e-04
1.820600000000204773e+03,5.044304083553100091e-04
1.820700000000204909e+03,4.957319650694758453e-04
1.820800000000204818e+03,4.870597595060708555e-04
1.820900000000204727e+03,4.784138006156849832e-04
1.821000000000204864e+03,4.697775590013023852e-04
1.821100000000205000e+03,4.621402762908592135e-04
1.821200000000204909e+03,4.545255345501469880e-04
1.821300000000204818e+03,4.469333181490632990e-04
1.821400000000204955e+03,4.393636114643513892e-04
1.821500000000205091e+03,4.318163988796283430e-04
1.821600000000205000e+03,4.243079195810308584e-04
1.821700000000204909e+03,4.168335780402253571e-04
1.821800000000205046e+03,4.093806743686147567e-04
1.821900000000205182e+03,4.019491973960670180e-04
1.822000000000205091e+03,3.945391359579910251e-04
1.822100000000205000e+03,3.881804982861200072e-04
1.822200000000205137e+03,3.818298934308959761e-04
1.822300000000205273e+03,3.754922270951874383e-04
1.822400000000205182e+03,3.691674958940943945e-04
1.822500000000205091e+03,3.628556964430974005e-04
1.822600000000205227e+03,3.565568253580846721e-04
1.822700000000205364e+03,3.502708792553835813e-04
1.822800000000205273e+03,3.439978547517293767e-04
1.822900000000205182e+03,3.377377484642381331e-04
1.823000000000205318e+03,3.314905570121893423e-04
1.823100000000205455e+03,3.261093217183501933e-04
1.823200000000205364e+03,3.207368644385723863e-04
1.823300000000205273e+03,3.153731813974621325e-04
1.823400000000205409e+03,3.100182688205989313e-04
1.823500000000205546e+03,3.046721229345593146e-04
1.823600000000205455e+03,2.993347399668927771e-04
1.823700000000205364e+03,2.940061161460976531e-04
1.823800000000205500e+03,2.886863971882705211e-04
1.823900000000205637e+03,2.833755729287578112e-04
1.824000000000205546e+03,2.780734854626853427e-04
1.824100000000205455e+03,2.736041247004083565e-04
1.824200000000205591e+03,2.691385139756327085e-04
1.824300000000205728e+03,2.646766538446583051e-04
1.824400000000205637e+03,2.602185448636124476e-04
1.824500000000205546e+03,2.557641875884298830e-04
1.824600000000205682e+03,2.513135825748722654e-04
1.824700000000205819e+03,2.468667303785508161e-04
1.824800000000205728e+03,2.424236315549023891e-04
1.824900000000205637e+03,2.379842866591725043e-04
1.825000000000205773e+03,2.335486962477657477e-04
1.825100000000205910e+03,2.297635481896401818e-04
1.825200000000205819e+03,2.259810109357734357e-04
1.825300000000205728e+03,2.222010844117576088e-04
1.825400000000205864e+03,2.184237685431121589e-04
1.825500000000206001e+03,2.146522338605300257e-04
1.825600000000205910e+03,2.108850367032592040e-04
1.825700000000205819e+03,2.071202732360651034e-04
1.825800000000205955e+03,2.033579435515244405e-04
1.825900000000206091e+03,1.995980477421749008e-04
1.826000000000206001e+03,1.958405859015670855e-04
1.826100000000205910e+03,1.926064175390405388e-04
1.826200000000206046e+03,1.893757061513162492e-04
1.826300000000206182e+03,1.861484498512565539e-04
1.826400000000206091e+03,1.829246467523866439e-04
1.826500000000206001e+03,1.797042949688785725e-04
1.826600000000206137e+03,1.764902829185457001e-04
1.826700000000206273e+03,1.732849224974632955e-04
1.826800000000206182e+03,1.700827118434618907e-04
1.826900000000206091e+03,1.668836439226983870e-04
1.827000000000206228e+03,1.636877173111235648e-04
1.827100000000206364e+03,1.610010334325197453e-04
1.827200000000206273e+03,1.583165807767840665e-04
1.827300000000206182e+03,1.556343588735555278e-04
1.827400000000206319e+03,1.529543672525184213e-04
1.827500000000206455e+03,1.502766054434151249e-04
1.827600000000206364e+03,1.476010729760330112e-04
1.827700000000206273e+03,1.449277693801929274e-04
1.827800000000206410e+03,1.422566941857614470e-04
1.827900000000206546e+03,1.395878469226621453e-04
1.828000000000206455e+03,1.369204323691970151e-04
1.828100000000206364e+03,1.346816673527580091e-04
1.828200000000206501e+03,1.324447235361360961e-04
1.828300000000206637e+03,1.302096014173109446e-04
1.828400000000206546e+03,1.279763014942577779e-04
1.828500000000206455e+03,1.257448242649386735e-04
1.828600000000206592e+03,1.235151702273119139e-04
1.828700000000206728e+03,1.212873398793426938e-04
1.828800000000206637e+03,1.190619211804071318e-04
1.828900000000206546e+03,1.168425280709956264e-04
1.829000000000206683e+03,1.146253488204914068e-04
1.829100000000206819e+03,1.127419510430724571e-04
1.829200000000206728e+03,1.108607757680456332e-04
1.829300000000206637e+03,1.089818240987768552e-04
1.829400000000206774e+03,1.071050971388266170e-04
1.829500000000206910e+03,1.052305959919584970e-04
1.829600000000206819e+03,1.033579017796725348e-04
1.829700000000206728e+03,1.014855729872830224e-04
1.829800000000206865e+03,9.961555764342603834e-05
1.829900000000207001e+03,9.774785669975711222e-05
1.830000000000206910e+03,9.588247110852872175e-05
1.830100000000206819e+03,9.426084907297580971e-05
1.830200000000206956e+03,9.264317214970302188e-05
1.830300000000207092e+03,9.102943872399209789e-05
1.830400000000207001e+03,8.941936167876926925e-05
1.830500000000206910e+03,8.781153378796226682e-05
1.830600000000207046e+03,8.620771684234913466e-05
1.830700000000207183e+03,8.460790896187355434e-05
1.830800000000207092e+03,8.301210826692580387e-05
1.830900000000207001e+03,8.142031287833572393e-05
1.831000000000207137e+03,7.983252091782195702e-05
1.831100000000207274e+03,7.846117417590353789e-05
1.831200000000207183e+03,7.709064465248329997e-05
1.831300000000207092e+03,7.572932097526690655e-05
1.831400000000207228e+03,7.437243624574646191e-05
1.831500000000207365e+03,7.301998944054567675e-05
1.831600000000207274e+03,7.167197953637452360e-05
1.831700000000207183e+03,7.032840551002315173e-05
1.831800000000207319e+03,6.898926633836766054e-05
1.831900000000207456e+03,6.765456099837686228e-05
1.832000000000207365e+03,6.632419220587766227e-05
1.832100000000207274e+03,6.516535632628434613e-05
1.832200000000207410e+03,6.401139404262222899e-05
1.832300000000207547e+03,6.285952865528440022e-05
1.832400000000207456e+03,6.171248922572916337e-05
1.832500000000207365e+03,6.057043150116798541e-05
1.832600000000207501e+03,5.943335550140516071e-05
1.832700000000207638e+03,5.830126124598785834e-05
1.832800000000207547e+03,5.717414875420063326e-05
1.832900000000207456e+03,5.605201804506043222e-05
1.833000000000207592e+03,5.493486913753090669e-05
1.833100000000207729e+03,5.392393287853524916e-05
1.833200000000207638e+03,5.291906911324164545e-05
1.833300000000207547e+03,5.192027493827162341e-05
1.833400000000207683e+03,5.092674957201904432e-05
1.833500000000207820e+03,4.993892765097770288e-05
1.833600000000207729e+03,4.895721255615176934e-05
1.833700000000207638e+03,4.798053200499715557e-05
1.833800000000207774e+03,4.700998120003078127e-05
1.833900000000207910e+03,4.604557061592638034e-05
1.834000000000207820e+03,4.508729651768049636e-05
1.834100000000207729e+03,4.422412439439206698e-05
1.834200000000207865e+03,4.336719980315617746e-05
1.834300000000208001e+03,4.251652462426180244e-05
1.834400000000207910e+03,4.167210073736365153e-05
1.834500000000207820e+03,4.083167829060249340e-05
1.834600000000207956e+03,3.999804043830614491e-05
1.834700000000208092e+03,3.917073219690294088e-05
1.834800000000208001e+03,3.834975461088421800e-05
1.834900000000207910e+03,3.753510872381023400e-05
1.835000000000208047e+03,3.672679557837320048e-05
1.835100000000208183e+03,3.595446827736707978e-05
1.835200000000208092e+03,3.518981619359891789e-05
1.835300000000208001e+03,3.443265850447342798e-05
1.835400000000208138e+03,3.368298801523525270e-05
1.835500000000208274e+03,3.294079753506379412e-05
1.835600000000208183e+03,3.220599956103229318e-05
1.835700000000208092e+03,3.147800899216187265e-05
1.835800000000208229e+03,3.075751068908506581e-05
1.835900000000208365e+03,3.004446158184123961e-05
1.836000000000208274e+03,2.933886970386415181e-05
1.836100000000208183e+03,2.867213391780640204e-05
1.836200000000208320e+03,2.801309700989475731e-05
1.836300000000208456e+03,2.736150113550497826e-05
1.836400000000208365e+03,2.671734407834778580e-05
1.836500000000208274e+03,2.608062362218900877e-05
1.836600000000208411e+03,2.545133755085263332e-05
1.836700000000208547e+03,2.482948364822376409e-05
1.836800000000208456e+03,2.421458922448865763e-05
1.836900000000208365e+03,2.360704928056233705e-05
1.837000000000208502e+03,2.300696289625818008e-05
1.837100000000208638e+03,2.242944963576914370e-05
1.837200000000208547e+03,2.185929043602887674e-05
1.837300000000208456e+03,2.129648438192623236e-05
1.837400000000208593e+03,2.074103055782134574e-05
1.837500000000208729e+03,2.019292804754819890e-05
1.837600000000208638e+03,1.965217593441204237e-05
1.837700000000208547e+03,1.911911622839948831e-05
1.837800000000208684e+03,1.859347263533176067e-05
1.837900000000208820e+03,1.807306471261567238e-05
1.838000000000208729e+03,1.755840724235378545e-05
1.838100000000208638e+03,1.706207688132251624e-05
1.838200000000208775e+03,1.657293177196510629e-05
1.838300000000208911e+03,1.609096567257031974e-05
1.838400000000208820e+03,1.561617234321623378e-05
1.838500000000208729e+03,1.514932109120069123e-05
1.838600000000208865e+03,1.468982621682795328e-05
1.838700000000209002e+03,1.423742438425420199e-05
1.838800000000208911e+03,1.379211080922305023e-05
1.838900000000208820e+03,1.335388070770956263e-05
1.839000000000208956e+03,1.292305231971231525e-05
1.839100000000209093e+03,1.251966820510685186e-05
1.839200000000209002e+03,1.212241364699249638e-05
1.839300000000208911e+03,1.173014669182408746e-05
1.839400000000209047e+03,1.134364456739855155e-05
1.839500000000209184e+03,1.096336710262508937e-05
1.839600000000209093e+03,1.058931569867881768e-05
1.839700000000209002e+03,1.022148239296817556e-05
1.839800000000209138e+03,9.859858395456510302e-06
1.839900000000209275e+03,9.504438838081891641e-06
1.840000000000209184e+03,9.155218854399353189e-06
1.840100000000209093e+03,8.840184250440769599e-06
1.840200000000209229e+03,8.530715600661871716e-06
1.840300000000209366e+03,8.226311230357689086e-06
1.840400000000209275e+03,7.926956268278516132e-06
1.840500000000209184e+03,7.632645376029980572e-06
1.840600000000209320e+03,7.343373218480016018e-06
1.840700000000209457e+03,7.059134463758733222e-06
1.840800000000209366e+03,6.779923783255729057e-06
1.840900000000209275e+03,6.505641808053902696e-06
1.841000000000209411e+03,6.236334295580959896e-06
1.841100000000209548e+03,6.008065307831827602e-06
1.841200000000209457e+03,5.783528713672228274e-06
1.841300000000209366e+03,5.563089781516579381e-06
1.841400000000209502e+03,5.346493908301710490e-06
1.841500000000209639e+03,5.133575824740377775e-06
1.841600000000209548e+03,4.924331703177115364e-06
1.841700000000209457e+03,4.718885964348756659e-06
1.841800000000209593e+03,4.517176985518230403e-06
1.841900000000209729e+03,4.319112699909422302e-06
1.842000000000209639e+03,4.124689782206619362e-06
1.842100000000209548e+03,3.971349544080087530e-06
1.842200000000209684e+03,3.820408795250448709e-06
1.842300000000209820e+03,3.671866443625472717e-06
1.842400000000209729e+03,3.525792044703615577e-06
1.842500000000209639e+03,3.382114076560432584e-06
1.842600000000209775e+03,3.240761687209823609e-06
1.842700000000209911e+03,3.101803207966263828e-06
1.842800000000209820e+03,2.965237125826388526e-06
1.842900000000209729e+03,2.831062367415142128e-06
1.843000000000209866e+03,2.699277859622859726e-06
1.843100000000210002e+03,2.601460678505873779e-06
1.843200000000209911e+03,2.505117768875292539e-06
1.843300000000209820e+03,2.410105650001259084e-06
1.843400000000209957e+03,2.316452904171698256e-06
1.843500000000210093e+03,2.224217589339491636e-06
1.843600000000210002e+03,2.133048757185808850e-06
1.843700000000209911e+03,2.043412775987225013e-06
1.843800000000210048e+03,1.955307431977194491e-06
1.843900000000210184e+03,1.868730513138587759e-06
1.844000000000210093e+03,1.783679809252917146e-06
1.844100000000210002e+03,1.723845389679103713e-06
1.844200000000210139e+03,1.664867040052685887e-06
1.844300000000210275e+03,1.606764334584639102e-06
1.844400000000210184e+03,1.549548977447184741e-06
1.844500000000210093e+03,1.493218515614132437e-06
1.844600000000210230e+03,1.437758285297263040e-06
1.844700000000210366e+03,1.383167144161559868e-06
1.844800000000210275e+03,1.329444072388115499e-06
1.844900000000210184e+03,1.276588058944593641e-06
1.845000000000210321e+03,1.224597681478584043e-06
1.845100000000210457e+03,1.189359593602011789e-06
1.845200000000210366e+03,1.154588646718520291e-06
1.845300000000210275e+03,1.120284268399866884e-06
1.845400000000210412e+03,1.086445886546504066e-06
1.845500000000210548e+03,1.053072929387665463e-06
1.845600000000210457e+03,1.020155391282005069e-06
1.845700000000210366e+03,9.877050351065953216e-07
1.845800000000210503e+03,9.557448420043902202e-07
1.845900000000210639e+03,9.242556309883259531e-07
1.846000000000210548e+03,8.932271264990952273e-07
1.846100000000210457e+03,8.721404343926408644e-07
1.846200000000210593e+03,8.513053755614544349e-07
1.846300000000210730e+03,8.307214844853093799e-07
1.846400000000210639e+03,8.103882961671931918e-07
1.846500000000210548e+03,7.903782442549475437e-07
1.846600000000210684e+03,7.707354774032753863e-07
1.846700000000210821e+03,7.513323341506300806e-07
1.846800000000210730e+03,7.321685330245527818e-07
1.846900000000210639e+03,7.133257111071837625e-07
1.847000000000210775e+03,6.949010596693740720e-07
1.847100000000210912e+03,6.822993249866639973e-07
1.847200000000210821e+03,6.698112560666229435e-07
1.847300000000210730e+03,6.575158721607745116e-07
1.847400000000210866e+03,6.454878423643762613e-07
1.847500000000211003e+03,6.335647861969110334e-07
1.847600000000210912e+03,6.217468425122426435e-07
1.847700000000210821e+03,6.100341502455387411e-07
1.847800000000210957e+03,5.984268484133483132e-07
1.847900000000211094e+03,5.869250761136659526e-07
1.848000000000211003e+03,5.755298952650228008e-07
1.848100000000210912e+03,5.673484468829400858e-07
1.848200000000211048e+03,5.592197880782045132e-07
1.848300000000211185e+03,5.511440387612680893e-07
1.848400000000211094e+03,5.431213189873421274e-07
1.848500000000211003e+03,5.351517489564865040e-07
1.848600000000211139e+03,5.272354490137640307e-07
1.848700000000211276e+03,5.193725396494004374e-07
1.848800000000211185e+03,5.115631414988672754e-07
1.848900000000211094e+03,5.038015828272384949e-07
1.849000000000211230e+03,4.960772071347828593e-07
1.849100000000211367e+03,4.898954615812308437e-07
1.849200000000211276e+03,4.836971519963192867e-07
1.849300000000211185e+03,4.775171558656112982e-07
1.849400000000211321e+03,4.713734600714589513e-07
1.849500000000211458e+03,4.652661165323793476e-07
1.849600000000211367e+03,4.591951772042908046e-07
1.849700000000211276e+03,4.531606940805042270e-07
1.849800000000211412e+03,4.471627191917687407e-07
1.849900000000211548e+03,4.412013046063128794e-07
1.850000000000211458e+03,4.352765024313824788e-07
1.850100000000211367e+03,4.301147787722283963e-07
1.850200000000211503e+03,4.249815937303272053e-07
1.850300000000211639e+03,4.198632074275722680e-07
1.850400000000211548e+03,4.147579094937296036e-07
1.850500000000211458e+03,4.096721397414619555e-07
1.850600000000211594e+03,4.045708450630984194e-07
1.850700000000211730e+03,3.995003251737868201e-07
1.850800000000211639e+03,3.944605923104340579e-07
1.850900000000211548e+03,3.894516587103674261e-07
1.851000000000211685e+03,3.844735366123967375e-07
1.851100000000211821e+03,3.800156094259934535e-07
1.851200000000211730e+03,3.755821830511355476e-07
1.851300000000211639e+03,3.711651688928144454e-07
1.851400000000211776e+03,3.667245148848288350e-07
1.851500000000211912e+03,3.623168041124033680e-07
1.851600000000211821e+03,3.579348604661536012e-07
1.851700000000211730e+03,3.535786975030609723e-07
1.851800000000211867e+03,3.492483287833091270e-07
1.851900000000212003e+03,3.449437678703020244e-07
1.852000000000211912e+03,3.406650283311168349e-07
1.852100000000211821e+03,3.366333527621843340e-07
1.852200000000211958e+03,3.326257706706647954e-07
1.852300000000212094e+03,3.286422803691500036e-07
1.852400000000212003e+03,3.246828801698575662e-07
1.852500000000211912e+03,3.207475683846123852e-07
1.852600000000212049e+03,3.168431025106726167e-07
1.852700000000212185e+03,3.129632870627142435e-07
1.852800000000212094e+03,3.091073727143542251e-07
1.852900000000212003e+03,3.052745172419272281e-07
1.853000000000212140e+03,3.014528018131506092e-07
1.853100000000212276e+03,2.979364339451992062e-07
1.853200000000212185e+03,2.944410294307339440e-07
1.853300000000212094e+03,2.909665812033411674e-07
1.853400000000212231e+03,2.875130821973231226e-07
1.853500000000212367e+03,2.840805253477151100e-07
1.853600000000212276e+03,2.806689035902700258e-07
1.853700000000212185e+03,2.773234615990199062e-07
1.853800000000212322e+03,2.740430251482051949e-07
1.853900000000212458e+03,2.707813298458845792e-07
1.854000000000212367e+03,2.675383884132246539e-07
1.854100000000212276e+03,2.646708811367994935e-07
1.854200000000212412e+03,2.618178349354676626e-07
1.854300000000212549e+03,2.589795441362254970e-07
1.854400000000212458e+03,2.561559191245947398e-07
1.854500000000212367e+03,2.533467865580094403e-07
1.854600000000212503e+03,2.504798085420752470e-07
1.854700000000212640e+03,2.476278035976497971e-07
1.854800000000212549e+03,2.447899963374400283e-07
1.854900000000212458e+03,2.419646332829309233e-07
1.855000000000212594e+03,2.391555741034366103e-07
1.855100000000212731e+03,2.367573835531740238e-07
1.855200000000212640e+03,2.343711654089870704e-07
1.855300000000212549e+03,2.319969201288467977e-07
1.855400000000212685e+03,2.296591742401250538e-07
1.855500000000212822e+03,2.273343097554931158e-07
1.855600000000212731e+03,2.250208984022645635e-07
1.855700000000212640e+03,2.227189444970072816e-07
1.855800000000212776e+03,2.204284523551016411e-07
1.855900000000212913e+03,2.181491153423994606e-07
1.856000000000212822e+03,2.158764645265090188e-07
1.856100000000212731e+03,2.140686628674972376e-07
1.856200000000212867e+03,2.122680465749558135e-07
1.856300000000213004e+03,2.104744811151988172e-07
1.856400000000212913e+03,2.086881443664994188e-07
1.856500000000212822e+03,2.069090411020646973e-07
1.856600000000212958e+03,2.051371760956819492e-07
1.856700000000213095e+03,2.033725541217249616e-07
1.856800000000213004e+03,2.016151799551471572e-07
1.856900000000212913e+03,1.998650583714712177e-07
1.857000000000213049e+03,1.981221941477335520e-07
1.857100000000213186e+03,1.967661487300518845e-07
1.857200000000213095e+03,1.953986139209846549e-07
1.857300000000213004e+03,1.940360423687403333e-07
1.857400000000213140e+03,1.926784314678302215e-07
1.857500000000213277e+03,1.913257786132610297e-07
1.857600000000213186e+03,1.899780812005289472e-07
1.857700000000213095e+03,1.886353366256134221e-07
1.857800000000213231e+03,1.873186301656117156e-07
1.857900000000213367e+03,1.860108765629853559e-07
1.858000000000213277e+03,1.847077125791113202e-07
1.858100000000213186e+03,1.838113933704458627e-07
1.858200000000213322e+03,1.829170579873221085e-07
1.858300000000213458e+03,1.820247052006289177e-07
1.858400000000213367e+03,1.811343337816938079e-07
1.858500000000213277e+03,1.802459425022798038e-07
1.858600000000213413e+03,1.793819934077007131e-07
1.858700000000213549e+03,1.785257092821702294e-07
1.858800000000213458e+03,1.776711253572890123e-07
1.858900000000213367e+03,1.768182413007565870e-07
1.859000000000213504e+03,1.759670567810481754e-07
1.859100000000213640e+03,1.755470979339286128e-07
1.859200000000213549e+03,1.751265106149651894e-07
1.859300000000213458e+03,1.747062002074777694e-07
1.859400000000213595e+03,1.742884708524119932e-07
1.859500000000213731e+03,1.738700931477281851e-07
1.859600000000213640e+03,1.734510669238888626e-07
1.859700000000213549e+03,1.730313920113775867e-07
1.859800000000213686e+03,1.726110682406996765e-07
1.859900000000213822e+03,1.721900954423854122e-07
1.860000000000213731e+03,1.717684734477783578e-07
1.860100000000213640e+03,1.717155529217657278e-07
1.860200000000213777e+03,1.716634088972267079e-07
1.860300000000213913e+03,1.716103789535527477e-07
1.860400000000213822e+03,1.715553514649534902e-07
1.860500000000213731e+03,1.715211646911273785e-07
1.860600000000213868e+03,1.714864475258424324e-07
1.860700000000214004e+03,1.714497161929024815e-07
1.860800000000213913e+03,1.714109687502684743e-07
1.860900000000213822e+03,1.713702032548542678e-07
1.861000000000213959e+03,1.713091270888861814e-07
1.861100000000214095e+03,1.715063062920750909e-07
1.861200000000214004e+03,1.717006969164127996e-07
1.861300000000213913e+03,1.718922987842155651e-07
1.861400000000214050e+03,1.720811117178485873e-07
1.861500000000214186e+03,1.722671355397237857e-07
1.861600000000214095e+03,1.724745589029286504e-07
1.861700000000214004e+03,1.726917903593083865e-07
1.861800000000214141e+03,1.729013393932023884e-07
1.861900000000214277e+03,1.731053234330451122e-07
1.862000000000214186e+03,1.733065753996120109e-07
1.862100000000214095e+03,1.737556491265125845e-07
1.862200000000214231e+03,1.742018695731227299e-07
1.862300000000214368e+03,1.746452340811734057e-07
1.862400000000214277e+03,1.750857399912283850e-07
1.862500000000214186e+03,1.755233846426873533e-07
1.862600000000214322e+03,1.759486572435098849e-07
1.862700000000214459e+03,1.763661874729732939e-07
1.862800000000214368e+03,1.767833729331404654e-07
1.862900000000214277e+03,1.771976293570508575e-07
1.863000000000214413e+03,1.776087869840837553e-07
1.863100000000214550e+03,1.781286568841085217e-07
1.863200000000214459e+03,1.786454079075134455e-07
1.863300000000214368e+03,1.791590404156832809e-07
1.863400000000214504e+03,1.796740974976123012e-07
1.863500000000214641e+03,1.801896499622432699e-07
1.863600000000214550e+03,1.807021591973604702e-07
1.863700000000214459e+03,1.812117420179920506e-07
1.863800000000214595e+03,1.817178339905014186e-07
1.863900000000214732e+03,1.822169775022644309e-07
1.864000000000214641e+03,1.827130279157862360e-07
1.864100000000214550e+03,1.833474376360594907e-07
1.864200000000214686e+03,1.839836742494358474e-07
1.864300000000214823e+03,1.846214317815417604e-07
1.864400000000214732e+03,1.852567375803748536e-07
1.864500000000214641e+03,1.858895891914400839e-07
1.864600000000214777e+03,1.865199841591112482e-07
1.864700000000214914e+03,1.871479200266266431e-07
1.864800000000214823e+03,1.877733943360923468e-07
1.864900000000214732e+03,1.883964046284843101e-07
1.865000000000214868e+03,1.890272505670449851e-07
1.865100000000215005e+03,1.896844378059940322e-07
1.865200000000214914e+03,1.903395993458149620e-07
1.865300000000214823e+03,1.909927321771966743e-07
1.865400000000214959e+03,1.916438332885374275e-07
1.865500000000215095e+03,1.922930226306636091e-07
1.865600000000215005e+03,1.929402372940448327e-07
1.865700000000214914e+03,1.935854124284757804e-07
1.865800000000215050e+03,1.942460713778001969e-07
1.865900000000215186e+03,1.949268465799783412e-07
1.866000000000215095e+03,1.956058358957116611e-07
1.866100000000215005e+03,1.962164110376501349e-07
1.866200000000215141e+03,1.968189119602945452e-07
1.866300000000215277e+03,1.974197266840720823e-07
1.866400000000215186e+03,1.980188526158466469e-07
1.866500000000215095e+03,1.986162871606328025e-07
1.866600000000215232e+03,1.992138498484363298e-07
1.866700000000215368e+03,1.998124095711661921e-07
1.866800000000215277e+03,2.004092960209305744e-07
1.866900000000215186e+03,2.010045064730593781e-07
1.867000000000215323e+03,2.015980382006113976e-07
1.867100000000215459e+03,2.020860053246891614e-07
1.867200000000215368e+03,2.025700283577181493e-07
1.867300000000215277e+03,2.030454476438279263e-07
1.867400000000215414e+03,2.035193261497893615e-07
1.867500000000215550e+03,2.039916618644611322e-07
1.867600000000215459e+03,2.044624527755676590e-07
1.867700000000215368e+03,2.049316968697015150e-07
1.867800000000215505e+03,2.053993921323200370e-07
1.867900000000215641e+03,2.058655675183203876e-07
1.868000000000215550e+03,2.063335181920142943e-07
1.868100000000215459e+03,2.067309157962842481e-07
1.868200000000215596e+03,2.071287832342649693e-07
1.868300000000215732e+03,2.075287350366838553e-07
1.868400000000215641e+03,2.078894203086330553e-07
1.868500000000215550e+03,2.082480078823581108e-07
1.868600000000215687e+03,2.086053985056397278e-07
1.868700000000215823e+03,2.089615899051535225e-07
1.868800000000215732e+03,2.093165798055643870e-07
1.868900000000215641e+03,2.096703659295274428e-07
1.869000000000215778e+03,2.100243145959695786e-07
1.869100000000215914e+03,2.101240448571764416e-07
1.869200000000215823e+03,2.102226363137323933e-07
1.869300000000215732e+03,2.103200883897933606e-07
1.869400000000215869e+03,2.104164005097043969e-07
1.869500000000216005e+03,2.105012225043551521e-07
1.869600000000215914e+03,2.105803835645591689e-07
1.869700000000215823e+03,2.106583898865561276e-07
1.869800000000215960e+03,2.107340521453839836e-07
1.869900000000216096e+03,2.108050058941079206e-07
1.870000000000216005e+03,2.108748017687274579e-07
1.870100000000215914e+03,2.107592595093464029e-07
1.870200000000216050e+03,2.106429488225766830e-07
1.870300000000216187e+03,2.105258694502733080e-07
1.870400000000216096e+03,2.104080211344373741e-07
1.870500000000216005e+03,2.102894036172159058e-07
1.870600000000216141e+03,2.101467432871566660e-07
1.870700000000216278e+03,2.099360371041142821e-07
1.870800000000216187e+03,2.097247097993749133e-07
1.870900000000216096e+03,2.095127620084331543e-07
1.871000000000216232e+03,2.093001943660626428e-07
1.871100000000216369e+03,2.088972765181392022e-07
1.871200000000216278e+03,2.084943682275008195e-07
1.871300000000216187e+03,2.080914695914391549e-07
1.871400000000216323e+03,2.076869596297221272e-07
1.871500000000216460e+03,2.072747658082098566e-07
1.871600000000216369e+03,2.068626184311066116e-07
1.871700000000216278e+03,2.064458894500919625e-07
1.871800000000216414e+03,2.059998629967090629e-07
1.871900000000216551e+03,2.055540175741591104e-07
1.872000000000216460e+03,2.051083532626564427e-07
1.872100000000216369e+03,2.044739599904354319e-07
1.872200000000216505e+03,2.038373723152365729e-07
1.872300000000216642e+03,2.031819481744956651e-07
1.872400000000216551e+03,2.025275653567344728e-07
1.872500000000216460e+03,2.018742228781799729e-07
1.872600000000216596e+03,2.012219197556402338e-07
1.872700000000216733e+03,2.005706550065082793e-07
1.872800000000216642e+03,1.999204276487571390e-07
1.872900000000216551e+03,1.992833075749997404e-07
1.873000000000216687e+03,1.986453004838545407e-07
1.873100000000216824e+03,1.977433084281005413e-07
1.873200000000216733e+03,1.968438753489002912e-07
1.873300000000216642e+03,1.959469967420879338e-07
1.873400000000216778e+03,1.950526681092525393e-07
1.873500000000216914e+03,1.941608849577352202e-07
1.873600000000216824e+03,1.932716428006204752e-07
1.873700000000216733e+03,1.923849371567265806e-07
1.873800000000216869e+03,1.915002645528590588e-07
1.873900000000217005e+03,1.906100379791680615e-07
1.874000000000216914e+03,1.897278223113637588e-07
1.874100000000216824e+03,1.887294355567285364e-07
1.874200000000216960e+03,1.877340945828513671e-07
1.874300000000217096e+03,1.867417953510179341e-07
1.874400000000217005e+03,1.857525338255373777e-07
1.874500000000216914e+03,1.847663059737347787e-07
1.874600000000217051e+03,1.837826283598238039e-07
1.874700000000217187e+03,1.827777393687065632e-07
1.874800000000217096e+03,1.817761317947986734e-07
1.874900000000217005e+03,1.807778004636430928e-07
1.875000000000217142e+03,1.797827402052691165e-07
1.875100000000217278e+03,1.786622371123759684e-07
1.875200000000217187e+03,1.775487805570463406e-07
1.875300000000217096e+03,1.764393671343042111e-07
1.875400000000217233e+03,1.753339909382413660e-07
1.875500000000217369e+03,1.742365029283953791e-07
1.875600000000217278e+03,1.731430686163898851e-07
1.875700000000217187e+03,1.720536060165752570e-07
1.875800000000217324e+03,1.709681094852004546e-07
1.875900000000217460e+03,1.698865733825080392e-07
1.876000000000217369e+03,1.688089920723242362e-07
1.876100000000217278e+03,1.675501372815574397e-07
1.876200000000217415e+03,1.662974348820181173e-07
1.876300000000217551e+03,1.650874065561959973e-07
1.876400000000217460e+03,1.638837439191008739e-07
1.876500000000217369e+03,1.626853490349775896e-07
1.876600000000217506e+03,1.614922115379054662e-07
1.876700000000217642e+03,1.603043210755921091e-07
1.876800000000217551e+03,1.591216673093554344e-07
1.876900000000217460e+03,1.579442399141052725e-07
1.877000000000217597e+03,1.567720285782834931e-07
1.877100000000217733e+03,1.555909791675663938e-07
1.877200000000217642e+03,1.544158215194201747e-07
1.877300000000217551e+03,1.532455240973619788e-07
1.877400000000217688e+03,1.521118284568139382e-07
1.877500000000217824e+03,1.509939055276451271e-07
1.877600000000217733e+03,1.498801832404037180e-07
1.877700000000217642e+03,1.487706602986913326e-07
1.877800000000217779e+03,1.476653354052694947e-07
1.877900000000217915e+03,1.466044037545451416e-07
1.878000000000217824e+03,1.455533137642705263e-07
1.878100000000217733e+03,1.444517694016373061e-07
1.878200000000217869e+03,1.433541950746496956e-07
1.878300000000218006e+03,1.422605926302958059e-07
1.878400000000217915e+03,1.411709639158833442e-07
1.878500000000217824e+03,1.401033798532474086e-07
1.878600000000217960e+03,1.390610569006076438e-07
1.878700000000218097e+03,1.380298539376484214e-07
1.878800000000218006e+03,1.370035274410439463e-07
1.878900000000217915e+03,1.359804428730794413e-07
1.879000000000218051e+03,1.349606060723319948e-07
1.879100000000218188e+03,1.339021811734160183e-07
1.879200000000218097e+03,1.328475510110235634e-07
1.879300000000218006e+03,1.317967192829687321e-07
1.879400000000218142e+03,1.307496896872185159e-07
1.879500000000218279e+03,1.297110932366746200e-07
1.879600000000218188e+03,1.286790602115422331e-07
1.879700000000218097e+03,1.276582358846511060e-07
1.879800000000218233e+03,1.266409870666681978e-07
1.879900000000218370e+03,1.256273188244066386e-07
1.880000000000218279e+03,1.246172362264609744e-07
1.880100000000218188e+03,1.236840390951539808e-07
1.880200000000218324e+03,1.227533850165260969e-07
1.880300000000218461e+03,1.218272697222767659e-07
1.880400000000218370e+03,1.209043364292176504e-07
1.880500000000218279e+03,1.199839342225461507e-07
1.880600000000218415e+03,1.190660726869127228e-07
1.880700000000218552e+03,1.181507614233183641e-07
1.880800000000218461e+03,1.172380100491289074e-07
1.880900000000218370e+03,1.163278281980884147e-07
1.881000000000218506e+03,1.154202255203718517e-07
1.881100000000218643e+03,1.145319897075858694e-07
1.881200000000218552e+03,1.136478969466104379e-07
1.881300000000218461e+03,1.127664428709918638e-07
1.881400000000218597e+03,1.118876349139505071e-07
1.881500000000218733e+03,1.110114805182170283e-07
1.881600000000218643e+03,1.101379871360348239e-07
1.881700000000218552e+03,1.092671622291654127e-07
1.881800000000218688e+03,1.083990132688990770e-07
1.881900000000218824e+03,1.075418858103312520e-07
1.882000000000218733e+03,1.066909116917588845e-07
1.882100000000218643e+03,1.058744470814600511e-07
1.882200000000218779e+03,1.050603226169807501e-07
1.882300000000218915e+03,1.042486265097325320e-07
1.882400000000218824e+03,1.034393648236812556e-07
1.882500000000218733e+03,1.026325436291035856e-07
1.882600000000218870e+03,1.018281690025937154e-07
1.882700000000219006e+03,1.010349249678798459e-07
1.882800000000218915e+03,1.002489830042628036e-07
1.882900000000218824e+03,9.946528832998942173e-08
1.883000000000218961e+03,9.868076031790068810e-08
1.883100000000219097e+03,9.797123001243419035e-08
1.883200000000219006e+03,9.726343572543423921e-08
1.883300000000218915e+03,9.655738341967893327e-08
1.883400000000219052e+03,9.585307906680255054e-08
1.883500000000219188e+03,9.514414071665796668e-08
1.883600000000219097e+03,9.443274092614000692e-08
1.883700000000219006e+03,9.372326865152828433e-08
1.883800000000219143e+03,9.301572920888496891e-08
1.883900000000219279e+03,9.231012792097713173e-08
1.884000000000219188e+03,9.160647011746535531e-08
1.884100000000219097e+03,9.098970242238577774e-08
1.884200000000219234e+03,9.037220412919369601e-08
1.884300000000219370e+03,8.975601779166835452e-08
1.884400000000219279e+03,8.914114787274000792e-08
1.884500000000219188e+03,8.852759884209528243e-08
1.884600000000219325e+03,8.791537517618547405e-08
1.884700000000219461e+03,8.730448135823795709e-08
1.884800000000219370e+03,8.669492187825891054e-08
1.884900000000219279e+03,8.608670123303800319e-08
1.885000000000219416e+03,8.547982392631831645e-08
1.885100000000219552e+03,8.494694885852712765e-08
1.885200000000219461e+03,8.441499973497108542e-08
1.885300000000219370e+03,8.388246088878305303e-08
1.885400000000219507e+03,8.335042814842693928e-08
1.885500000000219643e+03,8.281935542421350166e-08
1.885600000000219552e+03,8.228924559103299364e-08
1.885700000000219461e+03,8.176010152746620450e-08
1.885800000000219597e+03,8.123192611579042824e-08
1.885900000000219734e+03,8.070298138145704137e-08
1.886000000000219643e+03,8.017315405201228521e-08
1.886100000000219552e+03,7.969734436484319557e-08
1.886200000000219688e+03,7.922239890496583922e-08
1.886300000000219825e+03,7.874831868972797071e-08
1.886400000000219734e+03,7.827330151431666734e-08
1.886500000000219643e+03,7.779732206941073209e-08
1.886600000000219779e+03,7.732225590992464829e-08
1.886700000000219916e+03,7.684734241792725692e-08
1.886800000000219825e+03,7.637239240736257241e-08
1.886900000000219734e+03,7.589837991602804985e-08
1.887000000000219870e+03,7.542530575490915094e-08
1.887100000000220007e+03,7.508022557316427611e-08
1.887200000000219916e+03,7.473513412281066866e-08
1.887300000000219825e+03,7.439003233015744519e-08
1.887400000000219961e+03,7.404492112346438623e-08
1.887500000000220098e+03,7.369651889784847867e-08
1.887600000000220007e+03,7.333596279788740430e-08
1.887700000000219916e+03,7.297555020532196426e-08
1.887800000000220052e+03,7.261528198986106455e-08
1.887900000000220189e+03,7.225515902242390213e-08
1.888000000000220098e+03,7.189518217525489669e-08
1.888100000000220007e+03,7.158766834448344798e-08
1.888200000000220143e+03,7.128017839749462641e-08
1.888300000000220280e+03,7.097155402466713991e-08
1.888400000000220189e+03,7.066094325828895111e-08
1.888500000000220098e+03,7.035038518069668989e-08
1.888600000000220234e+03,7.003987995525921544e-08
1.888700000000220371e+03,6.972487077873788732e-08
1.888800000000220280e+03,6.940962048243135607e-08
1.888900000000220189e+03,6.909446746133098551e-08
1.889000000000220325e+03,6.877941186293878868e-08
1.889100000000220462e+03,6.852329152620714264e-08
1.889200000000220371e+03,6.826605056632243676e-08
1.889300000000220280e+03,6.800873166195074322e-08
1.889400000000220416e+03,6.775133482001614608e-08
1.889500000000220552e+03,6.749387304029062888e-08
1.889600000000220462e+03,6.723638427115501669e-08
1.889700000000220371e+03,6.697881709501059215e-08
1.889800000000220507e+03,6.672421972902345292e-08
1.889900000000220643e+03,6.646816182801137822e-08
1.890000000000220552e+03,6.620459025535294265e-08
1.890100000000220462e+03,6.602121137844892478e-08
1.890200000000220598e+03,6.583749459963464891e-08
1.890300000000220734e+03,6.565343973505510227e-08
1.890400000000220643e+03,6.546904660079383574e-08
1.890500000000220552e+03,6.528431501287242120e-08
1.890600000000220689e+03,6.509924478725125888e-08
1.890700000000220825e+03,6.491419630654914245e-08
1.890800000000220734e+03,6.472989935560960617e-08
1.890900000000220643e+03,6.454469534810444740e-08
1.891000000000220780e+03,6.435819917751501770e-08
1.891100000000220916e+03,6.421208529548215978e-08
1.891200000000220825e+03,6.406561554375041070e-08
1.891300000000220734e+03,6.391879001232088571e-08
1.891400000000220871e+03,6.377160879121153481e-08
1.891500000000221007e+03,6.362377369863130409e-08
1.891600000000220916e+03,6.347445831442523114e-08
1.891700000000220825e+03,6.332479424760164046e-08
1.891800000000220962e+03,6.317478161154865046e-08
1.891900000000221098e+03,6.302442051966091761e-08
1.892000000000221007e+03,6.287357837068455597e-08
1.892100000000220916e+03,6.277511475775160612e-08
1.892200000000221053e+03,6.267624803640249609e-08
1.892300000000221189e+03,6.257697833499265471e-08
1.892400000000221098e+03,6.247730578187248155e-08
1.892500000000221007e+03,6.237723050538724105e-08
1.892600000000221144e+03,6.227675263387711544e-08
1.892700000000221280e+03,6.217587229567805179e-08
1.892800000000221189e+03,6.207458961912111351e-08
1.892900000000221098e+03,6.197290473253180534e-08
1.893000000000221235e+03,6.187081776438407454e-08
1.893100000000221371e+03,6.183748020548838702e-08
1.893200000000221280e+03,6.180372503595494430e-08
1.893300000000221189e+03,6.176955199978602428e-08
1.893400000000221326e+03,6.173496084090416466e-08
1.893500000000221462e+03,6.169995130315224234e-08
1.893600000000221371e+03,6.166452313029380427e-08
1.893700000000221280e+03,6.162867606601229988e-08
1.893800000000221416e+03,6.159240985391175599e-08
1.893900000000221553e+03,6.155559553439365424e-08
1.894000000000221462e+03,6.151711097059071153e-08
1.894100000000221371e+03,6.150776414665410805e-08
1.894200000000221507e+03,6.149807408277496097e-08
1.894300000000221644e+03,6.148728069727166892e-08
1.894400000000221553e+03,6.147547041257574329e-08
1.894500000000221462e+03,6.146331748934061925e-08
1.894600000000221598e+03,6.145082197652478791e-08
1.894700000000221735e+03,6.143783332730545579e-08
1.894800000000221644e+03,6.142189845386526007e-08
1.894900000000221553e+03,6.140562247481120670e-08
1.895000000000221689e+03,6.138900548516210176e-08
1.895100000000221826e+03,6.141367597164569038e-08
1.895200000000221735e+03,6.143809557132586480e-08
1.895300000000221644e+03,6.146226435027827558e-08
1.895400000000221780e+03,6.148582380882710791e-08
1.895500000000221917e+03,6.150807430678792298e-08
1.895600000000221826e+03,6.153143060098642793e-08
1.895700000000221735e+03,6.155453627760670580e-08
1.895800000000221871e+03,6.157739140338061945e-08
1.895900000000222008e+03,6.159999604503149524e-08
1.896000000000221917e+03,6.162235026936827603e-08
1.896100000000221826e+03,6.168696745440856045e-08
1.896200000000221962e+03,6.175144772792485677e-08
1.896300000000222099e+03,6.181579108141643498e-08
1.896400000000222008e+03,6.187999750638498705e-08
1.896500000000221917e+03,6.194406699433495781e-08
1.896600000000222053e+03,6.200378223913364737e-08
1.896700000000222190e+03,6.206321676775566020e-08
1.896800000000222099e+03,6.212250547504795721e-08
1.896900000000222008e+03,6.218164838158340696e-08
1.897000000000222144e+03,6.224064550804488643e-08
1.897100000000222281e+03,6.234720055212702474e-08
1.897200000000222190e+03,6.245376408498005164e-08
1.897300000000222099e+03,6.256033609588360049e-08
1.897400000000222235e+03,6.266691657411607385e-08
1.897500000000222371e+03,6.277350550895403460e-08
1.897600000000222281e+03,6.288010288967260303e-08
1.897700000000222190e+03,6.298467804163264985e-08
1.897800000000222326e+03,6.308833503326351301e-08
1.897900000000222462e+03,6.319199031639682695e-08
1.898000000000222371e+03,6.329436610909141316e-08
1.898100000000222281e+03,6.341460615672182360e-08
1.898200000000222417e+03,6.353489965457874720e-08
1.898300000000222553e+03,6.365524656003838755e-08
1.898400000000222462e+03,6.377564683048776115e-08
1.898500000000222371e+03,6.389610042332553122e-08
1.898600000000222508e+03,6.401660729596101503e-08
1.898700000000222644e+03,6.413716740581398546e-08
1.898800000000222553e+03,6.425285169349431753e-08
1.898900000000222462e+03,6.436301861399111949e-08
1.899000000000222599e+03,6.447319956329918913e-08
1.899100000000222735e+03,6.460619569412606553e-08
1.899200000000222644e+03,6.473924428282941628e-08
1.899300000000222553e+03,6.487234511415238792e-08
1.899400000000222690e+03,6.500549797306443037e-08
1.899500000000222826e+03,6.513870264476097929e-08
1.899600000000222735e+03,6.527075395887843997e-08
1.899700000000222644e+03,6.540259230906434522e-08
1.899800000000222781e+03,6.553447582438713654e-08
1.899900000000222917e+03,6.566601000671073472e-08
1.900000000000222826e+03,6.579489636158759973e-08
1.900100000000222735e+03,6.596766516299621888e-08
1.900200000000222872e+03,6.614057103476875897e-08
1.900300000000223008e+03,6.631361365997589168e-08
1.900400000000222917e+03,6.648679272193693256e-08
1.900500000000222826e+03,6.666010790422058220e-08
1.900600000000222963e+03,6.683357285841009263e-08
1.900700000000223099e+03,6.700722312455271480e-08
1.900800000000223008e+03,6.718100889379165451e-08
1.900900000000222917e+03,6.735492985107317908e-08
1.901000000000223054e+03,6.752898568170005083e-08
1.901100000000223190e+03,6.775377643822864892e-08
1.901200000000223099e+03,6.798024001399217795e-08
1.901300000000223008e+03,6.820742691531106218e-08
1.901400000000223145e+03,6.843490488837588379e-08
1.901500000000223281e+03,6.866267369366758932e-08
1.901600000000223190e+03,6.889073309166527245e-08
1.901700000000223099e+03,6.911908284284696806e-08
1.901800000000223235e+03,6.934772270768880520e-08
1.901900000000223372e+03,6.957665244666359097e-08
1.902000000000223281e+03,6.980808779336712025e-08
1.902100000000223190e+03,7.005464937800143440e-08
1.902200000000223326e+03,7.030139255343464636e-08
1.902300000000223463e+03,7.054831678183802465e-08
1.902400000000223372e+03,7.079542152590809089e-08
1.902500000000223281e+03,7.104270624886744030e-08
1.902600000000223417e+03,7.129017041446319329e-08
1.902700000000223554e+03,7.153781348696555279e-08
1.902800000000223463e+03,7.178563493116895574e-08
1.902900000000223372e+03,7.203363421239250979e-08
1.903000000000223508e+03,7.228181079662124933e-08
1.903100000000223645e+03,7.259409178313742117e-08
1.903200000000223554e+03,7.290673729867014795e-08
1.903300000000223463e+03,7.321925220990612282e-08
1.903400000000223599e+03,7.353089253624291749e-08
1.903500000000223736e+03,7.384288119576677092e-08
1.903600000000223645e+03,7.415521780261347837e-08
1.903700000000223554e+03,7.446790197100361777e-08
1.903800000000223690e+03,7.478093331524157040e-08
1.903900000000223827e+03,7.509431144971395911e-08
1.904000000000223736e+03,7.540803598900587719e-08
1.904100000000223645e+03,7.577356350044279202e-08
1.904200000000223781e+03,7.613951793175485065e-08
1.904300000000223918e+03,7.650588253653214148e-08
1.904400000000223827e+03,7.687260431596862988e-08
1.904500000000223736e+03,7.723794285999336649e-08
1.904600000000223872e+03,7.760368854424653243e-08
1.904700000000224009e+03,7.796984099449308972e-08
1.904800000000223918e+03,7.833639983647949802e-08
1.904900000000223827e+03,7.870336469593548809e-08
1.905000000000223963e+03,7.907073519864150679e-08
1.905100000000224099e+03,7.946892756697990800e-08
1.905200000000224009e+03,7.986831634828097475e-08
1.905300000000223918e+03,8.026872462813904715e-08
1.905400000000224054e+03,8.066935481355781436e-08
1.905500000000224190e+03,8.107020624425375933e-08
1.905600000000224099e+03,8.147407234470380532e-08
1.905700000000224009e+03,8.187924414409045535e-08
1.905800000000224145e+03,8.228467423889761641e-08
1.905900000000224281e+03,8.269036201856441866e-08
1.906000000000224190e+03,8.309630687308449443e-08
1.906100000000224099e+03,8.354965066074418845e-08
1.906200000000224236e+03,8.400313077753696073e-08
1.906300000000224372e+03,8.445678226979782422e-08
1.906400000000224281e+03,8.491062602932632378e-08
1.906500000000224190e+03,8.536466135263171234e-08
1.906600000000224327e+03,8.581888753687844926e-08
1.906700000000224463e+03,8.627785204546827120e-08
1.906800000000224372e+03,8.674180622632566277e-08
1.906900000000224281e+03,8.720502446202780601e-08
1.907000000000224418e+03,8.766852064198168433e-08
1.907100000000224554e+03,8.821624076089378379e-08
1.907200000000224463e+03,8.876459580543441908e-08
1.907300000000224372e+03,8.931358559290175984e-08
1.907400000000224509e+03,8.986320994052483665e-08
1.907500000000224645e+03,9.041346866546166169e-08
1.907600000000224554e+03,9.095989956461786180e-08
1.907700000000224463e+03,9.150113453763819167e-08
1.907800000000224600e+03,9.204685097130487206e-08
1.907900000000224736e+03,9.261322196297901701e-08
1.908000000000224645e+03,9.318039302487104541e-08
1.908100000000224554e+03,9.381358186804901021e-08
1.908200000000224691e+03,9.444777363976501426e-08
1.908300000000224827e+03,9.508296878173100327e-08
1.908400000000224736e+03,9.571916773568375160e-08
1.908500000000224645e+03,9.635637094338876656e-08
1.908600000000224782e+03,9.699457884663619882e-08
1.908700000000224918e+03,9.763379188723875130e-08
1.908800000000224827e+03,9.827401050703429970e-08
1.908900000000224736e+03,9.891523514788835414e-08
1.909000000000224873e+03,9.957205913969905499e-08
1.909100000000225009e+03,1.002493095469916518e-07
1.909200000000224918e+03,1.009266812695968976e-07
1.909300000000224827e+03,1.016035198340938341e-07
1.909400000000224964e+03,1.022812652750405940e-07
1.909500000000225100e+03,1.029599176824272150e-07
1.909600000000225009e+03,1.036394771461333954e-07
1.909700000000224918e+03,1.043199437559319486e-07
1.909800000000225054e+03,1.050013176014850311e-07
1.909900000000225191e+03,1.056837464011613025e-07
1.910000000000225100e+03,1.063671531338575973e-07
1.910100000000225009e+03,1.070863414254487176e-07
1.910200000000225145e+03,1.078044925830619469e-07
1.910300000000225282e+03,1.085235911967324264e-07
1.910400000000225191e+03,1.092436373267314207e-07
1.910500000000225100e+03,1.099646310332498851e-07
1.910600000000225236e+03,1.106865723763937276e-07
1.910700000000225373e+03,1.114094614161821675e-07
1.910800000000225282e+03,1.121361493597931033e-07
1.910900000000225191e+03,1.128710947176869023e-07
1.911000000000225327e+03,1.136071199449051833e-07
1.911100000000225464e+03,1.143552067602548984e-07
1.911200000000225373e+03,1.151017051228962709e-07
1.911300000000225282e+03,1.158436898666419172e-07
1.911400000000225418e+03,1.165866302924535882e-07
1.911500000000225555e+03,1.173305264030905335e-07
1.911600000000225464e+03,1.180773230402082168e-07
1.911700000000225373e+03,1.188311519404100237e-07
1.911800000000225509e+03,1.195860378238505801e-07
1.911900000000225646e+03,1.203419808978020773e-07
1.912000000000225555e+03,1.210989813694885848e-07
1.912100000000225464e+03,1.218355326481673224e-07
1.912200000000225600e+03,1.225733220794186812e-07
1.912300000000225737e+03,1.233118315822607795e-07
1.912400000000225646e+03,1.240403843602801513e-07
1.912500000000225555e+03,1.247700388257541334e-07
1.912600000000225691e+03,1.255007953438817223e-07
1.912700000000225828e+03,1.262326542799185596e-07
1.912800000000225737e+03,1.269656159991814586e-07
1.912900000000225646e+03,1.276996808670512368e-07
1.913000000000225782e+03,1.284348492487512955e-07
1.913100000000225918e+03,1.290743021215303999e-07
1.913200000000225828e+03,1.297139685651249066e-07
1.913300000000225737e+03,1.303518920276503650e-07
1.913400000000225873e+03,1.309904869513935471e-07
1.913500000000226009e+03,1.316345020980302668e-07
1.913600000000225918e+03,1.322807065337282556e-07
1.913700000000225828e+03,1.329276421167501337e-07
1.913800000000225964e+03,1.335753086041753752e-07
1.913900000000226100e+03,1.342237057530823159e-07
1.914000000000226009e+03,1.348724436321055207e-07
1.914100000000225918e+03,1.354058607854345772e-07
1.914200000000226055e+03,1.359399962809781634e-07
1.914300000000226191e+03,1.364748502200108470e-07
1.914400000000226100e+03,1.370104227038037021e-07
1.914500000000226009e+03,1.375467138336258966e-07
1.914600000000226146e+03,1.380916088728178188e-07
1.914700000000226282e+03,1.386457264945014029e-07
1.914800000000226191e+03,1.392006909623727791e-07
1.914900000000226100e+03,1.397565026412112654e-07
1.915000000000226237e+03,1.403131618953625252e-07
1.915100000000226373e+03,1.406491569871217555e-07
1.915200000000226282e+03,1.409855437668879066e-07
1.915300000000226191e+03,1.413223223082629536e-07
1.915400000000226328e+03,1.416594926848309515e-07
1.915500000000226464e+03,1.419970549701555471e-07
1.915600000000226373e+03,1.423350092377828641e-07
1.915700000000226282e+03,1.426754110009774304e-07
1.915800000000226419e+03,1.430242729175623680e-07
1.915900000000226555e+03,1.433735743939874629e-07
1.916000000000226464e+03,1.437233155820772301e-07
1.916100000000226373e+03,1.438886658045939245e-07
1.916200000000226510e+03,1.440541088003951233e-07
1.916300000000226646e+03,1.442196446041488265e-07
1.916400000000226555e+03,1.443853149753686359e-07
1.916500000000226464e+03,1.445542844253473186e-07
1.916600000000226601e+03,1.447233543360553508e-07
1.916700000000226737e+03,1.448925247487983207e-07
1.916800000000226646e+03,1.450617957048939396e-07
1.916900000000226555e+03,1.452248481937652019e-07
1.917000000000226692e+03,1.453874622107079807e-07
1.917100000000226828e+03,1.453345724366728342e-07
1.917200000000226737e+03,1.452812859109182010e-07
1.917300000000226646e+03,1.452274992484668888e-07
1.917400000000226783e+03,1.451732800619717451e-07
1.917500000000226919e+03,1.451186631439587939e-07
1.917600000000226828e+03,1.450636481338320541e-07
1.917700000000226737e+03,1.450082346708076622e-07
1.917800000000226873e+03,1.449524223939145072e-07
1.917900000000227010e+03,1.448962109419941518e-07
1.918000000000226919e+03,1.448176720960225350e-07
1.918100000000226828e+03,1.444717244179421262e-07
1.918200000000226964e+03,1.441243669136003450e-07
1.918300000000227101e+03,1.437764368517260357e-07
1.918400000000227010e+03,1.434279345038347890e-07
1.918500000000226919e+03,1.430788601413868209e-07
1.918600000000227055e+03,1.427292140357889577e-07
1.918700000000227192e+03,1.423789964583952714e-07
1.918800000000227101e+03,1.420282076805067888e-07
1.918900000000227010e+03,1.416911357457408379e-07
1.919000000000227146e+03,1.413533964512719590e-07
1.919100000000227283e+03,1.407606790863778251e-07
1.919200000000227192e+03,1.401462561852607618e-07
1.919300000000227101e+03,1.395313475350733551e-07
1.919400000000227237e+03,1.389159540420285472e-07
1.919500000000227374e+03,1.383000766117334401e-07
1.919600000000227283e+03,1.376837161491858544e-07
1.919700000000227192e+03,1.370615847794456338e-07
1.919800000000227328e+03,1.364381524473241505e-07
1.919900000000227465e+03,1.358142972928572936e-07
1.920000000000227374e+03,1.351901533439338710e-07
1.920100000000227283e+03,1.345332243253745740e-07
1.920200000000227419e+03,1.338759478752768574e-07
1.920300000000227556e+03,1.332235645681738810e-07
1.920400000000227465e+03,1.325702536950001350e-07
1.920500000000227374e+03,1.319160153835395390e-07
1.920600000000227510e+03,1.312608497617913447e-07
1.920700000000227647e+03,1.306047569579727820e-07
1.920800000000227556e+03,1.299477371005168098e-07
1.920900000000227465e+03,1.292897903180678540e-07
1.921000000000227601e+03,1.286310086950404401e-07
1.921100000000227737e+03,1.277720933323071527e-07
1.921200000000227647e+03,1.269127503317991499e-07
1.921300000000227556e+03,1.260551941046657852e-07
1.921400000000227692e+03,1.252214952408400566e-07
1.921500000000227828e+03,1.243928255149033030e-07
1.921600000000227737e+03,1.235632964210201826e-07
1.921700000000227647e+03,1.227329081837960663e-07
1.921800000000227783e+03,1.219016610278476803e-07
1.921900000000227919e+03,1.210695551778079770e-07
1.922000000000227828e+03,1.202365908584760596e-07
1.922100000000227737e+03,1.194745267300951294e-07
1.922200000000227874e+03,1.187130929462839156e-07
1.922300000000228010e+03,1.179508991970841316e-07
1.922400000000227919e+03,1.171879454367058777e-07
1.922500000000227828e+03,1.164328319352364900e-07
1.922600000000227965e+03,1.156846791895202936e-07
1.922700000000228101e+03,1.149355510575850619e-07
1.922800000000228010e+03,1.141854471401230789e-07
1.922900000000227919e+03,1.134325720067376739e-07
1.923000000000228056e+03,1.126779951099259969e-07
1.923100000000228192e+03,1.118259472185985221e-07
1.923200000000228101e+03,1.109732083283212306e-07
1.923300000000228010e+03,1.101197783307756152e-07
1.923400000000228147e+03,1.092656571176749724e-07
1.923500000000228283e+03,1.084108445807685575e-07
1.923600000000228192e+03,1.075547282527384769e-07
1.923700000000228101e+03,1.066944254730045015e-07
1.923800000000228238e+03,1.058327022092914483e-07
1.923900000000228374e+03,1.049703666566090059e-07
1.924000000000228283e+03,1.041074187916137269e-07
1.924100000000228192e+03,1.034081337957825716e-07
1.924200000000228329e+03,1.027081474701309858e-07
1.924300000000228465e+03,1.020074594083517968e-07
1.924400000000228374e+03,1.013060692039786424e-07
1.924500000000228283e+03,1.006053939263657382e-07
1.924600000000228420e+03,9.990483324175419798e-08
1.924700000000228556e+03,9.920353760034147766e-08
1.924800000000228465e+03,9.849481153825837454e-08
1.924900000000228374e+03,9.778517682691442085e-08
1.925000000000228511e+03,9.707490619784993319e-08
1.925100000000228647e+03,9.631378163192868981e-08
1.925200000000228556e+03,9.555372994124654875e-08
1.925300000000228465e+03,9.480071804152081304e-08
1.925400000000228601e+03,9.405206341152556184e-08
1.925500000000228738e+03,9.330334773432163449e-08
1.925600000000228647e+03,9.255457104202151909e-08
1.925700000000228556e+03,9.180573336674037720e-08
1.925800000000228692e+03,9.105683474059933930e-08
1.925900000000228829e+03,9.030352799987652602e-08
1.926000000000228738e+03,8.954821127466123280e-08
1.926100000000228647e+03,8.884988304648575440e-08
1.926200000000228783e+03,8.814563885163472941e-08
1.926300000000228920e+03,8.744181701213473395e-08
1.926400000000228829e+03,8.673841740223102150e-08
1.926500000000228738e+03,8.603539731789245768e-08
1.926600000000228874e+03,8.533267978476083275e-08
1.926700000000229011e+03,8.463038677608010225e-08
1.926800000000228920e+03,8.392851816376952749e-08
1.926900000000228829e+03,8.322802963097270473e-08
1.927000000000228965e+03,8.253041334336819235e-08
1.927100000000229102e+03,8.198400975961269609e-08
1.927200000000229011e+03,8.143787283233819943e-08
1.927300000000228920e+03,8.089200265806049359e-08
1.927400000000229056e+03,8.034639933330855174e-08
1.927500000000229193e+03,7.980106295462767888e-08
1.927600000000229102e+03,7.925599361857657376e-08
1.927700000000229011e+03,7.871202714481263281e-08
1.927800000000229147e+03,7.816924228394915530e-08
1.927900000000229284e+03,7.762670033231324116e-08
1.928000000000229193e+03,7.708440140407372173e-08
1.928100000000229102e+03,7.657815453288722265e-08
1.928200000000229238e+03,7.607381277903235123e-08
1.928300000000229375e+03,7.556977413047804887e-08
1.928400000000229284e+03,7.506603492587475701e-08
1.928500000000229193e+03,7.456333014898614381e-08
1.928600000000229329e+03,7.406186466125660043e-08
1.928700000000229466e+03,7.356068456349520413e-08
1.928800000000229375e+03,7.305979015143220585e-08
1.928900000000229284e+03,7.255918172092320416e-08
1.929000000000229420e+03,7.205885956802948107e-08
1.929100000000229556e+03,7.159325838464223476e-08
1.929200000000229466e+03,7.112829376673715288e-08
1.929300000000229375e+03,7.067843667631312521e-08
1.929400000000229511e+03,7.023427393924990378e-08
1.929500000000229647e+03,6.979049255428318316e-08
1.929600000000229556e+03,6.934709293239013328e-08
1.929700000000229466e+03,6.890407548465912361e-08
1.929800000000229602e+03,6.846144062229194664e-08
1.929900000000229738e+03,6.801918875660584279e-08
1.930000000000229647e+03,6.757732029919368228e-08
1.930100000000229556e+03,6.720749909828534673e-08
1.930200000000229693e+03,6.683992431812542874e-08
1.930300000000229829e+03,6.647264509718636177e-08
1.930400000000229738e+03,6.610479130825101741e-08
1.930500000000229647e+03,6.573656425027260814e-08
1.930600000000229784e+03,6.536865270321411420e-08
1.930700000000229920e+03,6.500105669639563399e-08
1.930800000000229829e+03,6.463377682966667047e-08
1.930900000000229738e+03,6.426819108467231996e-08
1.931000000000229875e+03,6.390583951169550346e-08
1.931100000000230011e+03,6.359725860616031514e-08
1.931200000000229920e+03,6.328898190398731263e-08
1.931300000000229829e+03,6.298101005290391417e-08
1.931400000000229966e+03,6.267334370118210081e-08
1.931500000000230102e+03,6.236270701304484660e-08
1.931600000000230011e+03,6.204399385460727203e-08
1.931700000000229920e+03,6.172570682968671691e-08
1.931800000000230057e+03,6.140784636479255314e-08
1.931900000000230193e+03,6.109041288661390889e-08
1.932000000000230102e+03,6.077340682210790563e-08
1.932100000000230011e+03,6.049565030177544780e-08
1.932200000000230148e+03,6.021831748322393404e-08
1.932300000000230284e+03,5.994140872795788095e-08
1.932400000000230193e+03,5.966492439759667070e-08
1.932500000000230102e+03,5.938693866835150031e-08
1.932600000000230239e+03,5.910336421342836093e-08
1.932700000000230375e+03,5.881890937493975573e-08
1.932800000000230284e+03,5.853496789058774581e-08
1.932900000000230193e+03,5.825154145520439344e-08
1.933000000000230330e+03,5.796863019577417154e-08
1.933100000000230466e+03,5.775252020634142166e-08
1.933200000000230375e+03,5.753672625975712528e-08
1.933300000000230284e+03,5.732020777498970100e-08
1.933400000000230420e+03,5.709993206534508457e-08
1.933500000000230557e+03,5.688001240722312087e-08
1.933600000000230466e+03,5.666044900538542224e-08
1.933700000000230375e+03,5.644124206464511117e-08
1.933800000000230511e+03,5.622239178986677406e-08
1.933900000000230648e+03,5.600391285983906119e-08
1.934000000000230557e+03,5.578582954416749836e-08
1.934100000000230466e+03,5.560576666144281391e-08
1.934200000000230602e+03,5.542595301839427109e-08
1.934300000000230739e+03,5.524638881237635114e-08
1.934400000000230648e+03,5.506707424081019946e-08
1.934500000000230557e+03,5.488800950118292413e-08
1.934600000000230693e+03,5.470919479104817825e-08
1.934700000000230830e+03,5.453063030802724522e-08
1.934800000000230739e+03,5.435231624980803948e-08
1.934900000000230648e+03,5.417369455014608703e-08
1.935000000000230784e+03,5.399461410054113411e-08
1.935100000000230921e+03,5.384636571320757662e-08
1.935200000000230830e+03,5.369830705441704678e-08
1.935300000000230739e+03,5.355033193301886431e-08
1.935400000000230875e+03,5.340255539052052246e-08
1.935500000000231012e+03,5.325497734631724763e-08
1.935600000000230921e+03,5.310759771981668053e-08
1.935700000000230830e+03,5.296041643043845270e-08
1.935800000000230966e+03,5.281347231232900246e-08
1.935900000000231103e+03,5.266673744833229890e-08
1.936000000000231012e+03,5.251961529762085112e-08
1.936100000000230921e+03,5.241844147255433261e-08
1.936200000000231057e+03,5.231726588577270682e-08
1.936300000000231194e+03,5.221608854441470787e-08
1.936400000000231103e+03,5.211490945561713759e-08
1.936500000000231012e+03,5.201372862651490521e-08
1.936600000000231148e+03,5.191254606424071637e-08
1.936700000000231285e+03,5.181136177592635688e-08
1.936800000000231194e+03,5.171017576870164715e-08
1.936900000000231103e+03,5.160898804969420400e-08
1.937000000000231239e+03,5.150779862614148060e-08
1.937100000000231375e+03,5.145476155859911730e-08
1.937200000000231285e+03,5.139938785138388104e-08
1.937300000000231194e+03,5.134350836046309788e-08
1.937400000000231330e+03,5.128741939874668831e-08
1.937500000000231466e+03,5.123112102888027604e-08
1.937600000000231375e+03,5.117466614429927498e-08
1.937700000000231285e+03,5.111801341797604010e-08
1.937800000000231421e+03,5.106115132789068400e-08
1.937900000000231557e+03,5.100407993588567111e-08
1.938000000000231466e+03,5.094679930392335412e-08
1.938100000000231375e+03,5.094228747141798276e-08
1.938200000000231512e+03,5.093733119633871445e-08
1.938300000000231648e+03,5.093193056231212608e-08
1.938400000000231557e+03,5.092608565297303325e-08
1.938500000000231466e+03,5.091979655196390794e-08
1.938600000000231603e+03,5.091306334293537484e-08
1.938700000000231739e+03,5.090588610954595985e-08
1.938800000000231648e+03,5.089826493546212981e-08
1.938900000000231557e+03,5.089019990435829250e-08
1.939000000000231694e+03,5.087956456647806214e-08
1.939100000000231830e+03,5.092981254182349740e-08
1.939200000000231739e+03,5.097936403845516972e-08
1.939300000000231648e+03,5.102821916399975884e-08
1.939400000000231785e+03,5.107637802611536409e-08
1.939500000000231921e+03,5.112384073249107435e-08
1.939600000000231830e+03,5.117060739084720616e-08
1.939700000000231739e+03,5.121667810893542956e-08
1.939800000000231876e+03,5.126205299453866877e-08
1.939900000000232012e+03,5.130673215547091691e-08
1.940000000000231921e+03,5.135071569970401963e-08
1.940100000000231830e+03,5.144846057877221260e-08
1.940200000000231967e+03,5.154520369123528331e-08
1.940300000000232103e+03,5.164094582196571987e-08
1.940400000000232012e+03,5.173568775548413441e-08
1.940500000000231921e+03,5.182960928349943200e-08
1.940600000000232058e+03,5.192724536523712712e-08
1.940700000000232194e+03,5.202390157813693307e-08
1.940800000000232103e+03,5.211957842725108556e-08
1.940900000000232012e+03,5.221427641749705602e-08
1.941000000000232149e+03,5.230799605381787909e-08
1.941100000000232285e+03,5.246996462031838609e-08
1.941200000000232194e+03,5.263073111148972588e-08
1.941300000000232103e+03,5.279029596942872138e-08
1.941400000000232239e+03,5.295156813209636759e-08
1.941500000000232376e+03,5.311231168531143738e-08
1.941600000000232285e+03,5.327187611359539898e-08
1.941700000000232194e+03,5.343026161898323920e-08
1.941800000000232330e+03,5.358746840351134110e-08
1.941900000000232467e+03,5.374349666921673628e-08
1.942000000000232376e+03,5.389834618366789962e-08
1.942100000000232285e+03,5.416579654381247455e-08
1.942200000000232421e+03,5.443199884578174062e-08
1.942300000000232558e+03,5.469695166798936382e-08
1.942400000000232467e+03,5.496065358817177421e-08
1.942500000000232376e+03,5.522310318338851002e-08
1.942600000000232512e+03,5.548429903002160886e-08
1.942700000000232649e+03,5.574423970377387395e-08
1.942800000000232558e+03,5.600292377966997260e-08
1.942900000000232467e+03,5.626034983205767368e-08
1.943000000000232603e+03,5.651651643469630302e-08
1.943100000000232740e+03,5.680989066777289813e-08
1.943200000000232649e+03,5.710153326603823632e-08
1.943300000000232558e+03,5.739144570617030977e-08
1.943400000000232694e+03,5.767962946429805462e-08
1.943500000000232831e+03,5.796608601599917388e-08
1.943600000000232740e+03,5.825081683630196380e-08
1.943700000000232649e+03,5.853382339968654473e-08
1.943800000000232785e+03,5.881603126609506488e-08
1.943900000000232922e+03,5.909692270170499450e-08
1.944000000000232831e+03,5.937610672920478384e-08
1.944100000000232740e+03,5.979461376628729433e-08
1.944200000000232876e+03,6.021129558892286433e-08
1.944300000000233013e+03,6.062615267824691385e-08
1.944400000000232922e+03,6.103918551537966266e-08
1.944500000000232831e+03,6.145039458142810886e-08
1.944600000000232967e+03,6.186069866532033578e-08
1.944700000000233103e+03,6.226966317689849944e-08
1.944800000000233013e+03,6.267682349895691300e-08
1.944900000000232922e+03,6.308217998965309531e-08
1.945000000000233058e+03,6.348573300763573841e-08
1.945100000000233194e+03,6.408594167055419515e-08
1.945200000000233103e+03,6.468442003452952335e-08
1.945300000000233013e+03,6.528104100277342794e-08
1.945400000000233149e+03,6.587488324165043817e-08
1.945500000000233285e+03,6.646629016211010291e-08
1.945600000000233194e+03,6.705581165722425010e-08
1.945700000000233103e+03,6.764344730113895252e-08
1.945800000000233240e+03,6.822919666796281498e-08
1.945900000000233376e+03,6.881305933176348030e-08
1.946000000000233285e+03,6.939503486678034047e-08
1.946100000000233194e+03,7.006507899686099625e-08
1.946200000000233331e+03,7.073706465557183069e-08
1.946300000000233467e+03,7.140953905383731898e-08
1.946400000000233376e+03,7.208074227631992105e-08
1.946500000000233285e+03,7.275067282673657084e-08
1.946600000000233422e+03,7.341932920794122131e-08
1.946700000000233558e+03,7.408670992192139014e-08
1.946800000000233467e+03,7.475281346980087283e-08
1.946900000000233376e+03,7.541773095440482297e-08
1.947000000000233513e+03,7.608069526493787379e-08
1.947100000000233649e+03,7.691470078171167998e-08
1.947200000000233558e+03,7.774727906393218824e-08
1.947300000000233467e+03,7.857908641857056820e-08
1.947400000000233604e+03,7.941068657318314024e-08
1.947500000000233740e+03,8.024089766450403794e-08
1.947600000000233649e+03,8.106971934149178537e-08
1.947700000000233558e+03,8.189715125313121757e-08
1.947800000000233695e+03,8.272413466075412637e-08
1.947900000000233831e+03,8.355066732088280290e-08
1.948000000000233740e+03,8.437584609501499227e-08
1.948100000000233649e+03,8.529535703514970516e-08
1.948200000000233786e+03,8.621431775153427593e-08
1.948300000000233922e+03,8.713272772616962321e-08
1.948400000000233831e+03,8.805058644085284833e-08
1.948500000000233740e+03,8.896789337718203959e-08
1.948600000000233877e+03,8.988464801655105769e-08
1.948700000000234013e+03,9.080084984014598881e-08
1.948800000000233922e+03,9.171649832894951210e-08
1.948900000000233831e+03,9.263159296374395695e-08
1.949000000000233968e+03,9.354613322528944461e-08
1.949100000000234104e+03,9.453774912959818362e-08
1.949200000000234013e+03,9.552926272877346835e-08
1.949300000000233922e+03,9.652067394337902699e-08
1.949400000000234058e+03,9.751198269397620546e-08
1.949500000000234195e+03,9.850318890111880578e-08
1.949600000000234104e+03,9.949429248535841976e-08
1.949700000000234013e+03,1.004852933672483200e-07
1.949800000000234149e+03,1.014761914673392513e-07
1.949900000000234286e+03,1.024669867061746793e-07
1.950000000000234195e+03,1.034576790042896918e-07
1.950100000000234104e+03,1.044462313057238089e-07
1.950200000000234240e+03,1.054356644284676102e-07
1.950300000000234377e+03,1.064259787901673399e-07
1.950400000000234286e+03,1.074171748086019879e-07
1.950500000000234195e+03,1.084092529016875785e-07
1.950600000000234331e+03,1.094021304816849766e-07
1.950700000000234468e+03,1.103891975801563277e-07
1.950800000000234377e+03,1.113706587565655953e-07
1.950900000000234286e+03,1.123527696911538539e-07
1.951000000000234422e+03,1.133337342756904859e-07
1.951100000000234559e+03,1.140672303137328630e-07
1.951200000000234468e+03,1.148015023038692363e-07
1.951300000000234377e+03,1.155365501472494712e-07
1.951400000000234513e+03,1.162723737450164847e-07
1.951500000000234650e+03,1.170089729983030427e-07
1.951600000000234559e+03,1.177463478082356246e-07
1.951700000000234468e+03,1.184844980759367260e-07
1.951800000000234604e+03,1.192219270809243171e-07
1.951900000000234741e+03,1.199561090516585714e-07
1.952000000000234650e+03,1.206909982872894332e-07
1.952100000000234559e+03,1.209637039569973106e-07
1.952200000000234695e+03,1.212366719875064397e-07
1.952300000000234832e+03,1.215099022618550436e-07
1.952400000000234741e+03,1.217833598461231326e-07
1.952500000000234650e+03,1.220569980854045173e-07
1.952600000000234786e+03,1.223316558429631714e-07
1.952700000000234922e+03,1.226085663256410723e-07
1.952800000000234832e+03,1.228857504123633781e-07
1.952900000000234741e+03,1.231632080042256779e-07
1.953000000000234877e+03,1.234409390011110066e-07
1.953100000000235013e+03,1.231959493713386754e-07
1.953200000000234922e+03,1.229480576805939561e-07
1.953300000000234832e+03,1.226990249080484760e-07
1.953400000000234968e+03,1.224496557424939480e-07
1.953500000000235104e+03,1.222013809037124999e-07
1.953600000000235013e+03,1.219520986352755481e-07
1.953700000000234922e+03,1.217018170020211113e-07
1.953800000000235059e+03,1.214505363712293989e-07
1.953900000000235195e+03,1.211982571101194219e-07
1.954000000000235104e+03,1.209449795848452328e-07
1.954100000000235013e+03,1.202626614074370196e-07
1.954200000000235150e+03,1.195774845854389130e-07
1.954300000000235286e+03,1.188910397790507561e-07
1.954400000000235195e+03,1.182011658682139627e-07
1.954500000000235104e+03,1.175078600629249171e-07
1.954600000000235241e+03,1.168111195722171254e-07
1.954700000000235377e+03,1.161109416041635717e-07
1.954800000000235286e+03,1.154073233658744152e-07
1.954900000000235195e+03,1.147002620634926092e-07
1.955000000000235332e+03,1.139897549011659077e-07
1.955100000000235468e+03,1.128366877448734245e-07
1.955200000000235377e+03,1.116791303467247168e-07
1.955300000000235286e+03,1.105170865985107050e-07
1.955400000000235423e+03,1.093505603905459706e-07
1.955500000000235559e+03,1.081795556116751089e-07
1.955600000000235468e+03,1.070041441749211605e-07
1.955700000000235377e+03,1.058242634057246091e-07
1.955800000000235514e+03,1.046399141480185129e-07
1.955900000000235650e+03,1.034511002758670998e-07
1.956000000000235559e+03,1.022578256618575709e-07
1.956100000000235468e+03,1.010539529244668703e-07
1.956200000000235605e+03,9.984404574104822272e-08
1.956300000000235741e+03,9.862758286734071492e-08
1.956400000000235650e+03,9.740102858588981313e-08
1.956500000000235559e+03,9.616855459945955266e-08
1.956600000000235696e+03,9.493016144514067427e-08
1.956700000000235832e+03,9.368584966011167931e-08
1.956800000000235741e+03,9.243561978163374746e-08
1.956900000000235650e+03,9.117947234704458253e-08
1.957000000000235787e+03,8.991740789393558795e-08
1.957100000000235923e+03,8.872204457333815861e-08
1.957200000000235832e+03,8.752060701308901199e-08
1.957300000000235741e+03,8.631309685253342456e-08
1.957400000000235877e+03,8.509951573080380284e-08
1.957500000000236014e+03,8.387986528682432882e-08
1.957600000000235923e+03,8.265414715930571894e-08
1.957700000000235832e+03,8.142236298673996989e-08
1.957800000000235968e+03,8.018451440740521573e-08
1.957900000000236105e+03,7.894060305937208070e-08
1.958000000000236014e+03,7.769063058082420179e-08
1.958100000000235923e+03,7.657289864038642929e-08
1.958200000000236059e+03,7.544916951009141382e-08
1.958300000000236196e+03,7.432273204373066048e-08
1.958400000000236105e+03,7.319017545805259608e-08
1.958500000000236014e+03,7.205149972242377114e-08
1.958600000000236150e+03,7.090762559891272915e-08
1.958700000000236287e+03,6.975833880094866747e-08
1.958800000000236196e+03,6.860287830328142038e-08
1.958900000000236105e+03,6.744124363842548397e-08
1.959000000000236241e+03,6.627343433963317293e-08
1.959100000000236378e+03,6.538411610426874561e-08
1.959200000000236287e+03,6.448971543283693524e-08
1.959300000000236196e+03,6.359023195515411539e-08
1.959400000000236332e+03,6.268566530109245791e-08
1.959500000000236469e+03,6.177601510058408871e-08
1.959600000000236378e+03,6.086128098361714376e-08
1.959700000000236287e+03,5.994184547568899344e-08
1.959800000000236423e+03,5.901836119517432969e-08
1.959900000000236560e+03,5.808861333247995717e-08
1.960000000000236469e+03,5.715368072637944412e-08
1.960100000000236378e+03,5.639004596417180216e-08
1.960200000000236514e+03,5.562209554588798580e-08
1.960300000000236651e+03,5.484982951014325434e-08
1.960400000000236560e+03,5.407324789558741013e-08
1.960500000000236469e+03,5.329235074090066269e-08
1.960600000000236605e+03,5.250713808479721538e-08
1.960700000000236741e+03,5.171657773924545035e-08
1.960800000000236651e+03,5.092160893600750992e-08
1.960900000000236560e+03,5.012236063784726799e-08
1.961000000000236696e+03,4.931883317252972845e-08
1.961100000000236832e+03,4.869391678629642214e-08
1.961200000000236741e+03,4.806545471505680303e-08
1.961300000000236651e+03,4.743344643593677766e-08
1.961400000000236787e+03,4.679789142607172874e-08
1.961500000000236923e+03,4.615967054776721233e-08
1.961600000000236832e+03,4.551802822986662995e-08
1.961700000000236741e+03,4.487280859801524570e-08
1.961800000000236878e+03,4.422401089014179842e-08
1.961900000000237014e+03,4.357163434413335029e-08
1.962000000000236923e+03,4.291567819816807811e-08
1.962100000000236832e+03,4.239822670037709974e-08
1.962200000000236969e+03,4.187808938937993885e-08
1.962300000000237105e+03,4.135526675199258899e-08
1.962400000000237014e+03,4.082975927501353394e-08
1.962500000000236923e+03,4.030156744522136545e-08
1.962600000000237060e+03,3.977069174937713904e-08
1.962700000000237196e+03,3.923713267422662393e-08
1.962800000000237105e+03,3.870089070649833767e-08
1.962900000000237014e+03,3.816196633290057488e-08
1.963000000000237151e+03,3.762036004041805410e-08
1.963100000000237287e+03,3.720054115389197597e-08
1.963200000000237196e+03,3.677829233590182140e-08
1.963300000000237105e+03,3.635392857980631389e-08
1.963400000000237242e+03,3.592744987308172722e-08
1.963500000000237378e+03,3.549885620323635036e-08
1.963600000000237287e+03,3.506814755780873384e-08
1.963700000000237196e+03,3.463532392436561853e-08
1.963800000000237333e+03,3.420038529050390760e-08
1.963900000000237469e+03,3.376388862023320639e-08
1.964000000000237378e+03,3.332545927302436782e-08
1.964100000000237287e+03,3.297735151282497479e-08
1.964200000000237424e+03,3.262768318200335997e-08
1.964300000000237560e+03,3.227645457748272755e-08
1.964400000000237469e+03,3.192366599620717300e-08
1.964500000000237378e+03,3.156931934343970803e-08
1.964600000000237515e+03,3.121343060074567148e-08
1.964700000000237651e+03,3.085598233884016753e-08
1.964800000000237560e+03,3.049698066501690121e-08
1.964900000000237469e+03,3.013643518095388094e-08
1.965000000000237605e+03,2.977433055543151385e-08
1.965100000000237742e+03,2.948973961729974573e-08
1.965200000000237651e+03,2.920390807675372684e-08
1.965300000000237560e+03,2.891683564593366102e-08
1.965400000000237696e+03,2.862852203696643452e-08
1.965500000000237833e+03,2.833854862011135958e-08
1.965600000000237742e+03,2.804712797229724885e-08
1.965700000000237651e+03,2.775447841794902706e-08
1.965800000000237787e+03,2.746059975142699325e-08
1.965900000000237924e+03,2.716549176709544013e-08
1.966000000000237833e+03,2.686915425945857303e-08
1.966100000000237742e+03,2.662951536370206926e-08
1.966200000000237878e+03,2.638904518862407962e-08
1.966300000000238015e+03,2.614810728723292359e-08
1.966400000000237924e+03,2.590655185400754967e-08
1.966500000000237833e+03,2.566522417811444264e-08
1.966600000000237969e+03,2.542377278532616691e-08
1.966700000000238106e+03,2.518144564847516491e-08
1.966800000000238015e+03,2.493824272071245131e-08
1.966900000000237924e+03,2.469416395522294523e-08
1.967000000000238060e+03,2.444920930535159549e-08
1.967100000000238197e+03,2.425553577185530196e-08
1.967200000000238106e+03,2.406093818429713049e-08
1.967300000000238015e+03,2.386564495242691342e-08
1.967400000000238151e+03,2.366965567044004631e-08
1.967500000000238288e+03,2.347296993239768325e-08
1.967600000000238197e+03,2.327558733222580712e-08
1.967700000000238106e+03,2.307750746371430639e-08
1.967800000000238242e+03,2.287872992051778912e-08
1.967900000000238379e+03,2.267897841007648644e-08
1.968000000000238288e+03,2.247830353583525115e-08
1.968100000000238197e+03,2.230328491943193282e-08
1.968200000000238333e+03,2.212787664064404058e-08
1.968300000000238470e+03,2.195207884107915798e-08
1.968400000000238379e+03,2.177589166234184107e-08
1.968500000000238288e+03,2.159931524603289054e-08
1.968600000000238424e+03,2.142234973375013249e-08
1.968700000000238560e+03,2.124475519229471072e-08
1.968800000000238470e+03,2.106654234854455736e-08
1.968900000000238379e+03,2.088794882661537172e-08
1.969000000000238515e+03,2.070897479392088979e-08
1.969100000000238651e+03,2.057033464818720709e-08
1.969200000000238560e+03,2.043136172398483699e-08
1.969300000000238470e+03,2.029205582787289819e-08
1.969400000000238606e+03,2.015241676635135933e-08
1.969500000000238742e+03,2.001244434586166105e-08
1.969600000000238651e+03,1.987213837278615024e-08
1.969700000000238560e+03,1.973149865344730905e-08
1.969800000000238697e+03,1.959052499410846960e-08
1.969900000000238833e+03,1.944853134776568886e-08
1.970000000000238742e+03,1.930598456688498158e-08
1.970100000000238651e+03,1.918337956996846243e-08
1.970200000000238788e+03,1.906065288424316352e-08
1.970300000000238924e+03,1.893762328018012181e-08
1.970400000000238833e+03,1.881423341371977369e-08
1.970500000000238742e+03,1.869072755739247351e-08
1.970600000000238879e+03,1.856710577948490245e-08
1.970700000000239015e+03,1.844336814826480255e-08
1.970800000000238924e+03,1.831951473198039108e-08
1.970900000000238833e+03,1.819554559885991717e-08
1.971000000000238970e+03,1.807146081716020737e-08
1.971100000000239106e+03,1.796726242226752238e-08
1.971200000000239015e+03,1.786276557447010993e-08
1.971300000000238924e+03,1.775821745005810440e-08
1.971400000000239061e+03,1.765361807199454915e-08
1.971500000000239197e+03,1.754896746323885784e-08
1.971600000000239106e+03,1.744426564674666230e-08
1.971700000000239015e+03,1.733951264546894225e-08
1.971800000000239152e+03,1.723470848235281949e-08
1.971900000000239288e+03,1.712985318034186883e-08
1.972000000000239197e+03,1.702494676243039113e-08
1.972100000000239106e+03,1.694285957792493155e-08
1.972200000000239243e+03,1.686073798566293547e-08
1.972300000000239379e+03,1.677858198273119850e-08
1.972400000000239288e+03,1.669639156621853787e-08
1.972500000000239197e+03,1.661416673321542851e-08
1.972600000000239334e+03,1.653190748081433717e-08
1.972700000000239470e+03,1.644961380611002687e-08
1.972800000000239379e+03,1.636728570619939477e-08
1.972900000000239288e+03,1.628492317818086000e-08
1.973000000000239424e+03,1.620252621916738357e-08
1.973100000000239561e+03,1.612535294256175004e-08
1.973200000000239470e+03,1.604824357991829215e-08
1.973300000000239379e+03,1.597153964519650793e-08
1.973400000000239515e+03,1.589493092129853811e-08
1.973500000000239652e+03,1.581828558062789805e-08
1.973600000000239561e+03,1.574144516725195407e-08
1.973700000000239470e+03,1.566466849579360810e-08
1.973800000000239606e+03,1.558795752730963431e-08
1.973900000000239743e+03,1.551131003078052080e-08
1.974000000000239652e+03,1.543472597331284155e-08
1.974100000000239561e+03,1.537180016656879685e-08
1.974200000000239697e+03,1.530893788915854079e-08
1.974300000000239834e+03,1.524613911311586116e-08
1.974400000000239743e+03,1.518340381048226173e-08
1.974500000000239652e+03,1.512073195330642616e-08
1.974600000000239788e+03,1.505812351364474082e-08
1.974700000000239925e+03,1.499557846356143047e-08
1.974800000000239834e+03,1.493309677512829681e-08
1.974900000000239743e+03,1.487067842042449686e-08
1.975000000000239879e+03,1.480832337155161911e-08
1.975100000000240016e+03,1.475236865544646940e-08
1.975200000000239925e+03,1.469700499330883589e-08
1.975300000000239834e+03,1.464169905271820371e-08
1.975400000000239970e+03,1.458645083022391282e-08
1.975500000000240107e+03,1.453126032237421630e-08
1.975600000000240016e+03,1.447612752571603873e-08
1.975700000000239925e+03,1.442105243679471324e-08
1.975800000000240061e+03,1.436603505215424449e-08
1.975900000000240198e+03,1.431107536833757503e-08
1.976000000000240107e+03,1.425617338193906166e-08
1.976100000000240016e+03,1.422330371255491283e-08
1.976200000000240152e+03,1.419046344625833420e-08
1.976300000000240289e+03,1.415765259526594135e-08
1.976400000000240198e+03,1.412487117179408846e-08
1.976500000000240107e+03,1.409209672314275076e-08
1.976600000000240243e+03,1.405928135451959233e-08
1.976700000000240379e+03,1.402557030787717778e-08
1.976800000000240289e+03,1.399189353016559739e-08
1.976900000000240198e+03,1.395825102682335027e-08
1.977000000000240334e+03,1.392464280329009690e-08
1.977100000000240470e+03,1.389286399389374814e-08
1.977200000000240379e+03,1.386112730537952616e-08
1.977300000000240289e+03,1.382943271704761000e-08
1.977400000000240425e+03,1.379778020820443222e-08
1.977500000000240561e+03,1.376619455316761103e-08
1.977600000000240470e+03,1.373493383187114226e-08
1.977700000000240379e+03,1.370371372446224159e-08
1.977800000000240516e+03,1.367228082632348786e-08
1.977900000000240652e+03,1.364082091765143904e-08
1.978000000000240561e+03,1.360940302442118647e-08
1.978100000000240470e+03,1.358261037336184098e-08
1.978200000000240607e+03,1.355584768676946300e-08
1.978300000000240743e+03,1.352911494767693537e-08
1.978400000000240652e+03,1.350241213912341595e-08
1.978500000000240561e+03,1.347573924415429787e-08
1.978600000000240698e+03,1.344909624582125586e-08
1.978700000000240834e+03,1.342248312718241339e-08
1.978800000000240743e+03,1.339589987130220197e-08
1.978900000000240652e+03,1.336902748618589944e-08
1.979000000000240789e+03,1.334187529133468048e-08
1.979100000000240925e+03,1.332910284010532206e-08
1.979200000000240834e+03,1.331631519112503807e-08
1.979300000000240743e+03,1.330351235492613561e-08
1.979400000000240880e+03,1.329069434203776858e-08
1.979500000000241016e+03,1.327786116298601871e-08
1.979600000000240925e+03,1.326501282829380792e-08
1.979700000000240834e+03,1.325214934848086025e-08
1.979800000000240971e+03,1.323927073406375975e-08
1.979900000000241107e+03,1.322637699555603322e-08
1.980000000000241016e+03,1.321353847240653544e-08
1.980100000000240925e+03,1.320757511524419598e-08
1.980200000000241062e+03,1.320157062807766499e-08
1.980300000000241198e+03,1.319552502486921188e-08
1.980400000000241107e+03,1.318943831958037982e-08
1.980500000000241016e+03,1.318331052617188146e-08
1.980600000000241153e+03,1.317714165860375780e-08
1.980700000000241289e+03,1.317093173083526898e-08
1.980800000000241198e+03,1.316468075682497201e-08
1.980900000000241107e+03,1.315838875053065467e-08
1.981000000000241243e+03,1.315205572592286975e-08
1.981100000000241380e+03,1.315127120690629822e-08
1.981200000000241289e+03,1.315071332370217326e-08
1.981300000000241198e+03,1.315010566273882799e-08
1.981400000000241334e+03,1.314943126784093434e-08
1.981500000000241471e+03,1.314869016459130601e-08
1.981600000000241380e+03,1.314788237856883914e-08
1.981700000000241289e+03,1.314700793534861659e-08
1.981800000000241425e+03,1.314606686050186655e-08
1.981900000000241562e+03,1.314505917959596421e-08
1.982000000000241471e+03,1.314398491824205419e-08
1.982100000000241380e+03,1.316252267071050581e-08
1.982200000000241516e+03,1.318091556112453311e-08
1.982300000000241653e+03,1.319937090855922861e-08
1.982400000000241562e+03,1.321778669760158433e-08
1.982500000000241471e+03,1.323605873702339725e-08
1.982600000000241607e+03,1.325418709730449054e-08
1.982700000000241744e+03,1.327217184890610064e-08
1.982800000000241653e+03,1.329001306227113199e-08
1.982900000000241562e+03,1.330771080782416865e-08
1.983000000000241698e+03,1.332526515598713611e-08
1.983100000000241835e+03,1.334918513747753067e-08
1.983200000000241744e+03,1.337269170737593746e-08
1.983300000000241653e+03,1.339597877328779478e-08
1.983400000000241789e+03,1.341909629634943872e-08
1.983500000000241926e+03,1.344204247987943793e-08
1.983600000000241835e+03,1.346481742586108534e-08
1.983700000000241744e+03,1.348742123624308285e-08
1.983800000000241880e+03,1.350985401293940731e-08
1.983900000000242017e+03,1.353212679271241049e-08
1.984000000000241926e+03,1.355446509936747103e-08
1.984100000000241835e+03,1.359383127155769572e-08
1.984200000000241971e+03,1.363299705180440709e-08
1.984300000000242107e+03,1.367196240234505657e-08
1.984400000000242017e+03,1.371072728543311143e-08
1.984500000000241926e+03,1.374925777246245664e-08
1.984600000000242062e+03,1.378729579814539949e-08
1.984700000000242198e+03,1.382513143032808771e-08
1.984800000000242107e+03,1.386276464546082327e-08
1.984900000000242017e+03,1.390019542001454132e-08
1.985000000000242153e+03,1.393742373052506107e-08
1.985100000000242289e+03,1.399278226182056898e-08
1.985200000000242198e+03,1.404786021704065142e-08
1.985300000000242107e+03,1.410265771155211231e-08
1.985400000000242244e+03,1.415717486069914543e-08
1.985500000000242380e+03,1.421141177980316732e-08
1.985600000000242289e+03,1.426559059573506373e-08
1.985700000000242198e+03,1.431958909838769749e-08
1.985800000000242335e+03,1.437331011032751569e-08
1.985900000000242471e+03,1.442675372803365718e-08
1.986000000000242380e+03,1.447992004800532984e-08
1.986100000000242289e+03,1.454633824766717645e-08
1.986200000000242426e+03,1.461243980728259902e-08
1.986300000000242562e+03,1.467822488940062314e-08
1.986400000000242471e+03,1.474369365652444862e-08
1.986500000000242380e+03,1.480884627111167442e-08
1.986600000000242517e+03,1.487368289557404230e-08
1.986700000000242653e+03,1.493820369227721506e-08
1.986800000000242562e+03,1.500260165863420221e-08
1.986900000000242471e+03,1.506684830453519784e-08
1.987000000000242608e+03,1.513078263974873677e-08
1.987100000000242744e+03,1.522469679995562174e-08
1.987200000000242653e+03,1.531826684961623629e-08
1.987300000000242562e+03,1.541149276767127009e-08
1.987400000000242699e+03,1.550437453308303863e-08
1.987500000000242835e+03,1.559691212483511924e-08
1.987600000000242744e+03,1.568910552193266212e-08
1.987700000000242653e+03,1.578095470340296606e-08
1.987800000000242790e+03,1.587245964829496890e-08
1.987900000000242926e+03,1.596371976316179587e-08
1.988000000000242835e+03,1.605491638420846068e-08
1.988100000000242744e+03,1.616483993285142153e-08
1.988200000000242881e+03,1.627437406681859187e-08
1.988300000000243017e+03,1.638351891068080108e-08
1.988400000000242926e+03,1.649227458899103129e-08
1.988500000000242835e+03,1.660064122628502947e-08
1.988600000000242972e+03,1.670861894708069538e-08
1.988700000000243108e+03,1.681620787587763483e-08
1.988800000000243017e+03,1.692340813715772218e-08
1.988900000000242926e+03,1.703021985538554374e-08
1.989000000000243062e+03,1.713664315510105849e-08
1.989100000000243199e+03,1.728104465895950046e-08
1.989200000000243108e+03,1.742503491144853212e-08
1.989300000000243017e+03,1.756861405798412950e-08
1.989400000000243153e+03,1.771178219614661231e-08
1.989500000000243290e+03,1.785453937414341814e-08
1.989600000000243199e+03,1.799688564018914136e-08
1.989700000000243108e+03,1.813882104250632387e-08
1.989800000000243244e+03,1.828034562932473382e-08
1.989900000000243381e+03,1.842145944888075021e-08
1.990000000000243290e+03,1.856216254950465687e-08
1.990100000000243199e+03,1.873807035009328995e-08
1.990200000000243335e+03,1.891382475310507658e-08
1.990300000000243472e+03,1.908925163040170377e-08
1.990400000000243381e+03,1.926441924085226763e-08
1.990500000000243290e+03,1.943936542239872774e-08
1.990600000000243426e+03,1.961386074363423696e-08
1.990700000000243563e+03,1.978790538035199333e-08
1.990800000000243472e+03,1.996149950831874824e-08
1.990900000000243381e+03,2.013464330327574946e-08
1.991000000000243517e+03,2.030733694106534940e-08
1.991100000000243654e+03,2.053196084572824054e-08
1.991200000000243563e+03,2.075601589689357696e-08
1.991300000000243472e+03,2.097942467976923696e-08
1.991400000000243608e+03,2.120245186399003900e-08
1.991500000000243745e+03,2.142509744165063782e-08
1.991600000000243654e+03,2.164736140485703377e-08
1.991700000000243563e+03,2.186924374572748931e-08
1.991800000000243699e+03,2.209074445639162577e-08
1.991900000000243836e+03,2.231186352898943399e-08
1.992000000000243745e+03,2.253240624411657284e-08
1.992100000000243654e+03,2.281392673845717165e-08
1.992200000000243790e+03,2.309513469197789085e-08
1.992300000000243926e+03,2.337603006637708176e-08
1.992400000000243836e+03,2.365653327350484230e-08
1.992500000000243745e+03,2.393623611137524308e-08
1.992600000000243881e+03,2.421561300936259494e-08
1.992700000000244017e+03,2.449466395141099796e-08
1.992800000000243926e+03,2.477320132188799892e-08
1.992900000000243836e+03,2.505105461175006221e-08
1.993000000000243972e+03,2.532856984038962445e-08
1.993100000000244108e+03,2.567624809757350779e-08
1.993200000000244017e+03,2.602358719064240292e-08
1.993300000000243926e+03,2.637058724995544472e-08
1.993400000000244063e+03,2.671724840584136094e-08
1.993500000000244199e+03,2.706357078859722477e-08
1.993600000000244108e+03,2.740936503195828643e-08
1.993700000000244017e+03,2.775438623840867815e-08
1.993800000000244154e+03,2.809905359715705921e-08
1.993900000000244290e+03,2.844336726110637286e-08
1.994000000000244199e+03,2.878732738333680400e-08
1.994100000000244108e+03,2.922076385190416223e-08
1.994200000000244245e+03,2.965395116879380377e-08
1.994300000000244381e+03,3.008688942663048872e-08
1.994400000000244290e+03,3.051939407244737984e-08
1.994500000000244199e+03,3.095113855234382686e-08
1.994600000000244336e+03,3.138261487984102796e-08
1.994700000000244472e+03,3.181382316373781088e-08
1.994800000000244381e+03,3.224476351279937352e-08
1.994900000000244290e+03,3.267543603575918310e-08
1.995000000000244427e+03,3.310584084159369283e-08
1.995100000000244563e+03,3.364932493825679736e-08
1.995200000000244472e+03,3.419278298756363149e-08
1.995300000000244381e+03,3.473621492091409530e-08
1.995400000000244518e+03,3.527962066974385619e-08
1.995500000000244654e+03,3.582300016552226433e-08
1.995600000000244563e+03,3.636635333975453647e-08
1.995700000000244472e+03,3.690968012398429698e-08
1.995800000000244609e+03,3.745244640728860616e-08
1.995900000000244745e+03,3.799391359835608924e-08
1.996000000000244654e+03,3.853530275692352193e-08
1.996100000000244563e+03,3.920698270659911564e-08
1.996200000000244700e+03,3.987878976662882601e-08
1.996300000000244836e+03,4.055072355335832417e-08
1.996400000000244745e+03,4.122278368341104847e-08
1.996500000000244654e+03,4.189496977369136766e-08
1.996600000000244790e+03,4.256728144138132510e-08
1.996700000000244927e+03,4.323971830393736311e-08
1.996800000000244836e+03,4.391212808423394997e-08
1.996900000000244745e+03,4.458374652204073463e-08
1.997000000000244881e+03,4.525230893727366634e-08
1.997100000000245018e+03,4.608340281170588198e-08
1.997200000000244927e+03,4.691514559752180690e-08
1.997300000000244836e+03,4.774753658181371259e-08
1.997400000000244972e+03,4.858057505198387797e-08
1.997500000000245109e+03,4.941426029574072483e-08
1.997600000000245018e+03,5.024859160110240446e-08
1.997700000000244927e+03,5.108356825640073504e-08
1.997800000000245063e+03,5.191918955027721794e-08
1.997900000000245200e+03,5.275545477167910033e-08
1.998000000000245109e+03,5.359236321027015308e-08
1.998100000000245018e+03,5.459630942097867413e-08
1.998200000000245154e+03,5.560162052321650173e-08
1.998300000000245291e+03,5.660829570806416033e-08
1.998400000000245200e+03,5.761673295496973994e-08
1.998500000000245109e+03,5.863139936890893005e-08
1.998600000000245245e+03,5.964760941132523786e-08
1.998700000000245382e+03,6.066536267240614389e-08
1.998800000000245291e+03,6.168465874220717020e-08
1.998900000000245200e+03,6.270549721065632068e-08
1.999000000000245336e+03,6.372787766789172954e-08
1.999100000000245473e+03,6.489151565513817295e-08
1.999200000000245382e+03,6.605848079214690878e-08
1.999300000000245291e+03,6.722910205696582322e-08
1.999400000000245427e+03,6.840171759792408964e-08
1.999500000000245564e+03,6.957632640323774235e-08
1.999600000000245473e+03,7.075292746132316543e-08
1.999700000000245382e+03,7.193151976080258517e-08
1.999800000000245518e+03,7.311210229049909381e-08
1.999900000000245655e+03,7.429467403943052176e-08
2.000000000000245564e+03,7.547923399702716474e-08
2.000100000000245473e+03,7.675229543119484985e-08
2.000200000000245609e+03,7.802771021621714646e-08
2.000300000000245745e+03,7.930513813631059558e-08
2.000400000000245655e+03,8.058333730401221408e-08
2.000500000000245564e+03,8.186379432566065466e-08
2.000600000000245700e+03,8.314648624489702273e-08
2.000700000000245836e+03,8.443145896362894211e-08
2.000800000000245745e+03,8.571871054716273843e-08
2.000900000000245655e+03,8.701011473917445797e-08
2.001000000000245791e+03,8.830392604907710620e-08
2.001100000000245927e+03,8.955970570708430208e-08
2.001200000000245836e+03,9.081761101621094478e-08
2.001300000000245745e+03,9.207763881823640400e-08
2.001400000000245882e+03,9.333978595718070307e-08
2.001500000000246018e+03,9.460202939492495755e-08
2.001600000000245927e+03,9.586610318273255782e-08
2.001700000000245836e+03,9.713222640929289628e-08
2.001800000000245973e+03,9.840039577045304047e-08
2.001900000000246109e+03,9.967060796456300061e-08
2.002000000000246018e+03,1.009428596920552174e-07
2.002100000000245927e+03,1.020442317865568872e-07
2.002200000000246064e+03,1.031475968141087983e-07
2.002300000000246200e+03,1.042529520376086584e-07
2.002400000000246109e+03,1.053602947217402104e-07
2.002500000000246018e+03,1.064696221329774544e-07
2.002600000000246155e+03,1.075825137589212563e-07
2.002700000000246291e+03,1.086984004032566831e-07
2.002800000000246200e+03,1.098163169216438215e-07
2.002900000000246109e+03,1.109362607384383587e-07
2.003000000000246246e+03,1.120582292787799373e-07
2.003100000000246382e+03,1.128664465083833544e-07
2.003200000000246291e+03,1.136763330407560046e-07
2.003300000000246200e+03,1.144900584192770738e-07
2.003400000000246337e+03,1.153058809658039618e-07
2.003500000000246473e+03,1.161234065024956031e-07
2.003600000000246382e+03,1.169426424570238417e-07
2.003700000000246291e+03,1.177627057099245668e-07
2.003800000000246428e+03,1.185825945897045166e-07
2.003900000000246564e+03,1.194041448072277138e-07
2.004000000000246473e+03,1.202273553906059870e-07
2.004100000000246382e+03,1.206233888386866408e-07
2.004200000000246519e+03,1.210204875266651556e-07
2.004300000000246655e+03,1.214181310859190330e-07
2.004400000000246564e+03,1.218163190819661900e-07
2.004500000000246473e+03,1.222150510804196498e-07
2.004600000000246609e+03,1.226143266469855034e-07
2.004700000000246746e+03,1.230141453474614801e-07
2.004800000000246655e+03,1.234146788623058449e-07
2.004900000000246564e+03,1.238206595603207265e-07
2.005000000000246700e+03,1.242278599428715592e-07
2.005100000000246837e+03,1.241826230340964410e-07
2.005200000000246746e+03,1.241369106796197303e-07
2.005300000000246655e+03,1.240907236120547815e-07
2.005400000000246791e+03,1.240440625634238524e-07
2.005500000000246928e+03,1.239969282651601424e-07
2.005600000000246837e+03,1.239493214481062306e-07
2.005700000000246746e+03,1.238931378408855034e-07
2.005800000000246882e+03,1.238334926413607803e-07
2.005900000000247019e+03,1.237733888889197428e-07
2.006000000000246928e+03,1.237174531300386661e-07
2.006100000000246837e+03,1.234272905264356922e-07
2.006200000000246973e+03,1.231357904534585366e-07
2.006300000000247110e+03,1.228429528950612190e-07
2.006400000000247019e+03,1.225487778355329988e-07
2.006500000000246928e+03,1.222513715767578857e-07
2.006600000000247064e+03,1.219517935190463542e-07
2.006700000000247201e+03,1.216508913388642228e-07
2.006800000000247110e+03,1.213486651114463874e-07
2.006900000000247019e+03,1.210451149123604423e-07
2.007000000000247155e+03,1.207402408169472683e-07
2.007100000000247292e+03,1.202147531320622026e-07
2.007200000000247201e+03,1.196951272254854892e-07
2.007300000000247110e+03,1.191741536971395399e-07
2.007400000000247246e+03,1.186518342431134669e-07
2.007500000000247383e+03,1.181281705584666416e-07
2.007600000000247292e+03,1.176031643372277155e-07
2.007700000000247201e+03,1.170768172723916821e-07
2.007800000000247337e+03,1.165491310559232913e-07
2.007900000000247474e+03,1.160201073787596037e-07
2.008000000000247383e+03,1.154897479308133393e-07
2.008100000000247292e+03,1.149601693403683010e-07
2.008200000000247428e+03,1.144294951556941922e-07
2.008300000000247564e+03,1.138992471117316684e-07
2.008400000000247474e+03,1.133672851639344259e-07
2.008500000000247383e+03,1.128336091501905891e-07
2.008600000000247519e+03,1.122982179232666111e-07
2.008700000000247655e+03,1.117611112653090325e-07
2.008800000000247564e+03,1.112222900762052991e-07
2.008900000000247474e+03,1.106831818443500174e-07
2.009000000000247610e+03,1.101433924629625745e-07
2.009100000000247746e+03,1.096036898445029162e-07
2.009200000000247655e+03,1.090628798607113644e-07
2.009300000000247564e+03,1.085209636078122025e-07
2.009400000000247701e+03,1.079755342469675474e-07
2.009500000000247837e+03,1.074288651857746693e-07
2.009600000000247746e+03,1.068811192272300455e-07
2.009700000000247655e+03,1.063322975424097975e-07
2.009800000000247792e+03,1.057824013018041779e-07
2.009900000000247928e+03,1.052314316753206542e-07
2.010000000000247837e+03,1.046793898325957492e-07
2.010100000000247746e+03,1.042531979515283584e-07
2.010200000000247883e+03,1.038260154911573956e-07
2.010300000000248019e+03,1.033978425558866862e-07
2.010400000000247928e+03,1.029686792502240153e-07
2.010500000000247837e+03,1.025385256787795005e-07
2.010600000000247974e+03,1.021073819462676164e-07
2.010700000000248110e+03,1.016752481575089151e-07
2.010800000000248019e+03,1.012421244174281868e-07
2.010900000000247928e+03,1.008080108310527658e-07
2.011000000000248065e+03,1.003729075037623121e-07
2.011100000000248201e+03,1.000371721608486843e-07
2.011200000000248110e+03,9.970094399826314163e-08
2.011300000000248019e+03,9.936524729871021810e-08
2.011400000000248156e+03,9.903025044291644076e-08
2.011500000000248292e+03,9.869474681533617012e-08
2.011600000000248201e+03,9.835961822254515438e-08
2.011700000000248110e+03,9.802543063651004584e-08
2.011800000000248247e+03,9.769072129667109756e-08
2.011900000000248383e+03,9.735549051855102055e-08
2.012000000000248292e+03,9.701973861797949583e-08
2.012100000000248201e+03,9.682634917699832575e-08
2.012200000000248338e+03,9.663143390156119209e-08
2.012300000000248474e+03,9.643625123757466420e-08
2.012400000000248383e+03,9.624080128792968705e-08
2.012500000000248292e+03,9.604508415552035554e-08
2.012600000000248428e+03,9.584909994324535706e-08
2.012700000000248565e+03,9.565284875400839504e-08
2.012800000000248474e+03,9.545633069071779188e-08
2.012900000000248383e+03,9.525954585628437136e-08
2.013000000000248519e+03,9.506249435398291675e-08
2.013100000000248656e+03,9.500961639602216642e-08
2.013200000000248565e+03,9.495666099032237959e-08
2.013300000000248474e+03,9.490362673952560047e-08
2.013400000000248610e+03,9.485051365460101160e-08
2.013500000000248747e+03,9.479732174652537913e-08
2.013600000000248656e+03,9.474405102628281455e-08
2.013700000000248565e+03,9.469070150486482768e-08
2.013800000000248701e+03,9.463727319327049866e-08
2.013900000000248838e+03,9.458560153153660605e-08
2.014000000000248747e+03,9.453426226629257589e-08
2.014100000000248656e+03,9.462849328580778311e-08
2.014200000000248792e+03,9.472274896725190297e-08
2.014300000000248929e+03,9.481702930013144134e-08
2.014400000000248838e+03,9.491133427395052181e-08
2.014500000000248747e+03,9.500501354669591264e-08
2.014600000000248883e+03,9.509723605142887952e-08
2.014700000000249020e+03,9.518947896747521537e-08
2.014800000000248929e+03,9.528174228277059022e-08
2.014900000000248838e+03,9.537402598525002560e-08
2.015000000000248974e+03,9.546997788734061464e-08
2.015100000000249111e+03,9.571809968006802193e-08
2.015200000000249020e+03,9.596618877480101580e-08
2.015300000000248929e+03,9.621424515661645068e-08
2.015400000000249065e+03,9.646226881059437058e-08
2.015500000000249202e+03,9.671025972181695036e-08
2.015600000000249111e+03,9.695821787536897214e-08
2.015700000000249020e+03,9.720614325634010170e-08
2.015800000000249156e+03,9.745403584982281065e-08
2.015900000000249292e+03,9.770189564091154258e-08
2.016000000000249202e+03,9.794972261511549604e-08
2.016100000000249111e+03,9.836250061737849725e-08
2.016200000000249247e+03,9.877499210113572744e-08
2.016300000000249383e+03,9.918719714689079932e-08
2.016400000000249292e+03,9.959911583515206373e-08
2.016500000000249202e+03,1.000107482464352565e-07
2.016600000000249338e+03,1.004220944612615135e-07
2.016700000000249474e+03,1.008331545601554113e-07
2.016800000000249383e+03,1.012439286236465032e-07
2.016900000000249292e+03,1.016544167322717671e-07
2.017000000000249429e+03,1.020646189671216903e-07
2.017100000000249565e+03,1.026943947020233083e-07
2.017200000000249474e+03,1.033238750877856501e-07
2.017300000000249383e+03,1.039482458876997807e-07
2.017400000000249520e+03,1.045721400468898215e-07
2.017500000000249656e+03,1.051956791856411651e-07
2.017600000000249565e+03,1.058188631495324656e-07
2.017700000000249474e+03,1.064420523442501357e-07
2.017800000000249611e+03,1.070669274311514318e-07
2.017900000000249747e+03,1.076914748404541153e-07
2.018000000000249656e+03,1.083156943956244764e-07
2.018100000000249565e+03,1.090990065588838116e-07
2.018200000000249702e+03,1.098811219284328452e-07
2.018300000000249838e+03,1.106620409718000283e-07
2.018400000000249747e+03,1.114399260743797699e-07
2.018500000000249656e+03,1.122157774993275524e-07
2.018600000000249793e+03,1.129903973327347303e-07
2.018700000000249929e+03,1.137637861314246164e-07
2.018800000000249838e+03,1.145359444521378586e-07
2.018900000000249747e+03,1.153068728515364365e-07
2.019000000000249884e+03,1.160765718866671739e-07
2.019100000000250020e+03,1.170321465143211441e-07
2.019200000000249929e+03,1.179861985962700464e-07
2.019300000000249838e+03,1.189387280361161049e-07
2.019400000000249975e+03,1.198897347376270597e-07
2.019500000000250111e+03,1.208392186047316397e-07
2.019600000000250020e+03,1.217871795415241689e-07
2.019700000000249929e+03,1.227336174522688807e-07
2.019800000000250066e+03,1.236785322413956301e-07
2.019900000000250202e+03,1.246219238134955788e-07
2.020000000000250111e+03,1.255637920734341948e-07
2.020100000000250020e+03,1.265472122940080771e-07
2.020200000000250157e+03,1.275283697296941520e-07
2.020300000000250293e+03,1.285072650081824531e-07
2.020400000000250202e+03,1.294838987572197117e-07
2.020500000000250111e+03,1.304582716046154724e-07
2.020600000000250247e+03,1.314316487214183340e-07
2.020700000000250384e+03,1.324109659087645619e-07
2.020800000000250293e+03,1.333881622560769677e-07
2.020900000000250202e+03,1.343632379076493079e-07
2.021000000000250338e+03,1.353422405527575207e-07
2.021100000000250475e+03,1.361371397510337780e-07
2.021200000000250384e+03,1.369297278316679399e-07
2.021300000000250293e+03,1.377200055492991821e-07
2.021400000000250429e+03,1.385080186417356637e-07
2.021500000000250566e+03,1.392937631294520622e-07
2.021600000000250475e+03,1.400772004736754372e-07
2.021700000000250384e+03,1.408583314254133107e-07
2.021800000000250520e+03,1.416401983575396943e-07
2.021900000000250657e+03,1.424199271197534129e-07
2.022000000000250566e+03,1.431973863470155869e-07
2.022100000000250475e+03,1.434775294328183196e-07
2.022200000000250611e+03,1.437565222417894670e-07
2.022300000000250748e+03,1.440343647089284353e-07
2.022400000000250657e+03,1.443110567693803736e-07
2.022500000000250566e+03,1.445865983584364645e-07
2.022600000000250702e+03,1.448580044264987183e-07
2.022700000000250839e+03,1.451281006781220505e-07
2.022800000000250748e+03,1.453971977458613615e-07
2.022900000000250657e+03,1.456651332062830229e-07
2.023000000000250793e+03,1.459319070651540849e-07
2.023100000000250930e+03,1.453856784944732431e-07
2.023200000000250839e+03,1.448403100172082997e-07
2.023300000000250748e+03,1.442958020618603318e-07
2.023400000000250884e+03,1.437464800296179791e-07
2.023500000000251021e+03,1.431972991506008775e-07
2.023600000000250930e+03,1.426490289899219971e-07
2.023700000000250839e+03,1.421016698556836960e-07
2.023800000000250975e+03,1.415552220558988382e-07
2.023900000000251111e+03,1.410096858984932550e-07
2.024000000000251021e+03,1.404640859053481980e-07
2.024100000000250930e+03,1.389472761321133984e-07
2.024200000000251066e+03,1.374351058524373052e-07
2.024300000000251202e+03,1.359275719741586466e-07
2.024400000000251111e+03,1.344246714058496811e-07
2.024500000000251021e+03,1.329264010568097130e-07
2.024600000000251157e+03,1.314327578370721062e-07
2.024700000000251293e+03,1.299437386574108491e-07
2.024800000000251202e+03,1.284593404293344666e-07
2.024900000000251111e+03,1.269795600650791377e-07
2.025000000000251248e+03,1.255043944760656134e-07
2.025100000000251384e+03,1.234174941483395479e-07
2.025200000000251293e+03,1.213253901093843208e-07
2.025300000000251202e+03,1.192398131708608235e-07
2.025400000000251339e+03,1.171607618506063999e-07
2.025500000000251475e+03,1.150882346661513309e-07
2.025600000000251384e+03,1.130222301347085780e-07
2.025700000000251293e+03,1.109627467731658947e-07
2.025800000000251430e+03,1.089097830980940063e-07
2.025900000000251566e+03,1.068633376257567471e-07
2.026000000000251475e+03,1.048234088716258832e-07
2.026100000000251384e+03,1.026012344977488217e-07
2.026200000000251521e+03,1.003860711516954771e-07
2.026300000000251657e+03,9.817451355308081460e-08
2.026400000000251566e+03,9.596890579884937558e-08
2.026500000000251475e+03,9.377051795898086608e-08
2.026600000000251612e+03,9.158084045949370166e-08
2.026700000000251748e+03,8.939885795143739727e-08
2.026800000000251657e+03,8.722399608257300630e-08
2.026900000000251566e+03,8.505625470717518059e-08
2.027000000000251703e+03,8.289563367898189714e-08
2.027100000000251839e+03,8.089097839814785584e-08
2.027200000000251748e+03,7.889380489124827419e-08
2.027300000000251657e+03,7.690410848092767160e-08
2.027400000000251794e+03,7.492027974264732474e-08
2.027500000000251930e+03,7.294211168843752694e-08
2.027600000000251839e+03,7.097159290650045454e-08
2.027700000000251748e+03,6.900871766141268989e-08
2.027800000000251885e+03,6.705348022009534961e-08
2.027900000000252021e+03,6.510587485182236965e-08
2.028000000000251930e+03,6.316589582904808287e-08
2.028100000000251839e+03,6.156507311449656277e-08
2.028200000000251976e+03,5.997042052998211127e-08
2.028300000000252112e+03,5.838193374750903905e-08
2.028400000000252021e+03,5.679960844070128966e-08
2.028500000000251930e+03,5.522321530890108051e-08
2.028600000000252066e+03,5.365193572405015450e-08
2.028700000000252203e+03,5.208687865431314174e-08
2.028800000000252112e+03,5.052803934676958775e-08
2.028900000000252021e+03,4.897541305049194776e-08
2.029000000000252157e+03,4.742834593506591564e-08
2.029100000000252294e+03,4.623576723244198042e-08
2.029200000000252203e+03,4.504725468350400003e-08
2.029300000000252112e+03,4.386280829436996774e-08
2.029400000000252248e+03,4.268242807021519528e-08
2.029500000000252385e+03,4.150611401527724291e-08
2.029600000000252294e+03,4.033386613285102247e-08
2.029700000000252203e+03,3.916402964657364538e-08
2.029800000000252339e+03,3.799816266548184347e-08
2.029900000000252476e+03,3.683646557816654387e-08
2.030000000000252385e+03,3.567894103015160926e-08
2.030100000000252294e+03,3.478706272405360245e-08
2.030200000000252430e+03,3.389904571995971037e-08
2.030300000000252567e+03,3.301488463788730175e-08
2.030400000000252476e+03,3.213457410263073324e-08
2.030500000000252385e+03,3.125810874375422899e-08
2.030600000000252521e+03,3.038584650966302858e-08
2.030700000000252658e+03,2.951770623579441691e-08
2.030800000000252567e+03,2.865169536706751411e-08
2.030900000000252476e+03,2.778854547058376394e-08
2.031000000000252612e+03,2.692933795896372301e-08
2.031100000000252749e+03,2.629087621696716236e-08
2.031200000000252658e+03,2.565478798735962709e-08
2.031300000000252567e+03,2.502107157460820466e-08
2.031400000000252703e+03,2.438972528358244227e-08
2.031500000000252840e+03,2.376074741955754973e-08
2.031600000000252749e+03,2.313413628821151425e-08
2.031700000000252658e+03,2.250989019562253287e-08
2.031800000000252794e+03,2.188800744827171902e-08
2.031900000000252930e+03,2.126848635304644096e-08
2.032000000000252840e+03,2.065132521760195199e-08
2.032100000000252749e+03,2.018053177064977253e-08
2.032200000000252885e+03,1.971185897942937091e-08
2.032300000000253021e+03,1.924532723291455189e-08
2.032400000000252930e+03,1.878068833003234670e-08
2.032500000000252840e+03,1.831793969738934316e-08
2.032600000000252976e+03,1.785707876378795614e-08
2.032700000000253112e+03,1.739810296022723156e-08
2.032800000000253021e+03,1.694100971989934577e-08
2.032900000000252930e+03,1.648579647818627697e-08
2.033000000000253067e+03,1.603234923601392487e-08
2.033100000000253203e+03,1.569416076896445118e-08
2.033200000000253112e+03,1.535701719915373004e-08
2.033300000000253021e+03,1.502091814933906170e-08
2.033400000000253158e+03,1.468586324214756306e-08
2.033500000000253294e+03,1.435185210007775753e-08
2.033600000000253203e+03,1.401888434549820685e-08
2.033700000000253112e+03,1.368695960064609334e-08
2.033800000000253249e+03,1.335596400368813106e-08
2.033900000000253385e+03,1.302583155305098493e-08
2.034000000000253294e+03,1.269654733489393495e-08
2.034100000000253203e+03,1.244192233494609444e-08
2.034200000000253340e+03,1.218858799385878632e-08
2.034300000000253476e+03,1.193620888652822112e-08
2.034400000000253385e+03,1.168464849904661531e-08
2.034500000000253294e+03,1.143390605161587484e-08
2.034600000000253431e+03,1.118398076489253071e-08
2.034700000000253567e+03,1.093487185998871510e-08
2.034800000000253476e+03,1.068657855847082296e-08
2.034900000000253385e+03,1.043910008235818689e-08
2.035000000000253522e+03,1.019243565426158516e-08
2.035100000000253658e+03,1.000073472413467138e-08
2.035200000000253567e+03,9.809631164063521828e-09
2.035300000000253476e+03,9.619348449199017232e-09
2.035400000000253613e+03,9.429817653113633235e-09
2.035500000000253749e+03,9.240722312673521014e-09
2.035600000000253658e+03,9.052212066193717688e-09
2.035700000000253567e+03,8.864286243978226311e-09
2.035800000000253704e+03,8.676944176833846711e-09
2.035900000000253840e+03,8.490185196070761129e-09
2.036000000000253749e+03,8.304008633609233907e-09
2.036100000000253658e+03,8.160789098609133876e-09
2.036200000000253794e+03,8.017929186645673585e-09
2.036300000000253931e+03,7.875508968399640427e-09
2.036400000000253840e+03,7.733470720695163905e-09
2.036500000000253749e+03,7.592019680864542119e-09
2.036600000000253885e+03,7.450859763926623700e-09
2.036700000000254022e+03,7.309990892036474350e-09
2.036800000000253931e+03,7.169412987330735148e-09
2.036900000000253840e+03,7.029125971926950056e-09
2.037000000000253976e+03,6.889164494824919867e-09
2.037100000000254113e+03,6.777882873399831362e-09
2.037200000000254022e+03,6.666833501721649992e-09
2.037300000000253931e+03,6.556009698140699706e-09
2.037400000000254067e+03,6.445411286283233215e-09
2.037500000000254204e+03,6.335038089861447295e-09
2.037600000000254113e+03,6.225302861878005138e-09
2.037700000000254022e+03,6.115808714233406192e-09
2.037800000000254158e+03,6.006548729469875696e-09
2.037900000000254295e+03,5.897604219646334963e-09
2.038000000000254204e+03,5.788863652440568407e-09
2.038100000000254113e+03,5.703461218243059410e-09
2.038200000000254249e+03,5.618163174929304744e-09
2.038300000000254386e+03,5.532969488933334237e-09
2.038400000000254295e+03,5.447880126690013173e-09
2.038500000000254204e+03,5.362895054634639446e-09
2.038600000000254340e+03,5.278014239203334000e-09
2.038700000000254477e+03,5.193317837557279719e-09
2.038800000000254386e+03,5.108765638983187761e-09
2.038900000000254295e+03,5.024313574894061630e-09
2.039000000000254431e+03,4.939961619203440527e-09
2.039100000000254568e+03,4.873248977051919513e-09
2.039200000000254477e+03,4.806574435217948738e-09
2.039300000000254386e+03,4.739937991403474876e-09
2.039400000000254522e+03,4.673319883159406042e-09
2.039500000000254659e+03,4.606648012656193203e-09
2.039600000000254568e+03,4.540018141568504623e-09
2.039700000000254477e+03,4.473431618124636493e-09
2.039800000000254613e+03,4.406963647605169205e-09
2.039900000000254749e+03,4.340664867633251147e-09
2.040000000000254659e+03,4.274400991942854226e-09
2.040100000000254568e+03,4.222221972908054165e-09
2.040200000000254704e+03,4.170035310296003893e-09
2.040300000000254840e+03,4.117841006582494687e-09
2.040400000000254749e+03,4.065639064244525509e-09
2.040500000000254659e+03,4.013429485760109444e-09
2.040600000000254795e+03,3.961212273608443273e-09
2.040700000000254931e+03,3.908987430270205257e-09
2.040800000000254840e+03,3.856754958227275550e-09
2.040900000000254749e+03,3.804522868913897561e-09
2.041000000000254886e+03,3.752364237584328957e-09
2.041100000000255022e+03,3.709590920577537267e-09
2.041200000000254931e+03,3.666801898165510663e-09
2.041300000000254840e+03,3.623997179843375571e-09
2.041400000000254977e+03,3.581176775106944154e-09
2.041500000000255113e+03,3.538340693452865680e-09
2.041600000000255022e+03,3.495488944378463154e-09
2.041700000000254931e+03,3.452621537381522806e-09
2.041800000000255068e+03,3.409738481960499225e-09
2.041900000000255204e+03,3.366764907235259456e-09
2.042000000000255113e+03,3.323777135713541330e-09
2.042100000000255022e+03,3.289812208486943927e-09
2.042200000000255159e+03,3.255804692899880029e-09
2.042300000000255295e+03,3.221754585242014455e-09
2.042400000000255204e+03,3.187661881808373396e-09
2.042500000000255113e+03,3.153526578899178976e-09
2.042600000000255250e+03,3.119348672820013036e-09
2.042700000000255386e+03,3.085062209075585771e-09
2.042800000000255295e+03,3.050731526404914924e-09
2.042900000000255204e+03,3.016359767255484338e-09
2.043000000000255341e+03,2.981946930799560431e-09
2.043100000000255477e+03,2.954408120410990722e-09
2.043200000000255386e+03,2.926719158778871707e-09
2.043300000000255295e+03,2.898894734478555894e-09
2.043400000000255432e+03,2.871034257085395728e-09
2.043500000000255568e+03,2.843196078235102398e-09
2.043600000000255477e+03,2.815326020418911238e-09
2.043700000000255386e+03,2.787418732796323978e-09
2.043800000000255523e+03,2.759474237695296610e-09
2.043900000000255659e+03,2.731492557440102521e-09
2.044000000000255568e+03,2.703473714364890392e-09
2.044100000000255477e+03,2.680765472148033700e-09
2.044200000000255613e+03,2.658011969542510695e-09
2.044300000000255750e+03,2.635218524286635997e-09
2.044400000000255659e+03,2.612246882296146787e-09
2.044500000000255568e+03,2.589232279497778516e-09
2.044600000000255704e+03,2.566174740968253435e-09
2.044700000000255841e+03,2.543074291779805099e-09
2.044800000000255750e+03,2.519930957000082001e-09
2.044900000000255659e+03,2.496744761692042105e-09
2.045000000000255795e+03,2.473515730925700055e-09
2.045100000000255932e+03,2.454796079835261349e-09
2.045200000000255841e+03,2.436032910718676695e-09
2.045300000000255750e+03,2.417226254473631374e-09
2.045400000000255886e+03,2.398376141988799770e-09
2.045500000000256023e+03,2.379373277976045332e-09
2.045600000000255932e+03,2.360325093445489839e-09
2.045700000000255841e+03,2.341235352110116070e-09
2.045800000000255977e+03,2.322104090953029417e-09
2.045900000000256114e+03,2.302931346942360412e-09
2.046000000000256023e+03,2.283717157040258653e-09
2.046100000000255932e+03,2.268002659925024644e-09
2.046200000000256068e+03,2.252245802443301958e-09
2.046300000000256205e+03,2.236446622352171104e-09
2.046400000000256114e+03,2.220605157392975478e-09
2.046500000000256023e+03,2.204721445291282903e-09
2.046600000000256159e+03,2.188795523756942289e-09
2.046700000000256296e+03,2.172827430484153114e-09
2.046800000000256205e+03,2.156817203151419105e-09
2.046900000000256114e+03,2.140764879421457247e-09
2.047000000000256250e+03,2.124670605852156061e-09
2.047100000000256387e+03,2.112447009437485542e-09
2.047200000000256296e+03,2.100178461906065508e-09
2.047300000000256205e+03,2.087864974294206280e-09
2.047400000000256341e+03,2.075506557642894644e-09
2.047500000000256478e+03,2.063170034497562505e-09
2.047600000000256387e+03,2.050813182098555947e-09
2.047700000000256296e+03,2.038390617675746039e-09
2.047800000000256432e+03,2.025893718415484611e-09
2.047900000000256568e+03,2.013351407514171046e-09
2.048000000000256478e+03,2.000763693305187622e-09
2.048100000000256387e+03,1.990247025342591027e-09
2.048200000000256296e+03,1.979690648418392635e-09
2.048300000000256659e+03,1.969064411272905460e-09
2.048400000000256568e+03,1.958385035415845000e-09
2.048500000000256478e+03,1.947666508427251020e-09
2.048600000000256841e+03,1.936908858542762504e-09
2.048700000000256750e+03,1.926112000765888077e-09
2.048800000000256659e+03,1.915281237165186455e-09
2.048900000000256568e+03,1.904450930406997451e-09
2.049000000000256478e+03,1.893581106199192117e-09
2.049100000000256841e+03,1.884418015397890770e-09
2.049200000000256750e+03,1.875218252120180050e-09
2.049300000000256659e+03,1.865981845178213634e-09
2.049400000000257023e+03,1.856708823373877408e-09
2.049500000000256932e+03,1.847399215498916021e-09
2.049600000000256841e+03,1.838053050334684531e-09
2.049700000000256750e+03,1.828670356652313419e-09
2.049800000000256659e+03,1.819251163212676128e-09
2.049900000000257023e+03,1.809820103715426573e-09
2.050000000000256932e+03,1.800404360222336110e-09
2.050100000000256841e+03,1.794073717973630234e-09
2.050200000000257205e+03,1.787710940847341147e-09
2.050300000000257114e+03,1.781316036180236833e-09
2.050400000000257023e+03,1.774889011311639405e-09
2.050500000000256932e+03,1.768429873583554969e-09
2.050600000000256841e+03,1.761938630340629580e-09
2.050700000000257205e+03,1.755415288930120906e-09
2.050800000000257114e+03,1.748859856702029754e-09
2.050900000000257023e+03,1.742272341008897204e-09
2.051000000000257387e+03,1.735652749206605731e-09
2.051100000000257296e+03,1.729246923903311176e-09
2.051200000000257205e+03,1.722795100088489689e-09
2.051300000000257114e+03,1.716315232231917933e-09
2.051400000000257023e+03,1.709807348723062362e-09
2.051500000000257387e+03,1.703291686775388893e-09
2.051600000000257296e+03,1.696765722140194265e-09
2.051700000000257205e+03,1.690211530660702542e-09
2.051800000000257569e+03,1.683629138812661021e-09
2.051900000000257478e+03,1.677018573060713958e-09
2.052000000000257387e+03,1.670379859864976385e-09
2.052100000000257296e+03,1.666341175647437594e-09
2.052200000000257205e+03,1.662267842665164129e-09
2.052300000000257569e+03,1.658161258055071752e-09
2.052400000000257478e+03,1.654050213018544385e-09
2.052500000000257387e+03,1.649915833334111374e-09
2.052600000000257751e+03,1.645758126255981047e-09
2.052700000000257660e+03,1.641577099040253083e-09
2.052800000000257569e+03,1.637372758944813455e-09
2.052900000000257478e+03,1.633145113229398335e-09
2.053000000000257387e+03,1.628894169156705819e-09
2.053100000000257751e+03,1.625057252779438241e-09
2.053200000000257660e+03,1.621199657163668694e-09
2.053300000000257569e+03,1.617321589164049623e-09
2.053400000000257933e+03,1.613461064463390171e-09
2.053500000000257842e+03,1.609579711477259880e-09
2.053600000000257751e+03,1.605677540197427729e-09
2.053700000000257660e+03,1.601754560615171349e-09
2.053800000000257569e+03,1.597810782721257380e-09
2.053900000000257933e+03,1.593831444453325630e-09
2.054000000000257842e+03,1.589810614898183024e-09
2.054100000000257751e+03,1.586741091015088481e-09
2.054200000000258115e+03,1.583655511407393368e-09
2.054300000000258024e+03,1.580553889765901937e-09
2.054400000000257933e+03,1.577436239776060168e-09
2.054500000000257842e+03,1.574356894557282858e-09
2.054600000000257751e+03,1.571281923546242243e-09
2.054700000000258115e+03,1.568151131917139627e-09
2.054800000000258024e+03,1.564938804916380650e-09
2.054900000000257933e+03,1.561710647201161582e-09
2.055000000000258296e+03,1.558466673314937213e-09
2.055100000000258206e+03,1.556290097775074032e-09
2.055200000000258115e+03,1.554101535032166937e-09
2.055300000000258024e+03,1.551900996378701604e-09
2.055400000000257933e+03,1.549688493101687359e-09
2.055500000000258296e+03,1.547464036482664001e-09
2.055600000000258206e+03,1.545243986454741864e-09
2.055700000000258115e+03,1.543032364985067616e-09
2.055800000000258478e+03,1.540808717409419899e-09
2.055900000000258387e+03,1.538573054132070666e-09
2.056000000000258296e+03,1.536325385556467999e-09
2.056100000000258206e+03,1.535478566616318644e-09
2.056200000000258115e+03,1.534622956297487645e-09
2.056300000000258478e+03,1.533748311572345773e-09
2.056400000000258387e+03,1.532840890391080123e-09
2.056500000000258296e+03,1.531924723013286369e-09
2.056600000000258660e+03,1.530999811595615032e-09
2.056700000000258569e+03,1.530066158295340948e-09
2.056800000000258478e+03,1.529123765270349828e-09
2.056900000000258387e+03,1.528172634679146938e-09
2.057000000000258296e+03,1.527212768682148955e-09
2.057100000000258660e+03,1.526747277157328485e-09
2.057200000000258569e+03,1.526275219707603888e-09
2.057300000000258478e+03,1.525796597309657712e-09
2.057400000000258842e+03,1.525311410940905388e-09
2.057500000000258751e+03,1.524819661579501844e-09
2.057600000000258660e+03,1.524321350204322071e-09
2.057700000000258569e+03,1.523816477794975802e-09
2.057800000000258478e+03,1.523305045331803793e-09
2.057900000000258842e+03,1.522779507317464934e-09
2.058000000000258751e+03,1.522220958478364121e-09
2.058100000000258660e+03,1.521411559583163571e-09
2.058200000000259024e+03,1.520598052294587956e-09
2.058300000000258933e+03,1.519780431543483610e-09
2.058400000000258842e+03,1.518958704156031980e-09
2.058500000000258751e+03,1.518132876952539875e-09
2.058600000000258660e+03,1.517304245851548021e-09
2.058700000000259024e+03,1.516459289695870188e-09
2.058800000000258933e+03,1.515554964853198906e-09
2.058900000000258842e+03,1.514646641931467207e-09
2.059000000000259206e+03,1.513712581642206481e-09
2.059100000000259115e+03,1.514781677370671027e-09
2.059200000000259024e+03,1.515849505229502150e-09
2.059300000000258933e+03,1.516916064826825724e-09
2.059400000000258842e+03,1.517981378049895143e-09
2.059500000000259206e+03,1.519040540091230665e-09
2.059600000000259115e+03,1.520069377209933477e-09
2.059700000000259024e+03,1.521096896131586772e-09
2.059800000000259388e+03,1.522123096549049704e-09
2.059900000000259297e+03,1.523147978155575992e-09
2.060000000000259206e+03,1.524171540644723755e-09
2.060100000000259115e+03,1.525131721090460720e-09
2.060200000000259024e+03,1.526066669384596792e-09
2.060300000000259388e+03,1.527008186825923616e-09
2.060400000000259297e+03,1.528010088498011200e-09
2.060500000000259206e+03,1.529011407431402729e-09
2.060600000000259570e+03,1.530012143782448986e-09
2.060700000000259479e+03,1.531012297707466636e-09
2.060800000000259388e+03,1.532011869362764482e-09
2.060900000000259297e+03,1.533010858904621757e-09
2.061000000000259206e+03,1.534009266488920236e-09
2.061100000000259570e+03,1.534863401084113106e-09
2.061200000000259479e+03,1.535748873573042770e-09
2.061300000000259388e+03,1.536633714306159664e-09
2.061400000000259752e+03,1.537517922978212221e-09
2.061500000000259661e+03,1.538401499284721461e-09
2.061600000000259570e+03,1.539284442922009322e-09
2.061700000000259479e+03,1.540166753587178602e-09
2.061800000000259388e+03,1.541048430978112127e-09
2.061900000000259752e+03,1.541938647542206658e-09
2.062000000000259661e+03,1.542844848639648662e-09
2.062100000000259570e+03,1.545355040825261096e-09
2.062200000000259934e+03,1.547866467169752672e-09
2.062300000000259843e+03,1.550379126741182212e-09
2.062400000000259752e+03,1.552921220669613362e-09
2.062500000000259661e+03,1.555473434949127881e-09
2.062600000000259570e+03,1.558027001315114522e-09
2.062700000000259934e+03,1.560581918932693688e-09
2.062800000000259843e+03,1.563138186967004190e-09
2.062900000000259752e+03,1.565695804583261556e-09
2.063000000000260115e+03,1.568254770946323973e-09
2.063100000000260025e+03,1.570658631859378074e-09
2.063200000000259934e+03,1.573063589698215780e-09
2.063300000000259843e+03,1.575469644069676696e-09
2.063400000000259752e+03,1.577876794580469116e-09
2.063500000000260115e+03,1.580266890061835850e-09
2.063600000000260025e+03,1.582638507636415986e-09
2.063700000000259934e+03,1.585011105334328361e-09
2.063800000000260297e+03,1.587384682683575031e-09
2.063900000000260206e+03,1.589759239212035218e-09
2.064000000000260115e+03,1.592134774449206314e-09
2.064100000000260025e+03,1.595156955059596173e-09
2.064200000000259934e+03,1.598178367876916399e-09
2.064300000000260297e+03,1.601199012545888990e-09
2.064400000000260206e+03,1.604186139352566344e-09
2.064500000000260115e+03,1.607169254679272953e-09
2.064600000000260479e+03,1.610143720849274825e-09
2.064700000000260388e+03,1.613086584587083894e-09
2.064800000000260297e+03,1.616028400964844103e-09
2.064900000000260206e+03,1.618969169742357918e-09
2.065000000000260115e+03,1.621901235139983748e-09
2.065100000000260479e+03,1.625701367436874355e-09
2.065200000000260388e+03,1.629498060753296685e-09
2.065300000000260297e+03,1.633291317003258995e-09
2.065400000000260661e+03,1.637081138099953734e-09
2.065500000000260570e+03,1.640867525955720941e-09
2.065600000000260479e+03,1.644650482482139858e-09
2.065700000000260388e+03,1.648430009589965233e-09
2.065800000000260297e+03,1.652169825554413503e-09
2.065900000000260661e+03,1.655902955414211385e-09
2.066000000000260570e+03,1.659632480763919774e-09
2.066100000000260479e+03,1.664083925845376845e-09
2.066200000000260843e+03,1.668531649229581488e-09
2.066300000000260752e+03,1.672975652382936745e-09
2.066400000000260661e+03,1.677415936771676912e-09
2.066500000000260570e+03,1.681852503861785860e-09
2.066600000000260479e+03,1.686285355119013364e-09
2.066700000000260843e+03,1.690714492008904268e-09
2.066800000000260752e+03,1.695139915996709557e-09
2.066900000000260661e+03,1.699509667771156706e-09
2.067000000000261025e+03,1.703846296626477796e-09
2.067100000000260934e+03,1.708423371950377422e-09
2.067200000000260843e+03,1.712994196695186382e-09
2.067300000000260752e+03,1.717557457666656946e-09
2.067400000000260661e+03,1.722113740794905136e-09
2.067500000000261025e+03,1.726663050943940311e-09
2.067600000000260934e+03,1.731176010251014804e-09
2.067700000000260843e+03,1.735672489645942288e-09
2.067800000000261207e+03,1.740161807609195237e-09
2.067900000000261116e+03,1.744643969458330071e-09
2.068000000000261025e+03,1.749118980509218858e-09
2.068100000000260934e+03,1.753877028804704732e-09
2.068200000000260843e+03,1.758624931789080732e-09
2.068300000000261207e+03,1.763362698217150568e-09
2.068400000000261116e+03,1.768061848689875739e-09
2.068500000000261025e+03,1.772739632947651317e-09
2.068600000000261389e+03,1.777407095243581272e-09
2.068700000000261298e+03,1.782064244981554012e-09
2.068800000000261207e+03,1.786711091559983455e-09
2.068900000000261116e+03,1.791347644371734794e-09
2.069000000000261025e+03,1.795973912806700951e-09
2.069100000000261389e+03,1.801573774862723151e-09
2.069200000000261298e+03,1.807220908953345635e-09
2.069300000000261207e+03,1.812861468589001532e-09
2.069400000000261571e+03,1.818482651767111658e-09
2.069500000000261480e+03,1.824084488422411182e-09
2.069600000000261389e+03,1.829667008457488140e-09
2.069700000000261298e+03,1.835230241742690584e-09
2.069800000000261207e+03,1.840774218116197303e-09
2.069900000000261571e+03,1.846298967384057946e-09
2.070000000000261480e+03,1.851777868006880410e-09
2.070100000000261389e+03,1.858394975575652529e-09
2.070200000000261753e+03,1.864994426073887595e-09
2.070300000000261662e+03,1.871576230734510970e-09
2.070400000000261571e+03,1.878140400787930492e-09
2.070500000000261480e+03,1.884686947461903299e-09
2.070600000000261389e+03,1.891215881981582150e-09
2.070700000000261753e+03,1.897727215569537346e-09
2.070800000000261662e+03,1.904273374499713226e-09
2.070900000000261571e+03,1.910837084654105050e-09
2.071000000000261934e+03,1.917383825533098290e-09
2.071100000000261844e+03,1.924221831258137042e-09
2.071200000000261753e+03,1.931038976304964339e-09
2.071300000000261662e+03,1.937835272838621875e-09
2.071400000000261571e+03,1.944634886263569961e-09
2.071500000000261934e+03,1.951436217397056327e-09
2.071600000000261844e+03,1.958241872282964629e-09
2.071700000000261753e+03,1.965046320602562713e-09
2.071800000000262116e+03,1.971830607729591290e-09
2.071900000000262025e+03,1.978594743019916796e-09
2.072000000000261934e+03,1.985339002056353408e-09
2.072100000000261844e+03,1.992460159991290050e-09
2.072200000000261753e+03,1.999551847006072668e-09
2.072300000000262116e+03,2.006614098015011402e-09
2.072400000000262025e+03,2.013623174090842997e-09
2.072500000000261934e+03,2.020569762531057643e-09
2.072600000000262298e+03,2.027449795902550912e-09
2.072700000000262207e+03,2.034299890854423415e-09
2.072800000000262116e+03,2.041120086228438427e-09
2.072900000000262025e+03,2.047910420833465968e-09
2.073000000000261934e+03,2.054670933447790232e-09
2.073100000000262298e+03,2.062266674054492368e-09
2.073200000000262207e+03,2.069862416482670200e-09
2.073300000000262116e+03,2.077459910208910453e-09
2.073400000000262480e+03,2.085027696484197305e-09
2.073500000000262389e+03,2.092565793963128198e-09
2.073600000000262298e+03,2.100074221295696485e-09
2.073700000000262207e+03,2.107552997127162391e-09
2.073800000000262116e+03,2.115002140098092305e-09
2.073900000000262480e+03,2.122421668844375737e-09
2.074000000000262389e+03,2.129811601997720799e-09
2.074100000000262298e+03,2.137405836633665704e-09
2.074200000000262662e+03,2.144965782245062591e-09
2.074300000000262571e+03,2.152491467285937704e-09
2.074400000000262480e+03,2.159982920197415753e-09
2.074500000000262389e+03,2.167440169407606173e-09
2.074600000000262298e+03,2.174863243331611813e-09
2.074700000000262662e+03,2.182252170371586422e-09
2.074800000000262571e+03,2.189606978916599820e-09
2.074900000000262480e+03,2.196927697342833525e-09
2.075000000000262844e+03,2.204214354014465838e-09
2.075100000000262753e+03,2.211831375863757532e-09
2.075200000000262662e+03,2.219410607957590068e-09
2.075300000000262571e+03,2.226952084146442387e-09
2.075400000000262480e+03,2.234455838263562019e-09
2.075500000000262844e+03,2.241921904125008923e-09
2.075600000000262753e+03,2.249344052706080075e-09
2.075700000000262662e+03,2.256717976783785021e-09
2.075800000000263026e+03,2.264054204190998615e-09
2.075900000000262935e+03,2.271374439320472899e-09
2.076000000000262844e+03,2.278689932685360397e-09
2.076100000000262753e+03,2.285918792789952498e-09
2.076200000000262662e+03,2.293109792130884931e-09
2.076300000000263026e+03,2.300262960329403201e-09
2.076400000000262935e+03,2.307378326994173050e-09
2.076500000000262844e+03,2.314455921721437622e-09
2.076600000000263208e+03,2.321495774094955009e-09
2.076700000000263117e+03,2.328497913685888653e-09
2.076800000000263026e+03,2.335462370053010003e-09
2.076900000000262935e+03,2.342389172742568645e-09
2.077000000000262844e+03,2.349291670704365442e-09
2.077100000000263208e+03,2.355313974377024051e-09
2.077200000000263117e+03,2.361314691412928290e-09
2.077300000000263026e+03,2.367315630178679928e-09
2.077400000000263390e+03,2.373279679946892646e-09
2.077500000000263299e+03,2.379206876342223312e-09
2.077600000000263208e+03,2.385097254969241535e-09
2.077700000000263117e+03,2.390950851412306011e-09
2.077800000000263026e+03,2.396767701235616216e-09
2.077900000000263390e+03,2.402547839983238462e-09
2.078000000000263299e+03,2.408305178015887322e-09
2.078100000000263208e+03,2.413964556929172886e-09
2.078200000000263572e+03,2.419595750433640015e-09
2.078300000000263481e+03,2.425198749895573282e-09
2.078400000000263390e+03,2.430773546688390035e-09
2.078500000000263299e+03,2.436320132192527082e-09
2.078600000000263208e+03,2.441838497795482040e-09
2.078700000000263572e+03,2.447328634891834435e-09
2.078800000000263481e+03,2.452814556491010069e-09
2.078900000000263390e+03,2.458358371911474762e-09
2.079000000000263753e+03,2.463874418650548648e-09
2.079100000000263663e+03,2.467425954075916317e-09
2.079200000000263572e+03,2.470950261782207730e-09
2.079300000000263481e+03,2.474381266252277870e-09
2.079400000000263390e+03,2.477732426703265623e-09
2.079500000000263753e+03,2.481056084909603578e-09
2.079600000000263663e+03,2.484342246257964382e-09
2.079700000000263572e+03,2.487555253476504639e-09
2.079800000000263935e+03,2.490740682837888922e-09
2.079900000000263844e+03,2.493898558209832714e-09
2.080000000000263753e+03,2.497028903443155503e-09
2.080100000000263663e+03,2.497986429084032709e-09
2.080200000000263572e+03,2.498924764303898480e-09
2.080300000000263935e+03,2.499843929237468365e-09
2.080400000000263844e+03,2.500695638737804146e-09
2.080500000000263753e+03,2.501292574536597443e-09
2.080600000000264117e+03,2.501870233061150350e-09
2.080700000000264026e+03,2.502428640923613072e-09
2.080800000000263935e+03,2.502967824713836682e-09
2.080900000000263844e+03,2.503487810999394209e-09
2.081000000000263753e+03,2.503988626320078649e-09
2.081100000000264117e+03,2.502389310945572189e-09
2.081200000000264026e+03,2.500792744539717138e-09
2.081300000000263935e+03,2.499287600311167583e-09
2.081400000000264299e+03,2.497773626021828274e-09
2.081500000000264208e+03,2.496250829882880029e-09
2.081600000000264117e+03,2.494599999388540697e-09
2.081700000000264026e+03,2.492940168013671765e-09
2.081800000000263935e+03,2.491271682594429098e-09
2.081900000000264299e+03,2.489593362394655570e-09
2.082000000000264208e+03,2.487905232966690291e-09
2.082100000000264117e+03,2.484210496132226499e-09
2.082200000000264481e+03,2.480515700130554232e-09
2.082300000000264390e+03,2.476820845776318595e-09
2.082400000000264299e+03,2.473125933883876831e-09
2.082500000000264208e+03,2.469430965267341754e-09
2.082600000000264117e+03,2.465735940740607388e-09
2.082700000000264481e+03,2.462083180771740426e-09
2.082800000000264390e+03,2.458446935639584755e-09
2.082900000000264299e+03,2.454810467340337173e-09
2.083000000000264663e+03,2.451173776641125806e-09
2.083100000000264572e+03,2.443989896959913888e-09
2.083200000000264481e+03,2.436819782080006572e-09
2.083300000000264390e+03,2.429663416358892803e-09
2.083400000000264299e+03,2.422520784166682645e-09
2.083500000000264663e+03,2.415391869886081231e-09
2.083600000000264572e+03,2.408276657912492152e-09
2.083700000000264481e+03,2.401175119459286044e-09
2.083800000000264845e+03,2.394110062528880118e-09
2.083900000000264754e+03,2.387090797101452966e-09
2.084000000000264663e+03,2.380084852731005252e-09
2.084100000000264572e+03,2.371993075369323677e-09
2.084200000000264481e+03,2.363916824502123776e-09
2.084300000000264845e+03,2.355856089324076315e-09
2.084400000000264754e+03,2.347810859034190624e-09
2.084500000000264663e+03,2.339731427230185828e-09
2.084600000000265027e+03,2.331665133797910543e-09
2.084700000000264936e+03,2.323614671526608890e-09
2.084800000000264845e+03,2.315580028585737367e-09
2.084900000000264754e+03,2.307569845788597762e-09
2.085000000000264663e+03,2.299621970139325187e-09
2.085100000000265027e+03,2.288776424076708991e-09
2.085200000000264936e+03,2.277956487019202279e-09
2.085300000000264845e+03,2.267115934282611185e-09
2.085400000000265209e+03,2.256296826086444220e-09
2.085500000000265118e+03,2.245504616663174145e-09
2.085600000000265027e+03,2.234740722437293445e-09
2.085700000000264936e+03,2.224003786647037760e-09
2.085800000000264845e+03,2.213292731864302432e-09
2.085900000000265209e+03,2.202607529508546423e-09
2.086000000000265118e+03,2.191948151020262242e-09
2.086100000000265027e+03,2.181120582562408783e-09
2.086200000000265391e+03,2.170324055828169070e-09
2.086300000000265300e+03,2.159545724862182130e-09
2.086400000000265209e+03,2.148785587590441054e-09
2.086500000000265118e+03,2.138043641935778279e-09
2.086600000000265027e+03,2.127319885817814711e-09
2.086700000000265391e+03,2.116614317152929951e-09
2.086800000000265300e+03,2.105926933854431863e-09
2.086900000000265209e+03,2.095257733832281539e-09
2.087000000000265572e+03,2.084606714989854059e-09
2.087100000000265482e+03,2.072701927954292806e-09
2.087200000000265391e+03,2.060792355781901698e-09
2.087300000000265300e+03,2.048887891252910057e-09
2.087400000000265209e+03,2.037008616759857682e-09
2.087500000000265572e+03,2.025152627003096633e-09
2.087600000000265482e+03,2.013321822126501932e-09
2.087700000000265391e+03,2.001622994399199866e-09
2.087800000000265754e+03,1.989975565657902009e-09
2.087900000000265663e+03,1.978351676009034217e-09
2.088000000000265572e+03,1.966751305354079602e-09
2.088100000000265482e+03,1.955113936418257550e-09
2.088200000000265391e+03,1.943492173810995023e-09
2.088300000000265754e+03,1.931871380662998304e-09
2.088400000000265663e+03,1.920234771856884866e-09
2.088500000000265572e+03,1.908549715938319010e-09
2.088600000000265936e+03,1.896860830779676228e-09
2.088700000000265845e+03,1.885189127957900585e-09
2.088800000000265754e+03,1.873534600484483469e-09
2.088900000000265663e+03,1.861897241371104661e-09
2.089000000000265572e+03,1.850277043629273748e-09
2.089100000000265936e+03,1.838555844109344759e-09
2.089200000000265845e+03,1.826853682401851886e-09
2.089300000000265754e+03,1.815170541190296125e-09
2.089400000000266118e+03,1.803507918997269067e-09
2.089500000000266027e+03,1.791905827125836784e-09
2.089600000000265936e+03,1.780322149091497166e-09
2.089700000000265845e+03,1.768756868908010869e-09
2.089800000000265754e+03,1.757209970598595501e-09
2.089900000000266118e+03,1.745681438195877433e-09
2.090000000000266027e+03,1.734171255743243418e-09
2.090100000000265936e+03,1.723105864569268592e-09
2.090200000000266300e+03,1.712048089296266238e-09
2.090300000000266209e+03,1.700997928941942009e-09
2.090400000000266118e+03,1.689955382522972129e-09
2.090500000000266027e+03,1.678920449055188894e-09
2.090600000000265936e+03,1.667923392111481467e-09
2.090700000000266300e+03,1.656943323401334803e-09
2.090800000000266209e+03,1.645970338393194338e-09
2.090900000000266118e+03,1.635004436584914912e-09
2.091000000000266482e+03,1.624045617476846966e-09
2.091100000000266391e+03,1.614363285121398525e-09
2.091200000000266300e+03,1.604683063210596153e-09
2.091300000000266209e+03,1.595004952387278299e-09
2.091400000000266118e+03,1.585328953293926899e-09
2.091500000000266482e+03,1.575655066572642971e-09
2.091600000000266391e+03,1.565983292865308125e-09
2.091700000000266300e+03,1.556349142435103507e-09
2.091800000000266664e+03,1.546755777014850506e-09
2.091900000000266573e+03,1.537163602602981262e-09
2.092000000000266482e+03,1.527572620033650552e-09
2.092100000000266391e+03,1.517851060828312664e-09
2.092200000000266300e+03,1.508137814794537860e-09
2.092300000000266664e+03,1.498432878597273706e-09
2.092400000000266573e+03,1.488736248901335623e-09
2.092500000000266482e+03,1.479066561435582211e-09
2.092600000000266846e+03,1.469419320620133530e-09
2.092700000000266755e+03,1.459779943676296947e-09
2.092800000000266664e+03,1.450155195283078042e-09
2.092900000000266573e+03,1.440566141993761382e-09
2.093000000000266482e+03,1.430984482771255494e-09
2.093100000000266846e+03,1.422922295334010435e-09
2.093200000000266755e+03,1.414854224994736063e-09
2.093300000000266664e+03,1.406763760578062566e-09
2.093400000000267028e+03,1.398652698354548499e-09
2.093500000000266937e+03,1.390536117326528398e-09
2.093600000000266846e+03,1.382414018195634229e-09
2.093700000000266755e+03,1.374286401664418405e-09
2.093800000000266664e+03,1.366152524450613377e-09
2.093900000000267028e+03,1.358012997091750914e-09
2.094000000000266937e+03,1.349867965041262814e-09
2.094100000000266846e+03,1.342554517189528091e-09
2.094200000000267210e+03,1.335267432955182157e-09
2.094300000000267119e+03,1.327975612941284361e-09
2.094400000000267028e+03,1.320679061578736427e-09
2.094500000000266937e+03,1.313377783297161053e-09
2.094600000000266846e+03,1.306071782524864272e-09
2.094700000000267210e+03,1.298761063688805259e-09
2.094800000000267119e+03,1.291445602828807939e-09
2.094900000000267028e+03,1.284137091785721783e-09
2.095000000000267391e+03,1.276839554437434973e-09
2.095100000000267300e+03,1.270368757687302565e-09
2.095200000000267210e+03,1.263888998984404144e-09
2.095300000000267119e+03,1.257400280578409793e-09
2.095400000000267028e+03,1.250902604719707177e-09
2.095500000000267391e+03,1.244395973659379823e-09
2.095600000000267300e+03,1.237880389649322725e-09
2.095700000000267210e+03,1.231355854942058705e-09
2.095800000000267573e+03,1.224822371790836644e-09
2.095900000000267482e+03,1.218279942449713165e-09
2.096000000000267391e+03,1.211728569175870806e-09
2.096100000000267300e+03,1.206100499685047007e-09
2.096200000000267210e+03,1.200443723643718676e-09
2.096300000000267573e+03,1.194741547846669812e-09
2.096400000000267482e+03,1.189031284824722511e-09
2.096500000000267391e+03,1.183293686566863643e-09
2.096600000000267755e+03,1.177515317551241109e-09
2.096700000000267664e+03,1.171729733430689903e-09
2.096800000000267573e+03,1.165936942593694940e-09
2.096900000000267482e+03,1.160136953424410428e-09
2.097000000000267391e+03,1.154329774305873472e-09
2.097100000000267755e+03,1.149727356057906539e-09
2.097200000000267664e+03,1.145115986385528223e-09
2.097300000000267573e+03,1.140487216860768595e-09
2.097400000000267937e+03,1.135832573328755801e-09
2.097500000000267846e+03,1.131169203989817679e-09
2.097600000000267755e+03,1.126497115156796075e-09
2.097700000000267664e+03,1.121816313140787686e-09
2.097800000000267573e+03,1.117126804251126491e-09
2.097900000000267937e+03,1.112428594795366167e-09
2.098000000000267846e+03,1.107721691081005179e-09
2.098100000000267755e+03,1.103621573553684259e-09
2.098200000000268119e+03,1.099512022548068628e-09
2.098300000000268028e+03,1.095393044201786526e-09
2.098400000000267937e+03,1.091264644651030827e-09
2.098500000000267846e+03,1.087126859899922127e-09
2.098600000000267755e+03,1.082980665764487852e-09
2.098700000000268119e+03,1.078825060923180923e-09
2.098800000000268028e+03,1.074660051479949267e-09
2.098900000000267937e+03,1.070491729793326799e-09
2.099000000000268301e+03,1.066331772065139121e-09
2.099100000000268210e+03,1.062667710040328308e-09
2.099200000000268119e+03,1.058994398578236211e-09
2.099300000000268028e+03,1.055311845013776484e-09
2.099400000000267937e+03,1.051620056679280321e-09
2.099500000000268301e+03,1.047919040904494807e-09
2.099600000000268210e+03,1.044208805016642675e-09
2.099700000000268119e+03,1.040489356340325118e-09
2.099800000000268483e+03,1.036760702197570176e-09
2.099900000000268392e+03,1.033022849907887540e-09
2.100000000000268301e+03,1.029275806790918625e-09
2.100100000000268210e+03,1.026546250698377404e-09
2.100200000000268119e+03,1.023808577688616127e-09
2.100300000000268483e+03,1.021062794101196641e-09
2.100400000000268392e+03,1.018309421077572602e-09
2.100500000000268301e+03,1.015548399378857029e-09
2.100600000000268665e+03,1.012779280838363463e-09
2.100700000000268574e+03,1.010013342846174322e-09
2.100800000000268483e+03,1.007276508259650066e-09
2.100900000000268392e+03,1.004531329804625496e-09
2.101000000000268301e+03,1.001777812592593930e-09
2.101100000000268665e+03,9.993317399580431224e-10
2.101200000000268574e+03,9.968755196011983115e-10
2.101300000000268483e+03,9.944091497610844102e-10
2.101400000000268847e+03,9.919326286783052129e-10
2.101500000000268756e+03,9.894459545950810316e-10
2.101600000000268665e+03,9.869491257551831419e-10
2.101700000000268574e+03,9.844421404039765898e-10
2.101800000000268483e+03,9.819249967884088177e-10
2.101900000000268847e+03,9.793976931570030470e-10
2.102000000000268756e+03,9.768602277620118430e-10
2.102100000000268665e+03,9.750963227296261442e-10
2.102200000000269029e+03,9.733057258678970318e-10
2.102300000000268938e+03,9.715072621911316324e-10
2.102400000000268847e+03,9.697018304828875230e-10
2.102500000000268756e+03,9.678894347075855740e-10
2.102600000000268665e+03,9.660700788288879243e-10
2.102700000000269029e+03,9.642437668675131500e-10
2.102800000000268938e+03,9.624105053690307737e-10
2.102900000000268847e+03,9.605716088111318308e-10
2.103000000000269210e+03,9.587459056141978181e-10
2.103100000000269119e+03,9.571810161484423322e-10
2.103200000000269029e+03,9.556108211042254278e-10
2.103300000000268938e+03,9.540353277204358425e-10
2.103400000000268847e+03,9.524545432311129672e-10
2.103500000000269210e+03,9.508684748654342323e-10
2.103600000000269119e+03,9.492771298477529506e-10
2.103700000000269029e+03,9.476809926754013793e-10
2.103800000000269392e+03,9.461002841284374233e-10
2.103900000000269301e+03,9.445142486501930164e-10
2.104000000000269210e+03,9.429228930950740414e-10
2.104100000000269119e+03,9.419565256497268490e-10
2.104200000000269029e+03,9.409712518438216647e-10
2.104300000000269392e+03,9.399813150219362716e-10
2.104400000000269301e+03,9.389867188439554850e-10
2.104500000000269210e+03,9.379874669684329798e-10
2.104600000000269574e+03,9.369629376229775046e-10
2.104700000000269483e+03,9.359334685702247663e-10
2.104800000000269392e+03,9.348994011588247853e-10
2.104900000000269301e+03,9.338607393503570664e-10
2.105000000000269210e+03,9.328174871053694137e-10
2.105100000000269574e+03,9.320072606845663675e-10
2.105200000000269483e+03,9.311920183771886530e-10
2.105300000000269392e+03,9.303717601244826651e-10
2.105400000000269756e+03,9.295122589422151488e-10
2.105500000000269665e+03,9.286559650736721097e-10
2.105600000000269574e+03,9.277947027045901669e-10
2.105700000000269483e+03,9.269284722000504467e-10
2.105800000000269392e+03,9.260572739260243287e-10
2.105900000000269756e+03,9.251811438370195625e-10
2.106000000000269665e+03,9.243008897803562891e-10
2.106100000000269574e+03,9.243566195280839881e-10
2.106200000000269938e+03,9.243724109275236870e-10
2.106300000000269847e+03,9.243819094985845115e-10
2.106400000000269756e+03,9.243889727020186742e-10
2.106500000000269665e+03,9.243936011998695875e-10
2.106600000000269574e+03,9.243957956544334711e-10
2.106700000000269938e+03,9.243955567282655553e-10
2.106800000000269847e+03,9.243928850841728436e-10
2.106900000000269756e+03,9.243877813852192827e-10
2.107000000000270120e+03,9.243622883202928927e-10
2.107100000000270029e+03,9.239335859682959485e-10
2.107200000000269938e+03,9.235027750009716490e-10
2.107300000000269847e+03,9.230698586795876096e-10
2.107400000000269756e+03,9.226348402626535223e-10
2.107500000000270120e+03,9.222099330917627585e-10
2.107600000000270029e+03,9.217929079816358945e-10
2.107700000000269938e+03,9.213737699684639833e-10
2.107800000000270302e+03,9.209696227671702376e-10
2.107900000000270211e+03,9.205668658389705729e-10
2.108000000000270120e+03,9.201619877398253721e-10
2.108100000000270029e+03,9.204900626251379635e-10
2.108200000000269938e+03,9.208169728292431514e-10
2.108300000000270302e+03,9.211427187221157661e-10
2.108400000000270211e+03,9.214677641379850484e-10
2.108500000000270120e+03,9.217916885918375652e-10
2.108600000000270484e+03,9.221041071454365751e-10
2.108700000000270393e+03,9.224272604125174360e-10
2.108800000000270302e+03,9.227492514085360842e-10
2.108900000000270211e+03,9.230700804945742277e-10
2.109000000000270120e+03,9.233897480312560404e-10
2.109100000000270484e+03,9.235139242402682723e-10
2.109200000000270393e+03,9.236370139384949056e-10
2.109300000000270302e+03,9.237590178393192480e-10
2.109400000000270666e+03,9.238799366559200867e-10
2.109500000000270575e+03,9.239997711012627966e-10
2.109600000000270484e+03,9.241185625129862874e-10
2.109700000000270393e+03,9.242371089841632239e-10
2.109800000000270302e+03,9.243545734437549360e-10
2.109900000000270666e+03,9.244709566008013093e-10
2.110000000000270575e+03,9.245862591651752005e-10
2.110100000000270484e+03,9.250849624458331161e-10
2.110200000000270848e+03,9.254944970278623697e-10
2.110300000000270757e+03,9.258679430067203117e-10
2.110400000000270666e+03,9.262408763267448336e-10
2.110500000000270575e+03,9.266132972872487587e-10
2.110600000000270484e+03,9.269852061874341711e-10
2.110700000000270848e+03,9.273566033263905552e-10
2.110800000000270757e+03,9.277274890030914867e-10
2.110900000000270666e+03,9.280503466253231551e-10
2.111000000000271029e+03,9.283671946737639841e-10
2.111100000000270938e+03,9.289831315375650973e-10
2.111200000000270848e+03,9.295987255723352431e-10
2.111300000000270757e+03,9.302139764565667915e-10
2.111400000000270666e+03,9.308288838694338129e-10
2.111500000000271029e+03,9.314439337307675482e-10
2.111600000000270938e+03,9.320562254589101065e-10
2.111700000000270848e+03,9.326554103914861668e-10
2.111800000000271211e+03,9.332808781884071450e-10
2.111900000000271120e+03,9.339212389247143788e-10
2.112000000000271029e+03,9.345516507315479381e-10
2.112100000000270938e+03,9.351580657392395967e-10
2.112200000000270848e+03,9.357643090222024657e-10
2.112300000000271211e+03,9.363703803168562702e-10
2.112400000000271120e+03,9.369762793599406472e-10
2.112500000000271029e+03,9.375820058885205226e-10
2.112600000000271393e+03,9.382248833841446927e-10
2.112700000000271302e+03,9.388928827926099925e-10
2.112800000000271211e+03,9.395607989783021348e-10
2.112900000000271120e+03,9.402286316649502397e-10
2.113000000000271029e+03,9.408963805792321192e-10
2.113100000000271393e+03,9.425546655311405454e-10
2.113200000000271302e+03,9.441743857831215089e-10
2.113300000000271211e+03,9.457941373767397219e-10
2.113400000000271575e+03,9.474377067223490610e-10
2.113500000000271484e+03,9.491001513558061061e-10
2.113600000000271393e+03,9.507627746393126380e-10
2.113700000000271302e+03,9.524255759590723112e-10
2.113800000000271211e+03,9.540885547015381752e-10
2.113900000000271575e+03,9.557517102534151561e-10
2.114000000000271484e+03,9.574150420007315460e-10
2.114100000000271393e+03,9.587459236951546025e-10
2.114200000000271757e+03,9.600872557435721061e-10
2.114300000000271666e+03,9.614381837577058503e-10
2.114400000000271575e+03,9.627884003913017677e-10
2.114500000000271484e+03,9.641379056716921808e-10
2.114600000000271393e+03,9.654866996263880825e-10
2.114700000000271757e+03,9.668347822830892701e-10
2.114800000000271666e+03,9.681821536696520847e-10
2.114900000000271575e+03,9.695288138141380082e-10
2.115000000000271939e+03,9.708537456871567680e-10
2.115100000000271848e+03,9.718721756388052680e-10
2.115200000000271757e+03,9.728891218403614159e-10
2.115300000000271666e+03,9.739045855112317097e-10
2.115400000000271575e+03,9.749323795341849392e-10
2.115500000000271939e+03,9.759684233876465280e-10
2.115600000000271848e+03,9.770030393606463940e-10
2.115700000000271757e+03,9.780362285700268430e-10
2.115800000000272121e+03,9.790582408396618845e-10
2.115900000000272030e+03,9.800665702675845843e-10
2.116000000000271939e+03,9.810734294461851904e-10
2.116100000000271848e+03,9.831480752220571194e-10
2.116200000000271757e+03,9.852201959477394734e-10
2.116300000000272121e+03,9.872897933094324865e-10
2.116400000000272030e+03,9.893568689925338207e-10
2.116500000000271939e+03,9.914287734624962139e-10
2.116600000000272303e+03,9.934786368725348526e-10
2.116700000000272212e+03,9.954727484568169407e-10
2.116800000000272121e+03,9.974640724641186444e-10
2.116900000000272030e+03,9.994526110565579430e-10
2.117000000000271939e+03,1.001438311368189537e-09
2.117100000000272303e+03,1.003278595773622240e-09
2.117200000000272212e+03,1.005115462392503061e-09
2.117300000000272121e+03,1.006948914080727041e-09
2.117400000000272485e+03,1.008828790441831397e-09
2.117500000000272394e+03,1.010791734916363516e-09
2.117600000000272303e+03,1.012751792986319660e-09
2.117700000000272212e+03,1.014708966287665799e-09
2.117800000000272121e+03,1.016663256455894339e-09
2.117900000000272485e+03,1.018614665126044189e-09
2.118000000000272394e+03,1.020563193933075464e-09
2.118100000000272303e+03,1.022662559439120354e-09
2.118200000000272667e+03,1.024756676721563715e-09
2.118300000000272576e+03,1.026845551122817087e-09
2.118400000000272485e+03,1.028929187981635664e-09
2.118500000000272394e+03,1.031007592633070735e-09
2.118600000000272303e+03,1.033080770408494079e-09
2.118700000000272667e+03,1.035148726635597351e-09
2.118800000000272576e+03,1.037211466638365817e-09
2.118900000000272485e+03,1.039268995737131084e-09
2.119000000000272848e+03,1.041307778500860283e-09
2.119100000000272757e+03,1.044350261619566221e-09
2.119200000000272667e+03,1.047385269279048259e-09
2.119300000000272576e+03,1.050412806748318892e-09
2.119400000000272485e+03,1.053432879294599976e-09
2.119500000000272848e+03,1.056445492183342582e-09
2.119600000000272757e+03,1.059450650678171157e-09
2.119700000000272667e+03,1.062448360040962936e-09
2.119800000000273030e+03,1.065420610494090754e-09
2.119900000000272939e+03,1.068331355978341158e-09
2.120000000000272848e+03,1.071234265955951651e-09
2.120100000000272757e+03,1.073268135607004181e-09
2.120200000000272667e+03,1.075293709266171786e-09
2.120300000000273030e+03,1.077310979793251683e-09
2.120400000000272939e+03,1.079319960015907075e-09
2.120500000000272848e+03,1.081320662748272831e-09
2.120600000000273212e+03,1.083302763552258550e-09
2.120700000000273121e+03,1.085238194596678098e-09
2.120800000000273030e+03,1.087166173179104881e-09
2.120900000000272939e+03,1.089085748840725913e-09
2.121000000000272848e+03,1.091001837335082543e-09
2.121100000000273212e+03,1.094334420414053865e-09
2.121200000000273121e+03,1.097658043801361101e-09
2.121300000000273030e+03,1.100972710715361355e-09
2.121400000000273394e+03,1.104278424376539239e-09
2.121500000000273303e+03,1.107575188007466136e-09
2.121600000000273212e+03,1.110863004832885398e-09
2.121700000000273121e+03,1.114141878079642451e-09
2.121800000000273030e+03,1.117411905230808494e-09
2.121900000000273394e+03,1.120673545082968688e-09
2.122000000000273303e+03,1.123926254780778351e-09
2.122100000000273212e+03,1.126378624185022957e-09
2.122200000000273576e+03,1.128845951621049665e-09
2.122300000000273485e+03,1.131324862230576394e-09
2.122400000000273394e+03,1.133790891014982566e-09
2.122500000000273303e+03,1.136244060140839585e-09
2.122600000000273212e+03,1.138683778606727919e-09
2.122700000000273576e+03,1.141110208816963296e-09
2.122800000000273485e+03,1.143523841135673632e-09
2.122900000000273394e+03,1.145924697664936709e-09
2.123000000000273758e+03,1.148312800483812772e-09
2.123100000000273667e+03,1.151507537057008105e-09
2.123200000000273576e+03,1.154689437827056561e-09
2.123300000000273485e+03,1.157876000562031076e-09
2.123400000000273394e+03,1.161060342511483072e-09
2.123500000000273758e+03,1.164232030783743256e-09
2.123600000000273667e+03,1.167391074320034964e-09
2.123700000000273576e+03,1.170537482059266461e-09
2.123800000000273940e+03,1.173677384254592662e-09
2.123900000000273849e+03,1.176904617594798913e-09
2.124000000000273758e+03,1.180119821336370332e-09
2.124100000000273667e+03,1.183452307329171564e-09
2.124200000000273576e+03,1.186769218418894993e-09
2.124300000000273940e+03,1.190070570180696222e-09
2.124400000000273849e+03,1.193366324650293527e-09
2.124500000000273758e+03,1.196665526488858292e-09
2.124600000000274122e+03,1.199947808227675522e-09
2.124700000000274031e+03,1.203134971145941458e-09
2.124800000000273940e+03,1.206306366715118038e-09
2.124900000000273849e+03,1.209462012433734870e-09
2.125000000000273758e+03,1.212601925790193980e-09
2.125100000000274122e+03,1.216307985481245336e-09
2.125200000000274031e+03,1.219997216086036887e-09
2.125300000000273940e+03,1.223669628594569040e-09
2.125400000000274304e+03,1.227325233994258505e-09
2.125500000000274213e+03,1.230991259180721996e-09
2.125600000000274122e+03,1.234641199671851825e-09
2.125700000000274031e+03,1.238274531562590729e-09
2.125800000000273940e+03,1.241891264726160296e-09
2.125900000000274304e+03,1.245491409033938949e-09
2.126000000000274213e+03,1.249074974354722239e-09
2.126100000000274122e+03,1.252394021038561214e-09
2.126200000000274486e+03,1.255694924630692551e-09
2.126300000000274395e+03,1.259110769187988355e-09
2.126400000000274304e+03,1.262516942968985844e-09
2.126500000000274213e+03,1.265905773253181409e-09
2.126600000000274122e+03,1.269277271485318412e-09
2.126700000000274486e+03,1.272655553550311979e-09
2.126800000000274395e+03,1.276023289827686779e-09
2.126900000000274304e+03,1.279373888320967345e-09
2.127000000000274667e+03,1.282707359210335580e-09
2.127100000000274576e+03,1.286710388629896162e-09
2.127200000000274486e+03,1.290701650768722733e-09
2.127300000000274395e+03,1.294675563071179744e-09
2.127400000000274304e+03,1.298632124004410323e-09
2.127500000000274667e+03,1.302571332037905344e-09
2.127600000000274576e+03,1.306493185643435804e-09
2.127700000000274486e+03,1.310397683295162425e-09
2.127800000000274849e+03,1.314300819556055715e-09
2.127900000000274758e+03,1.318253889920683959e-09
2.128000000000274667e+03,1.322198141820458297e-09
2.128100000000274576e+03,1.326243650161136942e-09
2.128200000000274486e+03,1.330268867422521269e-09
2.128300000000274849e+03,1.334273800652724247e-09
2.128400000000274758e+03,1.338258456900587388e-09
2.128500000000274667e+03,1.342222843215787239e-09
2.128600000000275031e+03,1.346166966648787620e-09
2.128700000000274940e+03,1.350065679727386148e-09
2.128800000000274849e+03,1.353938699572579833e-09
2.128900000000274758e+03,1.357791304805235408e-09
2.129000000000274667e+03,1.361623503863831135e-09
2.129100000000275031e+03,1.365766210862969824e-09
2.129200000000274940e+03,1.369890387270610854e-09
2.129300000000274849e+03,1.373996026627133320e-09
2.129400000000275213e+03,1.378083122474717498e-09
2.129500000000275122e+03,1.382298954408143660e-09
2.129600000000275031e+03,1.386536896475360554e-09
2.129700000000274940e+03,1.390757375714883042e-09
2.129800000000274849e+03,1.394960378236810909e-09
2.129900000000275213e+03,1.399145890148670376e-09
2.130000000000275122e+03,1.403313897555213094e-09
2.130100000000275031e+03,1.407411369985113132e-09
2.130200000000275395e+03,1.411487199407040944e-09
2.130300000000275304e+03,1.415565288727340453e-09
2.130400000000275213e+03,1.419629903946887906e-09
2.130500000000275122e+03,1.423673073120060681e-09
2.130600000000275031e+03,1.427694801418023046e-09
2.130700000000275395e+03,1.431695094015927727e-09
2.130800000000275304e+03,1.435673956092828845e-09
2.130900000000275213e+03,1.439631392831800621e-09
2.131000000000275577e+03,1.443567409420502959e-09
2.131100000000275486e+03,1.447734045967054839e-09
2.131200000000275395e+03,1.451890275325492803e-09
2.131300000000275304e+03,1.456026684846420068e-09
2.131400000000275213e+03,1.460142651388361139e-09
2.131500000000275577e+03,1.464237977655610290e-09
2.131600000000275486e+03,1.468313463667395590e-09
2.131700000000275395e+03,1.472369105331059806e-09
2.131800000000275759e+03,1.476404898557614663e-09
2.131900000000275668e+03,1.480488014301364775e-09
2.132000000000275577e+03,1.484584448384990060e-09
2.132100000000275486e+03,1.489258561936599469e-09
2.132200000000275395e+03,1.493913415095657727e-09
2.132300000000275759e+03,1.498548995258123086e-09
2.132400000000275668e+03,1.503165289820498911e-09
2.132500000000275577e+03,1.507762286179959616e-09
2.132600000000275941e+03,1.512339971734292351e-09
2.132700000000275850e+03,1.516898333881830618e-09
2.132800000000275759e+03,1.521437360021597372e-09
2.132900000000275668e+03,1.525957037553211142e-09
2.133000000000275577e+03,1.530457353877296304e-09
2.133100000000275941e+03,1.535076786951142964e-09
2.133200000000275850e+03,1.539677987461171089e-09
2.133300000000275759e+03,1.544260942251829077e-09
2.133400000000276123e+03,1.548829470567385136e-09
2.133500000000276032e+03,1.553330292005267682e-09
2.133600000000275941e+03,1.557755850715462557e-09
2.133700000000275850e+03,1.562162546148727198e-09
2.133800000000275759e+03,1.566550368990160876e-09
2.133900000000276123e+03,1.570919309925924960e-09
2.134000000000276032e+03,1.575269359642660170e-09
2.134100000000275941e+03,1.579421549242772800e-09
2.134200000000276304e+03,1.583554287928940398e-09
2.134300000000276214e+03,1.587647742686837370e-09
2.134400000000276123e+03,1.591705789999038340e-09
2.134500000000276032e+03,1.595744216371095263e-09
2.134600000000275941e+03,1.599889823902314256e-09
2.134700000000276304e+03,1.604043915252477590e-09
2.134800000000276214e+03,1.608179162697648671e-09
2.134900000000276123e+03,1.612295564391386042e-09
2.135000000000276486e+03,1.616393118495868092e-09
2.135100000000276395e+03,1.621683047682576450e-09
2.135200000000276304e+03,1.626923077399814688e-09
2.135300000000276214e+03,1.632148192071103913e-09
2.135400000000276123e+03,1.637358371145176548e-09
2.135500000000276486e+03,1.642553594060035242e-09
2.135600000000276395e+03,1.647733840242863950e-09
2.135700000000276304e+03,1.652942232466571822e-09
2.135800000000276668e+03,1.658172437412485144e-09
2.135900000000276577e+03,1.663370206561014099e-09
2.136000000000276486e+03,1.668533786988908461e-09
2.136100000000276395e+03,1.673194841813083682e-09
2.136200000000276304e+03,1.677838791420661046e-09
2.136300000000276668e+03,1.682465635343488586e-09
2.136400000000276577e+03,1.687075373118150772e-09
2.136500000000276486e+03,1.691668004286101686e-09
2.136600000000276850e+03,1.696243528393605878e-09
2.136700000000276759e+03,1.700701096764581126e-09
2.136800000000276668e+03,1.705044821974587349e-09
2.136900000000276577e+03,1.709461489903020340e-09
2.137000000000276486e+03,1.713860480055144804e-09
2.137100000000276850e+03,1.719030440075850088e-09
2.137200000000276759e+03,1.724184571143937459e-09
2.137300000000276668e+03,1.729322871596684966e-09
2.137400000000277032e+03,1.734445339776155482e-09
2.137500000000276941e+03,1.739551974029121845e-09
2.137600000000276850e+03,1.744642772707218649e-09
2.137700000000276759e+03,1.749717734166836777e-09
2.137800000000276668e+03,1.754776856769148628e-09
2.137900000000277032e+03,1.759820138880139965e-09
2.138000000000276941e+03,1.764847578871797955e-09
2.138100000000276850e+03,1.770328286320918659e-09
2.138200000000277214e+03,1.775796523327421505e-09
2.138300000000277123e+03,1.781266805914024989e-09
2.138400000000277032e+03,1.786750219140332288e-09
2.138500000000276941e+03,1.792221389768631202e-09
2.138600000000276850e+03,1.797680311318125619e-09
2.138700000000277214e+03,1.803126977310066495e-09
2.138800000000277123e+03,1.808561381267655274e-09
2.138900000000277032e+03,1.813983516716197959e-09
2.139000000000277396e+03,1.819393377185766971e-09
2.139100000000277305e+03,1.825791581462480310e-09
2.139200000000277214e+03,1.832206114190144464e-09
2.139300000000277123e+03,1.838609405624322487e-09
2.139400000000277032e+03,1.845001450792671449e-09
2.139500000000277396e+03,1.851382244725320453e-09
2.139600000000277305e+03,1.857767908655225680e-09
2.139700000000277214e+03,1.864157372200696619e-09
2.139800000000277578e+03,1.870535781776440525e-09
2.139900000000277487e+03,1.876891081096761640e-09
2.140000000000277396e+03,1.883205073593953261e-09
2.140100000000277305e+03,1.890618343948021270e-09
2.140200000000277214e+03,1.898044762940350283e-09
2.140300000000277578e+03,1.905491778531427130e-09
2.140400000000277487e+03,1.912933126959477231e-09
2.140500000000277396e+03,1.920368798824919306e-09
2.140600000000277760e+03,1.927798793836115116e-09
2.140700000000277669e+03,1.935223446207739741e-09
2.140800000000277578e+03,1.942642396569241282e-09
2.140900000000277487e+03,1.950055635503671391e-09
2.141000000000277396e+03,1.957463153590239053e-09
2.141100000000277760e+03,1.964751179304292040e-09
2.141200000000277669e+03,1.972029820942839784e-09
2.141300000000277578e+03,1.979332355632847219e-09
2.141400000000277942e+03,1.986830145522941079e-09
2.141500000000277851e+03,1.994320255905286515e-09
2.141600000000277760e+03,2.001802684130756139e-09
2.141700000000277669e+03,2.009277427555569870e-09
2.141800000000277578e+03,2.016744483541326784e-09
2.141900000000277942e+03,2.024203849455035304e-09
2.142000000000277851e+03,2.031655522674238412e-09
2.142100000000277760e+03,2.040995975248646194e-09
2.142200000000278123e+03,2.050338155732776480e-09
2.142300000000278033e+03,2.059689935247212612e-09
2.142400000000277942e+03,2.069082016184365509e-09
2.142500000000277851e+03,2.078561682049118639e-09
2.142600000000277760e+03,2.088058186052872712e-09
2.142700000000278123e+03,2.097557689138669846e-09
2.142800000000278033e+03,2.107060187297204078e-09
2.142900000000277942e+03,2.116565676515825976e-09
2.143000000000278305e+03,2.126074152782455214e-09
2.143100000000278214e+03,2.137041560919740278e-09
2.143200000000278123e+03,2.148057522893834959e-09
2.143300000000278033e+03,2.159080629489243338e-09
2.143400000000277942e+03,2.170110881048218840e-09
2.143500000000278305e+03,2.181148277911278636e-09
2.143600000000278214e+03,2.192162500911318920e-09
2.143700000000278123e+03,2.203161705155114269e-09
2.143800000000278487e+03,2.214167916909673347e-09
2.143900000000278396e+03,2.225185426211586369e-09
2.144000000000278305e+03,2.236255109130201204e-09
2.144100000000278214e+03,2.249204299541026196e-09
2.144200000000278123e+03,2.262165573600595373e-09
2.144300000000278487e+03,2.275138936055229732e-09
2.144400000000278396e+03,2.288124391650124062e-09
2.144500000000278305e+03,2.301121945129716696e-09
2.144600000000278669e+03,2.314131601237500912e-09
2.144700000000278578e+03,2.327103575774403036e-09
2.144800000000278487e+03,2.339970036632333805e-09
2.144900000000278396e+03,2.352846811940754576e-09
2.145000000000278305e+03,2.365733904834680284e-09
2.145100000000278669e+03,2.380371512351030963e-09
2.145200000000278578e+03,2.395027309792653077e-09
2.145300000000278487e+03,2.409701307671868636e-09
2.145400000000278851e+03,2.424393516501837996e-09
2.145500000000278760e+03,2.439103946796334866e-09
2.145600000000278669e+03,2.453832609070166106e-09
2.145700000000278578e+03,2.468579513838890896e-09
2.145800000000278487e+03,2.483342406974619181e-09
2.145900000000278851e+03,2.498007035490733445e-09
2.146000000000278760e+03,2.512688566455425583e-09
2.146100000000278669e+03,2.529468386274723473e-09
2.146200000000279033e+03,2.546269108391934526e-09
2.146300000000278942e+03,2.563090738569637294e-09
2.146400000000278851e+03,2.579876744529070221e-09
2.146500000000278760e+03,2.596681624020187062e-09
2.146600000000278669e+03,2.613506674854489190e-09
2.146700000000279033e+03,2.630351901436383734e-09
2.146800000000278942e+03,2.647217308165109600e-09
2.146900000000278851e+03,2.664102899435215994e-09
2.147000000000279215e+03,2.680914614316278957e-09
2.147100000000279124e+03,2.700554662385876975e-09
2.147200000000279033e+03,2.720222915840231661e-09
2.147300000000278942e+03,2.739919379601817912e-09
2.147400000000278851e+03,2.759644058586467124e-09
2.147500000000279215e+03,2.779396957703467281e-09
2.147600000000279124e+03,2.799178081855201891e-09
2.147700000000279033e+03,2.818987435937674004e-09
2.147800000000279397e+03,2.838825024840254336e-09
2.147900000000279306e+03,2.858690853445388861e-09
2.148000000000279215e+03,2.878584926639263647e-09
2.148100000000279124e+03,2.902105161729000594e-09
2.148200000000279033e+03,2.925633289697990498e-09
2.148300000000279397e+03,2.949206302374258635e-09
2.148400000000279306e+03,2.972824221899377766e-09
2.148500000000279215e+03,2.996487070413434627e-09
2.148600000000279579e+03,3.020194870054730479e-09
2.148700000000279488e+03,3.043947642959436184e-09
2.148800000000279397e+03,3.067923154466409343e-09
2.148900000000279306e+03,3.091975189413223493e-09
2.149000000000279215e+03,3.116075482042140171e-09
2.149100000000279579e+03,3.144684243766798746e-09
2.149200000000279488e+03,3.173371769393191468e-09
2.149300000000279397e+03,3.202187281766243156e-09
2.149400000000279761e+03,3.231068702014529818e-09
2.149500000000279670e+03,3.260015533561042957e-09
2.149600000000279579e+03,3.288968568479250473e-09
2.149700000000279488e+03,3.317974298116270685e-09
2.149800000000279397e+03,3.347045683819588912e-09
2.149900000000279761e+03,3.376182769687119711e-09
2.150000000000279670e+03,3.405385599833523085e-09
2.150100000000279579e+03,3.438691419791580637e-09
2.150200000000279942e+03,3.472065904767693607e-09
2.150300000000279852e+03,3.505509420912944897e-09
2.150400000000279761e+03,3.539099799488859714e-09
2.150500000000279670e+03,3.572768949774717707e-09
2.150600000000279579e+03,3.606508407441653965e-09
2.150700000000279942e+03,3.640318177212844557e-09
2.150800000000279852e+03,3.674198263784995772e-09
2.150900000000279761e+03,3.708148671829220104e-09
2.151000000000280124e+03,3.742169406011515175e-09
2.151100000000280033e+03,3.783751016232237683e-09
2.151200000000279942e+03,3.825382605211588459e-09
2.151300000000279852e+03,3.867104772555906993e-09
2.151400000000279761e+03,3.908939119663063441e-09
2.151500000000280124e+03,3.950539721205541588e-09
2.151600000000280033e+03,3.992028916501782945e-09
2.151700000000279942e+03,4.033618736340290078e-09
2.151800000000280306e+03,4.075309215556342635e-09
2.151900000000280215e+03,4.117100388975783787e-09
2.152000000000280124e+03,4.159108356373762469e-09
2.152100000000280033e+03,4.210735332837447835e-09
2.152200000000279942e+03,4.262503012487660578e-09
2.152300000000280306e+03,4.314410619857977706e-09
2.152400000000280215e+03,4.366456663602560832e-09
2.152500000000280124e+03,4.418641202447409393e-09
2.152600000000280488e+03,4.471106760915824515e-09
2.152700000000280397e+03,4.523997470537724671e-09
2.152800000000280306e+03,4.577105285303851680e-09
2.152900000000280215e+03,4.630397695296655324e-09
2.153000000000280124e+03,4.683841269834787527e-09
2.153100000000280488e+03,4.741151676353978058e-09
2.153200000000280397e+03,4.798614206930519457e-09
2.153300000000280306e+03,4.856228893076209536e-09
2.153400000000280670e+03,4.913995766259307460e-09
2.153500000000280579e+03,4.971914857903681743e-09
2.153600000000280488e+03,5.030052924574345386e-09
2.153700000000280397e+03,5.088390466660524492e-09
2.153800000000280306e+03,5.146997416065219487e-09
2.153900000000280670e+03,5.205761896610789369e-09
2.154000000000280579e+03,5.264683959045800347e-09
2.154100000000280488e+03,5.342799882641130289e-09
2.154200000000280852e+03,5.421183074769335141e-09
2.154300000000280761e+03,5.499833832591558432e-09
2.154400000000280670e+03,5.578826273154346133e-09
2.154500000000280579e+03,5.658140635731651696e-09
2.154600000000280488e+03,5.737727002366514589e-09
2.154700000000280852e+03,5.817585688412529561e-09
2.154800000000280761e+03,5.897717009404027843e-09
2.154900000000280670e+03,5.978558928610700190e-09
2.155000000000281034e+03,6.059813413169302891e-09
2.155100000000280943e+03,6.158145671345495524e-09
2.155200000000280852e+03,6.256972496757967048e-09
2.155300000000280761e+03,6.356271418178248987e-09
2.155400000000280670e+03,6.455919774580454516e-09
2.155500000000281034e+03,6.555917967225553606e-09
2.155600000000280943e+03,6.656266397575154673e-09
2.155700000000280852e+03,6.756965467294190440e-09
2.155800000000281216e+03,6.858015578249576242e-09
2.155900000000281125e+03,6.959417132508742616e-09
2.156000000000281034e+03,7.060928359244390023e-09
2.156100000000280943e+03,7.185078906260577500e-09
2.156200000000280852e+03,7.309664898627608594e-09
2.156300000000281216e+03,7.434686798935588445e-09
2.156400000000281125e+03,7.560145069965766258e-09
2.156500000000281034e+03,7.686039615285441939e-09
2.156600000000281398e+03,7.812370910229807008e-09
2.156700000000281307e+03,7.939139929753227462e-09
2.156800000000281216e+03,8.066518598979350883e-09
2.156900000000281125e+03,8.194533158144690802e-09
2.157000000000281034e+03,8.322998261736261625e-09
2.157100000000281398e+03,8.476110675423641598e-09
2.157200000000281307e+03,8.630310819095917732e-09
2.157300000000281216e+03,8.784985640594341154e-09
2.157400000000281580e+03,8.940135336324218249e-09
2.157500000000281489e+03,9.095760102382151601e-09
2.157600000000281398e+03,9.251860134560005489e-09
2.157700000000281307e+03,9.408435628341918119e-09
2.157800000000281216e+03,9.565486778904756567e-09
2.157900000000281580e+03,9.723013781118629632e-09
2.158000000000281489e+03,9.881016829668708383e-09
2.158100000000281398e+03,1.008400705482763212e-08
2.158200000000281761e+03,1.028774231941595039e-08
2.158300000000281671e+03,1.049314426658792983e-08
2.158400000000281580e+03,1.069939338823915107e-08
2.158500000000281489e+03,1.090642877964209869e-08
2.158600000000281398e+03,1.111425157949246572e-08
2.158700000000281761e+03,1.132286292724476596e-08
2.158800000000281671e+03,1.153226396310859841e-08
2.158900000000281580e+03,1.174245292926393017e-08
2.159000000000281943e+03,1.195342951111037979e-08
2.159100000000281852e+03,1.221903393795198219e-08
2.159200000000281761e+03,1.248554694873465233e-08
2.159300000000281671e+03,1.275279866678489053e-08
2.159400000000281580e+03,1.302113980853000509e-08
2.159500000000281943e+03,1.329057233609822547e-08
2.159600000000281852e+03,1.356109821363082278e-08
2.159700000000281761e+03,1.383271940729055526e-08
2.159800000000282125e+03,1.410543788525891211e-08
2.159900000000282034e+03,1.437925561773335572e-08
2.160000000000281943e+03,1.465396448542843629e-08
2.160100000000281852e+03,1.499008575198114779e-08
2.160200000000281761e+03,1.532729457561049706e-08
2.160300000000282125e+03,1.566559188641651650e-08
2.160400000000282034e+03,1.600497861436715763e-08
2.160500000000281943e+03,1.634531260252786611e-08
2.160600000000282307e+03,1.668648861156411556e-08
2.160700000000282216e+03,1.702874099382618197e-08
2.160800000000282125e+03,1.737185149285288385e-08
2.160900000000282034e+03,1.771546517086953725e-08
2.161000000000281943e+03,1.806012706931884545e-08
2.161100000000282307e+03,1.848588268446981128e-08
2.161200000000282216e+03,1.891304888401769867e-08
2.161300000000282125e+03,1.934162541360899889e-08
2.161400000000282489e+03,1.977128759630655702e-08
2.161500000000282398e+03,2.020235067930844967e-08
2.161600000000282307e+03,2.063490723641972940e-08
2.161700000000282216e+03,2.106975971043448364e-08
2.161800000000282125e+03,2.150605777510289857e-08
2.161900000000282489e+03,2.194380310618438236e-08
2.162000000000282398e+03,2.238299738019242088e-08
2.162100000000282307e+03,2.289079579513268471e-08
2.162200000000282671e+03,2.339999559714662362e-08
2.162300000000282580e+03,2.391059755692244435e-08
2.162400000000282489e+03,2.442237846016203057e-08
2.162500000000282398e+03,2.493467107164199270e-08
2.162600000000282307e+03,2.544832231831957148e-08
2.162700000000282671e+03,2.596333278428211830e-08
2.162800000000282580e+03,2.647719809638040792e-08
2.162900000000282489e+03,2.699174536283731552e-08
2.163000000000282853e+03,2.750753451635862759e-08
2.163100000000282762e+03,2.806422293011499808e-08
2.163200000000282671e+03,2.862242909571673564e-08
2.163300000000282580e+03,2.918215420927133383e-08
2.163400000000282489e+03,2.974339946686873343e-08
2.163500000000282853e+03,3.030616606458357571e-08
2.163600000000282762e+03,3.087045519846441926e-08
2.163700000000282671e+03,3.143626806454825538e-08
2.163800000000283035e+03,3.200360585885297743e-08
2.163900000000282944e+03,3.257408351141415562e-08
2.164000000000282853e+03,3.314748153652647465e-08
2.164100000000282762e+03,3.366515429436956545e-08
2.164200000000282671e+03,3.418411077793463869e-08
2.164300000000283035e+03,3.470435189258367956e-08
2.164400000000282944e+03,3.522587854340756978e-08
2.164500000000282853e+03,3.574869163524000405e-08
2.164600000000283217e+03,3.627279207264985358e-08
2.164700000000283126e+03,3.679818075993363537e-08
2.164800000000283035e+03,3.732485860112899199e-08
2.164900000000282944e+03,3.785282650000494405e-08
2.165000000000282853e+03,3.838163457674272371e-08
2.165100000000283217e+03,3.872856487918193939e-08
2.165200000000283126e+03,3.907618297151694955e-08
2.165300000000283035e+03,3.942448913867085072e-08
2.165400000000283399e+03,3.977348366528597447e-08
2.165500000000283308e+03,4.012316683571915597e-08
2.165600000000283217e+03,4.047353893405087924e-08
2.165700000000283126e+03,4.082460024407895092e-08
2.165800000000283035e+03,4.117635104931989656e-08
2.165900000000283399e+03,4.152879163301038992e-08
2.166000000000283308e+03,4.188192227735544514e-08
2.166100000000283217e+03,4.197243193057872710e-08
2.166200000000283580e+03,4.207158291531531077e-08
2.166300000000283489e+03,4.217113382652672324e-08
2.166400000000283399e+03,4.227085362949634887e-08
2.166500000000283308e+03,4.237074250670576960e-08
2.166600000000283217e+03,4.247080064072516831e-08
2.166700000000283580e+03,4.257102821421420239e-08
2.166800000000283489e+03,4.267142540991977359e-08
2.166900000000283399e+03,4.277199241067911844e-08
2.167000000000283762e+03,4.287270349059772181e-08
2.167100000000283671e+03,4.267359223630284731e-08
2.167200000000283580e+03,4.247399670662360339e-08
2.167300000000283489e+03,4.227348544410528015e-08
2.167400000000283399e+03,4.207192396024973977e-08
2.167500000000283762e+03,4.186988774589341238e-08
2.167600000000283671e+03,4.166737649486430132e-08
2.167700000000283580e+03,4.146438990117324333e-08
2.167800000000283944e+03,4.126092765901701872e-08
2.167900000000283853e+03,4.105698946278143510e-08
2.168000000000283762e+03,4.085257500651500234e-08
2.168100000000283671e+03,4.046473276703786462e-08
2.168200000000283580e+03,4.007601904912943007e-08
2.168300000000283944e+03,3.968637645424591200e-08
2.168400000000283853e+03,3.929580423310152852e-08
2.168500000000283762e+03,3.890430140080040208e-08
2.168600000000284126e+03,3.851186697212183123e-08
2.168700000000284035e+03,3.811849996152555811e-08
2.168800000000283944e+03,3.772419440935292120e-08
2.168900000000283853e+03,3.732743117076822377e-08
2.169000000000283762e+03,3.692959551416163210e-08
2.169100000000284126e+03,3.645298644055352666e-08
2.169200000000284035e+03,3.597567946240674493e-08
2.169300000000283944e+03,3.549767435590793161e-08
2.169400000000284308e+03,3.501897089761525460e-08
2.169500000000284217e+03,3.453988337888889110e-08
2.169600000000284126e+03,3.406211753751096022e-08
2.169700000000284035e+03,3.358358563730657197e-08
2.169800000000283944e+03,3.310428735525079160e-08
2.169900000000284308e+03,3.262422236871442079e-08
2.170000000000284217e+03,3.214339035553693515e-08
2.170100000000284126e+03,3.168441849351210193e-08
2.170200000000284490e+03,3.122485548035216613e-08
2.170300000000284399e+03,3.076470118699427421e-08
2.170400000000284308e+03,3.030395548471315497e-08
2.170500000000284217e+03,2.984316366425870250e-08
2.170600000000284126e+03,2.938188123556259541e-08
2.170700000000284490e+03,2.892317900971900275e-08
2.170800000000284399e+03,2.846434291529597020e-08
2.170900000000284308e+03,2.800477156579714869e-08
2.171000000000284672e+03,2.754446461871604418e-08
2.171100000000284581e+03,2.716357690406401449e-08
2.171200000000284490e+03,2.678181020203998315e-08
2.171300000000284399e+03,2.639916343617619764e-08
2.171400000000284308e+03,2.601563552931527175e-08
2.171500000000284672e+03,2.563122540360836903e-08
2.171600000000284581e+03,2.524593198052226037e-08
2.171700000000284490e+03,2.485975418082878566e-08
2.171800000000284854e+03,2.447269092461021066e-08
2.171900000000284763e+03,2.408474113126428267e-08
2.172000000000284672e+03,2.369590371967083470e-08
2.172100000000284581e+03,2.336866532277948521e-08
2.172200000000284490e+03,2.304111818185400551e-08
2.172300000000284854e+03,2.271326527976594444e-08
2.172400000000284763e+03,2.238510734037352870e-08
2.172500000000284672e+03,2.205664445684536647e-08
2.172600000000285036e+03,2.172787672256605933e-08
2.172700000000284945e+03,2.139880423114069550e-08
2.172800000000284854e+03,2.106942707638565822e-08
2.172900000000284763e+03,2.074313804050970160e-08
2.173000000000284672e+03,2.041811092840740242e-08
2.173100000000285036e+03,2.016303865787698938e-08
2.173200000000284945e+03,1.990750026904246433e-08
2.173300000000284854e+03,1.965149540769849138e-08
2.173400000000285218e+03,1.939502371966741210e-08
2.173500000000285127e+03,1.913808485080305387e-08
2.173600000000285036e+03,1.888067844698390397e-08
2.173700000000284945e+03,1.862280415411811901e-08
2.173800000000284854e+03,1.836446161814251575e-08
2.173900000000285218e+03,1.810565048502168766e-08
2.174000000000285127e+03,1.784636585025069341e-08
2.174100000000285036e+03,1.765420929951269732e-08
2.174200000000285399e+03,1.746169502051847302e-08
2.174300000000285308e+03,1.726882276110312581e-08
2.174400000000285218e+03,1.707559226923917225e-08
2.174500000000285127e+03,1.688153199694519381e-08
2.174600000000285036e+03,1.668684678527114585e-08
2.174700000000285399e+03,1.649182002685614101e-08
2.174800000000285308e+03,1.629645151356091060e-08
2.174900000000285218e+03,1.610074103741511275e-08
2.175000000000285581e+03,1.590468839073166201e-08
2.175100000000285490e+03,1.574741780672907408e-08
2.175200000000285399e+03,1.558948691320334066e-08
2.175300000000285308e+03,1.543082881204279948e-08
2.175400000000285218e+03,1.527176726635128825e-08
2.175500000000285581e+03,1.511258797237977968e-08
2.175600000000285490e+03,1.495329106005964379e-08
2.175700000000285399e+03,1.479387665954523534e-08
2.175800000000285763e+03,1.463434490121601470e-08
2.175900000000285672e+03,1.447469591567868532e-08
2.176000000000285581e+03,1.431492983384659311e-08
2.176100000000285490e+03,1.418424058101933045e-08
2.176200000000285399e+03,1.405340411896677328e-08
2.176300000000285763e+03,1.392087324918098814e-08
2.176400000000285672e+03,1.378633098232541824e-08
2.176500000000285581e+03,1.365185863119320921e-08
2.176600000000285945e+03,1.351745631653976527e-08
2.176700000000285854e+03,1.338312415906819295e-08
2.176800000000285763e+03,1.324886227942568138e-08
2.176900000000285672e+03,1.311467079820580183e-08
2.177000000000285581e+03,1.298054983605655739e-08
2.177100000000285945e+03,1.288452026599999346e-08
2.177200000000285854e+03,1.278847633148578105e-08
2.177300000000285763e+03,1.269242132922664592e-08
2.177400000000286127e+03,1.259611496390799000e-08
2.177500000000286036e+03,1.249863966119722142e-08
2.177600000000285945e+03,1.240117585337148757e-08
2.177700000000285854e+03,1.230372366621927567e-08
2.177800000000285763e+03,1.220628322564039325e-08
2.177900000000286127e+03,1.210885465764556448e-08
2.178000000000286036e+03,1.201143808841320951e-08
2.178100000000285945e+03,1.193329524622912747e-08
2.178200000000286309e+03,1.185520260404606398e-08
2.178300000000286218e+03,1.177716025749705964e-08
2.178400000000286127e+03,1.169916830223562778e-08
2.178500000000286036e+03,1.162122683393698860e-08
2.178600000000285945e+03,1.154149728104232428e-08
2.178700000000286309e+03,1.146161833394436502e-08
2.178800000000286218e+03,1.138181883583437313e-08
2.178900000000286127e+03,1.130209883723960429e-08
2.179000000000286491e+03,1.122245838873939019e-08
2.179100000000286400e+03,1.116463986149903265e-08
2.179200000000286309e+03,1.110688241834083124e-08
2.179300000000286218e+03,1.104918610200940862e-08
2.179400000000286127e+03,1.099155095524413819e-08
2.179500000000286491e+03,1.093397702077885618e-08
2.179600000000286400e+03,1.087646434134297342e-08
2.179700000000286309e+03,1.081827579060222890e-08
2.179800000000286673e+03,1.075968725210773276e-08
2.179900000000286582e+03,1.070117320629138019e-08
2.180000000000286491e+03,1.064283406189118514e-08
2.180100000000286400e+03,1.059975984324926586e-08
2.180200000000286309e+03,1.055523765775666091e-08
2.180300000000286673e+03,1.051078781149525036e-08
2.180400000000286582e+03,1.046641027808396976e-08
2.180500000000286491e+03,1.042210503113754094e-08
2.180600000000286855e+03,1.037787204426721659e-08
2.180700000000286764e+03,1.033371129108129467e-08
2.180800000000286673e+03,1.028916847779031748e-08
2.180900000000286582e+03,1.024399835260393570e-08
2.181000000000286491e+03,1.019937394605189850e-08
2.181100000000286855e+03,1.016367644165155012e-08
2.181200000000286764e+03,1.012804622696240331e-08
2.181300000000286673e+03,1.009248324367203159e-08
2.181400000000287037e+03,1.005698743350038098e-08
2.181500000000286946e+03,1.002155873820021344e-08
2.181600000000286855e+03,9.986197099556137380e-09
2.181700000000286764e+03,9.951088029791421782e-09
2.181800000000286673e+03,9.916520716798152076e-09
2.181900000000287037e+03,9.882004816415957062e-09
2.182000000000286946e+03,9.847342017944022670e-09
2.182100000000286855e+03,9.831339114693091151e-09
2.182200000000287218e+03,9.815348613056639816e-09
2.182300000000287127e+03,9.799370512514967628e-09
2.182400000000287037e+03,9.783404812546707611e-09
2.182500000000286946e+03,9.767556189006474516e-09
2.182600000000286855e+03,9.752048471400783687e-09
2.182700000000287218e+03,9.736551743623590553e-09
2.182800000000287127e+03,9.721066006769369216e-09
2.182900000000287037e+03,9.705591261930868277e-09
2.183000000000287400e+03,9.690127510211617811e-09
2.183100000000287309e+03,9.678761724420269553e-09
2.183200000000287218e+03,9.667347859903172407e-09
2.183300000000287127e+03,9.655979425240742033e-09
2.183400000000287037e+03,9.644783715633225751e-09
2.183500000000287400e+03,9.633589514805840065e-09
2.183600000000287309e+03,9.622397928783274255e-09
2.183700000000287218e+03,9.611207804114306272e-09
2.183800000000287582e+03,9.600019141286643459e-09
2.183900000000287491e+03,9.588831940788100695e-09
2.184000000000287400e+03,9.577646203146716994e-09
2.184100000000287309e+03,9.580444322671951647e-09
2.184200000000287218e+03,9.582534559351695583e-09
2.184300000000287582e+03,9.584257564231186035e-09
2.184400000000287491e+03,9.585941835685855660e-09
2.184500000000287400e+03,9.587587414434490674e-09
2.184600000000287764e+03,9.589194341172057800e-09
2.184700000000287673e+03,9.590762656569676145e-09
2.184800000000287582e+03,9.592292401274681716e-09
2.184900000000287491e+03,9.593783615910581106e-09
2.185000000000287400e+03,9.595236341077678486e-09
2.185100000000287764e+03,9.596840645629230088e-09
2.185200000000287673e+03,9.598406263213226551e-09
2.185300000000287582e+03,9.599977879086896662e-09
2.185400000000287946e+03,9.601680813213071799e-09
2.185500000000287855e+03,9.603345251538491489e-09
2.185600000000287764e+03,9.604971228303690039e-09
2.185700000000287673e+03,9.606558777733242131e-09
2.185800000000287582e+03,9.608107934035708232e-09
2.185900000000287946e+03,9.609618731403780177e-09
2.186000000000287855e+03,9.611090224457255592e-09
2.186100000000287764e+03,9.624006219201857414e-09
2.186200000000288128e+03,9.636788999795411211e-09
2.186300000000288037e+03,9.649411953645120962e-09
2.186400000000287946e+03,9.661968576654756869e-09
2.186500000000287855e+03,9.675271852788141707e-09
2.186600000000287764e+03,9.688778314721911139e-09
2.186700000000288128e+03,9.702221440362846319e-09
2.186800000000288037e+03,9.715601246462985852e-09
2.186900000000287946e+03,9.728917749778376859e-09
2.187000000000288310e+03,9.742170967041414059e-09
2.187100000000288219e+03,9.745826593934366658e-09
2.187200000000288128e+03,9.749445845071405615e-09
2.187300000000288037e+03,9.753028723974234191e-09
2.187400000000287946e+03,9.756575234169048892e-09
2.187500000000288310e+03,9.760085379186360795e-09
2.187600000000288219e+03,9.764972187092188494e-09
2.187700000000288128e+03,9.770593429841746331e-09
2.187800000000288492e+03,9.776180126190662884e-09
2.187900000000288401e+03,9.781732255622929976e-09
2.188000000000288310e+03,9.787249797608192810e-09
2.188100000000288219e+03,9.787366896602095618e-09
2.188200000000288128e+03,9.786827309999786188e-09
2.188300000000288492e+03,9.786245014669655511e-09
2.188400000000288401e+03,9.785638865125931156e-09
2.188500000000288310e+03,9.785008857067335148e-09
2.188600000000288674e+03,9.784354986197383853e-09
2.188700000000288583e+03,9.783998107271843549e-09
2.188800000000288492e+03,9.784170210339936117e-09
2.188900000000288401e+03,9.784318216328984342e-09
2.189000000000288310e+03,9.784037126260529750e-09
2.189100000000288674e+03,9.761542297958691635e-09
2.189200000000288583e+03,9.739075898207843486e-09
2.189300000000288492e+03,9.716693801221789034e-09
2.189400000000288856e+03,9.694445882780624712e-09
2.189500000000288765e+03,9.672225627045212396e-09
2.189600000000288674e+03,9.650033028615581386e-09
2.189700000000288583e+03,9.627868082081879489e-09
2.189800000000288492e+03,9.605749389184272340e-09
2.189900000000288856e+03,9.583853394072297581e-09
2.190000000000288765e+03,9.561984005370569112e-09
2.190100000000288674e+03,9.520258006600712428e-09
2.190200000000289037e+03,9.478576715219104950e-09
2.190300000000288946e+03,9.436940201969159228e-09
2.190400000000288856e+03,9.395348537615620800e-09
2.190500000000288765e+03,9.353801792945339125e-09
2.190600000000288674e+03,9.312476860052102199e-09
2.190700000000289037e+03,9.271225202810696613e-09
2.190800000000288946e+03,9.230016848936323662e-09
2.190900000000288856e+03,9.188851872193297542e-09
2.191000000000289219e+03,9.147730346297520879e-09
2.191100000000289128e+03,9.080143651700864866e-09
2.191200000000289037e+03,9.012666350117889507e-09
2.191300000000288946e+03,8.945298480139409263e-09
2.191400000000288856e+03,8.878362040543326063e-09
2.191500000000289219e+03,8.811601959565171930e-09
2.191600000000289128e+03,8.744945493219849388e-09
2.191700000000289037e+03,8.678392694150113656e-09
2.191800000000289401e+03,8.611943614968681716e-09
2.191900000000289310e+03,8.545598308259104163e-09
2.192000000000289219e+03,8.479356826505463121e-09
2.192100000000289128e+03,8.389551492231589844e-09
2.192200000000289037e+03,8.299881315845164191e-09
2.192300000000289401e+03,8.210346364256764699e-09
2.192400000000289310e+03,8.120946704338103998e-09
2.192500000000289219e+03,8.031682402919487712e-09
2.192600000000289583e+03,7.942553526791098239e-09
2.192700000000289492e+03,7.853560142704118069e-09
2.192800000000289401e+03,7.764702317368330954e-09
2.192900000000289310e+03,7.675985051189065260e-09
2.193000000000289219e+03,7.587405697343450565e-09
2.193100000000289583e+03,7.486746851729878524e-09
2.193200000000289492e+03,7.386147163279473697e-09
2.193300000000289401e+03,7.285526214797307621e-09
2.193400000000289765e+03,7.185009563567169957e-09
2.193500000000289674e+03,7.084597350589375391e-09
2.193600000000289583e+03,6.984289716898387109e-09
2.193700000000289492e+03,6.884086803564586959e-09
2.193800000000289401e+03,6.783988751693831259e-09
2.193900000000289765e+03,6.683995702426902372e-09
2.194000000000289674e+03,6.584107796924424243e-09
2.194100000000289583e+03,6.478504969313867253e-09
2.194200000000289947e+03,6.373047109694918605e-09
2.194300000000289856e+03,6.267734251856414913e-09
2.194400000000289765e+03,6.162434433679713652e-09
2.194500000000289674e+03,6.057279591928638628e-09
2.194600000000289583e+03,5.952274532863132950e-09
2.194700000000289947e+03,5.847420274555267731e-09
2.194800000000289856e+03,5.742720287526739115e-09
2.194900000000289765e+03,5.638169951094327861e-09
2.195000000000290129e+03,5.533769287813522121e-09
2.195100000000290038e+03,5.437328704249392118e-09
2.195200000000289947e+03,5.340988223368015284e-09
2.195300000000289856e+03,5.244747893832828241e-09
2.195400000000289765e+03,5.148536483591187385e-09
2.195500000000290129e+03,5.052232368726112540e-09
2.195600000000290038e+03,4.955969564707798268e-09
2.195700000000289947e+03,4.859819909078971288e-09
2.195800000000290311e+03,4.763783426568661715e-09
2.195900000000290220e+03,4.667860141879418305e-09
2.196000000000290129e+03,4.572050079717511297e-09
2.196100000000290038e+03,4.487632894140152282e-09
2.196200000000289947e+03,4.403266070795998285e-09
2.196300000000290311e+03,4.318950824571997845e-09
2.196400000000290220e+03,4.234687210135697081e-09
2.196500000000290129e+03,4.150475282156466875e-09
2.196600000000290493e+03,4.066205742257670585e-09
2.196700000000290402e+03,3.981834951924114766e-09
2.196800000000290311e+03,3.897526532050032661e-09
2.196900000000290220e+03,3.813281262785474585e-09
2.197000000000290129e+03,3.729099184734189919e-09
2.197100000000290493e+03,3.657453504417597248e-09
2.197200000000290402e+03,3.585872758994394085e-09
2.197300000000290311e+03,3.514356942183124301e-09
2.197400000000290675e+03,3.442906047692042052e-09
2.197500000000290584e+03,3.371520069220108949e-09
2.197600000000290493e+03,3.300199000455015025e-09
2.197700000000290402e+03,3.228862710381811919e-09
2.197800000000290311e+03,3.157044664739354651e-09
2.197900000000290675e+03,3.085319986360751489e-09
2.198000000000290584e+03,3.013688618873419521e-09
2.198100000000290493e+03,2.955613638285507267e-09
2.198200000000290856e+03,2.897584518907579489e-09
2.198300000000290765e+03,2.839601248291359578e-09
2.198400000000290675e+03,2.781663325005984562e-09
2.198500000000290584e+03,2.723769136207771756e-09
2.198600000000290493e+03,2.665915343545734259e-09
2.198700000000290856e+03,2.608069616226440958e-09
2.198800000000290765e+03,2.550271712149081086e-09
2.198900000000290675e+03,2.492521616358405359e-09
2.199000000000291038e+03,2.434819313929660158e-09
2.199100000000290947e+03,2.387747211850577907e-09
2.199200000000290856e+03,2.340721127380767773e-09
2.199300000000290765e+03,2.293741031587795746e-09
2.199400000000290675e+03,2.246806895552761730e-09
2.199500000000291038e+03,2.199918690370059249e-09
2.199600000000290947e+03,2.153076387148239438e-09
2.199700000000290856e+03,2.106279957008717330e-09
2.199800000000291220e+03,2.059529371086414577e-09
2.199900000000291129e+03,2.012824600530385212e-09
2.200000000000291038e+03,1.966190146690424165e-09
2.200100000000290947e+03,1.930397184875774889e-09
2.200200000000290856e+03,1.894601118809831522e-09
2.200300000000291220e+03,1.858801956034303903e-09
2.200400000000291129e+03,1.822999697212071827e-09
2.200500000000291038e+03,1.787194343005675947e-09
2.200600000000291402e+03,1.751385894077799395e-09
2.200700000000291311e+03,1.715574351091760579e-09
2.200800000000291220e+03,1.679759714710537937e-09
2.200900000000291129e+03,1.643941985597412858e-09
2.201000000000291038e+03,1.608108540504529149e-09
2.201100000000291402e+03,1.579844047643610635e-09
2.201200000000291311e+03,1.551573442593016698e-09
2.201300000000291220e+03,1.523296727446485606e-09
2.201400000000291584e+03,1.495013904297790986e-09
2.201500000000291493e+03,1.466724975241123987e-09
2.201600000000291402e+03,1.438429942370331650e-09
2.201700000000291311e+03,1.410127612192300634e-09
2.201800000000291220e+03,1.381797360874021319e-09
2.201900000000291584e+03,1.353461956434882829e-09
2.202000000000291493e+03,1.325121401280796019e-09
2.202100000000291402e+03,1.303097123368954403e-09
2.202200000000291766e+03,1.281060023746153348e-09
2.202300000000291675e+03,1.259010103774593682e-09
2.202400000000291584e+03,1.236947364816585832e-09
2.202500000000291493e+03,1.214871808234944805e-09
2.202600000000291402e+03,1.192790756855773010e-09
2.202700000000291766e+03,1.170715419815909232e-09
2.202800000000291675e+03,1.148626288162921618e-09
2.202900000000291584e+03,1.126523362364359534e-09
2.203000000000291948e+03,1.104406642900286967e-09
2.203100000000291857e+03,1.086404640894952225e-09
2.203200000000291766e+03,1.068394104021908199e-09
2.203300000000291675e+03,1.050375041246697334e-09
2.203400000000291584e+03,1.032347461532210134e-09
2.203500000000291948e+03,1.014311373838604929e-09
2.203600000000291857e+03,9.962667871236418410e-10
2.203700000000291766e+03,9.782137103421798658e-10
2.203800000000292130e+03,9.601521524464306068e-10
2.203900000000292039e+03,9.420821223862014669e-10
2.204000000000291948e+03,9.240036291207008600e-10
2.204100000000291857e+03,9.101206396626770012e-10
2.204200000000291766e+03,8.962207599013805362e-10
2.204300000000292130e+03,8.823155733067399294e-10
2.204400000000292039e+03,8.683888962886247401e-10
2.204500000000291948e+03,8.544407197899209402e-10
2.204600000000292312e+03,8.404710347530120924e-10
2.204700000000292221e+03,8.264798321199788048e-10
2.204800000000292130e+03,8.124671028322087148e-10
2.204900000000292039e+03,7.984328378306590157e-10
2.205000000000291948e+03,7.843770280642938023e-10
2.205100000000292312e+03,7.732128214408239400e-10
2.205200000000292221e+03,7.620289056911356507e-10
2.205300000000292130e+03,7.508249296583808573e-10
2.205400000000292493e+03,7.396012750953275022e-10
2.205500000000292403e+03,7.283579344789308688e-10
2.205600000000292312e+03,7.170949002858789578e-10
2.205700000000292221e+03,7.058121649927940091e-10
2.205800000000292130e+03,6.945097210761879371e-10
2.205900000000292493e+03,6.831875610124037050e-10
2.206000000000292403e+03,6.718456772838416158e-10
2.206100000000292312e+03,6.625459118191625189e-10
2.206200000000292675e+03,6.532391490255017756e-10
2.206300000000292584e+03,6.439254057182920785e-10
2.206400000000292493e+03,6.346046987019472472e-10
2.206500000000292403e+03,6.252770447700321106e-10
2.206600000000292312e+03,6.159424607052210444e-10
2.206700000000292675e+03,6.066009632792570257e-10
2.206800000000292584e+03,5.972525692531217222e-10
2.206900000000292493e+03,5.878972953767859933e-10
2.207000000000292857e+03,5.785351583948154871e-10
2.207100000000292766e+03,5.710315452063864207e-10
2.207200000000292675e+03,5.635103523253062992e-10
2.207300000000292584e+03,5.559715702368247647e-10
2.207400000000292493e+03,5.484151894241575254e-10
2.207500000000292857e+03,5.408412003684509937e-10
2.207600000000292766e+03,5.332495935489215632e-10
2.207700000000292675e+03,5.256403594426506741e-10
2.207800000000293039e+03,5.180134885246830410e-10
2.207900000000292948e+03,5.103689712681386329e-10
2.208000000000292857e+03,5.027143664587028386e-10
2.208100000000292766e+03,4.965151685071388088e-10
2.208200000000292675e+03,4.903045628940609433e-10
2.208300000000293039e+03,4.840825541572541799e-10
2.208400000000292948e+03,4.778491468347776666e-10
2.208500000000292857e+03,4.716043454647889858e-10
2.208600000000293221e+03,4.653481545856298713e-10
2.208700000000293130e+03,4.590805787359118209e-10
2.208800000000293039e+03,4.528016224543444051e-10
2.208900000000292948e+03,4.465112902798497280e-10
2.209000000000292857e+03,4.402095867554967055e-10
2.209100000000293221e+03,4.352493015711693502e-10
2.209200000000293130e+03,4.302753309121654250e-10
2.209300000000293039e+03,4.252876665694550920e-10
2.209400000000293403e+03,4.202863003316746233e-10
2.209500000000293312e+03,4.152711441464099270e-10
2.209600000000293221e+03,4.102419605895113216e-10
2.209700000000293130e+03,4.051990600765216585e-10
2.209800000000293039e+03,4.001424344259011030e-10
2.209900000000293403e+03,3.950720754537858053e-10
2.210000000000293312e+03,3.899879749768433271e-10
2.210100000000293221e+03,3.858343101686323165e-10
2.210200000000293585e+03,3.816610086785960886e-10
2.210300000000293494e+03,3.774763051786117698e-10
2.210400000000293403e+03,3.732801949889524523e-10
2.210500000000293312e+03,3.690726734293772907e-10
2.210600000000293221e+03,3.648537358191136660e-10
2.210700000000293585e+03,3.606233774768372811e-10
2.210800000000293494e+03,3.563815937207496064e-10
2.210900000000293403e+03,3.521283798684636245e-10
2.211000000000293767e+03,3.478637312388928013e-10
2.211100000000293676e+03,3.442129935547307985e-10
2.211200000000293585e+03,3.405540795419315775e-10
2.211300000000293494e+03,3.368869923957609271e-10
2.211400000000293403e+03,3.332115120084381463e-10
2.211500000000293767e+03,3.295215482443904135e-10
2.211600000000293676e+03,3.258224985409707439e-10
2.211700000000293585e+03,3.221154600593490308e-10
2.211800000000293949e+03,3.184004365517482094e-10
2.211900000000293858e+03,3.146774317698502391e-10
2.212000000000293767e+03,3.109464494667712551e-10
2.212100000000293676e+03,3.079153316568524221e-10
2.212200000000293585e+03,3.048764843532104103e-10
2.212300000000293949e+03,3.018299079393353024e-10
2.212400000000293858e+03,2.987756027990488805e-10
2.212500000000293767e+03,2.957135693164239244e-10
2.212600000000294131e+03,2.926438078758246914e-10
2.212700000000294040e+03,2.895663188619481725e-10
2.212800000000293949e+03,2.864811026597409603e-10
2.212900000000293858e+03,2.833881596544566349e-10
2.213000000000293767e+03,2.802874902332394009e-10
2.213100000000294131e+03,2.777248566818902253e-10
2.213200000000294040e+03,2.751561071187190986e-10
2.213300000000293949e+03,2.725813931638093427e-10
2.213400000000294312e+03,2.700005077147065512e-10
2.213500000000294222e+03,2.674134526720857078e-10
2.213600000000294131e+03,2.648202299364623572e-10
2.213700000000294040e+03,2.622208414082382549e-10
2.213800000000293949e+03,2.596152889876909761e-10
2.213900000000294312e+03,2.570035745749609907e-10
2.214000000000294222e+03,2.543857000711638078e-10
2.214100000000294131e+03,2.521237666047121642e-10
2.214200000000294494e+03,2.498595672703003090e-10
2.214300000000294403e+03,2.475907089634411343e-10
2.214400000000294312e+03,2.453163725643282939e-10
2.214500000000294222e+03,2.430365596407476015e-10
2.214600000000294131e+03,2.407512717605007425e-10
2.214700000000294494e+03,2.384605104913952961e-10
2.214800000000294403e+03,2.361642774012849564e-10
2.214900000000294312e+03,2.338625740580085804e-10
2.215000000000294676e+03,2.315554020308529529e-10
2.215100000000294585e+03,2.297290445871207096e-10
2.215200000000294494e+03,2.278970531811609369e-10
2.215300000000294403e+03,2.260593609258400062e-10
2.215400000000294312e+03,2.242159645311813704e-10
2.215500000000294676e+03,2.223668607064571697e-10
2.215600000000294585e+03,2.205120461602198454e-10
2.215700000000294494e+03,2.186515176002531556e-10
2.215800000000294858e+03,2.167852717335961888e-10
2.215900000000294767e+03,2.149133052665696532e-10
2.216000000000294676e+03,2.130356149053080637e-10
2.216100000000294585e+03,2.113507183915149625e-10
2.216200000000294494e+03,2.096618507949769443e-10
2.216300000000294858e+03,2.079690131650894812e-10
2.216400000000294767e+03,2.062722065512760404e-10
2.216500000000294676e+03,2.045714320029420718e-10
2.216600000000295040e+03,2.028666905694983762e-10
2.216700000000294949e+03,2.011579833003829222e-10
2.216800000000294858e+03,1.994453112450166177e-10
2.216900000000294767e+03,1.977286754528324681e-10
2.217000000000294676e+03,1.960080769740840680e-10
2.217100000000295040e+03,1.945605261043322952e-10
2.217200000000294949e+03,1.931094265935870411e-10
2.217300000000294858e+03,1.916525933023369141e-10
2.217400000000295222e+03,1.901912411932071641e-10
2.217500000000295131e+03,1.887263895431989684e-10
2.217600000000295040e+03,1.872580386023246425e-10
2.217700000000294949e+03,1.857861886207582162e-10
2.217800000000294858e+03,1.843108398488285569e-10
2.217900000000295222e+03,1.828319925370121321e-10
2.218000000000295131e+03,1.813496469366304517e-10
2.218100000000295040e+03,1.800912091587275733e-10
2.218200000000295404e+03,1.788304388777401392e-10
2.218300000000295313e+03,1.775673378347425891e-10
2.218400000000295222e+03,1.763019077702309046e-10
2.218500000000295131e+03,1.750341504241474252e-10
2.218600000000295040e+03,1.737640675358739719e-10
2.218700000000295404e+03,1.724897290104504017e-10
2.218800000000295313e+03,1.712112160989380392e-10
2.218900000000295222e+03,1.699304396041903516e-10
2.219000000000295586e+03,1.686474014167105086e-10
2.219100000000295495e+03,1.674748423597882381e-10
2.219200000000295404e+03,1.663001569344606355e-10
2.219300000000295313e+03,1.651233463149906876e-10
2.219400000000295222e+03,1.639444116753695231e-10
2.219500000000295586e+03,1.627633541893108809e-10
2.219600000000295495e+03,1.615801750302732112e-10
2.219700000000295404e+03,1.603948753714267952e-10
2.219800000000295768e+03,1.592074563856702629e-10
2.219900000000295677e+03,1.580179192456466712e-10
2.220000000000295586e+03,1.568262651244472022e-10
2.220100000000295495e+03,1.558814657972179802e-10
2.220200000000295404e+03,1.549345426642049128e-10
2.220300000000295768e+03,1.539855035540487779e-10
2.220400000000295677e+03,1.530343479610083503e-10
2.220500000000295586e+03,1.520810753793860131e-10
2.220600000000295950e+03,1.511256537587052481e-10
2.220700000000295859e+03,1.501680031809434075e-10
2.220800000000295768e+03,1.492082359223368755e-10
2.220900000000295677e+03,1.482463514834578312e-10
2.221000000000295586e+03,1.472823493651826497e-10
2.221100000000295950e+03,1.463993011545233971e-10
2.221200000000295859e+03,1.455146973105041509e-10
2.221300000000295768e+03,1.446285379905350037e-10
2.221400000000296131e+03,1.437408233520697074e-10
2.221500000000296041e+03,1.428515535526172285e-10
2.221600000000295950e+03,1.419607287497184572e-10
2.221700000000295859e+03,1.410683491009610198e-10
2.221800000000295768e+03,1.401744147639762017e-10
2.221900000000296131e+03,1.392789258964344248e-10
2.222000000000296041e+03,1.383818826565070461e-10
2.222100000000295950e+03,1.376341824779589597e-10
2.222200000000296313e+03,1.368853814854639468e-10
2.222300000000296222e+03,1.361354799388274954e-10
2.222400000000296131e+03,1.353844780978509836e-10
2.222500000000296041e+03,1.346323762223444745e-10
2.222600000000295950e+03,1.338791745721239511e-10
2.222700000000296313e+03,1.331248734070079553e-10
2.222800000000296222e+03,1.323694729868304352e-10
2.222900000000296131e+03,1.316129735714212289e-10
2.223000000000296495e+03,1.308553754207024828e-10
2.223100000000296404e+03,1.301260906151954945e-10
2.223200000000296313e+03,1.293960487320786561e-10
2.223300000000296222e+03,1.286652912215732347e-10
2.223400000000296131e+03,1.279338185973873422e-10
2.223500000000296495e+03,1.272016313730945182e-10
2.223600000000296404e+03,1.264687300621467847e-10
2.223700000000296313e+03,1.257351151778538106e-10
2.223800000000296677e+03,1.250007872333940279e-10
2.223900000000296586e+03,1.242657467418242468e-10
2.224000000000296495e+03,1.235299942164830621e-10
2.224100000000296404e+03,1.229363070905567462e-10
2.224200000000296313e+03,1.223417223932525585e-10
2.224300000000296677e+03,1.217462398063791138e-10
2.224400000000296586e+03,1.211498590117619065e-10
2.224500000000296495e+03,1.205525796912274130e-10
2.224600000000296859e+03,1.199544015266106147e-10
2.224700000000296768e+03,1.193553241997636048e-10
2.224800000000296677e+03,1.187553473925389163e-10
2.224900000000296586e+03,1.181544707868008433e-10
2.225000000000296495e+03,1.175526940646441535e-10
2.225100000000296859e+03,1.170250528055371947e-10
2.225200000000296768e+03,1.164970127974524576e-10
2.225300000000296677e+03,1.159685741578509591e-10
2.225400000000297041e+03,1.154397370041889857e-10
2.225500000000296950e+03,1.149105014539250988e-10
2.225600000000296859e+03,1.143808676245060336e-10
2.225700000000296768e+03,1.138508356333760308e-10
2.225800000000296677e+03,1.133204055979747687e-10
2.225900000000297041e+03,1.127899720949478255e-10
2.226000000000296950e+03,1.122612363249920746e-10
2.226100000000296859e+03,1.117780126101567542e-10
2.226200000000297223e+03,1.112945125492463544e-10
2.226300000000297132e+03,1.108107362006329821e-10
2.226400000000297041e+03,1.103266836226864431e-10
2.226500000000296950e+03,1.098423548737829156e-10
2.226600000000296859e+03,1.093577500123029975e-10
2.226700000000297223e+03,1.088728690966289803e-10
2.226800000000297132e+03,1.083877121851544773e-10
2.226900000000297041e+03,1.079022793362704911e-10
2.227000000000297405e+03,1.074165706084840750e-10
2.227100000000297314e+03,1.069682654358535042e-10
2.227200000000297223e+03,1.065198801286211887e-10
2.227300000000297132e+03,1.060714147522163652e-10
2.227400000000297041e+03,1.056228693720588227e-10
2.227500000000297405e+03,1.051742440535552056e-10
2.227600000000297314e+03,1.047255388621087850e-10
2.227700000000297223e+03,1.042767538631060041e-10
2.227800000000297587e+03,1.038278891219233022e-10
2.227900000000297496e+03,1.033789447039329700e-10
2.228000000000297405e+03,1.029299206747196638e-10
2.228100000000297314e+03,1.025576638264511886e-10
2.228200000000297223e+03,1.021851930042273150e-10
2.228300000000297587e+03,1.018125081510739491e-10
2.228400000000297496e+03,1.014396092100194656e-10
2.228500000000297405e+03,1.010664961240848722e-10
2.228600000000297769e+03,1.006931688362883849e-10
2.228700000000297678e+03,1.003196272896505589e-10
2.228800000000297587e+03,9.994587142718472469e-11
2.228900000000297496e+03,9.957190119190298478e-11
2.229000000000297405e+03,9.919771652676283491e-11
2.229100000000297769e+03,9.880586119743311103e-11
2.229200000000297678e+03,9.841392835951618338e-11
2.229300000000297587e+03,9.802191801445541749e-11
2.229400000000297950e+03,9.762983016369746179e-11
2.229500000000297860e+03,9.723766480869704262e-11
2.229600000000297769e+03,9.684542195090676671e-11
2.229700000000297678e+03,9.645310159178386777e-11
2.229800000000297587e+03,9.606070373278870735e-11
2.229900000000297950e+03,9.566816163666876416e-11
2.230000000000297860e+03,9.527551851768076655e-11
2.230100000000297769e+03,9.496006005140486450e-11
2.230200000000298132e+03,9.464477969606608285e-11
2.230300000000298041e+03,9.432967739638748265e-11
2.230400000000297950e+03,9.401475309709619620e-11
2.230500000000297860e+03,9.370000674292961803e-11
2.230600000000297769e+03,9.338543827863398314e-11
2.230700000000298132e+03,9.307104764896229908e-11
2.230800000000298041e+03,9.275683479868098925e-11
2.230900000000297950e+03,9.244279967256067757e-11
2.231000000000298314e+03,9.212894221556634953e-11
2.231100000000298223e+03,9.187745101333404063e-11
2.231200000000298132e+03,9.162607108778978805e-11
2.231300000000298041e+03,9.137480360081411134e-11
2.231400000000297950e+03,9.112364855385228890e-11
2.231500000000298314e+03,9.087260594834461020e-11
2.231600000000298223e+03,9.062167578573078308e-11
2.231700000000298132e+03,9.037087842017091255e-11
2.231800000000298496e+03,9.012025873158972265e-11
2.231900000000298405e+03,8.986975101406757694e-11
2.232000000000298314e+03,8.961935526930106165e-11
2.232100000000298223e+03,8.935421021880269512e-11
2.232200000000298132e+03,8.908925707631969348e-11
2.232300000000298496e+03,8.882449581258808688e-11
2.232400000000298405e+03,8.855992639834545642e-11
2.232500000000298314e+03,8.829554880432374803e-11
2.232600000000298678e+03,8.803136300125280093e-11
2.232700000000298587e+03,8.776736895986400527e-11
2.232800000000298496e+03,8.750355959198810445e-11
2.232900000000298405e+03,8.723991836908754198e-11
2.233000000000298314e+03,8.697646900521073732e-11
2.233100000000298678e+03,8.674840848439859157e-11
2.233200000000298587e+03,8.652059271182418349e-11
2.233300000000298496e+03,8.629302157329313571e-11
2.233400000000298860e+03,8.606569495463882020e-11
2.233500000000298769e+03,8.583861274172566697e-11
2.233600000000298678e+03,8.561183501452787164e-11
2.233700000000298587e+03,8.538532225224543469e-11
2.233800000000298496e+03,8.515905312347086789e-11
2.233900000000298860e+03,8.493302751487175483e-11
2.234000000000298769e+03,8.470724531317942375e-11
2.234100000000298678e+03,8.449271341418466732e-11
2.234200000000299042e+03,8.427835893816216955e-11
2.234300000000298951e+03,8.406418190659357828e-11
2.234400000000298860e+03,8.385018234094999484e-11
2.234500000000298769e+03,8.363636026269623913e-11
2.234600000000298678e+03,8.342271569328936332e-11
2.234700000000299042e+03,8.320924865417823823e-11
2.234800000000298951e+03,8.299730977750675121e-11
2.234900000000298860e+03,8.278603196874022704e-11
2.235000000000299224e+03,8.257492233149577446e-11
2.235100000000299133e+03,8.240913425791494786e-11
2.235200000000299042e+03,8.224348926086247900e-11
2.235300000000298951e+03,8.207798735172785651e-11
2.235400000000298860e+03,8.191262854189541207e-11
2.235500000000299224e+03,8.174741284274333811e-11
2.235600000000299133e+03,8.158234026564667346e-11
2.235700000000299042e+03,8.141741082197296061e-11
2.235800000000299406e+03,8.125262452308433953e-11
2.235900000000299315e+03,8.108765281856371991e-11
2.236000000000299224e+03,8.092180380874219174e-11
2.236100000000299133e+03,8.081360612596509682e-11
2.236200000000299042e+03,8.070546638589934146e-11
2.236300000000299406e+03,8.059738461782921315e-11
2.236400000000299315e+03,8.048936085104260536e-11
2.236500000000299224e+03,8.038139511482742450e-11
2.236600000000299588e+03,8.027348743847394218e-11
2.236700000000299497e+03,8.016563785127549318e-11
2.236800000000299406e+03,8.005784638252559322e-11
2.236900000000299315e+03,7.995011306152034295e-11
2.237000000000299224e+03,7.984243791766631043e-11
2.237100000000299588e+03,7.977114612055603154e-11
2.237200000000299497e+03,7.969985873472212688e-11
2.237300000000299406e+03,7.962863218474952247e-11
2.237400000000299769e+03,7.955742917491689514e-11
2.237500000000299679e+03,7.948623044365684476e-11
2.237600000000299588e+03,7.941503599191100014e-11
2.237700000000299497e+03,7.934384582062166217e-11
2.237800000000299406e+03,7.927265993073039503e-11
2.237900000000299769e+03,7.920147832317896969e-11
2.238000000000299679e+03,7.913030099872476049e-11
2.238100000000299588e+03,7.899756600849682744e-11
2.238200000000299951e+03,7.886494443402330610e-11
2.238300000000299860e+03,7.873243626520406268e-11
2.238400000000299769e+03,7.860004149193427175e-11
2.238500000000299679e+03,7.846776010410658755e-11
2.238600000000299588e+03,7.833559209161127326e-11
2.238700000000299951e+03,7.820353744433472758e-11
2.238800000000299860e+03,7.807159615216227644e-11
2.238900000000299769e+03,7.793976820497495479e-11
2.239000000000300133e+03,7.780805359295085881e-11
2.239100000000300042e+03,7.777627807763163591e-11
2.239200000000299951e+03,7.774439500502299464e-11
2.239300000000299860e+03,7.771240440215045074e-11
2.239400000000299769e+03,7.768030629603944237e-11
2.239500000000300133e+03,7.764810071371463224e-11
2.239600000000300042e+03,7.761578768220145853e-11
2.239700000000299951e+03,7.758336722852409278e-11
2.239800000000300315e+03,7.755083937970635760e-11
2.239900000000300224e+03,7.751820416277261841e-11
2.240000000000300133e+03,7.748546160475225543e-11
2.240100000000300042e+03,7.745462573638787493e-11
2.240200000000299951e+03,7.742367049019921362e-11
2.240300000000300315e+03,7.739259586373896718e-11
2.240400000000300224e+03,7.736140185456453588e-11
2.240500000000300133e+03,7.733008846023711985e-11
2.240600000000300497e+03,7.729865567832223608e-11
2.240700000000300406e+03,7.726710350638977011e-11
2.240800000000300315e+03,7.723543194201383384e-11
2.240900000000300224e+03,7.720364098277258460e-11
2.241000000000300133e+03,7.717173062639112063e-11
2.241100000000300497e+03,7.718708846711330538e-11
2.241200000000300406e+03,7.720219730571288494e-11
2.241300000000300315e+03,7.721705715169711140e-11
2.241400000000300679e+03,7.723166801458146985e-11
2.241500000000300588e+03,7.724602990389010493e-11
2.241600000000300497e+03,7.726014282915583378e-11
2.241700000000300406e+03,7.727400679992005550e-11
2.241800000000300315e+03,7.728762182573273829e-11
2.241900000000300679e+03,7.730098791615243234e-11
2.242000000000300588e+03,7.731344325883176019e-11
2.242100000000300497e+03,7.731363065874712760e-11
2.242200000000300861e+03,7.731472531279512677e-11
2.242300000000300770e+03,7.731556107430509235e-11
2.242400000000300679e+03,7.731613803610859643e-11
2.242500000000300588e+03,7.731645629102883589e-11
2.242600000000300497e+03,7.731651593188046439e-11
2.242700000000300861e+03,7.731631705146986379e-11
2.242800000000300770e+03,7.731585974259487272e-11
2.242900000000300679e+03,7.731514409804477366e-11
2.243000000000301043e+03,7.731417021095776421e-11
2.243100000000300952e+03,7.743149823425913583e-11
2.243200000000300861e+03,7.754832267447838672e-11
2.243300000000300770e+03,7.766460945890624384e-11
2.243400000000300679e+03,7.778032290645639426e-11
2.243500000000301043e+03,7.789553108561724767e-11
2.243600000000300952e+03,7.801023471923000446e-11
2.243700000000300861e+03,7.812443364529723531e-11
2.243800000000301225e+03,7.823812770182019261e-11
2.243900000000301134e+03,7.835131672679720774e-11
2.244000000000301043e+03,7.846400055817479699e-11
2.244100000000300952e+03,7.855884073358899125e-11
2.244200000000300861e+03,7.865312615436137876e-11
2.244300000000301225e+03,7.874685698037576140e-11
2.244400000000301134e+03,7.884003337151729818e-11
2.244500000000301043e+03,7.893265548767552956e-11
2.244600000000301407e+03,7.902472348874271017e-11
2.244700000000301316e+03,7.911623753461324017e-11
2.244800000000301225e+03,7.920719778518534541e-11
2.244900000000301134e+03,7.929760440035990132e-11
2.245000000000301043e+03,7.938745754017213555e-11
2.245100000000301407e+03,7.952029984100409161e-11
2.245200000000301316e+03,7.965241929753661896e-11
2.245300000000301225e+03,7.978381627551685367e-11
2.245400000000301588e+03,7.991449114063874668e-11
2.245500000000301497e+03,8.004444425854134482e-11
2.245600000000301407e+03,8.017367599481231926e-11
2.245700000000301316e+03,8.030218671498543225e-11
2.245800000000301225e+03,8.042997678454109288e-11
2.245900000000301588e+03,8.055704656890735231e-11
2.246000000000301497e+03,8.068339643356065176e-11
2.246100000000301407e+03,8.084352407834480332e-11
2.246200000000301770e+03,8.100305457035841299e-11
2.246300000000301679e+03,8.116198743816775258e-11
2.246400000000301588e+03,8.132032221021599907e-11
2.246500000000301497e+03,8.147805841481969329e-11
2.246600000000301407e+03,8.163519558016986430e-11
2.246700000000301770e+03,8.179173323433258522e-11
2.246800000000301679e+03,8.194739030956514948e-11
2.246900000000301588e+03,8.210090553636852278e-11
2.247000000000301952e+03,8.225381299917951215e-11
2.247100000000301861e+03,8.252480939863032511e-11
2.247200000000301770e+03,8.279466666387893709e-11
2.247300000000301679e+03,8.306338527512766899e-11
2.247400000000301588e+03,8.333096571250306421e-11
2.247500000000301952e+03,8.359740845605787906e-11
2.247600000000301861e+03,8.386271398576549928e-11
2.247700000000301770e+03,8.412688278152765609e-11
2.247800000000302134e+03,8.438991532317047124e-11
2.247900000000302043e+03,8.465181209044126457e-11
2.248000000000301952e+03,8.491257356303512727e-11
2.248100000000301861e+03,8.517877363796269147e-11
2.248200000000301770e+03,8.544388726860023304e-11
2.248300000000302134e+03,8.570791477517623753e-11
2.248400000000302043e+03,8.597079415011836056e-11
2.248500000000301952e+03,8.623256824352328261e-11
2.248600000000302316e+03,8.649325667884632870e-11
2.248700000000302225e+03,8.675285977931917996e-11
2.248800000000302134e+03,8.701137786815407872e-11
2.248900000000302043e+03,8.726881126853878797e-11
2.249000000000301952e+03,8.752516030397265929e-11
2.249100000000302316e+03,8.789113634947494525e-11
2.249200000000302225e+03,8.825588514046626392e-11
2.249300000000302134e+03,8.861940657270530159e-11
2.249400000000302498e+03,8.898170054199753195e-11
2.249500000000302407e+03,8.934276694419172640e-11
2.249600000000302316e+03,8.970260567518913065e-11
2.249700000000302225e+03,9.006121663093664041e-11
2.249800000000302134e+03,9.041859970742939930e-11
2.249900000000302498e+03,9.077475480071132873e-11
2.250000000000302407e+03,9.112968180714515071e-11
2.250100000000302316e+03,9.157443781329648533e-11
2.250200000000302680e+03,9.201768071002053516e-11
2.250300000000302589e+03,9.245936932587170627e-11
2.250400000000302498e+03,9.289956783638197503e-11
2.250500000000302407e+03,9.333827654204539141e-11
2.250600000000302316e+03,9.377549574336706888e-11
2.250700000000302680e+03,9.421122574086485177e-11
2.250800000000302589e+03,9.464546683506170258e-11
2.250900000000302498e+03,9.507821932649702401e-11
2.251000000000302862e+03,9.550948351614932243e-11
2.251100000000302771e+03,9.608041830111353221e-11
2.251200000000302680e+03,9.664952416244099867e-11
2.251300000000302589e+03,9.721680173339815403e-11
2.251400000000302498e+03,9.778225164716686423e-11
2.251500000000302862e+03,9.834587453684716897e-11
2.251600000000302771e+03,9.890767103544674804e-11
2.251700000000302680e+03,9.946764177589703846e-11
2.251800000000303044e+03,1.000257873910438899e-10
2.251900000000302953e+03,1.005835969389108946e-10
2.252000000000302862e+03,1.011403379247444266e-10
2.252100000000302771e+03,1.018014561631012893e-10
2.252200000000302680e+03,1.024607364392736689e-10
2.252300000000303044e+03,1.031181789560074757e-10
2.252400000000302953e+03,1.037737839160849898e-10
2.252500000000302862e+03,1.044275515223422195e-10
2.252600000000303226e+03,1.050794819776610687e-10
2.252700000000303135e+03,1.057295754849594752e-10
2.252800000000303044e+03,1.063778322472094410e-10
2.252900000000302953e+03,1.070242524674250506e-10
2.253000000000302862e+03,1.076688363490555506e-10
2.253100000000303226e+03,1.084400319127284725e-10
2.253200000000303135e+03,1.092089745459532074e-10
2.253300000000303044e+03,1.099756687042999967e-10
2.253400000000303407e+03,1.107401156217121849e-10
2.253500000000303316e+03,1.115023165318054231e-10
2.253600000000303226e+03,1.122622726678881430e-10
2.253700000000303135e+03,1.130199852629475453e-10
2.253800000000303044e+03,1.137754555496542407e-10
2.253900000000303407e+03,1.145286847603639294e-10
2.254000000000303316e+03,1.152796741279537069e-10
2.254100000000303226e+03,1.163104888716429477e-10
2.254200000000303589e+03,1.173400175011860276e-10
2.254300000000303498e+03,1.183677650774998147e-10
2.254400000000303407e+03,1.193937303336252140e-10
2.254500000000303316e+03,1.204179120023887354e-10
2.254600000000303226e+03,1.214403088164073796e-10
2.254700000000303589e+03,1.224609195080929030e-10
2.254800000000303498e+03,1.234797428096345505e-10
2.254900000000303407e+03,1.244967774530251892e-10
2.255000000000303771e+03,1.255120221708351874e-10
2.255100000000303680e+03,1.267839584889494822e-10
2.255200000000303589e+03,1.280535446562754468e-10
2.255300000000303498e+03,1.293207804903162552e-10
2.255400000000303407e+03,1.305856658086703881e-10
2.255500000000303771e+03,1.318482004290380177e-10
2.255600000000303680e+03,1.331083841691980792e-10
2.255700000000303589e+03,1.343662168470429609e-10
2.255800000000303953e+03,1.356216982805606164e-10
2.255900000000303862e+03,1.368748282878178398e-10
2.256000000000303771e+03,1.381256066877000756e-10
2.256100000000303680e+03,1.396056149667896340e-10
2.256200000000303589e+03,1.410821353951921975e-10
2.256300000000303953e+03,1.425551707935780419e-10
2.256400000000303862e+03,1.440247239814403908e-10
2.256500000000303771e+03,1.454907977771361284e-10
2.256600000000304135e+03,1.469533949978652752e-10
2.256700000000304044e+03,1.484125184596519110e-10
2.256800000000303953e+03,1.498681709773832335e-10
2.256900000000303862e+03,1.513203553647840704e-10
2.257000000000303771e+03,1.527690744361904588e-10
2.257100000000304135e+03,1.547967891844812314e-10
2.257200000000304044e+03,1.568226419429172945e-10
2.257300000000303953e+03,1.588466311755856284e-10
2.257400000000304317e+03,1.608687553462614181e-10
2.257500000000304226e+03,1.628890129183793858e-10
2.257600000000304135e+03,1.649074023550892647e-10
2.257700000000304044e+03,1.669259522652600736e-10
2.257800000000303953e+03,1.689434445107545192e-10
2.257900000000304317e+03,1.709591311864529653e-10
2.258000000000304226e+03,1.729730106627708571e-10
2.258100000000304135e+03,1.754950879424939349e-10
2.258200000000304499e+03,1.780146187061314196e-10
2.258300000000304408e+03,1.805316027246924724e-10
2.258400000000304317e+03,1.830460397693023441e-10
2.258500000000304226e+03,1.855579296111557945e-10
2.258600000000304135e+03,1.880672720215290090e-10
2.258700000000304499e+03,1.905740667717912050e-10
2.258800000000304408e+03,1.930782944858629419e-10
2.258900000000304317e+03,1.955797212213781134e-10
2.259000000000304681e+03,1.980785926695506880e-10
2.259100000000304590e+03,2.014500681000384480e-10
2.259200000000304499e+03,2.048185169680198665e-10
2.259300000000304408e+03,2.081839397332781689e-10
2.259400000000304317e+03,2.115463368556492874e-10
2.259500000000304681e+03,2.149057087950373707e-10
2.259600000000304590e+03,2.182620560113531593e-10
2.259700000000304499e+03,2.216153789646055694e-10
2.259800000000304863e+03,2.249656781148556557e-10
2.259900000000304772e+03,2.283129539221719691e-10
2.260000000000304681e+03,2.316572068501602658e-10
2.260100000000304590e+03,2.361275595678834620e-10
2.260200000000304499e+03,2.405959618362552132e-10
2.260300000000304863e+03,2.450624134279485544e-10
2.260400000000304772e+03,2.495269141156366239e-10
2.260500000000304681e+03,2.539894636721134835e-10
2.260600000000305045e+03,2.584500618702341998e-10
2.260700000000304954e+03,2.629087084828529603e-10
2.260800000000304863e+03,2.673654032829465303e-10
2.260900000000304772e+03,2.718201460435313798e-10
2.261000000000304681e+03,2.762729365432897525e-10
2.261100000000305045e+03,2.825640047578579811e-10
2.261200000000304954e+03,2.888539545485896309e-10
2.261300000000304863e+03,2.951427857675748822e-10
2.261400000000305226e+03,3.014304982669414488e-10
2.261500000000305135e+03,3.077170918987683956e-10
2.261600000000305045e+03,3.140025665152570037e-10
2.261700000000304954e+03,3.202869219686174979e-10
2.261800000000304863e+03,3.265701581110964992e-10
2.261900000000305226e+03,3.328522747950069578e-10
2.262000000000305135e+03,3.391321734531507653e-10
2.262100000000305045e+03,3.481424829860329693e-10
2.262200000000305408e+03,3.571525516323277582e-10
2.262300000000305317e+03,3.661623791761404234e-10
2.262400000000305226e+03,3.751719654017109316e-10
2.262500000000305135e+03,3.841813100932493679e-10
2.262600000000305045e+03,3.931904130349770356e-10
2.262700000000305408e+03,4.021992740111677126e-10
2.262800000000305317e+03,4.112078928059838692e-10
2.262900000000305226e+03,4.202162692037217205e-10
2.263000000000305590e+03,4.292244030035539628e-10
2.263100000000305499e+03,4.431014221234234709e-10
2.263200000000305408e+03,4.569872607106169428e-10
2.263300000000305317e+03,4.708819208656973506e-10
2.263400000000305226e+03,4.847854046890470306e-10
2.263500000000305590e+03,4.986977142809289984e-10
2.263600000000305499e+03,5.126188517412355375e-10
2.263700000000305408e+03,5.265488191698665829e-10
2.263800000000305772e+03,5.404876186665385389e-10
2.263900000000305681e+03,5.544352523305961988e-10
2.264000000000305590e+03,5.683917222872583589e-10
2.264100000000305499e+03,5.908180081337343952e-10
2.264200000000305408e+03,6.132468777399058739e-10
2.264300000000305772e+03,6.356783227345397668e-10
2.264400000000305681e+03,6.581123347495396108e-10
2.264500000000305590e+03,6.805489054205594834e-10
2.264600000000305954e+03,7.029880263866942232e-10
2.264700000000305863e+03,7.254296892901745105e-10
2.264800000000305772e+03,7.478738857769811522e-10
2.264900000000305681e+03,7.703206074964324223e-10
2.265000000000305590e+03,7.927698461593554350e-10
2.265100000000305954e+03,8.342483896548678358e-10
2.265200000000305863e+03,8.757808740631762032e-10
2.265300000000305772e+03,9.173727594506473296e-10
2.265400000000306136e+03,9.590347365582445397e-10
2.265500000000306045e+03,1.000752583003691326e-09
2.265600000000305954e+03,1.042526328023819097e-09
2.265700000000305863e+03,1.084356000862170077e-09
2.265800000000305772e+03,1.126241630769188276e-09
2.265900000000306136e+03,1.168183247002411605e-09
2.266000000000306045e+03,1.210180878968395599e-09
2.266100000000305954e+03,1.298873361774929168e-09
2.266200000000306318e+03,1.387652516123479185e-09
2.266300000000306227e+03,1.476517492814831281e-09
2.266400000000306136e+03,1.565468933271438486e-09
2.266500000000306045e+03,1.654506864673988166e-09
2.266600000000305954e+03,1.743631262057636314e-09
2.266700000000306318e+03,1.832842100457849740e-09
2.266800000000306227e+03,1.922139354908784999e-09
2.266900000000306136e+03,2.011523000445721954e-09
2.267000000000306500e+03,2.100993012619430538e-09
2.267100000000306409e+03,2.358898578423347507e-09
2.267200000000306318e+03,2.617152427463438733e-09
2.267300000000306227e+03,2.875754545316072745e-09
2.267400000000306136e+03,3.134704917546087171e-09
2.267500000000306500e+03,3.394003529708001390e-09
2.267600000000306409e+03,3.653650367341272649e-09
2.267700000000306318e+03,3.913581012307534258e-09
2.267800000000306682e+03,4.173827783862546221e-09
2.267900000000306591e+03,4.434410218447291766e-09
2.268000000000306500e+03,4.695325464058376592e-09
2.268100000000306409e+03,5.679136628947227357e-09
2.268200000000306318e+03,6.664761016832509586e-09
2.268300000000306682e+03,7.652199242676517851e-09
2.268400000000306591e+03,8.641451921464929468e-09
2.268500000000306500e+03,9.632519668233660568e-09
2.268600000000306864e+03,1.062540309805546577e-08
2.268700000000306773e+03,1.162010282602624917e-08
2.268800000000306682e+03,1.261661946729218097e-08
2.268900000000306591e+03,1.361495363703160540e-08
2.269000000000306500e+03,1.461510595140411133e-08
2.269100000000306864e+03,1.592541555507736160e-08
2.269200000000306773e+03,1.723778784762213825e-08
2.269300000000306682e+03,1.855222215840448603e-08
2.269400000000307045e+03,1.986871781679524074e-08
2.269500000000306954e+03,2.118727415215232091e-08
2.269600000000306864e+03,2.250789049385628999e-08
2.269700000000306773e+03,2.383056617128675186e-08
2.269800000000306682e+03,2.515530051382817758e-08
2.269900000000307045e+03,2.648209285087617533e-08
2.270000000000306954e+03,2.781094250792263653e-08
2.270100000000306864e+03,2.787321749810682746e-08
2.270200000000307227e+03,2.793529609577796933e-08
2.270300000000307136e+03,2.799744873061217927e-08
2.270400000000307045e+03,2.805967429112865820e-08
2.270500000000306954e+03,2.812196543715530621e-08
2.270600000000306864e+03,2.818432216105619077e-08
2.270700000000307227e+03,2.824674445519392350e-08
2.270800000000307136e+03,2.830923231192834662e-08
2.270900000000307045e+03,2.837178572361838254e-08
2.271000000000307409e+03,2.843440467789674473e-08
2.271100000000307318e+03,2.695858021384771011e-08
2.271200000000307227e+03,2.547948667818575900e-08
2.271300000000307136e+03,2.399712375616327178e-08
2.271400000000307045e+03,2.251149113314741174e-08
2.271500000000307409e+03,2.102258849461327270e-08
2.271600000000307318e+03,1.953041552617112301e-08
2.271700000000307227e+03,1.803497191352579765e-08
2.271800000000307591e+03,1.653590580086221309e-08
2.271900000000307500e+03,1.503361834361399437e-08
2.272000000000307409e+03,1.352812617027702092e-08
2.272100000000307318e+03,1.260451554716502007e-08
2.272200000000307227e+03,1.167898644037292929e-08
2.272300000000307591e+03,1.075153941020022355e-08
2.272400000000307500e+03,9.822175016978139893e-09
2.272500000000307409e+03,8.890893821044420318e-09
2.272600000000307773e+03,7.957534022442307878e-09
2.272700000000307682e+03,7.022284177593049877e-09
2.272800000000307591e+03,6.085160830222978819e-09
2.272900000000307500e+03,5.146164667244138871e-09
2.273000000000307409e+03,4.205296377751712289e-09
2.273100000000307773e+03,3.984658167230493105e-09
2.273200000000307682e+03,3.763527613628323980e-09
2.273300000000307591e+03,3.541903659057595309e-09
2.273400000000307955e+03,3.319721893345453541e-09
2.273500000000307864e+03,3.097048908667189186e-09
2.273600000000307773e+03,2.873894196449968682e-09
2.273700000000307682e+03,2.650257898508544613e-09
2.273800000000307591e+03,2.426140156658869801e-09
2.273900000000307955e+03,2.201541112717046787e-09
2.274000000000307864e+03,1.976460908948878990e-09
2.274100000000307773e+03,1.895738960650696076e-09
2.274200000000308137e+03,1.814836716297466972e-09
2.274300000000308046e+03,1.733755563998565530e-09
2.274400000000307955e+03,1.652494429169644703e-09
2.274500000000307864e+03,1.571053036896487789e-09
2.274600000000307773e+03,1.489431451155968509e-09
2.274700000000308137e+03,1.407629735917328396e-09
2.274800000000308046e+03,1.325647955143668200e-09
2.274900000000307955e+03,1.243486172789707678e-09
2.275000000000308319e+03,1.161144452937581973e-09
2.275100000000308228e+03,1.122353510999948532e-09
2.275200000000308137e+03,1.083478902235207995e-09
2.275300000000308046e+03,1.044520676729334638e-09
2.275400000000307955e+03,1.005478884553839687e-09
2.275500000000308319e+03,9.663535757655943067e-10
2.275600000000308228e+03,9.271448004075471785e-10
2.275700000000308137e+03,8.878526085076514393e-10
2.275800000000308501e+03,8.484770500794045213e-10
2.275900000000308410e+03,8.090181751223849920e-10
2.276000000000308319e+03,7.694760336757452903e-10
2.276100000000308228e+03,7.475597883925774971e-10
2.276200000000308137e+03,7.255899979766167260e-10
2.276300000000308501e+03,7.035627849136420306e-10
2.276400000000308410e+03,6.814736626627032772e-10
2.276500000000308319e+03,6.593312535069764697e-10
2.276600000000308683e+03,6.371664035564759406e-10
2.276700000000308592e+03,6.149573313353819875e-10
2.276800000000308501e+03,5.926920370617072638e-10
2.276900000000308410e+03,5.703705215104284964e-10
2.277000000000308319e+03,5.479927854876563535e-10
2.277100000000308683e+03,5.348815583125272918e-10
2.277200000000308592e+03,5.217375023879454505e-10
2.277300000000308501e+03,5.085606226126684943e-10
2.277400000000308864e+03,4.953509293204067694e-10
2.277500000000308773e+03,4.821084583569099049e-10
2.277600000000308683e+03,4.688331759324563048e-10
2.277700000000308592e+03,4.555250869402441013e-10
2.277800000000308501e+03,4.421863682466155993e-10
2.277900000000308864e+03,4.288220935502757618e-10
2.278000000000308773e+03,4.154244344198294831e-10
2.278100000000308683e+03,4.066620301099038336e-10
2.278200000000309046e+03,3.978777312991206480e-10
2.278300000000308955e+03,3.890715412963764464e-10
2.278400000000308864e+03,3.802434634111491016e-10
2.278500000000308773e+03,3.713935009536543834e-10
2.278600000000308683e+03,3.625216572348068740e-10
2.278700000000309046e+03,3.536279355661791262e-10
2.278800000000308955e+03,3.447123392601624463e-10
2.278900000000308864e+03,3.357748716297274256e-10
2.279000000000309228e+03,3.268199673943753166e-10
2.279100000000309137e+03,3.206671016418723447e-10
2.279200000000309046e+03,3.144981653073681601e-10
2.279300000000308955e+03,3.083131577345299987e-10
2.279400000000308864e+03,3.021120782679000465e-10
2.279500000000309228e+03,2.958949262528680911e-10
2.279600000000309137e+03,2.896617010357833463e-10
2.279700000000309046e+03,2.834124019637864309e-10
2.279800000000309410e+03,2.771470283848927588e-10
2.279900000000309319e+03,2.708655796480799103e-10
2.280000000000309228e+03,2.645680551088237447e-10
2.280100000000309137e+03,2.601038833901826567e-10
2.280200000000309046e+03,2.556298195109789900e-10
2.280300000000309410e+03,2.511458682643694822e-10
2.280400000000309319e+03,2.466520344428438013e-10
2.280500000000309228e+03,2.421483228381014511e-10
2.280600000000309592e+03,2.376375527160085739e-10
2.280700000000309501e+03,2.331192188143448564e-10
2.280800000000309410e+03,2.285908201302451878e-10
2.280900000000309319e+03,2.240523608007905621e-10
2.281000000000309228e+03,2.195038449666316709e-10
2.281100000000309592e+03,2.161924979223921180e-10
2.281200000000309501e+03,2.128724728352183164e-10
2.281300000000309410e+03,2.095437679822514036e-10
2.281400000000309774e+03,2.062063816408460847e-10
2.281500000000309683e+03,2.028603120886144732e-10
2.281600000000309592e+03,1.995055576033382544e-10
2.281700000000309501e+03,1.961421164630263816e-10
2.281800000000309410e+03,1.927699869459015310e-10
2.281900000000309774e+03,1.893891673303844625e-10
2.282000000000309683e+03,1.859996558977482875e-10
2.282100000000309592e+03,1.834400452274171104e-10
2.282200000000309956e+03,1.808746405066388529e-10
2.282300000000309865e+03,1.783030448776823609e-10
2.282400000000309774e+03,1.757221767661832068e-10
2.282500000000309683e+03,1.731356319549426915e-10
2.282600000000309592e+03,1.705434118607318316e-10
2.282700000000309956e+03,1.679455179003770908e-10
2.282800000000309865e+03,1.653419514908052283e-10
2.282900000000309774e+03,1.627327140489742293e-10
2.283000000000310138e+03,1.601103855056365474e-10
2.283100000000310047e+03,1.580872646374919593e-10
2.283200000000309956e+03,1.560602814118909955e-10
2.283300000000309865e+03,1.540294380357557953e-10
2.283400000000309774e+03,1.519947367154073447e-10
2.283500000000310138e+03,1.499452986516074398e-10
2.283600000000310047e+03,1.478899582540326277e-10
2.283700000000309956e+03,1.458311292235701444e-10
2.283800000000310320e+03,1.437639752149323391e-10
2.283900000000310229e+03,1.416856765162660020e-10
2.284000000000310138e+03,1.396042664292720304e-10
2.284100000000310047e+03,1.379457780835753354e-10
2.284200000000309956e+03,1.362845186055765780e-10
2.284300000000310320e+03,1.346204902104865319e-10
2.284400000000310229e+03,1.329536951128283766e-10
2.284500000000310138e+03,1.312841355263931853e-10
2.284600000000310501e+03,1.296047954905896342e-10
2.284700000000310411e+03,1.279127915582901640e-10
2.284800000000310320e+03,1.262184765665216072e-10
2.284900000000310229e+03,1.245218538090720298e-10
2.285000000000310138e+03,1.228229265788755892e-10
2.285100000000310501e+03,1.214741151647184647e-10
2.285200000000310411e+03,1.201237779707384771e-10
2.285300000000310320e+03,1.187719177399098871e-10
2.285400000000310683e+03,1.174177492846165697e-10
2.285500000000310592e+03,1.160602832800854230e-10
2.285600000000310501e+03,1.147013623599246762e-10
2.285700000000310411e+03,1.133403372688943938e-10
2.285800000000310320e+03,1.119760449102860284e-10
2.285900000000310683e+03,1.106103662978682146e-10
2.286000000000310592e+03,1.092433043765214187e-10
2.286100000000310501e+03,1.081228082957189975e-10
2.286200000000310865e+03,1.069983576824856759e-10
2.286300000000310774e+03,1.058644733522864394e-10
2.286400000000310683e+03,1.047299193947638128e-10
2.286500000000310592e+03,1.035948034811390009e-10
2.286600000000310501e+03,1.024591283415872340e-10
2.286700000000310865e+03,1.013228967025993897e-10
2.286800000000310774e+03,1.001861112870070147e-10
2.286900000000310683e+03,9.902943731123735304e-11
2.287000000000311047e+03,9.787079380703049864e-11
2.287100000000310956e+03,9.693548498880168189e-11
2.287200000000310865e+03,9.599987397951000886e-11
2.287300000000310774e+03,9.506396294900388800e-11
2.287400000000310683e+03,9.412775406442978105e-11
2.287500000000311047e+03,9.319124949022913993e-11
2.287600000000310956e+03,9.225445138815691485e-11
2.287700000000310865e+03,9.131736191725720421e-11
2.287800000000311229e+03,9.037623083272913059e-11
2.287900000000311138e+03,8.941869055498342235e-11
2.288000000000311047e+03,8.845304891819411019e-11
2.288100000000310956e+03,8.756729994344929970e-11
2.288200000000310865e+03,8.668234044150700409e-11
2.288300000000311229e+03,8.579817183534199118e-11
2.288400000000311138e+03,8.491479554216082699e-11
2.288500000000311047e+03,8.403221297338732249e-11
2.288600000000311411e+03,8.315015125653226487e-11
2.288700000000311320e+03,8.226732810380537606e-11
2.288800000000311229e+03,8.138534138471869953e-11
2.288900000000311138e+03,8.050419245826640512e-11
2.289000000000311047e+03,7.962388267809223874e-11
2.289100000000311411e+03,7.890922543631294533e-11
2.289200000000311320e+03,7.819309145764953650e-11
2.289300000000311229e+03,7.747753691807112737e-11
2.289400000000311593e+03,7.676106299850952534e-11
2.289500000000311502e+03,7.603309010266001086e-11
2.289600000000311411e+03,7.530595064064825445e-11
2.289700000000311320e+03,7.457964548833562388e-11
2.289800000000311229e+03,7.385417551714836415e-11
2.289900000000311593e+03,7.312954159408115187e-11
2.290000000000311502e+03,7.240574458195633876e-11
2.290100000000311411e+03,7.175982088827881476e-11
2.290200000000311775e+03,7.111322729475382583e-11
2.290300000000311684e+03,7.045874084608911270e-11
2.290400000000311593e+03,6.980563925232163485e-11
2.290500000000311502e+03,6.915392149855379778e-11
2.290600000000311411e+03,6.850358656702216224e-11
2.290700000000311775e+03,6.785463343710713767e-11
2.290800000000311684e+03,6.720706108535622090e-11
2.290900000000311593e+03,6.656084765103918817e-11
2.291000000000311957e+03,6.591592379560845559e-11
2.291100000000311866e+03,6.537482800987639241e-11
2.291200000000311775e+03,6.483487979656305484e-11
2.291300000000311684e+03,6.429607816890298960e-11
2.291400000000311593e+03,6.375719980546099519e-11
2.291500000000311957e+03,6.321928607230887599e-11
2.291600000000311866e+03,6.268253914823147242e-11
2.291700000000311775e+03,6.214695798156862107e-11
2.291800000000312139e+03,6.161254151922599537e-11
2.291900000000312048e+03,6.107655865888304054e-11
2.292000000000311957e+03,6.054176705712612457e-11
2.292100000000311866e+03,6.005072325125304723e-11
2.292200000000311775e+03,5.956089591867814136e-11
2.292300000000312139e+03,5.907228343547790808e-11
2.292400000000312048e+03,5.858488417792790176e-11
2.292500000000311957e+03,5.809343028675689267e-11
2.292600000000312320e+03,5.759946021907809237e-11
2.292700000000312230e+03,5.710561675464274033e-11
2.292800000000312139e+03,5.661304554616291032e-11
2.292900000000312048e+03,5.612183947374216081e-11
2.293000000000311957e+03,5.563200546127455450e-11
2.293100000000312320e+03,5.518312183303205166e-11
2.293200000000312230e+03,5.473561760397286447e-11
2.293300000000312139e+03,5.428949007071923489e-11
2.293400000000312502e+03,5.384473653295153683e-11
2.293500000000312411e+03,5.340356610190511790e-11
2.293600000000312320e+03,5.296463830750867648e-11
2.293700000000312230e+03,5.252868563130072349e-11
2.293800000000312139e+03,5.209402028716679885e-11
2.293900000000312502e+03,5.166063987946914801e-11
2.294000000000312411e+03,5.122854201530537344e-11
2.294100000000312320e+03,5.087304608821478802e-11
2.294200000000312684e+03,5.051839757741524492e-11
2.294300000000312593e+03,5.016260074439142622e-11
2.294400000000312502e+03,4.980740036934719937e-11
2.294500000000312411e+03,4.945307477749198798e-11
2.294600000000312320e+03,4.909962276962962998e-11
2.294700000000312684e+03,4.874690857629254354e-11
2.294800000000312593e+03,4.838755807738096867e-11
2.294900000000312502e+03,4.802918449943438183e-11
2.295000000000312866e+03,4.767178631549497570e-11
2.295100000000312775e+03,4.732589958892475386e-11
2.295200000000312684e+03,4.698219011185557564e-11
2.295300000000312593e+03,4.663957877534189698e-11
2.295400000000312502e+03,4.629809376890915253e-11
2.295500000000312866e+03,4.595773509175928748e-11
2.295600000000312775e+03,4.561850015789883979e-11
2.295700000000312684e+03,4.528038638565822079e-11
2.295800000000313048e+03,4.494339119769109485e-11
2.295900000000312957e+03,4.460060573270293173e-11
2.296000000000312866e+03,4.425684976629756786e-11
2.296100000000312775e+03,4.395502769541134949e-11
2.296200000000312684e+03,4.365419970120414571e-11
2.296300000000313048e+03,4.335436353447885840e-11
2.296400000000312957e+03,4.305551694963772372e-11
2.296500000000312866e+03,4.275764204808237918e-11
2.296600000000313230e+03,4.246074571183398384e-11
2.296700000000313139e+03,4.217142551900389336e-11
2.296800000000313048e+03,4.188504338076525757e-11
2.296900000000312957e+03,4.159952525080345676e-11
2.297000000000312866e+03,4.131744657939653226e-11
2.297100000000313230e+03,4.106313169825376994e-11
2.297200000000313139e+03,4.080951905656337224e-11
2.297300000000313048e+03,4.055660735361925897e-11
2.297400000000313412e+03,4.030439529037426714e-11
2.297500000000313321e+03,4.005354321655907991e-11
2.297600000000313230e+03,3.980363154910027164e-11
2.297700000000313139e+03,3.955440460444946085e-11
2.297800000000313048e+03,3.930586113070580678e-11
2.297900000000313412e+03,3.905799987753641536e-11
2.298000000000313321e+03,3.881081959624440068e-11
2.298100000000313230e+03,3.858511089563558615e-11
2.298200000000313594e+03,3.836006851402137830e-11
2.298300000000313503e+03,3.813688569944476049e-11
2.298400000000313412e+03,3.791489944283542442e-11
2.298500000000313321e+03,3.769355566379831966e-11
2.298600000000313230e+03,3.747285304917369661e-11
2.298700000000313594e+03,3.725279028780446810e-11
2.298800000000313503e+03,3.703336607053783791e-11
2.298900000000313412e+03,3.681457909021710001e-11
2.299000000000313776e+03,3.659642804170638293e-11
2.299100000000313685e+03,3.638927610812632128e-11
2.299200000000313594e+03,3.618424493260284817e-11
2.299300000000313503e+03,3.597763116656699859e-11
2.299400000000313412e+03,3.577142117905083930e-11
2.299500000000313776e+03,3.556587182807403301e-11
2.299600000000313685e+03,3.536098154722367241e-11
2.299700000000313594e+03,3.515674877300596412e-11
2.299800000000313958e+03,3.495317194484444507e-11
2.299900000000313867e+03,3.475024950507870942e-11
2.300000000000313776e+03,3.454797989905289750e-11
2.300100000000313685e+03,3.437774788903350177e-11
2.300200000000313594e+03,3.420795315929555852e-11
2.300300000000313958e+03,3.403859496317269403e-11
2.300400000000313867e+03,3.387207652400403336e-11
2.300500000000313776e+03,3.370746363205034906e-11
2.300600000000314139e+03,3.354324963984895087e-11
2.300700000000314049e+03,3.338074219372200354e-11
2.300800000000313958e+03,3.321960576828645234e-11
2.300900000000313867e+03,3.305884465010063531e-11
2.301000000000313776e+03,3.289845827295991428e-11
2.301100000000314139e+03,3.274509775355686916e-11
2.301200000000314049e+03,3.259213174849070415e-11
2.301300000000313958e+03,3.243955954558299700e-11
2.301400000000314321e+03,3.228738043357586118e-11
2.301500000000314230e+03,3.213819381936584524e-11
2.301600000000314139e+03,3.199193783033819135e-11
2.301700000000314049e+03,3.184602641266163961e-11
2.301800000000313958e+03,3.170045901738492384e-11
2.301900000000314321e+03,3.155523509615170168e-11
2.302000000000314230e+03,3.141035410122045217e-11
2.302100000000314139e+03,3.127150371678177999e-11
2.302200000000314503e+03,3.113304075280681690e-11
2.302300000000314412e+03,3.099706789619016131e-11
2.302400000000314321e+03,3.086362551712289683e-11
2.302500000000314230e+03,3.073053130010633135e-11
2.302600000000314139e+03,3.059809882326961568e-11
2.302700000000314503e+03,3.047136064100134233e-11
2.302800000000314412e+03,3.034492417385574294e-11
2.302900000000314321e+03,3.021878889910226558e-11
2.303000000000314685e+03,3.009295429475186110e-11
2.303100000000314594e+03,2.998598666253006046e-11
2.303200000000314503e+03,2.988109497769236374e-11
2.303300000000314412e+03,2.977638776420965432e-11
2.303400000000314321e+03,2.967186483061500449e-11
2.303500000000314685e+03,2.956752598552905138e-11
2.303600000000314594e+03,2.946337103766209720e-11
2.303700000000314503e+03,2.935939979581117532e-11
2.303800000000314867e+03,2.925666884078631195e-11
2.303900000000314776e+03,2.915414217823060079e-11
2.304000000000314685e+03,2.905140084962483651e-11
2.304100000000314594e+03,2.895928012819700121e-11
2.304200000000314503e+03,2.886732269082656879e-11
2.304300000000314867e+03,2.877582988859589003e-11
2.304400000000314776e+03,2.868467681909904446e-11
2.304500000000314685e+03,2.859368345365778960e-11
2.304600000000315049e+03,2.850284962154903606e-11
2.304700000000314958e+03,2.841315829827286253e-11
2.304800000000314867e+03,2.832524499338040216e-11
2.304900000000314776e+03,2.824041277321395632e-11
2.305000000000314685e+03,2.815870065325319869e-11
2.305100000000315049e+03,2.808502846427216565e-11
2.305200000000314958e+03,2.801145075818184477e-11
2.305300000000314867e+03,2.793798314546542806e-11
2.305400000000315231e+03,2.786462552847012771e-11
2.305500000000315140e+03,2.779159351036288714e-11
2.305600000000315049e+03,2.771909220858262413e-11
2.305700000000314958e+03,2.764669722390286622e-11
2.305800000000314867e+03,2.757440846661823152e-11
2.305900000000315231e+03,2.750222584705222482e-11
2.306000000000315140e+03,2.743111335857543366e-11
2.306100000000315049e+03,2.737171428053921815e-11
2.306200000000315413e+03,2.731238605007360277e-11
2.306300000000315322e+03,2.725387779510192324e-11
2.306400000000315231e+03,2.719718932967998673e-11
2.306500000000315140e+03,2.714056068128498696e-11
2.306600000000315049e+03,2.708399182775482308e-11
2.306700000000315413e+03,2.702748274691582986e-11
2.306800000000315322e+03,2.697103341658385045e-11
2.306900000000315231e+03,2.691464381456265310e-11
2.307000000000315595e+03,2.685831391866571252e-11
2.307100000000315504e+03,2.680966790355976329e-11
2.307200000000315413e+03,2.676555775192486667e-11
2.307300000000315322e+03,2.672160476592666463e-11
2.307400000000315231e+03,2.667768441307697867e-11
2.307500000000315595e+03,2.663379669880177757e-11
2.307600000000315504e+03,2.658994162851008582e-11
2.307700000000315413e+03,2.654611920759287212e-11
2.307800000000315777e+03,2.650232944142362774e-11
2.307900000000315686e+03,2.645884174708965889e-11
2.308000000000315595e+03,2.641632901230536963e-11
2.308100000000315504e+03,2.638090127877832308e-11
2.308200000000315413e+03,2.634549534059744819e-11
2.308300000000315777e+03,2.631253629597205811e-11
2.308400000000315686e+03,2.628087660613849829e-11
2.308500000000315595e+03,2.624923004505887503e-11
2.308600000000315958e+03,2.621759662558848625e-11
2.308700000000315868e+03,2.618597636057630645e-11
2.308800000000315777e+03,2.615436926286431140e-11
2.308900000000315686e+03,2.612277534528800808e-11
2.309000000000315595e+03,2.609119462070989668e-11
2.309100000000315958e+03,2.607028295030224116e-11
2.309200000000315868e+03,2.604937237866243290e-11
2.309300000000315777e+03,2.602846291628437272e-11
2.309400000000316140e+03,2.600869653669216448e-11
2.309500000000316049e+03,2.599093102010321274e-11
2.309600000000315958e+03,2.597367095252401853e-11
2.309700000000315868e+03,2.595640687284747034e-11
2.309800000000315777e+03,2.593913879062492577e-11
2.309900000000316140e+03,2.592186671541354561e-11
2.310000000000316049e+03,2.590459065678887602e-11
2.310100000000315958e+03,2.589118470576380686e-11
2.310200000000316322e+03,2.587777506917251704e-11
2.310300000000316231e+03,2.586442452826046401e-11
2.310400000000316140e+03,2.585159873779788105e-11
2.310500000000316049e+03,2.583910798118698563e-11
2.310600000000315958e+03,2.582991949022618734e-11
2.310700000000316322e+03,2.582072356893036466e-11
2.310800000000316231e+03,2.581152021842547518e-11
2.310900000000316140e+03,2.580230943983959294e-11
2.311000000000316504e+03,2.579309123430841430e-11
2.311100000000316413e+03,2.578572289080590543e-11
2.311200000000316322e+03,2.578109210598899843e-11
2.311300000000316231e+03,2.577645096233496115e-11
2.311400000000316140e+03,2.577179945717348656e-11
2.311500000000316504e+03,2.576713758783615786e-11
2.311600000000316413e+03,2.576246535165642910e-11
2.311700000000316322e+03,2.575876780970789471e-11
2.311800000000316686e+03,2.575528646682088717e-11
2.311900000000316595e+03,2.575172631732406650e-11
2.312000000000316504e+03,2.574587417092540728e-11
2.312100000000316413e+03,2.575697779069056720e-11
2.312200000000316322e+03,2.576807037600288570e-11
2.312300000000316686e+03,2.577915190487804437e-11
2.312400000000316595e+03,2.579022235531473528e-11
2.312500000000316504e+03,2.580128170529474177e-11
2.312600000000316868e+03,2.581232993278297398e-11
2.312700000000316777e+03,2.582336701572708436e-11
2.312800000000316686e+03,2.583478059019280110e-11
2.312900000000316595e+03,2.584703044370412140e-11
2.313000000000316504e+03,2.585927024251233411e-11
2.313100000000316868e+03,2.587708260007847040e-11
2.313200000000316777e+03,2.589490299313149970e-11
2.313300000000316686e+03,2.591271577239766299e-11
2.313400000000317050e+03,2.593052090900944906e-11
2.313500000000316959e+03,2.594831837406732247e-11
2.313600000000316868e+03,2.596667055633954208e-11
2.313700000000316777e+03,2.598504414231550108e-11
2.313800000000316686e+03,2.600341061694697438e-11
2.313900000000317050e+03,2.602223262592199597e-11
2.314000000000316959e+03,2.604242153089882779e-11
2.314100000000316868e+03,2.606540359281859205e-11
2.314200000000317232e+03,2.608837396974823646e-11
2.314300000000317141e+03,2.611133262786191595e-11
2.314400000000317050e+03,2.613482198270179168e-11
2.314500000000316959e+03,2.615835195552401899e-11
2.314600000000316868e+03,2.618187087661637745e-11
2.314700000000317232e+03,2.620536011658085414e-11
2.314800000000317141e+03,2.622883830247497384e-11
2.314900000000317050e+03,2.625230539916010089e-11
2.315000000000317414e+03,2.627576137148894656e-11
2.315100000000317323e+03,2.630670831461540630e-11
2.315200000000317232e+03,2.633664932366776108e-11
2.315300000000317141e+03,2.636642573194119152e-11
2.315400000000317050e+03,2.639618729684196991e-11
2.315500000000317414e+03,2.642593397884856982e-11
2.315600000000317323e+03,2.645566573841987741e-11
2.315700000000317232e+03,2.648538253599604128e-11
2.315800000000317596e+03,2.651508433199797809e-11
2.315900000000317505e+03,2.654477108682699771e-11
2.316000000000317414e+03,2.657343527158897373e-11
2.316100000000317323e+03,2.662025574225006555e-11
2.316200000000317232e+03,2.666709038577063296e-11
2.316300000000317596e+03,2.671393916009467458e-11
2.316400000000317505e+03,2.676080202308440156e-11
2.316500000000317414e+03,2.680767893252148153e-11
2.316600000000317777e+03,2.685456984610618566e-11
2.316700000000317686e+03,2.690147472145687482e-11
2.316800000000317596e+03,2.694498628158477101e-11
2.316900000000317505e+03,2.698763418954134784e-11
2.317000000000317414e+03,2.703028260053248550e-11
2.317100000000317777e+03,2.708177384155310606e-11
2.317200000000317686e+03,2.713326556589447319e-11
2.317300000000317596e+03,2.718476348155889053e-11
2.317400000000317959e+03,2.723626754713801973e-11
2.317500000000317868e+03,2.728777772116614001e-11
2.317600000000317777e+03,2.733318870314580002e-11
2.317700000000317686e+03,2.737664127242197276e-11
2.317800000000317596e+03,2.742007230741417535e-11
2.317900000000317959e+03,2.746348177583046251e-11
2.318000000000317868e+03,2.750686964538609772e-11
2.318100000000317777e+03,2.755651617763543864e-11
2.318200000000318141e+03,2.760611633507064790e-11
2.318300000000318050e+03,2.765567010668425215e-11
2.318400000000317959e+03,2.770192963464715895e-11
2.318500000000317868e+03,2.774633613845524465e-11
2.318600000000317777e+03,2.779067885609845472e-11
2.318700000000318141e+03,2.783495780507789529e-11
2.318800000000318050e+03,2.787917300290688630e-11
2.318900000000317959e+03,2.792332446711206987e-11
2.319000000000318323e+03,2.796741221527168023e-11
2.319100000000318232e+03,2.802366428288225920e-11
2.319200000000318141e+03,2.807988006665717039e-11
2.319300000000318050e+03,2.813605954616100400e-11
2.319400000000317959e+03,2.819220270096631509e-11
2.319500000000318323e+03,2.824830951065377543e-11
2.319600000000318232e+03,2.830269066207787012e-11
2.319700000000318141e+03,2.835673169479225489e-11
2.319800000000318505e+03,2.841072890123622730e-11
2.319900000000318414e+03,2.846468227112205161e-11
2.320000000000318323e+03,2.851776016451824107e-11
2.320100000000318232e+03,2.858253081448244643e-11
2.320200000000318141e+03,2.864724608991587923e-11
2.320300000000318505e+03,2.871190599058280914e-11
2.320400000000318414e+03,2.877651051625935456e-11
2.320500000000318323e+03,2.884105966673512405e-11
2.320600000000318687e+03,2.890555344181268315e-11
2.320700000000318596e+03,2.896921956318485322e-11
2.320800000000318505e+03,2.903025270833589906e-11
2.320900000000318414e+03,2.908991033513710707e-11
2.321000000000318323e+03,2.914949217540600923e-11
2.321100000000318687e+03,2.921392331108850623e-11
2.321200000000318596e+03,2.927825782019011240e-11
2.321300000000318505e+03,2.934249576646534048e-11
2.321400000000318869e+03,2.940663721365439557e-11
2.321500000000318778e+03,2.947068222548216053e-11
2.321600000000318687e+03,2.953083467460460602e-11
2.321700000000318596e+03,2.958795569728648955e-11
2.321800000000318505e+03,2.964434844404903176e-11
2.321900000000318869e+03,2.969913500639671990e-11
2.322000000000318778e+03,2.975378824988886213e-11
2.322100000000318687e+03,2.982661304059261385e-11
2.322200000000319051e+03,2.989928935798988612e-11
2.322300000000318960e+03,2.997181735046757505e-11
2.322400000000318869e+03,3.004383670837103090e-11
2.322500000000318778e+03,3.011538222808795664e-11
2.322600000000318687e+03,3.018677631725435894e-11
2.322700000000319051e+03,3.025801913191540465e-11
2.322800000000318960e+03,3.032911082802579424e-11
2.322900000000318869e+03,3.040003113633613943e-11
2.323000000000319233e+03,3.046868593688623236e-11
2.323100000000319142e+03,3.055671260787687711e-11
2.323200000000319051e+03,3.064462801703944211e-11
2.323300000000318960e+03,3.073243220452212714e-11
2.323400000000318869e+03,3.082012521050161154e-11
2.323500000000319233e+03,3.090770707518341610e-11
2.323600000000319142e+03,3.099517783880023581e-11
2.323700000000319051e+03,3.108253754161436965e-11
2.323800000000319415e+03,3.116978622391647988e-11
2.323900000000319324e+03,3.125692392602435121e-11
2.324000000000319233e+03,3.134395068830363498e-11
2.324100000000319142e+03,3.143496588809914144e-11
2.324200000000319051e+03,3.152521543527371874e-11
2.324300000000319415e+03,3.161529411646079465e-11
2.324400000000319324e+03,3.170520209882698584e-11
2.324500000000319233e+03,3.179493954943863271e-11
2.324600000000319596e+03,3.188450663526088821e-11
2.324700000000319505e+03,3.197390352315617980e-11
2.324800000000319415e+03,3.206584646450847360e-11
2.324900000000319324e+03,3.216153120269394678e-11
2.325000000000319233e+03,3.225708657949156758e-11
2.325100000000319596e+03,3.237192803707591065e-11
2.325200000000319505e+03,3.248525599606539644e-11
2.325300000000319415e+03,3.259674514863461485e-11
2.325400000000319778e+03,3.270806273598474026e-11
2.325500000000319687e+03,3.281920890746507403e-11
2.325600000000319596e+03,3.293046501357703872e-11
2.325700000000319505e+03,3.304202635272480224e-11
2.325800000000319415e+03,3.315342202063407960e-11
2.325900000000319778e+03,3.326465215699648311e-11
2.326000000000319687e+03,3.337571690146176840e-11
2.326100000000319596e+03,3.349875584722237088e-11
2.326200000000319960e+03,3.362161970239372226e-11
2.326300000000319869e+03,3.374417556736056899e-11
2.326400000000319778e+03,3.386587975169230464e-11
2.326500000000319687e+03,3.398738459827367361e-11
2.326600000000319596e+03,3.410870886589025116e-11
2.326700000000319960e+03,3.422985270499298813e-11
2.326800000000319869e+03,3.435081626595077002e-11
2.326900000000319778e+03,3.447159969905349947e-11
2.327000000000320142e+03,3.459220315457182782e-11
2.327100000000320051e+03,3.473181450684260260e-11
2.327200000000319960e+03,3.487149446545203739e-11
2.327300000000319869e+03,3.501157415028915415e-11
2.327400000000319778e+03,3.515149256557252802e-11
2.327500000000320142e+03,3.528831602408319445e-11
2.327600000000320051e+03,3.542458470782144423e-11
2.327700000000319960e+03,3.556066609281309734e-11
2.327800000000320324e+03,3.569656030963461051e-11
2.327900000000320233e+03,3.583226748882409938e-11
2.328000000000320142e+03,3.596778776098818050e-11
2.328100000000320051e+03,3.613532185352298466e-11
2.328200000000319960e+03,3.630252993911738727e-11
2.328300000000320324e+03,3.646941238000714917e-11
2.328400000000320233e+03,3.663596953817665230e-11
2.328500000000320142e+03,3.680220177536348797e-11
2.328600000000320506e+03,3.696863588068924276e-11
2.328700000000320415e+03,3.713509156015050690e-11
2.328800000000320324e+03,3.730179388810035557e-11
2.328900000000320233e+03,3.747020541900691401e-11
2.329000000000320142e+03,3.763832533667515085e-11
2.329100000000320506e+03,3.780601177611034032e-11
2.329200000000320415e+03,3.797351902998410305e-11
2.329300000000320324e+03,3.814084716706066129e-11
2.329400000000320688e+03,3.830799625615645953e-11
2.329500000000320597e+03,3.847496636613745678e-11
2.329600000000320506e+03,3.864175756592390870e-11
2.329700000000320415e+03,3.880896618046937131e-11
2.329800000000320324e+03,3.897719696988469473e-11
2.329900000000320688e+03,3.914526065022014427e-11
2.330000000000320597e+03,3.931316131981629137e-11
2.330100000000320506e+03,3.952238971872916824e-11
2.330200000000320870e+03,3.973146693759806491e-11
2.330300000000320779e+03,3.994039295763239764e-11
2.330400000000320688e+03,4.014929858655115535e-11
2.330500000000320597e+03,4.035885246463663624e-11
2.330600000000320506e+03,4.056826490727865165e-11
2.330700000000320870e+03,4.077753588913778367e-11
2.330800000000320779e+03,4.098671094197496036e-11
2.330900000000320688e+03,4.119666571884062974e-11
2.331000000000321052e+03,4.140648891161713917e-11
2.331100000000320961e+03,4.161120294253062079e-11
2.331200000000320870e+03,4.181613101052217040e-11
2.331300000000320779e+03,4.202435649144927737e-11
2.331400000000320688e+03,4.223243798530477229e-11
2.331500000000321052e+03,4.244037546052487764e-11
2.331600000000320961e+03,4.264816888570753615e-11
2.331700000000320870e+03,4.285581822961756778e-11
2.331800000000321234e+03,4.306332346118396201e-11
2.331900000000321143e+03,4.327068454949657554e-11
2.332000000000321052e+03,4.347803043153146105e-11
2.332100000000320961e+03,4.378183583429507255e-11
2.332200000000320870e+03,4.408575504241393642e-11
2.332300000000321234e+03,4.438978789630566762e-11
2.332400000000321143e+03,4.469393423637585468e-11
2.332500000000321052e+03,4.499819390302617642e-11
2.332600000000321415e+03,4.530256673665066669e-11
2.332700000000321324e+03,4.560705257763129414e-11
2.332800000000321234e+03,4.591167851534853262e-11
2.332900000000321143e+03,4.621745647563966510e-11
2.333000000000321052e+03,4.652336116361054738e-11
2.333100000000321415e+03,4.681111992005081413e-11
2.333200000000321324e+03,4.709820496527960618e-11
2.333300000000321234e+03,4.738517711315923689e-11
2.333400000000321597e+03,4.767203620082465497e-11
2.333500000000321506e+03,4.795877988959127463e-11
2.333600000000321415e+03,4.824540561091509286e-11
2.333700000000321324e+03,4.853191770517683691e-11
2.333800000000321234e+03,4.881831601080329187e-11
2.333900000000321597e+03,4.910460036653327734e-11
2.334000000000321506e+03,4.939077061167035111e-11
2.334100000000321415e+03,4.975715726984484164e-11
2.334200000000321779e+03,5.012301174636203937e-11
2.334300000000321688e+03,5.048692888845518822e-11
2.334400000000321597e+03,5.085076516232543203e-11
2.334500000000321506e+03,5.121227684144041677e-11
2.334600000000321415e+03,5.157355255948929962e-11
2.334700000000321779e+03,5.193471286334931878e-11
2.334800000000321688e+03,5.229575748946926043e-11
2.334900000000321597e+03,5.265668617475345462e-11
2.335000000000321961e+03,5.301749865659146328e-11
2.335100000000321870e+03,5.338911982534267987e-11
2.335200000000321779e+03,5.376077193481090737e-11
2.335300000000321688e+03,5.413245465519417553e-11
2.335400000000321597e+03,5.449941542359087219e-11
2.335500000000321961e+03,5.486595905027043521e-11
2.335600000000321870e+03,5.523246171670147660e-11
2.335700000000321779e+03,5.559887711770532463e-11
2.335800000000322143e+03,5.596524954433850548e-11
2.335900000000322052e+03,5.633157935128048508e-11
2.336000000000321961e+03,5.669786619155987357e-11
2.336100000000321870e+03,5.713861791200136593e-11
2.336200000000321779e+03,5.757967541786912702e-11
2.336300000000322143e+03,5.802070117263667917e-11
2.336400000000322052e+03,5.846169472714435524e-11
2.336500000000321961e+03,5.890175911087223813e-11
2.336600000000322325e+03,5.934128132460192672e-11
2.336700000000322234e+03,5.978074889822054253e-11
2.336800000000322143e+03,6.022016138018254517e-11
2.336900000000322052e+03,6.065951831951924934e-11
2.337000000000321961e+03,6.109881926604152284e-11
2.337100000000322325e+03,6.160029843946404087e-11
2.337200000000322234e+03,6.210152522719363927e-11
2.337300000000322143e+03,6.260249913480497547e-11
2.337400000000322507e+03,6.310321966905573027e-11
2.337500000000322416e+03,6.360368633787886596e-11
2.337600000000322325e+03,6.410500455535259424e-11
2.337700000000322234e+03,6.460802071491552208e-11
2.337800000000322143e+03,6.511082959002064360e-11
2.337900000000322507e+03,6.561343067748946855e-11
2.338000000000322416e+03,6.611582347538801281e-11
2.338100000000322325e+03,6.667316731016260246e-11
2.338200000000322689e+03,6.723059044947777121e-11
2.338300000000322598e+03,6.778809226878825881e-11
2.338400000000322507e+03,6.834567214413442305e-11
2.338500000000322416e+03,6.890332945213170611e-11
2.338600000000322325e+03,6.946106356997288346e-11
2.338700000000322689e+03,7.001887387543054541e-11
2.338800000000322598e+03,7.057675974684677026e-11
2.338900000000322507e+03,7.113472056314761291e-11
2.339000000000322871e+03,7.169275570420109311e-11
2.339100000000322780e+03,7.236401564534471069e-11
2.339200000000322689e+03,7.303542001345185004e-11
2.339300000000322598e+03,7.370574465948809200e-11
2.339400000000322507e+03,7.437570261296190739e-11
2.339500000000322871e+03,7.504577144223722221e-11
2.339600000000322780e+03,7.571595036519663395e-11
2.339700000000322689e+03,7.638623860043972471e-11
2.339800000000323053e+03,7.705663536727340654e-11
2.339900000000322962e+03,7.772862009907821152e-11
2.340000000000322871e+03,7.840109974049345746e-11
2.340100000000322780e+03,7.916578852939354481e-11
2.340200000000322689e+03,7.992909258619254788e-11
2.340300000000323053e+03,8.069217855098667174e-11
2.340400000000322962e+03,8.145504552832556756e-11
2.340500000000322871e+03,8.221769262447619103e-11
2.340600000000323234e+03,8.298011894741115716e-11
2.340700000000323143e+03,8.374232360679611290e-11
2.340800000000323053e+03,8.450430571400893029e-11
2.340900000000322962e+03,8.526732858666748586e-11
2.341000000000322871e+03,8.603086783647314867e-11
2.341100000000323234e+03,8.687643726402503284e-11
2.341200000000323143e+03,8.772196943232717611e-11
2.341300000000323053e+03,8.856746331974736377e-11
2.341400000000323416e+03,8.941291790605176872e-11
2.341500000000323325e+03,9.025830768464219885e-11
2.341600000000323234e+03,9.110359418783385457e-11
2.341700000000323143e+03,9.195140016121449978e-11
2.341800000000323053e+03,9.280092426028488664e-11
2.341900000000323416e+03,9.365048142930417316e-11
2.342000000000323325e+03,9.450007066874449147e-11
2.342100000000323234e+03,9.549499083308020322e-11
2.342200000000323598e+03,9.649164547850385481e-11
2.342300000000323507e+03,9.748833991799613386e-11
2.342400000000323416e+03,9.848507299478542094e-11
2.342500000000323325e+03,9.948184355351906034e-11
2.342600000000323234e+03,1.004786504402670565e-10
2.342700000000323598e+03,1.014754925025256155e-10
2.342800000000323507e+03,1.024723685891979646e-10
2.342900000000323416e+03,1.034692775506207317e-10
2.343000000000323780e+03,1.044662182391973331e-10
2.343100000000323689e+03,1.056635048172382313e-10
2.343200000000323598e+03,1.068612028423767240e-10
2.343300000000323507e+03,1.080629428961144116e-10
2.343400000000323416e+03,1.092641542190195770e-10
2.343500000000323780e+03,1.104658321837199083e-10
2.343600000000323689e+03,1.116679755836126296e-10
2.343700000000323598e+03,1.128705832128225218e-10
2.343800000000323962e+03,1.140736538661861419e-10
2.343900000000323871e+03,1.152771863392343875e-10
2.344000000000323780e+03,1.164811794286737477e-10
2.344100000000323689e+03,1.178234610178887253e-10
2.344200000000323598e+03,1.191652009363622839e-10
2.344300000000323962e+03,1.205063978052914622e-10
2.344400000000323871e+03,1.218510086573652778e-10
2.344500000000323780e+03,1.231970141045163321e-10
2.344600000000324144e+03,1.245426008338438033e-10
2.344700000000324053e+03,1.258877674369447181e-10
2.344800000000323962e+03,1.272325125081659360e-10
2.344900000000323871e+03,1.285741659471178161e-10
2.345000000000323780e+03,1.299120021383401148e-10
2.345100000000324144e+03,1.315205033066953210e-10
2.345200000000324053e+03,1.331295886473254440e-10
2.345300000000323962e+03,1.347392566887957017e-10
2.345400000000324326e+03,1.363495059604679129e-10
2.345500000000324235e+03,1.379669495927793721e-10
2.345600000000324144e+03,1.395950305172073199e-10
2.345700000000324053e+03,1.412173760261497790e-10
2.345800000000323962e+03,1.428307109115702465e-10
2.345900000000324326e+03,1.444446271671573655e-10
2.346000000000324235e+03,1.460591232816987118e-10
2.346100000000324144e+03,1.479536965120261995e-10
2.346200000000324508e+03,1.498485648875921747e-10
2.346300000000324417e+03,1.517437266149716687e-10
2.346400000000324326e+03,1.536391799021969210e-10
2.346500000000324235e+03,1.555349229587231542e-10
2.346600000000324144e+03,1.574314143793037166e-10
2.346700000000324508e+03,1.593315267052752796e-10
2.346800000000324417e+03,1.612320139017416267e-10
2.346900000000324326e+03,1.631328742126557807e-10
2.347000000000324690e+03,1.650341058845282518e-10
2.347100000000324599e+03,1.673344413040509946e-10
2.347200000000324508e+03,1.696350351179748562e-10
2.347300000000324417e+03,1.719385358862888620e-10
2.347400000000324326e+03,1.742477875614953322e-10
2.347500000000324690e+03,1.765575079746113631e-10
2.347600000000324599e+03,1.788676952509853314e-10
2.347700000000324508e+03,1.811783475172696384e-10
2.347800000000324872e+03,1.834931409705351819e-10
2.347900000000324781e+03,1.858091840576263872e-10
2.348000000000324690e+03,1.881257967501879890e-10
2.348100000000324599e+03,1.908594934625707322e-10
2.348200000000324508e+03,1.935931012922053259e-10
2.348300000000324872e+03,1.963266181321548804e-10
2.348400000000324781e+03,1.990598300140825956e-10
2.348500000000324690e+03,2.017928859495277725e-10
2.348600000000325053e+03,2.045258372806390765e-10
2.348700000000324962e+03,2.072586819094584050e-10
2.348800000000324872e+03,2.099914177402348576e-10
2.348900000000324781e+03,2.127281479709049193e-10
2.349000000000324690e+03,2.154707154681306531e-10
2.349100000000325053e+03,2.188200771134604479e-10
2.349200000000324962e+03,2.221700928442992398e-10
2.349300000000324872e+03,2.255207605708256952e-10
2.349400000000325235e+03,2.288720782043048269e-10
2.349500000000325144e+03,2.322240436570417241e-10
2.349600000000325053e+03,2.355766548424748943e-10
2.349700000000324962e+03,2.389311102470227074e-10
2.349800000000324872e+03,2.422906751661073857e-10
2.349900000000325235e+03,2.456510371374668426e-10
2.350000000000325144e+03,2.490138647985140053e-10
2.350100000000325053e+03,2.531240241170296653e-10
2.350200000000325417e+03,2.572354312112569015e-10
2.350300000000325326e+03,2.613480841002779553e-10
2.350400000000325235e+03,2.654619808036737545e-10
2.350500000000325144e+03,2.695782319897772125e-10
2.350600000000325053e+03,2.737010156060480090e-10
2.350700000000325417e+03,2.778252304303032430e-10
2.350800000000325326e+03,2.819508746200226568e-10
2.350900000000325235e+03,2.860779463330462301e-10
2.351000000000325599e+03,2.902064437304040679e-10
2.351100000000325508e+03,2.952216990895153867e-10
2.351200000000325417e+03,3.002431731097245048e-10
2.351300000000325326e+03,3.052649573326847267e-10
2.351400000000325235e+03,3.102923407250896217e-10
2.351500000000325599e+03,3.153192797192811123e-10
2.351600000000325508e+03,3.203457720289098586e-10
2.351700000000325417e+03,3.253718153696448927e-10
2.351800000000325781e+03,3.303974074591002586e-10
2.351900000000325690e+03,3.354225460167675969e-10
2.352000000000325599e+03,3.404472287684968272e-10
2.352100000000325508e+03,3.468088579071386516e-10
2.352200000000325417e+03,3.531937162994925768e-10
2.352300000000325781e+03,3.595864900352256662e-10
2.352400000000325690e+03,3.659836522854737561e-10
2.352500000000325599e+03,3.723828608664162003e-10
2.352600000000325963e+03,3.787841141157861503e-10
2.352700000000325872e+03,3.851874103712440687e-10
2.352800000000325781e+03,3.915927479705496802e-10
2.352900000000325690e+03,3.980029665209457241e-10
2.353000000000325599e+03,4.044596875352912171e-10
2.353100000000325963e+03,4.127528500465007079e-10
2.353200000000325872e+03,4.210511521885115168e-10
2.353300000000325781e+03,4.293545942676199908e-10
2.353400000000326145e+03,4.376677664448500454e-10
2.353500000000326054e+03,4.459921803480418465e-10
2.353600000000325963e+03,4.543221304046300433e-10
2.353700000000325872e+03,4.626581040000858968e-10
2.353800000000325781e+03,4.710211521916155990e-10
2.353900000000326145e+03,4.793905194524758931e-10
2.354000000000326054e+03,4.877698909464932351e-10
2.354100000000325963e+03,4.982726701195770019e-10
2.354200000000326327e+03,5.087786579032909160e-10
2.354300000000326236e+03,5.192878530041847510e-10
2.354400000000326145e+03,5.298002541284972606e-10
2.354500000000326054e+03,5.403199887592664164e-10
2.354600000000325963e+03,5.508777285359360013e-10
2.354700000000326327e+03,5.614403657909975089e-10
2.354800000000326236e+03,5.720076969326883127e-10
2.354900000000326145e+03,5.825797213564643925e-10
2.355000000000326509e+03,5.931564384681086646e-10
2.355100000000326418e+03,6.071560556209372964e-10
2.355200000000326327e+03,6.211646483363013400e-10
2.355300000000326236e+03,6.351822188394235561e-10
2.355400000000326145e+03,6.492374458503556449e-10
2.355500000000326509e+03,6.633045885814340012e-10
2.355600000000326418e+03,6.773820281333285372e-10
2.355700000000326327e+03,6.915143772021799619e-10
2.355800000000326690e+03,7.056649524405873473e-10
2.355900000000326600e+03,7.198278977274054714e-10
2.356000000000326509e+03,7.340032186628486032e-10
2.356100000000326418e+03,7.533650116466035702e-10
2.356200000000326327e+03,7.728220118695183312e-10
2.356300000000326690e+03,7.923051306515063158e-10
2.356400000000326600e+03,8.118061732701344860e-10
2.356500000000326509e+03,8.313251486161509964e-10
2.356600000000326872e+03,8.508620655817721442e-10
2.356700000000326781e+03,8.704169330604056764e-10
2.356800000000326690e+03,8.900151147571474727e-10
2.356900000000326600e+03,9.096496443397728979e-10
2.357000000000326509e+03,9.293407775140686030e-10
2.357100000000326872e+03,9.560154704581470688e-10
2.357200000000326781e+03,9.827087941200602772e-10
2.357300000000326690e+03,1.009420752527702286e-09
2.357400000000327054e+03,1.036151349706088874e-09
2.357500000000326963e+03,1.062900589676993273e-09
2.357600000000326872e+03,1.089668476459673671e-09
2.357700000000326781e+03,1.116455014070379182e-09
2.357800000000326690e+03,1.143282325655755829e-09
2.357900000000327054e+03,1.170142853828150033e-09
2.358000000000326963e+03,1.197043004350178988e-09
2.358100000000326872e+03,1.235169252576100942e-09
2.358200000000327236e+03,1.273340817485375076e-09
2.358300000000327145e+03,1.311557730847760026e-09
2.358400000000327054e+03,1.349820024446041285e-09
2.358500000000326963e+03,1.388127730075335746e-09
2.358600000000326872e+03,1.426480879543266860e-09
2.358700000000327236e+03,1.464879504670140409e-09
2.358800000000327145e+03,1.503323637288239547e-09
2.358900000000327054e+03,1.541813309242874073e-09
2.359000000000327418e+03,1.580345596437767238e-09
2.359100000000327327e+03,1.637368140565015115e-09
2.359200000000327236e+03,1.694419637746150665e-09
2.359300000000327145e+03,1.751500086771066345e-09
2.359400000000327054e+03,1.808577801389125447e-09
2.359500000000327418e+03,1.865671716003525302e-09
2.359600000000327327e+03,1.922791926368231519e-09
2.359700000000327236e+03,1.979938430086791021e-09
2.359800000000327600e+03,2.037111224755961647e-09
2.359900000000327509e+03,2.094310307964922192e-09
2.360000000000327418e+03,2.151535677401692090e-09
2.360100000000327327e+03,2.240823168993821618e-09
2.360200000000327236e+03,2.330032607584902181e-09
2.360300000000327600e+03,2.419233369177520718e-09
2.360400000000327509e+03,2.508465913537560625e-09
2.360500000000327418e+03,2.597730233090794557e-09
2.360600000000327782e+03,2.687026320253817600e-09
2.360700000000327691e+03,2.776354167432837936e-09
2.360800000000327600e+03,2.865713767026119088e-09
2.360900000000327509e+03,2.955105111422344587e-09
2.361000000000327418e+03,3.044480394263272847e-09
2.361100000000327782e+03,3.194537314946934446e-09
2.361200000000327691e+03,3.344713929551704973e-09
2.361300000000327600e+03,3.494970692368947203e-09
2.361400000000327964e+03,3.645298889323939116e-09
2.361500000000327873e+03,3.795739774158514845e-09
2.361600000000327782e+03,3.946293373869971058e-09
2.361700000000327691e+03,4.096959715430391541e-09
2.361800000000327600e+03,4.247801666257863393e-09
2.361900000000327964e+03,4.398798003168636448e-09
2.362000000000327873e+03,4.549914166970337500e-09
2.362100000000327782e+03,4.823037381501822747e-09
2.362200000000328146e+03,5.096197931932413358e-09
2.362300000000328055e+03,5.369395752343187171e-09
2.362400000000327964e+03,5.642577821451464964e-09
2.362500000000327873e+03,5.915567792850211639e-09
2.362600000000327782e+03,6.188397152518851585e-09
2.362700000000328146e+03,6.461101992811853590e-09
2.362800000000328055e+03,6.733792685326135432e-09
2.362900000000327964e+03,7.006469170310011913e-09
2.363000000000328328e+03,7.279131388913528930e-09
2.363100000000328237e+03,7.829347373155835201e-09
2.363200000000328146e+03,8.379375296757130039e-09
2.363300000000328055e+03,8.929215044785961285e-09
2.363400000000327964e+03,9.478251120691126819e-09
2.363500000000328328e+03,1.002651503277938126e-08
2.363600000000328237e+03,1.057446325110547116e-08
2.363700000000328146e+03,1.112209576786005052e-08
2.363800000000328509e+03,1.166941257528015338e-08
2.363900000000328419e+03,1.221641366564183518e-08
2.364000000000328328e+03,1.276309903329194839e-08
2.364100000000328237e+03,1.392352641955172474e-08
2.364200000000328146e+03,1.508274182721779957e-08
2.364300000000328509e+03,1.624069285415506570e-08
2.364400000000328419e+03,1.739768927352461202e-08
2.364500000000328328e+03,1.855373128611201532e-08
2.364600000000328691e+03,1.970881909278846231e-08
2.364700000000328600e+03,2.086263862586182522e-08
2.364800000000328509e+03,2.201528140180215124e-08
2.364900000000328419e+03,2.316691622760197282e-08
2.365000000000328328e+03,2.431699917047999689e-08
2.365100000000328691e+03,2.613951213104672490e-08
2.365200000000328600e+03,2.796091496242217151e-08
2.365300000000328509e+03,2.978120746072815328e-08
2.365400000000328873e+03,3.160038942221019661e-08
2.365500000000328782e+03,3.341846064321288775e-08
2.365600000000328691e+03,3.523542092022927200e-08
2.365700000000328600e+03,3.705127004986816355e-08
2.365800000000328509e+03,3.886764823707188393e-08
2.365900000000328873e+03,4.068615257830124283e-08
2.366000000000328782e+03,4.250397307046358823e-08
2.366100000000328691e+03,4.435548342682687781e-08
2.366200000000329055e+03,4.620630612694442602e-08
2.366300000000328964e+03,4.805644722808486689e-08
2.366400000000328873e+03,4.990564240928488615e-08
2.366500000000328782e+03,5.175268052604667274e-08
2.366600000000328691e+03,5.359891141577021552e-08
2.366700000000329055e+03,5.544433438564550214e-08
2.366800000000328964e+03,5.728894874283744015e-08
2.366900000000328873e+03,5.913275379453743335e-08
2.367000000000329237e+03,6.097574884288906548e-08
2.367100000000329146e+03,6.128477812389582474e-08
2.367200000000329055e+03,6.159345751248876590e-08
2.367300000000328964e+03,6.190178707746244908e-08
2.367400000000328873e+03,6.221029593903956910e-08
2.367500000000329237e+03,6.251937912128797508e-08
2.367600000000329146e+03,6.282812696441917267e-08
2.367700000000329055e+03,6.313653951347076394e-08
2.367800000000329419e+03,6.344461681354558573e-08
2.367900000000329328e+03,6.375235890980788479e-08
2.368000000000329237e+03,6.405976584046727766e-08
2.368100000000329146e+03,6.223410006810092492e-08
2.368200000000329055e+03,6.040940821988160655e-08
2.368300000000329419e+03,5.858569112928281418e-08
2.368400000000329328e+03,5.676294962984747629e-08
2.368500000000329237e+03,5.494118455513847958e-08
2.368600000000329601e+03,5.312039673876335202e-08
2.368700000000329510e+03,5.130058701439859524e-08
2.368800000000329419e+03,4.948175621574027861e-08
2.368900000000329328e+03,4.766390517653670303e-08
2.369000000000329237e+03,4.584703473008395305e-08
2.369100000000329601e+03,4.388053429192442404e-08
2.369200000000329510e+03,4.191563734022765413e-08
2.369300000000329419e+03,3.995224181900286686e-08
2.369400000000329783e+03,3.798984934594081512e-08
2.369500000000329692e+03,3.602846105315711577e-08
2.369600000000329601e+03,3.406807807293657386e-08
2.369700000000329510e+03,3.210870153776891026e-08
2.369800000000329419e+03,3.015173582950348378e-08
2.369900000000329783e+03,2.819951661618417497e-08
2.370000000000329692e+03,2.624758169340181370e-08
2.370100000000329601e+03,2.520751127879811470e-08
2.370200000000329965e+03,2.416785869145225441e-08
2.370300000000329874e+03,2.312875333632275532e-08
2.370400000000329783e+03,2.209045273122815426e-08
2.370500000000329692e+03,2.105252342987470673e-08
2.370600000000329601e+03,2.001526168422070588e-08
2.370700000000329965e+03,1.897938200731156864e-08
2.370800000000329874e+03,1.794373184235084891e-08
2.370900000000329783e+03,1.690831213067132126e-08
2.371000000000330147e+03,1.587312381589295762e-08
2.371100000000330056e+03,1.535634120585901117e-08
2.371200000000329965e+03,1.483956408992408075e-08
2.371300000000329874e+03,1.432279299614289035e-08
2.371400000000329783e+03,1.380602845313044317e-08
2.371500000000330147e+03,1.328927099005990734e-08
2.371600000000330056e+03,1.277252113667229228e-08
2.371700000000329965e+03,1.225577942326252725e-08
2.371800000000330328e+03,1.173904638068673394e-08
2.371900000000330238e+03,1.122232254036959828e-08
2.372000000000330147e+03,1.070560843504962543e-08
2.372100000000330056e+03,1.041891936824338780e-08
2.372200000000329965e+03,1.013237911265984649e-08
2.372300000000330328e+03,9.846143044798234412e-09
2.372400000000330238e+03,9.560001989935996120e-09
2.372500000000330147e+03,9.273966687235797641e-09
2.372600000000330510e+03,8.988607869337133715e-09
2.372700000000330419e+03,8.703584100778318547e-09
2.372800000000330328e+03,8.418611598051443139e-09
2.372900000000330238e+03,8.133687516094759123e-09
2.373000000000330147e+03,7.848817369313646744e-09
2.373100000000330510e+03,7.676972741699568731e-09
2.373200000000330419e+03,7.505120230106176719e-09
2.373300000000330328e+03,7.333261276391394263e-09
2.373400000000330692e+03,7.161396086875065767e-09
2.373500000000330601e+03,6.989524868121680921e-09
2.373600000000330510e+03,6.817647826935830165e-09
2.373700000000330419e+03,6.645888410953781682e-09
2.373800000000330328e+03,6.474300759168276865e-09
2.373900000000330692e+03,6.302691724378237294e-09
2.374000000000330601e+03,6.131061518787240591e-09
2.374100000000330510e+03,6.017702418870314100e-09
2.374200000000330874e+03,5.904385861375698016e-09
2.374300000000330783e+03,5.791111981525162233e-09
2.374400000000330692e+03,5.677880914585867356e-09
2.374500000000330601e+03,5.564692795872386327e-09
2.374600000000330510e+03,5.451552618253221965e-09
2.374700000000330874e+03,5.338697237182095391e-09
2.374800000000330783e+03,5.225945128926060813e-09
2.374900000000330692e+03,5.113752718789986722e-09
2.375000000000331056e+03,5.001566957879901172e-09
2.375100000000330965e+03,4.927640632390301613e-09
2.375200000000330874e+03,4.853690123459343079e-09
2.375300000000330783e+03,4.779715532049649597e-09
2.375400000000330692e+03,4.705716959291904302e-09
2.375500000000331056e+03,4.631904080421694276e-09
2.375600000000330965e+03,4.558064737336443993e-09
2.375700000000330874e+03,4.484194841382932715e-09
2.375800000000331238e+03,4.410294493168620411e-09
2.375900000000331147e+03,4.336363793489884345e-09
2.376000000000331056e+03,4.262070268143526405e-09
2.376100000000330965e+03,4.209320729260074372e-09
2.376200000000330874e+03,4.156551225064342307e-09
2.376300000000331238e+03,4.103672730492354566e-09
2.376400000000331147e+03,4.050771323228863693e-09
2.376500000000331056e+03,3.997852617047859696e-09
2.376600000000331420e+03,3.944916681337700933e-09
2.376700000000331329e+03,3.891963585610059366e-09
2.376800000000331238e+03,3.838993399498558195e-09
2.376900000000331147e+03,3.786006192759839749e-09
2.377000000000331056e+03,3.733002035321594898e-09
2.377100000000331420e+03,3.694265859537934084e-09
2.377200000000331329e+03,3.655469270529629940e-09
2.377300000000331238e+03,3.616676007666473629e-09
2.377400000000331602e+03,3.577886120551027214e-09
2.377500000000331511e+03,3.539099658832552072e-09
2.377600000000331420e+03,3.500316672205927759e-09
2.377700000000331329e+03,3.461537210412381176e-09
2.377800000000331238e+03,3.422761323239331472e-09
2.377900000000331602e+03,3.383787068948914347e-09
2.378000000000331511e+03,3.344789993656494143e-09
2.378100000000331420e+03,3.315719464579003736e-09
2.378200000000331784e+03,3.286652105539841836e-09
2.378300000000331693e+03,3.257587951950570762e-09
2.378400000000331602e+03,3.228527039254170392e-09
2.378500000000331511e+03,3.199469402925640354e-09
2.378600000000331420e+03,3.170415078471801914e-09
2.378700000000331784e+03,3.141483464123542812e-09
2.378800000000331693e+03,3.112577857475714844e-09
2.378900000000331602e+03,3.083672981508212060e-09
2.379000000000331966e+03,3.054768872851722864e-09
2.379100000000331875e+03,3.033274340013144839e-09
2.379200000000331784e+03,3.011786301830070163e-09
2.379300000000331693e+03,2.990304782539488835e-09
2.379400000000331602e+03,2.968829806389545797e-09
2.379500000000331966e+03,2.947468079735035940e-09
2.379600000000331875e+03,2.926139902274361589e-09
2.379700000000331784e+03,2.904816349259485560e-09
2.379800000000332147e+03,2.883497446356268403e-09
2.379900000000332057e+03,2.862183219246036874e-09
2.380000000000331966e+03,2.840873693643931221e-09
2.380100000000331875e+03,2.825276123627052230e-09
2.380200000000331784e+03,2.809676481735257623e-09
2.380300000000332147e+03,2.794363083042541855e-09
2.380400000000332057e+03,2.779140360900256572e-09
2.380500000000331966e+03,2.764002893511989078e-09
2.380600000000332329e+03,2.748894636609243977e-09
2.380700000000332238e+03,2.733778610261104787e-09
2.380800000000332147e+03,2.718654832745904341e-09
2.380900000000332057e+03,2.703523322378707665e-09
2.381000000000331966e+03,2.688379843803611258e-09
2.381100000000332329e+03,2.678369317548276365e-09
2.381200000000332238e+03,2.668471787608995459e-09
2.381300000000332147e+03,2.658562400433965739e-09
2.381400000000332511e+03,2.648641162661969227e-09
2.381500000000332420e+03,2.638708080969417223e-09
2.381600000000332329e+03,2.628895201540640859e-09
2.381700000000332238e+03,2.619241575905419315e-09
2.381800000000332147e+03,2.609573749042908678e-09
2.381900000000332511e+03,2.599811754381512508e-09
2.382000000000332420e+03,2.589997322960410760e-09
2.382100000000332329e+03,2.582836549906791926e-09
2.382200000000332693e+03,2.575672383470254603e-09
2.382300000000332602e+03,2.568504834050066718e-09
2.382400000000332511e+03,2.561333912058697583e-09
2.382500000000332420e+03,2.554159627921961418e-09
2.382600000000332329e+03,2.546981992078963995e-09
2.382700000000332693e+03,2.539717680366016666e-09
2.382800000000332602e+03,2.532535841023513690e-09
2.382900000000332511e+03,2.525350661804534433e-09
2.383000000000332875e+03,2.518162153269817024e-09
2.383100000000332784e+03,2.514098966597569563e-09
2.383200000000332693e+03,2.510031608272979439e-09
2.383300000000332602e+03,2.505960082268256050e-09
2.383400000000332511e+03,2.501884392566951091e-09
2.383500000000332875e+03,2.497804543163910585e-09
2.383600000000332784e+03,2.493720538065396884e-09
2.383700000000332693e+03,2.489632381288950951e-09
2.383800000000333057e+03,2.485540076863472591e-09
2.383900000000332966e+03,2.482093476302244840e-09
2.384000000000332875e+03,2.478735217240897160e-09
2.384100000000332784e+03,2.478397279390469140e-09
2.384200000000332693e+03,2.478056424037695009e-09
2.384300000000333057e+03,2.477555597998818609e-09
2.384400000000332966e+03,2.476926725403985330e-09
2.384500000000332875e+03,2.476295127832618297e-09
2.384600000000333239e+03,2.475660805171241564e-09
2.384700000000333148e+03,2.475023757311453111e-09
2.384800000000333057e+03,2.474383984149919056e-09
2.384900000000332966e+03,2.473741485588394744e-09
2.385000000000332875e+03,2.472927792494954921e-09
2.385100000000333239e+03,2.476463196155578566e-09
2.385200000000333148e+03,2.480328779644540017e-09
2.385300000000333057e+03,2.484198656887187410e-09
2.385400000000333421e+03,2.488072829285897938e-09
2.385500000000333330e+03,2.491951298235782017e-09
2.385600000000333239e+03,2.495834065124780885e-09
2.385700000000333148e+03,2.499721131333565690e-09
2.385800000000333057e+03,2.503612498235536250e-09
2.385900000000333421e+03,2.507671981461335337e-09
2.386000000000333330e+03,2.511914573229637938e-09
2.386100000000333239e+03,2.517326015381522337e-09
2.386200000000333603e+03,2.522703986530763746e-09
2.386300000000333512e+03,2.528088145824251165e-09
2.386400000000333421e+03,2.533478493338168754e-09
2.386500000000333330e+03,2.538873348520722072e-09
2.386600000000333239e+03,2.544274332489862446e-09
2.386700000000333603e+03,2.549681497440002037e-09
2.386800000000333512e+03,2.555094843381960779e-09
2.386900000000333421e+03,2.560514370313436217e-09
2.387000000000333785e+03,2.565940078223998016e-09
2.387100000000333694e+03,2.572897908470607643e-09
2.387200000000333603e+03,2.579874285467028310e-09
2.387300000000333512e+03,2.587201809822773160e-09
2.387400000000333421e+03,2.594538455904916421e-09
2.387500000000333785e+03,2.601742233395445679e-09
2.387600000000333694e+03,2.608742604093877563e-09
2.387700000000333603e+03,2.615750066730344350e-09
2.387800000000333966e+03,2.622764740962371465e-09
2.387900000000333876e+03,2.629786746074580563e-09
2.388000000000333785e+03,2.636816078972559696e-09
2.388100000000333694e+03,2.647483316216261169e-09
2.388200000000333603e+03,2.658168906016427249e-09
2.388300000000333966e+03,2.668719520002186440e-09
2.388400000000333876e+03,2.679201148259664483e-09
2.388500000000333785e+03,2.689760276571456748e-09
2.388600000000334148e+03,2.700336385438137024e-09
2.388700000000334057e+03,2.710929484289422020e-09
2.388800000000333966e+03,2.721539582537535227e-09
2.388900000000333876e+03,2.732166689576965799e-09
2.389000000000333785e+03,2.742810814794249963e-09
2.389100000000334148e+03,2.756429734395815205e-09
2.389200000000334057e+03,2.770118292467751886e-09
2.389300000000333966e+03,2.783834727967724841e-09
2.389400000000334330e+03,2.797579070678066794e-09
2.389500000000334239e+03,2.811411476593809917e-09
2.389600000000334148e+03,2.825340254132634627e-09
2.389700000000334057e+03,2.839298202297913276e-09
2.389800000000333966e+03,2.853285353565402740e-09
2.389900000000334330e+03,2.867320227091002624e-09
2.390000000000334239e+03,2.881430874729535841e-09
2.390100000000334148e+03,2.897529272265110730e-09
2.390200000000334512e+03,2.913658821601257639e-09
2.390300000000334421e+03,2.929819550568293329e-09
2.390400000000334330e+03,2.946011486986564137e-09
2.390500000000334239e+03,2.962234658666123795e-09
2.390600000000334148e+03,2.978476250062501230e-09
2.390700000000334512e+03,2.994760917877862420e-09
2.390800000000334421e+03,3.011279367384206183e-09
2.390900000000334330e+03,3.027829825783784466e-09
2.391000000000334694e+03,3.044413789657461576e-09
2.391100000000334603e+03,3.064861588660744495e-09
2.391200000000334512e+03,3.085354088822637978e-09
2.391300000000334421e+03,3.105891341587402285e-09
2.391400000000334330e+03,3.126473398409306978e-09
2.391500000000334694e+03,3.147144629040922232e-09
2.391600000000334603e+03,3.168030129988231938e-09
2.391700000000334512e+03,3.188963300765096918e-09
2.391800000000334876e+03,3.209746723946956683e-09
2.391900000000334785e+03,3.230555916569442615e-09
2.392000000000334694e+03,3.251410264767854538e-09
2.392100000000334603e+03,3.275384048835803634e-09
2.392200000000334512e+03,3.299413183713125245e-09
2.392300000000334876e+03,3.323370773625381033e-09
2.392400000000334785e+03,3.346759723810161120e-09
2.392500000000334694e+03,3.370193857706749028e-09
2.392600000000335058e+03,3.393673219690526710e-09
2.392700000000334967e+03,3.417191437890973645e-09
2.392800000000334876e+03,3.440754808873032028e-09
2.392900000000334785e+03,3.464118464180333820e-09
2.393000000000334694e+03,3.487379453806414523e-09
2.393100000000335058e+03,3.514352565355672897e-09
2.393200000000334967e+03,3.540884784284031746e-09
2.393300000000334876e+03,3.567450732677160401e-09
2.393400000000335240e+03,3.594050421864534813e-09
2.393500000000335149e+03,3.620683863157162057e-09
2.393600000000335058e+03,3.647351067848307426e-09
2.393700000000334967e+03,3.674052047212970825e-09
2.393800000000334876e+03,3.700786812508019531e-09
2.393900000000335240e+03,3.727586478683980856e-09
2.394000000000335149e+03,3.754431134993057907e-09
2.394100000000335058e+03,3.786755000767828666e-09
2.394200000000335422e+03,3.819134274347738662e-09
2.394300000000335331e+03,3.851569011182608647e-09
2.394400000000335240e+03,3.884156192555107705e-09
2.394500000000335149e+03,3.916908566932915939e-09
2.394600000000335058e+03,3.949728188609663421e-09
2.394700000000335422e+03,3.982613492294723301e-09
2.394800000000335331e+03,4.015727872064589839e-09
2.394900000000335240e+03,4.048904498971716617e-09
2.395000000000335604e+03,4.082143444869279067e-09
2.395100000000335513e+03,4.120989613728087277e-09
2.395200000000335422e+03,4.159816836557913080e-09
2.395300000000335331e+03,4.198710040267364257e-09
2.395400000000335240e+03,4.237669290654134686e-09
2.395500000000335604e+03,4.276696188247175447e-09
2.395600000000335513e+03,4.315884060322856536e-09
2.395700000000335422e+03,4.355139897026821593e-09
2.395800000000335785e+03,4.394463768006875003e-09
2.395900000000335694e+03,4.433855742949278432e-09
2.396000000000335604e+03,4.473315891589218797e-09
2.396100000000335513e+03,4.515652645596914943e-09
2.396200000000335422e+03,4.558059921668062573e-09
2.396300000000335785e+03,4.600214256928407208e-09
2.396400000000335694e+03,4.642143852223869954e-09
2.396500000000335604e+03,4.684128452618794632e-09
2.396600000000335967e+03,4.726172721693449382e-09
2.396700000000335876e+03,4.768276706599601562e-09
2.396800000000335785e+03,4.810440454505477770e-09
2.396900000000335694e+03,4.852664012594972234e-09
2.397000000000335604e+03,4.894947428094643499e-09
2.397100000000335967e+03,4.945281764885131095e-09
2.397200000000335876e+03,4.995572081452245545e-09
2.397300000000335785e+03,5.045913898008171422e-09
2.397400000000336149e+03,5.096083303388957172e-09
2.397500000000336058e+03,5.146081613639797782e-09
2.397600000000335967e+03,5.196129425732760580e-09
2.397700000000335876e+03,5.246226757476836532e-09
2.397800000000335785e+03,5.296373626670599918e-09
2.397900000000336149e+03,5.346570051102395276e-09
2.398000000000336058e+03,5.396275742264714998e-09
2.398100000000335967e+03,5.451545996323458274e-09
2.398200000000336331e+03,5.506883837111968019e-09
2.398300000000336240e+03,5.562289312337546089e-09
2.398400000000336149e+03,5.617762469725176983e-09
2.398500000000336058e+03,5.673188227448698407e-09
2.398600000000335967e+03,5.728286913851914963e-09
2.398700000000336331e+03,5.783443701100900858e-09
2.398800000000336240e+03,5.838323172374117561e-09
2.398900000000336149e+03,5.893200216936841858e-09
2.399000000000336513e+03,5.948128179989338854e-09
2.399100000000336422e+03,6.012801961209181101e-09
2.399200000000336331e+03,6.077556501538998451e-09
2.399300000000336240e+03,6.142391863626195544e-09
2.399400000000336149e+03,6.207308110148484089e-09
2.399500000000336513e+03,6.272305303814145082e-09
2.399600000000336422e+03,6.337151770935394041e-09
2.399700000000336331e+03,6.401755008271307838e-09
2.399800000000336695e+03,6.466413348895430200e-09
2.399900000000336604e+03,6.531141428457920075e-09
2.400000000000336513e+03,6.595939292529724089e-09
2.400100000000336422e+03,6.669993222091682013e-09
2.400200000000336331e+03,6.744136604945050714e-09
2.400300000000336695e+03,6.818369508871389383e-09
2.400400000000336604e+03,6.892692001683931612e-09
2.400500000000336513e+03,6.967104151229648380e-09
2.400600000000336877e+03,7.041605382839433670e-09
2.400700000000336786e+03,7.116194700660813767e-09
2.400800000000336695e+03,7.190767411660934640e-09
2.400900000000336604e+03,7.265374324736943165e-09
2.401000000000336513e+03,7.340067897414264858e-09
2.401100000000336877e+03,7.409714805383691706e-09
2.401200000000336786e+03,7.478604846178734210e-09
2.401300000000336695e+03,7.547211882994443176e-09
2.401400000000337059e+03,7.615786519174150765e-09
2.401500000000336968e+03,7.684328733316388350e-09
2.401600000000336877e+03,7.752838504037498159e-09
2.401700000000336786e+03,7.821315809970392500e-09
2.401800000000336695e+03,7.889760629764935921e-09
2.401900000000337059e+03,7.958036390720240429e-09
2.402000000000336968e+03,8.025807653057726998e-09
2.402100000000336877e+03,8.110213262601643812e-09
2.402200000000337241e+03,8.194725180913062148e-09
2.402300000000337150e+03,8.279345313716179986e-09
2.402400000000337059e+03,8.364074794773431513e-09
2.402500000000336968e+03,8.448913707033361938e-09
2.402600000000336877e+03,8.533862133478574801e-09
2.402700000000337241e+03,8.618920157126087665e-09
2.402800000000337150e+03,8.703958689874495148e-09
2.402900000000337059e+03,8.789039866037295445e-09
2.403000000000337423e+03,8.874206059586632133e-09
2.403100000000337332e+03,8.955591995987651152e-09
2.403200000000337241e+03,9.037011859828275252e-09
2.403300000000337150e+03,9.118465648974760612e-09
2.403400000000337059e+03,9.199953361287414326e-09
2.403500000000337423e+03,9.281474994620860756e-09
2.403600000000337332e+03,9.363161490176622475e-09
2.403700000000337241e+03,9.444961688075017440e-09
2.403800000000337604e+03,9.526799429900319739e-09
2.403900000000337513e+03,9.608674715900713333e-09
2.404000000000337423e+03,9.690587546302440393e-09
2.404100000000337332e+03,9.767497112265657808e-09
2.404200000000337241e+03,9.843172600182894223e-09
2.404300000000337604e+03,9.918588487334776778e-09
2.404400000000337513e+03,9.994137745734021225e-09
2.404500000000337423e+03,1.006978238391557751e-08
2.404600000000337786e+03,1.014543251151966107e-08
2.404700000000337695e+03,1.022108811738106740e-08
2.404800000000337604e+03,1.029674919033595521e-08
2.404900000000337513e+03,1.037241571922041040e-08
2.405000000000337423e+03,1.044808769283510727e-08
2.405100000000337786e+03,1.051317946855956029e-08
2.405200000000337695e+03,1.057830041793458127e-08
2.405300000000337604e+03,1.064345054077256892e-08
2.405400000000337968e+03,1.070862983688183243e-08
2.405500000000337877e+03,1.077383830606572450e-08
2.405600000000337786e+03,1.083907594812439662e-08
2.405700000000337695e+03,1.090434276285361791e-08
2.405800000000337604e+03,1.096963875004507782e-08
2.405900000000337968e+03,1.103496390948663761e-08
2.406000000000337877e+03,1.110031824091301053e-08
2.406100000000337786e+03,1.115143482199138210e-08
2.406200000000338150e+03,1.120257351817485129e-08
2.406300000000338059e+03,1.125373432859711019e-08
2.406400000000337968e+03,1.130498378507032212e-08
2.406500000000337877e+03,1.135644017514589003e-08
2.406600000000337786e+03,1.140792094195487355e-08
2.406700000000338150e+03,1.145942608608531207e-08
2.406800000000338059e+03,1.151095560812131754e-08
2.406900000000337968e+03,1.156250950864442769e-08
2.407000000000338332e+03,1.161408778816189615e-08
2.407100000000338241e+03,1.164469406638368545e-08
2.407200000000338150e+03,1.167531076814433010e-08
2.407300000000338059e+03,1.170593789144194550e-08
2.407400000000337968e+03,1.173657556313199913e-08
2.407500000000338332e+03,1.176723469922493090e-08
2.407600000000338241e+03,1.179727567416943569e-08
2.407700000000338150e+03,1.182716887470414672e-08
2.407800000000338514e+03,1.185706853158239294e-08
2.407900000000338423e+03,1.188697464121270834e-08
2.408000000000338332e+03,1.191688719992074506e-08
2.408100000000338241e+03,1.192240570082102418e-08
2.408200000000338150e+03,1.192792318939190794e-08
2.408300000000338514e+03,1.193343966471229930e-08
2.408400000000338423e+03,1.193895512586139073e-08
2.408500000000338332e+03,1.194446957191884288e-08
2.408600000000338696e+03,1.194998300196466216e-08
2.408700000000338605e+03,1.195549541507917925e-08
2.408800000000338514e+03,1.196100681034318637e-08
2.408900000000338423e+03,1.196651718683778183e-08
2.409000000000338332e+03,1.197202654358531754e-08
2.409100000000338696e+03,1.196004712653762266e-08
2.409200000000338605e+03,1.194805541934518528e-08
2.409300000000338514e+03,1.193606308108964244e-08
2.409400000000338878e+03,1.192406941797693797e-08
2.409500000000338787e+03,1.191206340706457217e-08
2.409600000000338696e+03,1.190004504431569025e-08
2.409700000000338605e+03,1.188801432569448628e-08
2.409800000000338514e+03,1.187597124716615850e-08
2.409900000000338878e+03,1.186389007868932695e-08
2.410000000000338787e+03,1.185162452197323102e-08
2.410100000000338696e+03,1.181494282807050665e-08
2.410200000000339060e+03,1.177826618894222655e-08
2.410300000000338969e+03,1.174159461055668412e-08
2.410400000000338878e+03,1.170492809887836609e-08
2.410500000000338787e+03,1.166826665986860761e-08
2.410600000000338696e+03,1.163161029948536070e-08
2.410700000000339060e+03,1.159495902368312965e-08
2.410800000000338969e+03,1.155831283841356665e-08
2.410900000000338878e+03,1.152167174962449073e-08
2.411000000000339242e+03,1.148503576321434984e-08
2.411100000000339151e+03,1.143481860530708781e-08
2.411200000000339060e+03,1.138455031602143757e-08
2.411300000000338969e+03,1.133428449083726458e-08
2.411400000000338878e+03,1.128402113749103029e-08
2.411500000000339242e+03,1.123376026371641848e-08
2.411600000000339151e+03,1.118350187724517899e-08
2.411700000000339060e+03,1.113324598580583728e-08
2.411800000000339423e+03,1.108297790280310031e-08
2.411900000000339332e+03,1.103270835760529453e-08
2.412000000000339242e+03,1.098244150111581747e-08
2.412100000000339151e+03,1.092561375820773585e-08
2.412200000000339060e+03,1.086876188461096293e-08
2.412300000000339423e+03,1.081188588240364606e-08
2.412400000000339332e+03,1.075498575366875507e-08
2.412500000000339242e+03,1.069806150049257513e-08
2.412600000000339605e+03,1.064111312496544291e-08
2.412700000000339514e+03,1.058414062918250601e-08
2.412800000000339423e+03,1.052714401524222899e-08
2.412900000000339332e+03,1.047012328524736121e-08
2.413000000000339242e+03,1.041307844127835787e-08
2.413100000000339605e+03,1.034825367544862849e-08
2.413200000000339514e+03,1.028345100624083453e-08
2.413300000000339423e+03,1.021867043841447067e-08
2.413400000000339787e+03,1.015391197672243235e-08
2.413500000000339696e+03,1.008917562591186442e-08
2.413600000000339605e+03,1.002446139072247209e-08
2.413700000000339514e+03,9.959769275887609469e-09
2.413800000000339423e+03,9.895099286134052938e-09
2.413900000000339787e+03,9.830451426181714920e-09
2.414000000000339696e+03,9.765825700748077587e-09
2.414100000000339605e+03,9.702173254447930076e-09
2.414200000000339969e+03,9.638500370436694654e-09
2.414300000000339878e+03,9.574807559721787968e-09
2.414400000000339787e+03,9.511094826818322453e-09
2.414500000000339696e+03,9.447362176245458765e-09
2.414600000000339605e+03,9.383609612526151010e-09
2.414700000000339969e+03,9.319837140186840687e-09
2.414800000000339878e+03,9.256044763758636249e-09
2.414900000000339787e+03,9.192232487775534664e-09
2.415000000000340151e+03,9.128400316790443903e-09
2.415100000000340060e+03,9.069010411488767795e-09
2.415200000000339969e+03,9.009635980004254399e-09
2.415300000000339878e+03,8.950277025515586758e-09
2.415400000000339787e+03,8.890933551198602409e-09
2.415500000000340151e+03,8.831605560226065089e-09
2.415600000000340060e+03,8.772284813917903282e-09
2.415700000000339969e+03,8.712979390219835042e-09
2.415800000000340333e+03,8.653689574490743769e-09
2.415900000000340242e+03,8.594415369848756265e-09
2.416000000000340151e+03,8.535156779409597201e-09
2.416100000000340060e+03,8.476276746698638437e-09
2.416200000000339969e+03,8.417407340079178070e-09
2.416300000000340333e+03,8.358548563017792736e-09
2.416400000000340242e+03,8.299700418980498241e-09
2.416500000000340151e+03,8.240862911431126635e-09
2.416600000000340515e+03,8.182036043832166628e-09
2.416700000000340424e+03,8.123219819645526246e-09
2.416800000000340333e+03,8.064414242330982700e-09
2.416900000000340242e+03,8.005619315347181618e-09
2.417000000000340151e+03,7.946835042182906126e-09
2.417100000000340515e+03,7.897310907087019799e-09
2.417200000000340424e+03,7.847791759498143556e-09
2.417300000000340333e+03,7.798277602564535081e-09
2.417400000000340697e+03,7.748767698143329425e-09
2.417500000000340606e+03,7.699261397841282535e-09
2.417600000000340515e+03,7.649760125122812227e-09
2.417700000000340424e+03,7.600263883131476144e-09
2.417800000000340333e+03,7.550772675010575502e-09
2.417900000000340697e+03,7.501286503902888740e-09
2.418000000000340606e+03,7.451805372967016609e-09
2.418100000000340515e+03,7.406859106346922433e-09
2.418200000000340879e+03,7.361916606657355435e-09
2.418300000000340788e+03,7.316977876532184417e-09
2.418400000000340697e+03,7.272042918604680956e-09
2.418500000000340606e+03,7.227111735508340796e-09
2.418600000000340515e+03,7.182184329876651408e-09
2.418700000000340879e+03,7.137260704342919111e-09
2.418800000000340788e+03,7.092340861541038350e-09
2.418900000000340697e+03,7.047424804104325370e-09
2.419000000000341061e+03,7.002512534682063482e-09
2.419100000000340970e+03,6.962281717916514722e-09
2.419200000000340879e+03,6.922051772464545264e-09
2.419300000000340788e+03,6.881822701013687253e-09
2.419400000000340697e+03,6.841594506251767310e-09
2.419500000000341061e+03,6.801367190866746884e-09
2.419600000000340970e+03,6.761140757547448522e-09
2.419700000000340879e+03,6.720915208982455715e-09
2.419800000000341242e+03,6.680690547860671244e-09
2.419900000000341151e+03,6.640466776871844099e-09
2.420000000000341061e+03,6.600243898714877674e-09
2.420100000000340970e+03,6.562778391894414436e-09
2.420200000000340879e+03,6.525332657065617832e-09
2.420300000000341242e+03,6.487906688761647059e-09
2.420400000000341151e+03,6.450500481516820192e-09
2.420500000000341061e+03,6.413230688098871114e-09
2.420600000000341424e+03,6.376004757059931283e-09
2.420700000000341333e+03,6.338796915990695276e-09
2.420800000000341242e+03,6.301607160704573712e-09
2.420900000000341151e+03,6.264435487015328760e-09
2.421000000000341061e+03,6.227281890768422633e-09
2.421100000000341424e+03,6.199371789971917403e-09
2.421200000000341333e+03,6.171472324947565752e-09
2.421300000000341242e+03,6.143689983430535779e-09
2.421400000000341606e+03,6.115946972413441821e-09
2.421500000000341515e+03,6.088213356331023524e-09
2.421600000000341424e+03,6.060489134357596647e-09
2.421700000000341333e+03,6.032774305667405807e-09
2.421800000000341242e+03,6.005068869434435891e-09
2.421900000000341606e+03,5.977372824832361591e-09
2.422000000000341515e+03,5.949686171037516156e-09
2.422100000000341424e+03,5.922743086311770884e-09
2.422200000000341788e+03,5.895801396056348478e-09
2.422300000000341697e+03,5.868862309083309439e-09
2.422400000000341606e+03,5.841762969149028529e-09
2.422500000000341515e+03,5.814635979472767044e-09
2.422600000000341424e+03,5.787513400545515535e-09
2.422700000000341788e+03,5.760395233811792741e-09
2.422800000000341697e+03,5.733279782736441812e-09
2.422900000000341606e+03,5.706167895689887433e-09
2.423000000000341970e+03,5.679060449452582800e-09
2.423100000000341879e+03,5.655577986517557178e-09
2.423200000000341788e+03,5.632105864349357089e-09
2.423300000000341697e+03,5.608651702576164463e-09
2.423400000000341606e+03,5.585323678231952061e-09
2.423500000000341970e+03,5.562004954719145993e-09
2.423600000000341879e+03,5.538695530870611786e-09
2.423700000000341788e+03,5.515395405518651657e-09
2.423800000000342152e+03,5.492104577495332901e-09
2.423900000000342061e+03,5.468823045632776584e-09
2.424000000000341970e+03,5.445550808779178370e-09
2.424100000000341879e+03,5.427139577538913230e-09
2.424200000000341788e+03,5.408732845383624812e-09
2.424300000000342152e+03,5.390330613149226275e-09
2.424400000000342061e+03,5.371932881671517453e-09
2.424500000000341970e+03,5.353539651785733217e-09
2.424600000000342334e+03,5.335150924326749440e-09
2.424700000000342243e+03,5.316766700129371686e-09
2.424800000000342152e+03,5.298386980027811602e-09
2.424900000000342061e+03,5.280011764856018619e-09
2.425000000000341970e+03,5.261641055458054454e-09
2.425100000000342334e+03,5.246332545973419199e-09
2.425200000000342243e+03,5.231034928708987494e-09
2.425300000000342152e+03,5.215748199318754883e-09
2.425400000000342516e+03,5.200472353457542434e-09
2.425500000000342425e+03,5.185207386781207676e-09
2.425600000000342334e+03,5.169953294946227692e-09
2.425700000000342243e+03,5.154710073609966305e-09
2.425800000000342152e+03,5.139477718430623618e-09
2.425900000000342516e+03,5.124256225067151639e-09
2.426000000000342425e+03,5.109045589196601918e-09
2.426100000000342334e+03,5.098827245498738925e-09
2.426200000000342698e+03,5.088613931861589614e-09
2.426300000000342607e+03,5.078405647475717224e-09
2.426400000000342516e+03,5.068202391531357431e-09
2.426500000000342425e+03,5.058004163218614388e-09
2.426600000000342334e+03,5.047810961727424331e-09
2.426700000000342698e+03,5.037622786247486922e-09
2.426800000000342607e+03,5.027439635968467082e-09
2.426900000000342516e+03,5.017261510079680661e-09
2.427000000000342880e+03,5.007088407786657904e-09
2.427100000000342789e+03,5.001687784410264767e-09
2.427200000000342698e+03,4.996288846726765217e-09
2.427300000000342607e+03,4.990891595017790267e-09
2.427400000000342516e+03,4.985496029564789773e-09
2.427500000000342880e+03,4.980102150648996045e-09
2.427600000000342789e+03,4.974709958551525587e-09
2.427700000000342698e+03,4.969267397090539995e-09
2.427800000000343061e+03,4.963768625884108102e-09
2.427900000000342970e+03,4.958271785968948277e-09
2.428000000000342880e+03,4.952776877493891819e-09
2.428100000000342789e+03,4.946390868449720704e-09
2.428200000000342698e+03,4.940008906211932267e-09
2.428300000000343061e+03,4.933630989401397222e-09
2.428400000000342970e+03,4.927254901228533019e-09
2.428500000000342880e+03,4.920827877598722724e-09
2.428600000000343243e+03,4.914343410533821319e-09
2.428700000000343152e+03,4.907863294365774509e-09
2.428800000000343061e+03,4.901387527409578163e-09
2.428900000000342970e+03,4.894916107980575566e-09
2.429000000000342880e+03,4.888449034404988255e-09
2.429100000000343243e+03,4.885054490362056690e-09
2.429200000000343152e+03,4.881661821638251589e-09
2.429300000000343061e+03,4.878271027442538478e-09
2.429400000000343425e+03,4.874882106984078925e-09
2.429500000000343334e+03,4.871495059472330628e-09
2.429600000000343243e+03,4.868109884116944846e-09
2.429700000000343152e+03,4.864726580127801966e-09
2.429800000000343061e+03,4.861345146715024741e-09
2.429900000000343425e+03,4.857965583088954297e-09
2.430000000000343334e+03,4.854587888467679134e-09
2.430100000000343243e+03,4.853391968214703751e-09
2.430200000000343607e+03,4.852195880921828381e-09
2.430300000000343516e+03,4.850999626696857818e-09
2.430400000000343425e+03,4.849803205647589414e-09
2.430500000000343334e+03,4.848606617881854433e-09
2.430600000000343243e+03,4.847409863507498202e-09
2.430700000000343607e+03,4.846212942632380109e-09
2.430800000000343516e+03,4.845015855364404210e-09
2.430900000000343425e+03,4.843818601811459674e-09
2.431000000000343789e+03,4.842621182095988256e-09
2.431100000000343698e+03,4.845645954120315323e-09
2.431200000000343607e+03,4.848668247133821068e-09
2.431300000000343516e+03,4.851688060821851776e-09
2.431400000000343425e+03,4.854705394870221917e-09
2.431500000000343789e+03,4.857720248965176922e-09
2.431600000000343698e+03,4.860732622793357613e-09
2.431700000000343607e+03,4.863792485599565343e-09
2.431800000000343971e+03,4.866881123895166699e-09
2.431900000000343880e+03,4.869967383260628307e-09
2.432000000000343789e+03,4.873051263275629920e-09
2.432100000000343698e+03,4.879515342903561159e-09
2.432200000000343607e+03,4.885972232458732788e-09
2.432300000000343971e+03,4.892421948915068820e-09
2.432400000000343880e+03,4.898864494697505471e-09
2.432500000000343789e+03,4.905299872230999632e-09
2.432600000000344153e+03,4.911728083940438716e-09
2.432700000000344062e+03,4.918149132250554620e-09
2.432800000000343971e+03,4.924563019586100754e-09
2.432900000000343880e+03,4.930969748371724645e-09
2.433000000000343789e+03,4.937369321040812157e-09
2.433100000000344153e+03,4.946314901514596202e-09
2.433200000000344062e+03,4.955242424413111520e-09
2.433300000000343971e+03,4.964152152693304550e-09
2.433400000000344335e+03,4.973053980140664807e-09
2.433500000000344244e+03,4.981881349952578337e-09
2.433600000000344153e+03,4.990639714458358533e-09
2.433700000000344062e+03,4.999379769065270777e-09
2.433800000000343971e+03,5.008101532491345268e-09
2.433900000000344335e+03,5.016805023442147420e-09
2.434000000000344244e+03,5.025490260617815516e-09
2.434100000000344153e+03,5.036254410993464859e-09
2.434200000000344517e+03,5.047008562819822853e-09
2.434300000000344426e+03,5.057752717747917187e-09
2.434400000000344335e+03,5.068486877429606037e-09
2.434500000000344244e+03,5.079211043517373756e-09
2.434600000000344153e+03,5.089896177119394712e-09
2.434700000000344517e+03,5.100487643379753551e-09
2.434800000000344426e+03,5.111068650326081830e-09
2.434900000000344335e+03,5.121639200285755602e-09
2.435000000000344698e+03,5.132199295618055273e-09
2.435100000000344608e+03,5.151851830072689978e-09
2.435200000000344517e+03,5.171491331920606082e-09
2.435300000000344426e+03,5.191117798415140434e-09
2.435400000000344335e+03,5.210731226811982387e-09
2.435500000000344698e+03,5.230331614369325167e-09
2.435600000000344608e+03,5.249918958347408447e-09
2.435700000000344517e+03,5.269493256009194150e-09
2.435800000000344880e+03,5.289054504619959477e-09
2.435900000000344789e+03,5.308602701447114931e-09
2.436000000000344698e+03,5.328137843755215583e-09
2.436100000000344608e+03,5.346063638856100333e-09
2.436200000000344517e+03,5.363965243075540989e-09
2.436300000000344880e+03,5.381842670805450372e-09
2.436400000000344789e+03,5.399695936432665719e-09
2.436500000000344698e+03,5.417525054339459886e-09
2.436600000000345062e+03,5.435330038903259278e-09
2.436700000000344971e+03,5.453110904496446978e-09
2.436800000000344880e+03,5.470867665486824318e-09
2.436900000000344789e+03,5.488600336237265940e-09
2.437000000000344698e+03,5.506308931135940845e-09
2.437100000000345062e+03,5.532712915113942344e-09
2.437200000000344971e+03,5.559085736546704295e-09
2.437300000000344880e+03,5.585427410044708757e-09
2.437400000000345244e+03,5.611737950215319320e-09
2.437500000000345153e+03,5.638017371662422933e-09
2.437600000000345062e+03,5.664265688987123084e-09
2.437700000000344971e+03,5.690482916787311316e-09
2.437800000000344880e+03,5.716669069657730097e-09
2.437900000000345244e+03,5.742824162190118404e-09
2.438000000000345153e+03,5.768948208974431808e-09
2.438100000000345062e+03,5.795530495639616143e-09
2.438200000000345426e+03,5.822086205030398942e-09
2.438300000000345335e+03,5.848615344395148846e-09
2.438400000000345244e+03,5.875117920983264335e-09
2.438500000000345153e+03,5.901579824936569464e-09
2.438600000000345062e+03,5.928010071676093521e-09
2.438700000000345426e+03,5.954413606506412681e-09
2.438800000000345335e+03,5.980790436934903207e-09
2.438900000000345244e+03,6.007140570469883520e-09
2.439000000000345608e+03,6.033464014661512488e-09
2.439100000000345517e+03,6.071694697499588516e-09
2.439200000000345426e+03,6.109880186929464018e-09
2.439300000000345335e+03,6.148020505197578406e-09
2.439400000000345244e+03,6.186115674544948922e-09
2.439500000000345608e+03,6.224165717207327807e-09
2.439600000000345517e+03,6.262170655414532278e-09
2.439700000000345426e+03,6.300130511391488433e-09
2.439800000000345790e+03,6.338045307357689449e-09
2.439900000000345699e+03,6.375915065526674458e-09
2.440000000000345608e+03,6.413739808120117083e-09
2.440100000000345517e+03,6.455282115673924804e-09
2.440200000000345426e+03,6.496770030350751900e-09
2.440300000000345790e+03,6.538203585773189055e-09
2.440400000000345699e+03,6.579582815551099123e-09
2.440500000000345608e+03,6.620907753282732174e-09
2.440600000000345972e+03,6.662178432554139013e-09
2.440700000000345881e+03,6.703394886938674881e-09
2.440800000000345790e+03,6.744557149998044177e-09
2.440900000000345699e+03,6.785665255281626312e-09
2.441000000000345608e+03,6.826674194694247715e-09
2.441100000000345972e+03,6.877488813969712004e-09
2.441200000000345881e+03,6.928262453317330272e-09
2.441300000000345790e+03,6.978995116610482443e-09
2.441400000000346154e+03,7.029686807726820002e-09
2.441500000000346063e+03,7.080337530547548002e-09
2.441600000000345972e+03,7.130947288958827963e-09
2.441700000000345881e+03,7.181516086850827441e-09
2.441800000000345790e+03,7.232043928117988858e-09
2.441900000000346154e+03,7.282530816659231342e-09
2.442000000000346063e+03,7.332976756414359902e-09
2.442100000000345972e+03,7.394144959067454399e-09
2.442200000000346336e+03,7.455237328593611279e-09
2.442300000000346245e+03,7.516253910342622157e-09
2.442400000000346154e+03,7.577194749649350523e-09
2.442500000000346063e+03,7.638059891832605117e-09
2.442600000000345972e+03,7.698849382195491482e-09
2.442700000000346336e+03,7.759563266025597253e-09
2.442800000000346245e+03,7.820201588593964798e-09
2.442900000000346154e+03,7.880764395156700912e-09
2.443000000000346517e+03,7.941251731003871465e-09
2.443100000000346427e+03,8.016010878395773471e-09
2.443200000000346336e+03,8.090719471214613681e-09
2.443300000000346245e+03,8.165377508324510985e-09
2.443400000000346154e+03,8.239984988596329108e-09
2.443500000000346517e+03,8.314541910907989274e-09
2.443600000000346427e+03,8.389048274143176508e-09
2.443700000000346336e+03,8.463504077193253719e-09
2.443800000000346699e+03,8.537909318956386555e-09
2.443900000000346608e+03,8.612263998336428355e-09
2.444000000000346517e+03,8.686568114292276364e-09
2.444100000000346427e+03,8.774437909599507419e-09
2.444200000000346336e+03,8.862193499124550771e-09
2.444300000000346699e+03,8.949834962778059688e-09
2.444400000000346608e+03,9.037362380432787678e-09
2.444500000000346517e+03,9.124771622658754009e-09
2.444600000000346881e+03,9.212062880726462005e-09
2.444700000000346790e+03,9.299240175753167271e-09
2.444800000000346699e+03,9.386456179268677018e-09
2.444900000000346608e+03,9.473616602018105171e-09
2.445000000000346517e+03,9.560667145075556570e-09
2.445100000000346881e+03,9.670198619241650760e-09
2.445200000000346790e+03,9.779650551557800299e-09
2.445300000000346699e+03,9.889022954640448442e-09
2.445400000000347063e+03,9.998315841111233134e-09
2.445500000000346972e+03,1.010752922359559074e-08
2.445600000000346881e+03,1.021666311472565777e-08
2.445700000000346790e+03,1.032571752713834525e-08
2.445800000000346699e+03,1.043469247347578700e-08
2.445900000000347063e+03,1.054358796638585748e-08
2.446000000000346972e+03,1.065240401860468141e-08
2.446100000000346881e+03,1.078548258081775135e-08
2.446200000000347245e+03,1.091847047306644173e-08
2.446300000000347154e+03,1.105136770970991809e-08
2.446400000000347063e+03,1.118417430511427118e-08
2.446500000000346972e+03,1.131689027365013127e-08
2.446600000000346881e+03,1.144951562969329854e-08
2.446700000000347245e+03,1.158205038762521617e-08
2.446800000000347154e+03,1.171449456183072377e-08
2.446900000000347063e+03,1.184685136809941977e-08
2.447000000000347427e+03,1.197915240417490616e-08
2.447100000000347336e+03,1.213648697529340717e-08
2.447200000000347245e+03,1.229363716557186536e-08
2.447300000000347154e+03,1.245060309613557860e-08
2.447400000000347063e+03,1.260738488805938012e-08
2.447500000000347427e+03,1.276398266236834658e-08
2.447600000000347336e+03,1.292039654003501545e-08
2.447700000000347245e+03,1.307662664198359367e-08
2.447800000000347609e+03,1.323267308908787650e-08
2.447900000000347518e+03,1.338853600216914977e-08
2.448000000000347427e+03,1.354421550216713504e-08
2.448100000000347336e+03,1.374779737237678820e-08
2.448200000000347245e+03,1.395139034011824382e-08
2.448300000000347609e+03,1.415499434940081423e-08
2.448400000000347518e+03,1.435860934421721354e-08
2.448500000000347427e+03,1.456223526854912622e-08
2.448600000000347791e+03,1.476587206636439472e-08
2.448700000000347700e+03,1.496951968161434103e-08
2.448800000000347609e+03,1.517317805823922608e-08
2.448900000000347518e+03,1.537684714016469288e-08
2.449000000000347427e+03,1.558052687145214625e-08
2.449100000000347791e+03,1.582713680971713283e-08
2.449200000000347700e+03,1.607347898117088926e-08
2.449300000000347609e+03,1.631955354323568324e-08
2.449400000000347973e+03,1.656536065328810225e-08
2.449500000000347882e+03,1.681090046865570510e-08
2.449600000000347791e+03,1.705617314662366258e-08
2.449700000000347700e+03,1.730117884443044286e-08
2.449800000000347609e+03,1.754591771926867836e-08
2.449900000000347973e+03,1.779038992828653560e-08
2.450000000000347882e+03,1.803458572995968536e-08
2.450100000000347791e+03,1.834256566536173549e-08
2.450200000000348155e+03,1.865050481853875239e-08
2.450300000000348064e+03,1.895845858481581015e-08
2.450400000000347973e+03,1.926649642995796188e-08
2.450500000000347882e+03,1.957421090412138754e-08
2.450600000000347791e+03,1.988188109661101367e-08
2.450700000000348155e+03,2.018950696547146868e-08
2.450800000000348064e+03,2.049708846874852909e-08
2.450900000000347973e+03,2.080462556449732187e-08
2.451000000000348336e+03,2.111211821101488793e-08
2.451100000000348246e+03,2.148739225144946783e-08
2.451200000000348155e+03,2.186249050720792944e-08
2.451300000000348064e+03,2.223741300421245218e-08
2.451400000000347973e+03,2.261215976839127042e-08
2.451500000000348336e+03,2.298667637288207679e-08
2.451600000000348246e+03,2.336003805692920443e-08
2.451700000000348155e+03,2.373314393855148306e-08
2.451800000000348518e+03,2.410600726213984901e-08
2.451900000000348427e+03,2.447865947702942204e-08
2.452000000000348336e+03,2.485110063553759251e-08
2.452100000000348246e+03,2.530309615720714365e-08
2.452200000000348155e+03,2.575471418269278711e-08
2.452300000000348518e+03,2.620596096425539559e-08
2.452400000000348427e+03,2.665683668751458642e-08
2.452500000000348336e+03,2.710734153803197832e-08
2.452600000000348700e+03,2.755747570130476587e-08
2.452700000000348609e+03,2.800628164383299537e-08
2.452800000000348518e+03,2.845440119406420492e-08
2.452900000000348427e+03,2.890211089297560898e-08
2.453000000000348336e+03,2.934941097431513435e-08
2.453100000000348700e+03,2.988615175149490228e-08
2.453200000000348609e+03,3.042266837261170650e-08
2.453300000000348518e+03,3.095896086344963688e-08
2.453400000000348882e+03,3.149502924980187239e-08
2.453500000000348791e+03,3.203087355746367645e-08
2.453600000000348700e+03,3.256649381224660467e-08
2.453700000000348609e+03,3.310189003996908155e-08
2.453800000000348518e+03,3.363596191273228526e-08
2.453900000000348882e+03,3.416862493271244648e-08
2.454000000000348791e+03,3.470099297178910638e-08
2.454100000000348700e+03,3.530976014158406461e-08
2.454200000000349064e+03,3.591840097232980583e-08
2.454300000000348973e+03,3.652691539444424103e-08
2.454400000000348882e+03,3.713530333838363589e-08
2.454500000000348791e+03,3.774356473463128175e-08
2.454600000000348700e+03,3.835169951370057271e-08
2.454700000000349064e+03,3.895970760613748714e-08
2.454800000000348973e+03,3.956758894250968881e-08
2.454900000000348882e+03,4.017515436139967330e-08
2.455000000000349246e+03,4.078187632681669859e-08
2.455100000000349155e+03,4.135249991505379132e-08
2.455200000000349064e+03,4.192262977121939743e-08
2.455300000000348973e+03,4.249226614925295555e-08
2.455400000000348882e+03,4.306140930300840033e-08
2.455500000000349246e+03,4.363005948625635279e-08
2.455600000000349155e+03,4.419821695267409488e-08
2.455700000000349064e+03,4.476588195586106753e-08
2.455800000000349428e+03,4.533305474933095624e-08
2.455900000000349337e+03,4.589973558650414711e-08
2.456000000000349246e+03,4.646592472057875955e-08
2.456100000000349155e+03,4.699029700025226820e-08
2.456200000000349064e+03,4.751415955837387846e-08
2.456300000000349428e+03,4.803751268743135944e-08
2.456400000000349337e+03,4.856035667979965944e-08
2.456500000000349246e+03,4.908269182775529226e-08
2.456600000000349610e+03,4.960451842346946168e-08
2.456700000000349519e+03,5.012583675900064330e-08
2.456800000000349428e+03,5.064664712630883854e-08
2.456900000000349337e+03,5.116694981724632342e-08
2.457000000000349246e+03,5.168674512291873427e-08
2.457100000000349610e+03,5.202258992907874233e-08
2.457200000000349519e+03,5.235749249517763968e-08
2.457300000000349428e+03,5.269179331941440698e-08
2.457400000000349792e+03,5.302589376061515540e-08
2.457500000000349701e+03,5.335979386131820379e-08
2.457600000000349610e+03,5.369349366407917565e-08
2.457700000000349519e+03,5.402699321146488456e-08
2.457800000000349428e+03,5.436029254605490253e-08
2.457900000000349792e+03,5.469339171044296291e-08
2.458000000000349701e+03,5.502629074640007199e-08
2.458100000000349610e+03,5.512137369611301484e-08
2.458200000000349974e+03,5.521637252067098960e-08
2.458300000000349883e+03,5.530991886375649838e-08
2.458400000000349792e+03,5.540105904748400183e-08
2.458500000000349701e+03,5.549210220966608292e-08
2.458600000000349610e+03,5.558304839767319821e-08
2.458700000000349974e+03,5.567389765887129112e-08
2.458800000000349883e+03,5.576465004062002515e-08
2.458900000000349792e+03,5.585530559027537787e-08
2.459000000000350155e+03,5.594586435402137736e-08
2.459100000000350065e+03,5.570307417960934912e-08
2.459200000000349974e+03,5.546037569911269060e-08
2.459300000000349883e+03,5.521776894130560731e-08
2.459400000000349792e+03,5.497469609880157246e-08
2.459500000000350155e+03,5.472619665526996154e-08
2.459600000000350065e+03,5.447784212976919542e-08
2.459700000000349974e+03,5.422963252979781195e-08
2.459800000000350337e+03,5.398156786280028444e-08
2.459900000000350246e+03,5.373364768531544488e-08
2.460000000000350155e+03,5.348579981697731199e-08
2.460100000000350065e+03,5.307121536409851356e-08
2.460200000000349974e+03,5.265707336850674578e-08
2.460300000000350337e+03,5.224337359724322539e-08
2.460400000000350246e+03,5.183011581734179729e-08
2.460500000000350155e+03,5.141729979581789663e-08
2.460600000000350519e+03,5.100492529967416707e-08
2.460700000000350428e+03,5.059299209590675391e-08
2.460800000000350337e+03,5.018149995149361112e-08
2.460900000000350246e+03,4.977044863340258120e-08
2.461000000000350155e+03,4.935983790799717510e-08
2.461100000000350519e+03,4.878043853644830405e-08
2.461200000000350428e+03,4.820116125670958479e-08
2.461300000000350337e+03,4.762200628862959008e-08
2.461400000000350701e+03,4.704297385194640781e-08
2.461500000000350610e+03,4.646406416629574737e-08
2.461600000000350519e+03,4.588527745119487252e-08
2.461700000000350428e+03,4.530554248495953730e-08
2.461800000000350337e+03,4.472502269420768175e-08
2.461900000000350701e+03,4.414467761683959637e-08
2.462000000000350610e+03,4.356450747364417297e-08
2.462100000000350519e+03,4.300033066005675759e-08
2.462200000000350883e+03,4.243670157048559581e-08
2.462300000000350792e+03,4.187362003365015689e-08
2.462400000000350701e+03,4.131108580965310116e-08
2.462500000000350610e+03,4.074908576166677688e-08
2.462600000000350519e+03,4.018763311238845518e-08
2.462700000000350883e+03,3.962672768921133701e-08
2.462800000000350792e+03,3.906658763801768674e-08
2.462900000000350701e+03,3.850763249477295978e-08
2.463000000000351065e+03,3.794919936064605376e-08
2.463100000000350974e+03,3.741369277170756570e-08
2.463200000000350883e+03,3.687859183981563184e-08
2.463300000000350792e+03,3.634389655522556166e-08
2.463400000000350701e+03,3.580960690794417292e-08
2.463500000000351065e+03,3.527572288772787270e-08
2.463600000000350974e+03,3.474224448409229230e-08
2.463700000000350883e+03,3.420917168629815246e-08
2.463800000000351247e+03,3.367650448335858219e-08
2.463900000000351156e+03,3.314424286404705313e-08
2.464000000000351065e+03,3.261450850816012521e-08
2.464100000000350974e+03,3.215200318076740556e-08
2.464200000000350883e+03,3.168982661278190802e-08
2.464300000000351247e+03,3.122797881624844109e-08
2.464400000000351156e+03,3.076645980298345849e-08
2.464500000000351065e+03,3.030526958456251249e-08
2.464600000000351429e+03,2.984440817232701028e-08
2.464700000000351338e+03,2.938387557739071234e-08
2.464800000000351247e+03,2.892367181062726849e-08
2.464900000000351156e+03,2.846379688267888339e-08
2.465000000000351065e+03,2.800425080422449513e-08
2.465100000000351429e+03,2.762217567303199847e-08
2.465200000000351338e+03,2.724031004818872076e-08
2.465300000000351247e+03,2.685845968371223867e-08
2.465400000000351611e+03,2.647662475076456447e-08
2.465500000000351520e+03,2.609480542044140037e-08
2.465600000000351429e+03,2.571300305463486685e-08
2.465700000000351338e+03,2.533121748430584119e-08
2.465800000000351247e+03,2.494944796739391119e-08
2.465900000000351611e+03,2.456736328279440095e-08
2.466000000000351520e+03,2.418522772668963028e-08
2.466100000000351429e+03,2.386803705689731826e-08
2.466200000000351793e+03,2.355073316003303947e-08
2.466300000000351702e+03,2.323291100790754067e-08
2.466400000000351611e+03,2.291502211185927105e-08
2.466500000000351520e+03,2.259726460301902933e-08
2.466600000000351429e+03,2.227963858426138562e-08
2.466700000000351793e+03,2.196214415829903080e-08
2.466800000000351702e+03,2.164478142768849397e-08
2.466900000000351611e+03,2.132755049482176808e-08
2.467000000000351974e+03,2.101045146212833391e-08
2.467100000000351884e+03,2.074965526923849453e-08
2.467200000000351793e+03,2.048897419609448402e-08
2.467300000000351702e+03,2.022840832800595359e-08
2.467400000000351611e+03,1.996795775013358252e-08
2.467500000000351974e+03,1.970762254748762895e-08
2.467600000000351884e+03,1.944740280493310472e-08
2.467700000000351793e+03,1.918729860718260538e-08
2.467800000000352156e+03,1.892731003880006557e-08
2.467900000000352065e+03,1.866743718420423651e-08
2.468000000000351974e+03,1.840768012782430512e-08
2.468100000000351884e+03,1.819422373834933480e-08
2.468200000000351793e+03,1.798092209149212049e-08
2.468300000000352156e+03,1.776777520930308379e-08
2.468400000000352065e+03,1.755478311367482684e-08
2.468500000000351974e+03,1.734260743369716675e-08
2.468600000000352338e+03,1.713068691713174507e-08
2.468700000000352247e+03,1.691890235430315432e-08
2.468800000000352156e+03,1.670725377970395915e-08
2.468900000000352065e+03,1.649574122767895338e-08
2.469000000000351974e+03,1.628456447656899912e-08
2.469100000000352338e+03,1.611149309716931300e-08
2.469200000000352247e+03,1.593843769503097625e-08
2.469300000000352156e+03,1.576539835416168758e-08
2.469400000000352520e+03,1.559237515851058131e-08
2.469500000000352429e+03,1.541920883285398374e-08
2.469600000000352338e+03,1.524510200878935115e-08
2.469700000000352247e+03,1.507045159131944784e-08
2.469800000000352156e+03,1.489585630908346588e-08
2.469900000000352520e+03,1.472131624506372094e-08
2.470000000000352429e+03,1.454683148226300308e-08
2.470100000000352338e+03,1.440471676287868315e-08
2.470200000000352702e+03,1.426267245627657109e-08
2.470300000000352611e+03,1.412056768169014938e-08
2.470400000000352520e+03,1.397838230742408722e-08
2.470500000000352429e+03,1.383627323988073647e-08
2.470600000000352338e+03,1.369424052480214441e-08
2.470700000000352702e+03,1.355228420782662327e-08
2.470800000000352611e+03,1.341040433449138723e-08
2.470900000000352520e+03,1.326860095022879377e-08
2.471000000000352884e+03,1.312687410044146820e-08
2.471100000000352793e+03,1.300589874375747549e-08
2.471200000000352702e+03,1.288484411549102741e-08
2.471300000000352611e+03,1.276388797185287848e-08
2.471400000000352520e+03,1.264303031720993686e-08
2.471500000000352884e+03,1.252227115582736579e-08
2.471600000000352793e+03,1.240161049187089814e-08
2.471700000000352702e+03,1.228104832940369801e-08
2.471800000000353066e+03,1.216058900588029977e-08
2.471900000000352975e+03,1.204076163457559559e-08
2.472000000000352884e+03,1.192101937865314935e-08
2.472100000000352793e+03,1.182442335306429950e-08
2.472200000000352702e+03,1.172788541116873398e-08
2.472300000000353066e+03,1.163140557498216091e-08
2.472400000000352975e+03,1.153498386645065969e-08
2.472500000000352884e+03,1.143862030744815306e-08
2.472600000000353248e+03,1.134231491977779849e-08
2.472700000000353157e+03,1.124606772517330997e-08
2.472800000000353066e+03,1.114987874529648641e-08
2.472900000000352975e+03,1.105374800173897021e-08
2.473000000000352884e+03,1.095767551607930787e-08
2.473100000000353248e+03,1.087793118559734072e-08
2.473200000000353157e+03,1.079820332736824210e-08
2.473300000000353066e+03,1.071850111305514479e-08
2.473400000000353430e+03,1.063882629444986068e-08
2.473500000000353339e+03,1.055924294265493491e-08
2.473600000000353248e+03,1.047985507951856997e-08
2.473700000000353157e+03,1.040049119753691411e-08
2.473800000000353066e+03,1.032115133159541799e-08
2.473900000000353430e+03,1.024183551653795152e-08
2.474000000000353339e+03,1.016254378719839062e-08
2.474100000000353248e+03,1.009171586301374461e-08
2.474200000000353612e+03,1.002081946133880528e-08
2.474300000000353521e+03,9.949929836717745571e-09
2.474400000000353430e+03,9.878931766866216893e-09
2.474500000000353339e+03,9.807995436542762645e-09
2.474600000000353248e+03,9.737120840537010198e-09
2.474700000000353612e+03,9.666307973585031943e-09
2.474800000000353521e+03,9.595556830370733297e-09
2.474900000000353430e+03,9.524867405523963425e-09
2.475000000000353793e+03,9.454239693666458504e-09
2.475100000000353702e+03,9.396330692228755370e-09
2.475200000000353612e+03,9.338417652400991582e-09
2.475300000000353521e+03,9.280361138016619110e-09
2.475400000000353430e+03,9.222338511790356338e-09
2.475500000000353793e+03,9.164349787204128902e-09
2.475600000000353702e+03,9.106394977702913937e-09
2.475700000000353612e+03,9.048474096693231294e-09
2.475800000000353975e+03,8.990587157543942599e-09
2.475900000000353884e+03,8.932702923788279332e-09
2.476000000000353793e+03,8.874687048808597265e-09
2.476100000000353702e+03,8.827757148182800875e-09
2.476200000000353612e+03,8.780855866620916139e-09
2.476300000000353975e+03,8.733983213283986539e-09
2.476400000000353884e+03,8.686964381960018550e-09
2.476500000000353793e+03,8.639953801795092876e-09
2.476600000000354157e+03,8.592973950695708909e-09
2.476700000000354066e+03,8.546047418564207146e-09
2.476800000000353975e+03,8.499317703515338168e-09
2.476900000000353884e+03,8.452616674984192052e-09
2.477000000000353793e+03,8.405944342569539716e-09
2.477100000000354157e+03,8.366262370635244960e-09
2.477200000000354066e+03,8.326607577200751353e-09
2.477300000000353975e+03,8.286979966111750602e-09
2.477400000000354339e+03,8.247379541190690642e-09
2.477500000000354248e+03,8.207948752888904288e-09
2.477600000000354157e+03,8.168950716842576230e-09
2.477700000000354066e+03,8.129974674091206895e-09
2.477800000000353975e+03,8.091020632361073485e-09
2.477900000000354339e+03,8.052088599357487483e-09
2.478000000000354248e+03,8.013178582788518194e-09
2.478100000000354157e+03,7.980789672084971684e-09
2.478200000000354521e+03,7.948424636581332147e-09
2.478300000000354430e+03,7.916090827594813431e-09
2.478400000000354339e+03,7.883948678235395625e-09
2.478500000000354248e+03,7.851828974804783152e-09
2.478600000000354157e+03,7.819731718099165477e-09
2.478700000000354521e+03,7.787656908898790639e-09
2.478800000000354430e+03,7.755612228089684349e-09
2.478900000000354339e+03,7.723600248749246006e-09
2.479000000000354703e+03,7.691610570540300242e-09
2.479100000000354612e+03,7.662682155134044656e-09
2.479200000000354521e+03,7.633777694650782800e-09
2.479300000000354430e+03,7.604897184349737442e-09
2.479400000000354339e+03,7.576040619478487957e-09
2.479500000000354703e+03,7.547207995272869409e-09
2.479600000000354612e+03,7.518399306957501946e-09
2.479700000000354521e+03,7.489661360229724417e-09
2.479800000000354885e+03,7.461921239031917398e-09
2.479900000000354794e+03,7.434197546305022126e-09
2.480000000000354703e+03,7.406490282973485729e-09
2.480100000000354612e+03,7.388980360395937659e-09
2.480200000000354521e+03,7.371465254228394798e-09
2.480300000000354885e+03,7.353946523587302851e-09
2.480400000000354794e+03,7.336424175236499489e-09
2.480500000000354703e+03,7.318898215940321173e-09
2.480600000000355067e+03,7.301368652463808295e-09
2.480700000000354976e+03,7.283835491572954985e-09
2.480800000000354885e+03,7.266298740034243410e-09
2.480900000000354794e+03,7.248885043516543316e-09
2.481000000000354703e+03,7.231505913994715079e-09
2.481100000000355067e+03,7.214322091354784083e-09
2.481200000000354976e+03,7.197149548110418769e-09
2.481300000000354885e+03,7.179988282426614075e-09
2.481400000000355249e+03,7.162838292464559905e-09
2.481500000000355158e+03,7.145699576381850413e-09
2.481600000000355067e+03,7.128712727469492634e-09
2.481700000000354976e+03,7.111754264287083892e-09
2.481800000000354885e+03,7.094806314033208725e-09
2.481900000000355249e+03,7.077868875567545716e-09
2.482000000000355158e+03,7.061098447247444294e-09
2.482100000000355067e+03,7.048755711418209106e-09
2.482200000000355431e+03,7.036423266669634239e-09
2.482300000000355340e+03,7.024101108530265026e-09
2.482400000000355249e+03,7.011789232527578080e-09
2.482500000000355158e+03,6.999487634188124401e-09
2.482600000000355067e+03,6.987196309037531855e-09
2.482700000000355431e+03,6.974915252600469603e-09
2.482800000000355340e+03,6.962644460400793691e-09
2.482900000000355249e+03,6.950383927961312953e-09
2.483000000000355612e+03,6.938133650822766190e-09
2.483100000000355521e+03,6.931233416143453816e-09
2.483200000000355431e+03,6.924585169009458414e-09
2.483300000000355340e+03,6.917948611917419851e-09
2.483400000000355249e+03,6.911304672743940721e-09
2.483500000000355612e+03,6.904661637979649697e-09
2.483600000000355521e+03,6.898019508783311842e-09
2.483700000000355431e+03,6.891378286313050322e-09
2.483800000000355794e+03,6.884737971726392736e-09
2.483900000000355703e+03,6.878098566180388571e-09
2.484000000000355612e+03,6.871460070850396130e-09
2.484100000000355521e+03,6.870151750292276039e-09
2.484200000000355431e+03,6.868842255362583296e-09
2.484300000000355794e+03,6.867676845381632509e-09
2.484400000000355703e+03,6.866522100762602034e-09
2.484500000000355612e+03,6.865336069503284517e-09
2.484600000000355976e+03,6.864097024651834085e-09
2.484700000000355885e+03,6.862856796796650259e-09
2.484800000000355794e+03,6.861503607924121687e-09
2.484900000000355703e+03,6.860108597267346570e-09
2.485000000000355612e+03,6.858712464463506688e-09
2.485100000000355976e+03,6.857860286478917522e-09
2.485200000000355885e+03,6.857007512812042218e-09
2.485300000000355794e+03,6.856154143868100014e-09
2.485400000000356158e+03,6.855401269757438587e-09
2.485500000000356067e+03,6.854703640811059689e-09
2.485600000000355976e+03,6.854111177335556024e-09
2.485700000000355885e+03,6.853564599156810007e-09
2.485800000000355794e+03,6.853017378791526649e-09
2.485900000000356158e+03,6.852469516558585731e-09
2.486000000000356067e+03,6.851921012787771756e-09
2.486100000000355976e+03,6.854426376222029859e-09
2.486200000000356340e+03,6.856928581646378623e-09
2.486300000000356249e+03,6.859427630434036298e-09
2.486400000000356158e+03,6.861923523958146689e-09
2.486500000000356067e+03,6.864530663219243549e-09
2.486600000000355976e+03,6.867334898032696098e-09
2.486700000000356340e+03,6.870136247931570422e-09
2.486800000000356249e+03,6.872934713904095888e-09
2.486900000000356158e+03,6.875730296938573832e-09
2.487000000000356522e+03,6.878514693276019106e-09
2.487100000000356431e+03,6.885239437240193451e-09
2.487200000000356340e+03,6.891959349369615633e-09
2.487300000000356249e+03,6.898674431060051194e-09
2.487400000000356158e+03,6.905384683707291316e-09
2.487500000000356522e+03,6.912090108707206592e-09
2.487600000000356431e+03,6.918770915014268169e-09
2.487700000000356340e+03,6.925399379374511063e-09
2.487800000000356704e+03,6.932022889800204931e-09
2.487900000000356613e+03,6.938641447826432379e-09
2.488000000000356522e+03,6.945255055007193636e-09
2.488100000000356431e+03,6.957152689529048750e-09
2.488200000000356340e+03,6.969042654619833266e-09
2.488300000000356704e+03,6.980930541328706971e-09
2.488400000000356613e+03,6.992816348726939596e-09
2.488500000000356522e+03,7.004700075886182205e-09
2.488600000000356886e+03,7.016581721878233926e-09
2.488700000000356795e+03,7.028461285774931109e-09
2.488800000000356704e+03,7.040468376448340816e-09
2.488900000000356613e+03,7.052505650451988794e-09
2.489000000000356522e+03,7.064541396266393043e-09
2.489100000000356886e+03,7.078991261295584459e-09
2.489200000000356795e+03,7.093432188945380302e-09
2.489300000000356704e+03,7.107864181853417181e-09
2.489400000000357068e+03,7.122287242657009106e-09
2.489500000000356977e+03,7.136701373992972950e-09
2.489600000000356886e+03,7.151106578498011436e-09
2.489700000000356795e+03,7.165502858808450919e-09
2.489800000000356704e+03,7.179890217560349748e-09
2.489900000000357068e+03,7.194527378177503855e-09
2.490000000000356977e+03,7.209393276388083792e-09
2.490100000000356886e+03,7.230770137692525961e-09
2.490200000000357250e+03,7.252152456647032303e-09
2.490300000000357159e+03,7.273540224140908165e-09
2.490400000000357068e+03,7.294933431066787470e-09
2.490500000000356977e+03,7.316332068320234013e-09
2.490600000000356886e+03,7.337736126799828319e-09
2.490700000000357250e+03,7.359180432666707736e-09
2.490800000000357159e+03,7.380753969337465427e-09
2.490900000000357068e+03,7.402333825471280360e-09
2.491000000000357431e+03,7.423919992390419103e-09
2.491100000000357340e+03,7.451024296129525451e-09
2.491200000000357250e+03,7.478143048177609573e-09
2.491300000000357159e+03,7.505276242485035599e-09
2.491400000000357068e+03,7.532423872999991351e-09
2.491500000000357431e+03,7.559585933668520596e-09
2.491600000000357340e+03,7.586762418434122695e-09
2.491700000000357250e+03,7.613953321238429232e-09
2.491800000000357613e+03,7.641158636020848334e-09
2.491900000000357522e+03,7.668378356718220557e-09
2.492000000000357431e+03,7.695612477282871278e-09
2.492100000000357340e+03,7.727716133387856952e-09
2.492200000000357250e+03,7.759837077180322626e-09
2.492300000000357613e+03,7.791975302785360274e-09
2.492400000000357522e+03,7.824130804325138614e-09
2.492500000000357431e+03,7.856303575919723671e-09
2.492600000000357795e+03,7.888493611686610592e-09
2.492700000000357704e+03,7.920700905740339837e-09
2.492800000000357613e+03,7.952864115972801216e-09
2.492900000000357522e+03,7.984928322159963808e-09
2.493000000000357431e+03,8.017008341270059995e-09
2.493100000000357795e+03,8.052710972158978185e-09
2.493200000000357704e+03,8.088416231251278625e-09
2.493300000000357613e+03,8.124124104396888811e-09
2.493400000000357977e+03,8.159838836063501255e-09
2.493500000000357886e+03,8.195557410247342325e-09
2.493600000000357795e+03,8.231278604015876366e-09
2.493700000000357704e+03,8.267002403253974292e-09
2.493800000000357613e+03,8.302728793853854033e-09
2.493900000000357977e+03,8.338457761715259212e-09
2.494000000000357886e+03,8.374189292768929560e-09
2.494100000000357795e+03,8.416659277250007723e-09
2.494200000000358159e+03,8.459139958628865870e-09
2.494300000000358068e+03,8.501631323524467928e-09
2.494400000000357977e+03,8.544369355589378238e-09
2.494500000000357886e+03,8.587473837038128510e-09
2.494600000000357795e+03,8.630594311514050757e-09
2.494700000000358159e+03,8.673727689698510698e-09
2.494800000000358068e+03,8.716877525837133900e-09
2.494900000000357977e+03,8.760043809128160827e-09
2.495000000000358341e+03,8.803226528790890307e-09
2.495100000000358250e+03,8.852616579514865649e-09
2.495200000000358159e+03,8.902013443858027838e-09
2.495300000000358068e+03,8.951417105001467333e-09
2.495400000000357977e+03,9.000827546131580133e-09
2.495500000000358341e+03,9.050244750440271256e-09
2.495600000000358250e+03,9.099668701124054772e-09
2.495700000000358159e+03,9.149099381385397145e-09
2.495800000000358523e+03,9.198536774432052174e-09
2.495900000000358432e+03,9.247980863476394290e-09
2.496000000000358341e+03,9.297431631765862111e-09
2.496100000000358250e+03,9.355013445726417897e-09
2.496200000000358159e+03,9.412598610884900196e-09
2.496300000000358523e+03,9.470187106844429728e-09
2.496400000000358432e+03,9.527778913215244276e-09
2.496500000000358341e+03,9.585374009616215735e-09
2.496600000000358705e+03,9.642972375674049399e-09
2.496700000000358614e+03,9.700573991022574243e-09
2.496800000000358523e+03,9.758178835304233498e-09
2.496900000000358432e+03,9.815786888169068880e-09
2.497000000000358341e+03,9.873398129306282486e-09
2.497100000000358705e+03,9.939749139675437927e-09
2.497200000000358614e+03,1.000612473783449058e-08
2.497300000000358523e+03,1.007252490809682536e-08
2.497400000000358887e+03,1.013894963477105931e-08
2.497500000000358796e+03,1.020539890216018796e-08
2.497600000000358705e+03,1.027187269456334389e-08
2.497700000000358614e+03,1.033837099627463376e-08
2.497800000000358523e+03,1.040489379158338144e-08
2.497900000000358887e+03,1.047144106477451353e-08
2.498000000000358796e+03,1.053801280015231099e-08
2.498100000000358705e+03,1.061156545415169289e-08
2.498200000000359069e+03,1.068509254007187549e-08
2.498300000000358978e+03,1.075859403387834190e-08
2.498400000000358887e+03,1.083206504207271861e-08
2.498500000000358796e+03,1.090551015507578575e-08
2.498600000000358705e+03,1.097892953542431506e-08
2.498700000000359069e+03,1.105232315923495529e-08
2.498800000000358978e+03,1.112569100265222950e-08
2.498900000000358887e+03,1.119903304185048393e-08
2.499000000000359250e+03,1.127234925309164175e-08
2.499100000000359159e+03,1.136201474585510714e-08
2.499200000000359069e+03,1.145173741258591656e-08
2.499300000000358978e+03,1.154151725279616580e-08
2.499400000000358887e+03,1.163135426598634198e-08
2.499500000000359250e+03,1.172124845164571569e-08
2.499600000000359159e+03,1.181119980925073287e-08
2.499700000000359069e+03,1.190120833826746167e-08
2.499800000000359432e+03,1.199127403815031858e-08
2.499900000000359341e+03,1.208139690834087893e-08
2.500000000000359250e+03,1.217157694835123850e-08
2.500100000000359159e+03,1.228440756063488848e-08
2.500200000000359069e+03,1.239743690684221013e-08
2.500300000000359432e+03,1.251066491795363198e-08
2.500400000000359341e+03,1.262409152489320194e-08
2.500500000000359250e+03,1.273771665853185134e-08
2.500600000000359614e+03,1.285154024968577532e-08
2.500700000000359523e+03,1.296556222911486944e-08
2.500800000000359432e+03,1.307978252752594579e-08
2.500900000000359341e+03,1.319419704804215581e-08
2.501000000000359250e+03,1.330880045648974014e-08
2.501100000000359614e+03,1.344177786592589364e-08
2.501200000000359523e+03,1.357521313002486876e-08
2.501300000000359432e+03,1.370897487372603470e-08
2.501400000000359796e+03,1.384297677174934967e-08
2.501500000000359705e+03,1.397721875910706608e-08
2.501600000000359614e+03,1.411170077074149659e-08
2.501700000000359523e+03,1.424642274152254742e-08
2.501800000000359432e+03,1.438138460624839170e-08
2.501900000000359796e+03,1.451658629964602033e-08
2.502000000000359705e+03,1.465202775643488533e-08
2.502100000000359614e+03,1.480607131174366507e-08
2.502200000000359978e+03,1.496039180760319813e-08
2.502300000000359887e+03,1.511498917071675072e-08
2.502400000000359796e+03,1.526986332770751793e-08
2.502500000000359705e+03,1.542501420511571045e-08
2.502600000000359614e+03,1.558044172939942311e-08
2.502700000000359978e+03,1.573614582693520394e-08
2.502800000000359887e+03,1.589212642401535760e-08
2.502900000000359796e+03,1.604838344685210444e-08
2.503000000000360160e+03,1.620491682159495127e-08
2.503100000000360069e+03,1.636697539724693019e-08
2.503200000000359978e+03,1.652901866870133154e-08
2.503300000000359887e+03,1.669104661313034278e-08
2.503400000000359796e+03,1.685304168379219379e-08
2.503500000000360160e+03,1.701492750446971896e-08
2.503600000000360069e+03,1.717679581742911900e-08
2.503700000000359978e+03,1.733864660030441946e-08
2.503800000000360342e+03,1.750047983073015212e-08
2.503900000000360251e+03,1.766229548633919440e-08
2.504000000000360160e+03,1.782409354484758514e-08
2.504100000000360069e+03,1.800818433550899331e-08
2.504200000000359978e+03,1.819225775095034481e-08
2.504300000000360342e+03,1.837631376630454233e-08
2.504400000000360251e+03,1.856035235670220221e-08
2.504500000000360160e+03,1.874437349727661759e-08
2.504600000000360524e+03,1.892714874690532041e-08
2.504700000000360433e+03,1.910971157040338283e-08
2.504800000000360342e+03,1.929222982846294947e-08
2.504900000000360251e+03,1.947470350378592341e-08
2.505000000000360160e+03,1.965713257909093662e-08
2.505100000000360524e+03,1.984206303637622713e-08
2.505200000000360433e+03,2.002626743420875502e-08
2.505300000000360342e+03,2.020974575742923449e-08
2.505400000000360706e+03,2.039245869408357796e-08
2.505500000000360615e+03,2.057443240113073439e-08
2.505600000000360524e+03,2.075567907203071994e-08
2.505700000000360433e+03,2.093600215949898434e-08
2.505800000000360342e+03,2.111546179530238087e-08
2.505900000000360706e+03,2.129418875769287738e-08
2.506000000000360615e+03,2.147218307244855843e-08
2.506100000000360524e+03,2.171881410111092947e-08
2.506200000000360887e+03,2.196543473819431346e-08
2.506300000000360797e+03,2.221204496023734368e-08
2.506400000000360706e+03,2.245864474378113494e-08
2.506500000000360615e+03,2.270523406536473081e-08
2.506600000000360524e+03,2.295181290152623184e-08
2.506700000000360887e+03,2.319838122880394375e-08
2.506800000000360797e+03,2.344565569311945681e-08
2.506900000000360706e+03,2.369448721826339361e-08
2.507000000000361069e+03,2.394335573782508406e-08
2.507100000000360978e+03,2.425842928053938571e-08
2.507200000000360887e+03,2.457432173905965103e-08
2.507300000000360797e+03,2.489103322253806939e-08
2.507400000000360706e+03,2.520856383997541309e-08
2.507500000000361069e+03,2.552691370022245352e-08
2.507600000000360978e+03,2.584608291197392269e-08
2.507700000000360887e+03,2.616607158377740381e-08
2.507800000000361251e+03,2.648687982402861636e-08
2.507900000000361160e+03,2.680850774096732317e-08
2.508000000000361069e+03,2.713095544269039327e-08
2.508100000000360978e+03,2.745510672271945779e-08
2.508200000000360887e+03,2.777925126634091163e-08
2.508300000000361251e+03,2.810338903665507138e-08
2.508400000000361160e+03,2.842751999675487189e-08
2.508500000000361069e+03,2.875164410973448546e-08
2.508600000000361433e+03,2.907576133868514955e-08
2.508700000000361342e+03,2.939987164669053789e-08
2.508800000000361251e+03,2.972397499683568738e-08
2.508900000000361160e+03,3.004807135220118142e-08
2.509000000000361069e+03,3.037216067599941957e-08
2.509100000000361433e+03,3.073361764706393615e-08
2.509200000000361342e+03,3.109507901723429835e-08
2.509300000000361251e+03,3.145654474745108398e-08
2.509400000000361615e+03,3.181801479864920630e-08
2.509500000000361524e+03,3.217948913175318919e-08
2.509600000000361433e+03,3.254096770768681538e-08
2.509700000000361342e+03,3.290245048736666779e-08
2.509800000000361251e+03,3.326393743170380381e-08
2.509900000000361615e+03,3.362542850160532359e-08
2.510000000000361524e+03,3.398692365810949163e-08
2.510100000000361433e+03,3.438764615431208805e-08
2.510200000000361797e+03,3.478842814019915073e-08
2.510300000000361706e+03,3.518928901277890264e-08
2.510400000000361615e+03,3.559028482631047241e-08
2.510500000000361524e+03,3.599134216434865560e-08
2.510600000000361433e+03,3.639246099365967113e-08
2.510700000000361797e+03,3.679364128099506710e-08
2.510800000000361706e+03,3.719488299308458045e-08
2.510900000000361615e+03,3.759618609664697646e-08
2.511000000000361979e+03,3.799755055841398393e-08
2.511100000000361888e+03,3.840709441795243125e-08
2.511200000000361797e+03,3.881671644138548555e-08
2.511300000000361706e+03,3.922641659761357776e-08
2.511400000000361615e+03,3.963619485551763062e-08
2.511500000000361979e+03,4.004605118396087842e-08
2.511600000000361888e+03,4.045598555178146211e-08
2.511700000000361797e+03,4.086599792780365246e-08
2.511800000000362161e+03,4.127608828083212600e-08
2.511900000000362070e+03,4.168625657964649237e-08
2.512000000000361979e+03,4.209650279314919424e-08
2.512100000000361888e+03,4.254463888308544076e-08
2.512200000000361797e+03,4.299287443560277958e-08
2.512300000000362161e+03,4.344117547514468476e-08
2.512400000000362070e+03,4.388957909055821747e-08
2.512500000000361979e+03,4.433808525073905734e-08
2.512600000000362343e+03,4.478669392455830019e-08
2.512700000000362252e+03,4.523540508085651557e-08
2.512800000000362161e+03,4.568421868845595593e-08
2.512900000000362070e+03,4.613313471615206647e-08
2.513000000000361979e+03,4.658215313234205453e-08
2.513100000000362343e+03,4.692734942041913488e-08
2.513200000000362252e+03,4.727147235241629492e-08
2.513300000000362161e+03,4.761452169432267029e-08
2.513400000000362525e+03,4.795649721231445194e-08
2.513500000000362434e+03,4.829739867275029363e-08
2.513600000000362343e+03,4.863722584218125134e-08
2.513700000000362252e+03,4.897597848734399374e-08
2.513800000000362161e+03,4.931365637516286686e-08
2.513900000000362525e+03,4.965025927275138304e-08
2.514000000000362434e+03,4.998578694781402549e-08
2.514100000000362343e+03,5.043388451506086593e-08
2.514200000000362706e+03,5.088320107120452865e-08
2.514300000000362616e+03,5.133373688229093539e-08
2.514400000000362525e+03,5.178549221417295717e-08
2.514500000000362434e+03,5.223846733250236749e-08
2.514600000000362343e+03,5.269266250273168195e-08
2.514700000000362706e+03,5.314807799011589204e-08
2.514800000000362616e+03,5.360471405970441172e-08
2.514900000000362525e+03,5.406257097635311453e-08
2.515000000000362888e+03,5.452164900403301575e-08
2.515100000000362797e+03,5.479260642557535909e-08
2.515200000000362706e+03,5.506367095212747819e-08
2.515300000000362616e+03,5.533484257840319264e-08
2.515400000000362525e+03,5.560610742967256296e-08
2.515500000000362888e+03,5.587744285507023770e-08
2.515600000000362797e+03,5.614888487460810300e-08
2.515700000000362706e+03,5.642043348261639164e-08
2.515800000000363070e+03,5.669208867340351205e-08
2.515900000000362979e+03,5.696385044125251461e-08
2.516000000000362888e+03,5.723571878029799395e-08
2.516100000000362797e+03,5.747176323809249175e-08
2.516200000000362706e+03,5.770790885024506835e-08
2.516300000000363070e+03,5.794415561401833825e-08
2.516400000000362979e+03,5.818050352665141080e-08
2.516500000000362888e+03,5.841695258536628925e-08
2.516600000000363252e+03,5.865350278736470760e-08
2.516700000000363161e+03,5.889015412982488810e-08
2.516800000000363070e+03,5.912690660990803290e-08
2.516900000000362979e+03,5.936376022475385733e-08
2.517000000000362888e+03,5.960071497094128134e-08
2.517100000000363252e+03,5.968877170674135756e-08
2.517200000000363161e+03,5.977686181638162263e-08
2.517300000000363070e+03,5.986498529668840292e-08
2.517400000000363434e+03,5.995314214448066621e-08
2.517500000000363343e+03,6.004133362563570550e-08
2.517600000000363252e+03,6.012955905360999718e-08
2.517700000000363161e+03,6.021781784493059976e-08
2.517800000000363070e+03,6.030610999638989213e-08
2.517900000000363434e+03,6.039443550477307984e-08
2.518000000000363343e+03,6.048279436584953772e-08
2.518100000000363252e+03,6.029404991733102018e-08
2.518200000000363616e+03,6.010557020997799617e-08
2.518300000000363525e+03,5.991735531770278566e-08
2.518400000000363434e+03,5.972940531437106887e-08
2.518500000000363343e+03,5.954172027380520823e-08
2.518600000000363252e+03,5.935430026978356677e-08
2.518700000000363616e+03,5.916714537603938978e-08
2.518800000000363525e+03,5.898025566626421942e-08
2.518900000000363434e+03,5.879363121410285222e-08
2.519000000000363798e+03,5.860727209382189952e-08
2.519100000000363707e+03,5.860375534978450999e-08
2.519200000000363616e+03,5.859953825931013734e-08
2.519300000000363525e+03,5.859462068564517328e-08
2.519400000000363434e+03,5.858900249215929249e-08
2.519500000000363798e+03,5.858268354234521445e-08
2.519600000000363707e+03,5.857566369981917324e-08
2.519700000000363616e+03,5.856794282832071240e-08
2.519800000000363980e+03,5.855952079171269157e-08
2.519900000000363889e+03,5.855039745398169012e-08
2.520000000000363798e+03,5.854057267870027361e-08
2.520100000000363707e+03,5.838252429630320376e-08
2.520200000000363616e+03,5.822428691972480950e-08
2.520300000000363980e+03,5.806586053407091644e-08
2.520400000000363889e+03,5.790724512448577767e-08
2.520500000000363798e+03,5.774844067614778568e-08
2.520600000000364162e+03,5.758944717427195391e-08
2.520700000000364071e+03,5.743026460411161743e-08
2.520800000000363980e+03,5.727089295095460140e-08
2.520900000000363889e+03,5.711133220012584165e-08
2.521000000000363798e+03,5.695158233657826109e-08
2.521100000000364162e+03,5.667921511340029441e-08
2.521200000000364071e+03,5.640651667864942274e-08
2.521300000000363980e+03,5.613350678393922287e-08
2.521400000000364344e+03,5.586018540814638714e-08
2.521500000000364253e+03,5.558655253021243241e-08
2.521600000000364162e+03,5.531260812913594437e-08
2.521700000000364071e+03,5.503835218397788477e-08
2.521800000000363980e+03,5.476378467386003626e-08
2.521900000000364344e+03,5.448890557796394365e-08
2.522000000000364253e+03,5.421371487553888794e-08
2.522100000000364162e+03,5.393896919551461071e-08
2.522200000000364525e+03,5.366390343634135530e-08
2.522300000000364435e+03,5.338851757598173317e-08
2.522400000000364344e+03,5.311281159245746281e-08
2.522500000000364253e+03,5.283678546385392250e-08
2.522600000000364162e+03,5.256043916831937614e-08
2.522700000000364525e+03,5.228377268406368939e-08
2.522800000000364435e+03,5.200678598936300164e-08
2.522900000000364344e+03,5.172947906255267841e-08
2.523000000000364707e+03,5.145185188203304205e-08
2.523100000000364616e+03,5.117452034975199979e-08
2.523200000000364525e+03,5.089686124399752288e-08
2.523300000000364435e+03,5.061887454210303611e-08
2.523400000000364344e+03,5.034056022146615351e-08
2.523500000000364707e+03,5.006191825954746732e-08
2.523600000000364616e+03,4.978294863387573607e-08
2.523700000000364525e+03,4.950365132204016204e-08
2.523800000000364889e+03,4.922402630169444114e-08
2.523900000000364798e+03,4.894407355056026351e-08
2.524000000000364707e+03,4.866379304642303205e-08
2.524100000000364616e+03,4.838401155451370413e-08
2.524200000000364525e+03,4.810389223213773418e-08
2.524300000000364889e+03,4.782343504866707920e-08
2.524400000000364798e+03,4.754263997354255731e-08
2.524500000000364707e+03,4.726150697626546346e-08
2.524600000000365071e+03,4.698003602640208913e-08
2.524700000000364980e+03,4.669822709358713036e-08
2.524800000000364889e+03,4.641608014751623645e-08
2.524900000000364798e+03,4.613359515795117821e-08
2.525000000000364707e+03,4.585077209486020398e-08
2.525100000000365071e+03,4.560648835487998598e-08
2.525200000000364980e+03,4.536190509872142428e-08
2.525300000000364889e+03,4.511702229910841024e-08
2.525400000000365253e+03,4.487183992882242021e-08
2.525500000000365162e+03,4.462635796070548679e-08
2.525600000000365071e+03,4.438057636765381299e-08
2.525700000000364980e+03,4.413449512262229192e-08
2.525800000000364889e+03,4.388811419862317010e-08
2.525900000000365253e+03,4.364143356872507469e-08
2.526000000000365162e+03,4.339445320605853240e-08
2.526100000000365071e+03,4.314739824459463069e-08
2.526200000000365435e+03,4.290003392622532744e-08
2.526300000000365344e+03,4.265236640254847203e-08
2.526400000000365253e+03,4.240439631902774085e-08
2.526500000000365162e+03,4.215612364870147298e-08
2.526600000000365071e+03,4.190754836466608224e-08
2.526700000000365435e+03,4.165867044007511744e-08
2.526800000000365344e+03,4.140948984814372256e-08
2.526900000000365253e+03,4.116000656214212523e-08
2.527000000000365617e+03,4.091022055549691664e-08
2.527100000000365526e+03,4.068700751077787855e-08
2.527200000000365435e+03,4.046352652224892228e-08
2.527300000000365344e+03,4.023977757589015701e-08
2.527400000000365253e+03,4.001576065773553146e-08
2.527500000000365617e+03,3.979147575387211918e-08
2.527600000000365526e+03,3.956692285044374494e-08
2.527700000000365435e+03,3.934210193364537974e-08
2.527800000000365799e+03,3.911701298972576794e-08
2.527900000000365708e+03,3.889165600499101390e-08
2.528000000000365617e+03,3.866603096592688562e-08
2.528100000000365526e+03,3.847543290018921205e-08
2.528200000000365435e+03,3.828460493800676190e-08
2.528300000000365799e+03,3.809354706748856243e-08
2.528400000000365708e+03,3.790225927679245112e-08
2.528500000000365617e+03,3.771074155412009944e-08
2.528600000000365981e+03,3.751899388771952744e-08
2.528700000000365890e+03,3.732701626588773748e-08
2.528800000000365799e+03,3.713480867696549311e-08
2.528900000000365708e+03,3.694237110934085934e-08
2.529000000000365617e+03,3.674970355154882835e-08
2.529100000000365981e+03,3.658430756616621920e-08
2.529200000000365890e+03,3.641871231214569412e-08
2.529300000000365799e+03,3.625291777940870586e-08
2.529400000000366163e+03,3.608692395791706696e-08
2.529500000000366072e+03,3.592073083767510705e-08
2.529600000000365981e+03,3.575433840872502740e-08
2.529700000000365890e+03,3.558774666115021623e-08
2.529800000000365799e+03,3.542095558507418337e-08
2.529900000000366163e+03,3.525396517066011019e-08
2.530000000000366072e+03,3.508677540816123490e-08
2.530100000000365981e+03,3.493244514729330309e-08
2.530200000000366344e+03,3.477807704043253891e-08
2.530300000000366254e+03,3.462367109915854449e-08
2.530400000000366163e+03,3.446922733505812175e-08
2.530500000000366072e+03,3.431474575972791936e-08
2.530600000000365981e+03,3.416022638477383719e-08
2.530700000000366344e+03,3.400566922181024541e-08
2.530800000000366254e+03,3.385107428246279696e-08
2.530900000000366163e+03,3.369644157836430485e-08
2.531000000000366526e+03,3.354177112124786285e-08
2.531100000000366435e+03,3.341193146031047596e-08
2.531200000000366344e+03,3.328205120286402646e-08
2.531300000000366254e+03,3.315213035508575360e-08
2.531400000000366163e+03,3.302216892316154559e-08
2.531500000000366526e+03,3.289216691328576100e-08
2.531600000000366435e+03,3.276212433166333307e-08
2.531700000000366344e+03,3.263204118450614335e-08
2.531800000000366708e+03,3.250191610160646766e-08
2.531900000000366617e+03,3.237174895280215589e-08
2.532000000000366526e+03,3.224154128047236295e-08
2.532100000000366435e+03,3.213086551723917863e-08
2.532200000000366344e+03,3.202012809021821305e-08
2.532300000000366708e+03,3.190935618202203914e-08
2.532400000000366617e+03,3.179855185235859233e-08
2.532500000000366526e+03,3.168771510715678562e-08
2.532600000000366890e+03,3.157684595235271854e-08
2.532700000000366799e+03,3.146594439389127859e-08
2.532800000000366708e+03,3.135501043772311708e-08
2.532900000000366617e+03,3.124404408980648214e-08
2.533000000000366526e+03,3.113304535617866726e-08
2.533100000000366890e+03,3.104159485019740006e-08
2.533200000000366799e+03,3.095011926254781869e-08
2.533300000000366708e+03,3.085861859859313727e-08
2.533400000000367072e+03,3.076709286370220794e-08
2.533500000000366981e+03,3.067554206325076501e-08
2.533600000000366890e+03,3.058396620261899634e-08
2.533700000000366799e+03,3.049236528719321089e-08
2.533800000000366708e+03,3.040073932236538219e-08
2.533900000000367072e+03,3.030908831353274461e-08
2.534000000000366981e+03,3.021741226616801774e-08
2.534100000000366890e+03,3.014440970746841030e-08
2.534200000000367254e+03,3.007139307158411884e-08
2.534300000000367163e+03,2.999836236438293101e-08
2.534400000000367072e+03,2.992531759173508953e-08
2.534500000000366981e+03,2.985225875951471497e-08
2.534600000000366890e+03,2.977918587359954098e-08
2.534700000000367254e+03,2.970609893987041146e-08
2.534800000000367163e+03,2.963299796421280247e-08
2.534900000000367072e+03,2.955988295251463195e-08
2.535000000000367436e+03,2.948675391072452625e-08
2.535100000000367345e+03,2.942916859859293847e-08
2.535200000000367254e+03,2.937157355892608493e-08
2.535300000000367163e+03,2.931396879660991966e-08
2.535400000000367072e+03,2.925635431653273268e-08
2.535500000000367436e+03,2.919873012358519957e-08
2.535600000000367345e+03,2.914109622266131126e-08
2.535700000000367254e+03,2.908345261865670645e-08
2.535800000000367618e+03,2.902579931646959136e-08
2.535900000000367527e+03,2.896813632100137840e-08
2.536000000000367436e+03,2.891046363721238184e-08
2.536100000000367345e+03,2.886829099819705822e-08
2.536200000000367254e+03,2.882611233133238456e-08
2.536300000000367618e+03,2.878392764040599774e-08
2.536400000000367527e+03,2.874173692920758933e-08
2.536500000000367436e+03,2.869954020152794610e-08
2.536600000000367800e+03,2.865733746115946286e-08
2.536700000000367709e+03,2.861512871189670493e-08
2.536800000000367618e+03,2.857291395753529975e-08
2.536900000000367527e+03,2.853069320187259859e-08
2.537000000000367436e+03,2.848846644876301494e-08
2.537100000000367800e+03,2.846131838761515885e-08
2.537200000000367709e+03,2.843418352947162033e-08
2.537300000000367618e+03,2.840704743089748825e-08
2.537400000000367982e+03,2.837990880716572410e-08
2.537500000000367891e+03,2.835276766093770209e-08
2.537600000000367800e+03,2.832562399487494534e-08
2.537700000000367709e+03,2.829847781164001919e-08
2.537800000000367618e+03,2.827132911389614744e-08
2.537900000000367982e+03,2.824417790430711965e-08
2.538000000000367891e+03,2.821702418558029135e-08
2.538100000000367800e+03,2.820139002630554201e-08
2.538200000000368163e+03,2.818576018514494269e-08
2.538300000000368073e+03,2.817012897216408353e-08
2.538400000000367982e+03,2.815449638891893426e-08
2.538500000000367891e+03,2.813886243696602050e-08
2.538600000000367800e+03,2.812322711786212924e-08
2.538700000000368163e+03,2.810759043316428573e-08
2.538800000000368073e+03,2.809195238443023318e-08
2.538900000000367982e+03,2.807631297321770487e-08
2.539000000000368345e+03,2.806067220114199596e-08
2.539100000000368254e+03,2.806055359191458637e-08
2.539200000000368163e+03,2.806043395627553442e-08
2.539300000000368073e+03,2.806031329413774461e-08
2.539400000000367982e+03,2.806019160541416776e-08
2.539500000000368345e+03,2.806006889001785726e-08
2.539600000000368254e+03,2.805994514786189298e-08
2.539700000000368163e+03,2.805982037885944742e-08
2.539800000000368527e+03,2.805969458292371955e-08
2.539900000000368436e+03,2.805956775996802085e-08
2.540000000000368345e+03,2.805943990997454378e-08
2.540100000000368254e+03,2.807801477411952019e-08
2.540200000000368163e+03,2.809659180153467710e-08
2.540300000000368527e+03,2.811517099049143532e-08
2.540400000000368436e+03,2.813375233926014365e-08
2.540500000000368345e+03,2.815233584611048253e-08
2.540600000000368709e+03,2.817092150931134490e-08
2.540700000000368618e+03,2.818950932713056825e-08
2.540800000000368527e+03,2.820809929783536471e-08
2.540900000000368436e+03,2.822669141969204973e-08
2.541000000000368345e+03,2.824528569099628715e-08
2.541100000000368709e+03,2.827209258398549520e-08
2.541200000000368618e+03,2.829890355702587924e-08
2.541300000000368527e+03,2.832571860789143337e-08
2.541400000000368891e+03,2.835253773435488446e-08
2.541500000000368800e+03,2.837936093418727192e-08
2.541600000000368709e+03,2.840618820515866903e-08
2.541700000000368618e+03,2.843301954503771638e-08
2.541800000000368527e+03,2.845985495159190312e-08
2.541900000000368891e+03,2.848669442258734199e-08
2.542000000000368800e+03,2.851353795584634106e-08
2.542100000000368709e+03,2.855602577849759816e-08
2.542200000000369073e+03,2.859851981008847605e-08
2.542300000000368982e+03,2.864102004698252332e-08
2.542400000000368891e+03,2.868352648554189228e-08
2.542500000000368800e+03,2.872603912212654487e-08
2.542600000000368709e+03,2.876855795309453720e-08
2.542700000000369073e+03,2.881108297480225447e-08
2.542800000000368982e+03,2.885361418360342168e-08
2.542900000000368891e+03,2.889615157585054622e-08
2.543000000000369255e+03,2.893869514795225139e-08
2.543100000000369164e+03,2.899698761183221403e-08
2.543200000000369073e+03,2.905517905161011313e-08
2.543300000000368982e+03,2.911336610780475342e-08
2.543400000000368891e+03,2.917156055544207035e-08
2.543500000000369255e+03,2.922976238926610870e-08
2.543600000000369164e+03,2.928797160401766734e-08
2.543700000000369073e+03,2.934618819443602649e-08
2.543800000000369437e+03,2.940441215525792855e-08
2.543900000000369346e+03,2.946264348121691307e-08
2.544000000000369255e+03,2.952088216708639305e-08
2.544100000000369164e+03,2.959032560067880443e-08
2.544200000000369073e+03,2.965977427172711034e-08
2.544300000000369437e+03,2.972922817329293967e-08
2.544400000000369346e+03,2.979868729843473168e-08
2.544500000000369255e+03,2.986815164020970141e-08
2.544600000000369619e+03,2.993762119167283712e-08
2.544700000000369528e+03,3.000709594587601357e-08
2.544800000000369437e+03,3.007657589586978205e-08
2.544900000000369346e+03,3.014606103470233138e-08
2.545000000000369255e+03,3.021555135546352047e-08
2.545100000000369619e+03,3.029698519448831541e-08
2.545200000000369528e+03,3.037842483665495924e-08
2.545300000000369437e+03,3.045987027377983650e-08
2.545400000000369801e+03,3.054132149767691641e-08
2.545500000000369710e+03,3.062277850015636313e-08
2.545600000000369619e+03,3.070424127302716291e-08
2.545700000000369528e+03,3.078570980809529769e-08
2.545800000000369437e+03,3.086718409716433404e-08
2.545900000000369801e+03,3.094866413203570111e-08
2.546000000000369710e+03,3.103014990458150896e-08
2.546100000000369619e+03,3.113175975000839667e-08
2.546200000000369982e+03,3.123337747356316077e-08
2.546300000000369891e+03,3.133500306508564768e-08
2.546400000000369801e+03,3.143663651441387078e-08
2.546500000000369710e+03,3.153827781138191932e-08
2.546600000000369619e+03,3.163992694582099070e-08
2.546700000000369982e+03,3.174158390755933758e-08
2.546800000000369891e+03,3.184324868642062672e-08
2.546900000000369801e+03,3.194492127222674479e-08
2.547000000000370164e+03,3.204660165484176467e-08
2.547100000000370073e+03,3.216056146414963832e-08
2.547200000000369982e+03,3.227453179279913051e-08
2.547300000000369891e+03,3.238851262955411097e-08
2.547400000000369801e+03,3.250250396317451204e-08
2.547500000000370164e+03,3.261650578241677868e-08
2.547600000000370073e+03,3.273051807603184351e-08
2.547700000000369982e+03,3.284454083276836275e-08
2.547800000000370346e+03,3.295857404137092289e-08
2.547900000000370255e+03,3.307261769057860471e-08
2.548000000000370164e+03,3.318667176920744987e-08
2.548100000000370073e+03,3.332214584686125311e-08
2.548200000000369982e+03,3.345764323776691575e-08
2.548300000000370346e+03,3.359316393059586179e-08
2.548400000000370255e+03,3.372870791401103833e-08
2.548500000000370164e+03,3.386427517667052200e-08
2.548600000000370528e+03,3.399986570722571242e-08
2.548700000000370437e+03,3.413547949431945949e-08
2.548800000000370346e+03,3.427111652658978237e-08
2.548900000000370255e+03,3.440677679266743428e-08
2.549000000000370164e+03,3.454246028123848362e-08
2.549100000000370528e+03,3.469495824575958903e-08
2.549200000000370437e+03,3.484748862178034170e-08
2.549300000000370346e+03,3.500005139759878294e-08
2.549400000000370710e+03,3.515264656150418594e-08
2.549500000000370619e+03,3.530527410177510364e-08
2.549600000000370528e+03,3.545793400668342520e-08
2.549700000000370437e+03,3.561062626449168935e-08
2.549800000000370346e+03,3.576335086345372625e-08
2.549900000000370710e+03,3.591610779181529939e-08
